{"seed": 4, "Data statistics": "{0: {0: 321, 1: 1287, 2: 157, 3: 21, 4: 607, 5: 1592, 6: 2154}, 1: {0: 689, 1: 357, 2: 399, 3: 51, 4: 2117, 5: 62, 6: 291, 7: 1583, 8: 204, 9: 143}, 2: {0: 455, 1: 255, 2: 873, 3: 149, 4: 226, 5: 168, 7: 212, 8: 34, 9: 1895}, 3: {0: 629, 1: 1403, 2: 274, 3: 870, 4: 911, 5: 436, 6: 1, 7: 829, 8: 48, 9: 10}, 4: {0: 2, 1: 2167, 2: 2124, 3: 72, 4: 6, 5: 431, 6: 83, 7: 97, 8: 407, 9: 295}, 5: {0: 234, 1: 4, 2: 589, 3: 2311, 4: 245, 5: 329, 6: 445, 7: 448, 8: 24, 9: 2405}, 6: {0: 118, 1: 210, 2: 490, 3: 10, 4: 1, 5: 1653, 6: 1894, 7: 3, 8: 1496, 9: 178}, 7: {0: 693, 1: 224, 2: 255, 3: 789, 4: 1093, 5: 63, 6: 837, 7: 916, 8: 3239}, 8: {0: 2544, 1: 789, 2: 131, 3: 422, 4: 176, 5: 2, 6: 135, 7: 1957}, 9: {0: 238, 1: 46, 2: 666, 3: 1436, 4: 460, 5: 685, 6: 78, 7: 220, 8: 399, 9: 1023}}", "loading time": 37, "local_train_accs": [0.9986968561654993, 0.9859226594301221, 0.9875790953831732, 0.9770837183515062, 0.9947220267417312, 0.9805231731589423, 0.9831488518090203, 0.9890245406338636, 0.9964262508122157, 0.9723862121500667], "local_test_accs": [0.6207, 0.8459, 0.7916, 0.7349, 0.7477, 0.7655, 0.6988, 0.8261, 0.6634, 0.9133], "pdm_KL_reg 0": {"Best Result": {"Best Sigma0": 3, "Best sigma": 0.9, "Best gamma": 1, "Best Test accuracy": 0.8059, "Train acc": 0.8048333333333333}, "PDM log": "{(3, 0.9, 1): {'shapes': [(784, 682), (682,), (682, 100), (100,), (100, 10), (10,)], 'train_accuracy': 0.8048333333333333, 'test_accuracy': 0.8059}}", "timing": 185}, "best_reg": 0, "skip_pdm": {"Best Result": {"Best Sigma0": 3, "Best sigma": 0.9, "Best gamma": 1, "Best Test accuracy": 0.1554, "Train acc": 0.14596666666666666}, "PDM log": "{(3, 0.9, 1): {'shapes': [(685, 785), (101, 685), (10, 101)], 'train_accuracy': 0.14596666666666666, 'test_accuracy': 0.1554}}", "timing": 182}}