{"seed": 1, "Data statistics": "{0: {0: 248, 1: 83, 2: 207, 3: 99, 4: 776, 5: 380, 6: 206, 7: 350, 8: 326, 9: 117}, 1: {0: 32, 1: 787, 2: 107, 3: 76, 4: 860, 5: 388, 6: 1125, 7: 1, 8: 586, 9: 2654}, 2: {0: 1711, 1: 1222, 2: 2657, 3: 143, 4: 349}, 3: {0: 301, 1: 336, 2: 1374, 3: 1805, 4: 2026, 5: 2536}, 4: {0: 166, 1: 315, 2: 274, 3: 12, 4: 47, 5: 38, 6: 723, 7: 175, 8: 48, 9: 2474}, 5: {0: 2902, 1: 187, 3: 322, 4: 24, 5: 71, 6: 2360, 7: 2841}, 6: {0: 127, 1: 963, 2: 729, 3: 810, 4: 960, 5: 24, 6: 804, 7: 111, 8: 1703}, 7: {0: 28, 1: 1747, 2: 276, 3: 72, 4: 657, 5: 1128, 6: 668, 7: 58, 8: 457, 9: 122}, 8: {0: 4, 1: 364, 2: 138, 3: 177, 4: 45, 5: 798, 7: 2648, 8: 2247}, 9: {0: 404, 1: 738, 2: 196, 3: 2615, 4: 98, 5: 58, 6: 32, 7: 81, 8: 484, 9: 582}}", "loading time": 18, "local_train_accs": [0.9598853868194842, 0.9783857315598549, 0.998191384413022, 0.992360945333015, 0.9845505617977528, 0.9968990467439991, 0.9858770662814957, 0.9852292346057933, 0.9890982712973058, 0.9860060514372163], "local_test_accs": [0.8954, 0.7502, 0.4949, 0.5863, 0.7269, 0.6266, 0.7922, 0.8745, 0.6372, 0.8244], "pdm_KL_reg 0": {"Best Result": {"Best Sigma0": 3, "Best sigma": 0.9, "Best gamma": 1, "Best Test accuracy": 0.7796, "Train acc": 0.78395}, "PDM log": "{(3, 0.9, 1): {'shapes': [(784, 670), (670,), (670, 100), (100,), (100, 10), (10,)], 'train_accuracy': 0.78395, 'test_accuracy': 0.7796}}", "timing": 182}, "best_reg": 0, "skip_pdm": {"Best Result": {"Best Sigma0": 3, "Best sigma": 0.9, "Best gamma": 1, "Best Test accuracy": 0.1714, "Train acc": 0.1847}, "PDM log": "{(3, 0.9, 1): {'shapes': [(675, 785), (101, 675), (10, 101)], 'train_accuracy': 0.1847, 'test_accuracy': 0.1714}}", "timing": 211}}