{"seed": 5, "Data statistics": "{0: {0: 1274, 1: 582, 3: 276, 4: 2899, 5: 487, 6: 472, 7: 30}, 1: {0: 2625, 1: 243, 2: 511, 3: 1290, 4: 253, 5: 1031, 6: 601}, 2: {0: 927, 1: 1352, 2: 97, 3: 196, 4: 833, 5: 111, 6: 25, 7: 1460, 8: 231, 9: 134}, 3: {0: 12, 1: 382, 2: 692, 3: 41, 4: 55, 5: 73, 6: 59, 7: 274, 8: 782, 9: 653}, 4: {0: 16, 1: 32, 2: 4, 3: 31, 4: 410, 5: 1631, 6: 13, 7: 148, 8: 3007, 9: 2564}, 5: {0: 63, 1: 315, 2: 43, 3: 3062, 4: 9, 5: 287, 6: 1396, 7: 1188}, 6: {1: 2919, 2: 102, 3: 33, 4: 980, 5: 573, 6: 1114, 7: 47, 8: 1144}, 7: {0: 332, 1: 36, 2: 3305, 3: 223, 4: 56, 5: 446, 6: 328, 7: 2857}, 8: {0: 564, 1: 28, 2: 1048, 3: 932, 4: 277, 5: 696, 6: 142, 7: 144, 8: 395, 9: 481}, 9: {0: 110, 1: 853, 2: 156, 3: 47, 4: 70, 5: 86, 6: 1768, 7: 117, 8: 292, 9: 2117}}", "loading time": 46, "local_train_accs": [0.9953488372093023, 0.9897772352761672, 0.9683190458442043, 0.9861065167052597, 0.9894348268839104, 0.9951280842369952, 0.9910300925925926, 0.9882632203613345, 0.9868281283195242, 0.9898504273504274], "local_test_accs": [0.6439, 0.664, 0.8202, 0.7873, 0.6531, 0.6339, 0.6824, 0.7252, 0.8667, 0.809], "pdm_KL_reg 0": {"Best Result": {"Best Sigma0": 3, "Best sigma": 0.9, "Best gamma": 1, "Best Test accuracy": 0.7855, "Train acc": 0.7808166666666667}, "PDM log": "{(3, 0.9, 1): {'shapes': [(784, 684), (684,), (684, 100), (100,), (100, 10), (10,)], 'train_accuracy': 0.7808166666666667, 'test_accuracy': 0.7855}}", "timing": 213}, "best_reg": 0, "skip_pdm": {"Best Result": {"Best Sigma0": 3, "Best sigma": 0.9, "Best gamma": 1, "Best Test accuracy": 0.2513, "Train acc": 0.25028333333333336}, "PDM log": "{(3, 0.9, 1): {'shapes': [(685, 785), (101, 685), (10, 101)], 'train_accuracy': 0.25028333333333336, 'test_accuracy': 0.2513}}", "timing": 178}}