{"seed": 8, "Data statistics": "{0: {0: 588, 1: 601, 2: 566, 3: 535, 4: 165, 5: 3, 6: 1215, 7: 1269, 8: 1173}, 1: {0: 461, 1: 185, 2: 96, 3: 3974, 4: 2103}, 2: {0: 361, 1: 4, 2: 3, 3: 40, 4: 50, 5: 2242, 6: 364, 7: 148, 8: 4444}, 3: {0: 445, 1: 921, 2: 1207, 3: 32, 4: 566, 5: 5, 6: 389, 7: 26, 8: 160, 9: 698}, 4: {0: 195, 1: 178, 2: 470, 3: 83, 4: 673, 5: 1991, 6: 1114, 7: 301, 8: 30, 9: 1077}, 5: {0: 562, 1: 1196, 2: 911, 3: 171, 4: 495, 5: 14, 6: 155, 7: 3853}, 6: {0: 2595, 1: 742, 2: 2407, 3: 316}, 7: {0: 81, 1: 15, 2: 169, 3: 333, 4: 1, 5: 127, 6: 293, 7: 297, 8: 26, 9: 4172}, 8: {0: 482, 1: 996, 2: 6, 3: 55, 4: 1783, 5: 935, 6: 2201}, 9: {0: 153, 1: 1904, 2: 123, 3: 592, 4: 6, 5: 104, 6: 187, 7: 371, 8: 18, 9: 2}}", "loading time": 32, "local_train_accs": [0.9921504497138185, 0.9956005279366476, 0.9947753396029259, 0.9892110586648685, 0.9841295811518325, 0.9913008019573195, 0.998019801980198, 0.991113529198404, 0.9939609786311552, 0.9939306358381503], "local_test_accs": [0.7726, 0.4642, 0.6076, 0.8001, 0.8742, 0.7084, 0.4071, 0.7239, 0.5738, 0.7436], "pdm_KL_reg 0": {"Best Result": {"Best Sigma0": 3, "Best sigma": 0.9, "Best gamma": 1, "Best Test accuracy": 0.7169, "Train acc": 0.7209333333333333}, "PDM log": "{(3, 0.9, 1): {'shapes': [(784, 653), (653,), (653, 100), (100,), (100, 10), (10,)], 'train_accuracy': 0.7209333333333333, 'test_accuracy': 0.7169}}", "timing": 177}, "best_reg": 0, "skip_pdm": {"Best Result": {"Best Sigma0": 3, "Best sigma": 0.9, "Best gamma": 1, "Best Test accuracy": 0.1379, "Train acc": 0.13835}, "PDM log": "{(3, 0.9, 1): {'shapes': [(656, 785), (101, 656), (10, 101)], 'train_accuracy': 0.13835, 'test_accuracy': 0.1379}}", "timing": 185}}