{"seed": 4, "Data statistics": "{0: {0: 380, 1: 448, 2: 433, 3: 417, 4: 377, 5: 337, 6: 401, 7: 426, 8: 379, 9: 402}, 1: {0: 432, 1: 460, 2: 374, 3: 394, 4: 384, 5: 358, 6: 386, 7: 423, 8: 409, 9: 380}, 2: {0: 385, 1: 434, 2: 438, 3: 414, 4: 365, 5: 393, 6: 385, 7: 431, 8: 380, 9: 375}, 3: {0: 381, 1: 453, 2: 388, 3: 411, 4: 404, 5: 360, 6: 411, 7: 396, 8: 392, 9: 404}, 4: {0: 371, 1: 461, 2: 384, 3: 397, 4: 403, 5: 350, 6: 385, 7: 420, 8: 414, 9: 415}, 5: {0: 399, 1: 442, 2: 377, 3: 412, 4: 407, 5: 376, 6: 398, 7: 393, 8: 374, 9: 422}, 6: {0: 384, 1: 461, 2: 402, 3: 428, 4: 372, 5: 381, 6: 425, 7: 413, 8: 342, 9: 392}, 7: {0: 417, 1: 446, 2: 400, 3: 430, 4: 407, 5: 366, 6: 409, 7: 375, 8: 377, 9: 373}, 8: {0: 409, 1: 457, 2: 380, 3: 411, 4: 404, 5: 326, 6: 390, 7: 437, 8: 392, 9: 394}, 9: {0: 364, 1: 454, 2: 404, 3: 406, 4: 393, 5: 377, 6: 388, 7: 449, 8: 368, 9: 397}, 10: {0: 396, 1: 460, 2: 412, 3: 397, 4: 377, 5: 337, 6: 380, 7: 448, 8: 411, 9: 382}, 11: {0: 430, 1: 435, 2: 403, 3: 398, 4: 390, 5: 349, 6: 395, 7: 391, 8: 416, 9: 393}, 12: {0: 379, 1: 477, 2: 394, 3: 397, 4: 394, 5: 362, 6: 370, 7: 411, 8: 399, 9: 417}, 13: {0: 399, 1: 415, 2: 405, 3: 408, 4: 375, 5: 362, 6: 402, 7: 433, 8: 391, 9: 410}, 14: {0: 397, 1: 439, 2: 364, 3: 411, 4: 390, 5: 387, 6: 393, 7: 419, 8: 407, 9: 393}}", "loading time": 24, "local_train_accs": [1.0, 0.992, 0.98975, 0.98225, 0.98475, 0.99425, 1.0, 0.9995, 0.98825, 0.9845, 0.994, 0.989, 0.9955, 0.98225, 0.9985], "local_test_accs": [0.9453, 0.9315, 0.9272, 0.9195, 0.9256, 0.9379, 0.943, 0.9372, 0.9234, 0.9286, 0.9346, 0.9326, 0.9408, 0.9263, 0.9396], "pdm_KL_reg 0": {"Best Result": {"Best Sigma0": 10, "Best sigma": 0.5, "Best gamma": 10, "Best Test accuracy": 0.9645, "Train acc": 0.9661}, "PDM log": "{(10, 0.5, 10): {'shapes': [(784, 1301), (1301,), (1301, 10), (10,)], 'train_accuracy': 0.9661, 'test_accuracy': 0.9645}}", "timing": 236}, "pdm_KL_reg 0.001": {"Best Result": {"Best Sigma0": 10, "Best sigma": 0.5, "Best gamma": 10, "Best Test accuracy": 0.9645, "Train acc": 0.9661}, "PDM log": "{(10, 0.5, 10): {'shapes': [(784, 1303), (1303,), (1303, 10), (10,)], 'train_accuracy': 0.9661, 'test_accuracy': 0.9645}}", "timing": 419}, "pdm_KL_reg 0.005": {"Best Result": {"Best Sigma0": 10, "Best sigma": 0.5, "Best gamma": 10, "Best Test accuracy": 0.9645, "Train acc": 0.9661}, "PDM log": "{(10, 0.5, 10): {'shapes': [(784, 1298), (1298,), (1298, 10), (10,)], 'train_accuracy': 0.9661, 'test_accuracy': 0.9645}}", "timing": 380}, "pdm_KL_reg 0.01": {"Best Result": {"Best Sigma0": 10, "Best sigma": 0.5, "Best gamma": 10, "Best Test accuracy": 0.9645, "Train acc": 0.9661}, "PDM log": "{(10, 0.5, 10): {'shapes': [(784, 1299), (1299,), (1299, 10), (10,)], 'train_accuracy': 0.9661, 'test_accuracy': 0.9645}}", "timing": 400}, "pdm_KL_reg 0.05": {"Best Result": {"Best Sigma0": 10, "Best sigma": 0.5, "Best gamma": 10, "Best Test accuracy": 0.9645, "Train acc": 0.9661}, "PDM log": "{(10, 0.5, 10): {'shapes': [(784, 1290), (1290,), (1290, 10), (10,)], 'train_accuracy': 0.9661, 'test_accuracy': 0.9645}}", "timing": 413}, "pdm_KL_reg 0.1": {"Best Result": {"Best Sigma0": 10, "Best sigma": 0.5, "Best gamma": 10, "Best Test accuracy": 0.9645, "Train acc": 0.9661}, "PDM log": "{(10, 0.5, 10): {'shapes': [(784, 1287), (1287,), (1287, 10), (10,)], 'train_accuracy': 0.9661, 'test_accuracy': 0.9645}}", "timing": 412}, "pdm_KL_reg 0.5": {"Best Result": {"Best Sigma0": 10, "Best sigma": 0.5, "Best gamma": 10, "Best Test accuracy": 0.9645, "Train acc": 0.9661}, "PDM log": "{(10, 0.5, 10): {'shapes': [(784, 1257), (1257,), (1257, 10), (10,)], 'train_accuracy': 0.9661, 'test_accuracy': 0.9645}}", "timing": 400}, "pdm_KL_reg 1": {"Best Result": {"Best Sigma0": 10, "Best sigma": 0.5, "Best gamma": 10, "Best Test accuracy": 0.8816, "Train acc": 0.8824666666666666}, "PDM log": "{(10, 0.5, 10): {'shapes': [(784, 211), (211,), (211, 10), (10,)], 'train_accuracy': 0.8824666666666666, 'test_accuracy': 0.8816}}", "timing": 75}, "pdm_KL_reg 2": {"Best Result": {"Best Sigma0": 10, "Best sigma": 0.5, "Best gamma": 10, "Best Test accuracy": 0.0974, "Train acc": 0.09751666666666667}, "PDM log": "{(10, 0.5, 10): {'shapes': [(784, 100), (100,), (100, 10), (10,)], 'train_accuracy': 0.09751666666666667, 'test_accuracy': 0.0974}}", "timing": 31}, "pdm_KL_reg 5": {"Best Result": {"Best Sigma0": 10, "Best sigma": 0.5, "Best gamma": 10, "Best Test accuracy": 0.0974, "Train acc": 0.09751666666666667}, "PDM log": "{(10, 0.5, 10): {'shapes': [(784, 100), (100,), (100, 10), (10,)], 'train_accuracy': 0.09751666666666667, 'test_accuracy': 0.0974}}", "timing": 32}, "pdm_KL_reg 10": {"Best Result": {"Best Sigma0": 10, "Best sigma": 0.5, "Best gamma": 10, "Best Test accuracy": 0.0974, "Train acc": 0.09751666666666667}, "PDM log": "{(10, 0.5, 10): {'shapes': [(784, 100), (100,), (100, 10), (10,)], 'train_accuracy': 0.09751666666666667, 'test_accuracy': 0.0974}}", "timing": 31}, "best_reg": 0}