{"seed": 9, "Data statistics": "{0: {0: 490, 1: 482, 2: 496, 3: 501, 4: 516, 5: 513, 6: 508, 7: 486, 8: 504, 9: 504}, 1: {0: 513, 1: 502, 2: 507, 3: 476, 4: 496, 5: 476, 6: 494, 7: 502, 8: 507, 9: 527}, 2: {0: 522, 1: 476, 2: 517, 3: 485, 4: 499, 5: 500, 6: 520, 7: 481, 8: 499, 9: 501}, 3: {0: 496, 1: 502, 2: 519, 3: 490, 4: 472, 5: 502, 6: 500, 7: 536, 8: 496, 9: 487}, 4: {0: 507, 1: 522, 2: 514, 3: 506, 4: 531, 5: 481, 6: 497, 7: 507, 8: 465, 9: 470}, 5: {0: 497, 1: 510, 2: 499, 3: 467, 4: 539, 5: 520, 6: 494, 7: 468, 8: 484, 9: 522}, 6: {0: 478, 1: 569, 2: 478, 3: 535, 4: 485, 5: 492, 6: 487, 7: 498, 8: 510, 9: 468}, 7: {0: 486, 1: 459, 2: 494, 3: 516, 4: 492, 5: 497, 6: 510, 7: 517, 8: 524, 9: 505}, 8: {0: 511, 1: 495, 2: 478, 3: 538, 4: 463, 5: 513, 6: 470, 7: 511, 8: 499, 9: 522}, 9: {0: 500, 1: 483, 2: 498, 3: 486, 4: 507, 5: 506, 6: 520, 7: 494, 8: 512, 9: 494}}", "loading time": 23, "local_train_accs": [0.4332, 0.4202, 0.4216, 0.4224, 0.3974, 0.4306, 0.4358, 0.446, 0.427, 0.4358], "local_test_accs": [0.3874, 0.3524, 0.3517, 0.3606, 0.3391, 0.3561, 0.3742, 0.3836, 0.3662, 0.3744], "pdm_KL_reg 0": {"Best Result": {"Best Sigma0": 10, "Best sigma": 1, "Best gamma": 10, "Best Test accuracy": 0.416, "Train acc": 0.42118}, "PDM log": "{(10, 1, 10): {'shapes': [(3072, 950), (950,), (950, 10), (10,)], 'train_accuracy': 0.42118, 'test_accuracy': 0.416}}", "timing": 227}, "pdm_KL_reg 0.001": {"Best Result": {"Best Sigma0": 10, "Best sigma": 1, "Best gamma": 10, "Best Test accuracy": 0.416, "Train acc": 0.42118}, "PDM log": "{(10, 1, 10): {'shapes': [(3072, 950), (950,), (950, 10), (10,)], 'train_accuracy': 0.42118, 'test_accuracy': 0.416}}", "timing": 530}, "pdm_KL_reg 0.005": {"Best Result": {"Best Sigma0": 10, "Best sigma": 1, "Best gamma": 10, "Best Test accuracy": 0.416, "Train acc": 0.42118}, "PDM log": "{(10, 1, 10): {'shapes': [(3072, 950), (950,), (950, 10), (10,)], 'train_accuracy': 0.42118, 'test_accuracy': 0.416}}", "timing": 521}, "pdm_KL_reg 0.01": {"Best Result": {"Best Sigma0": 10, "Best sigma": 1, "Best gamma": 10, "Best Test accuracy": 0.416, "Train acc": 0.42118}, "PDM log": "{(10, 1, 10): {'shapes': [(3072, 950), (950,), (950, 10), (10,)], 'train_accuracy': 0.42118, 'test_accuracy': 0.416}}", "timing": 555}, "pdm_KL_reg 0.05": {"Best Result": {"Best Sigma0": 10, "Best sigma": 1, "Best gamma": 10, "Best Test accuracy": 0.416, "Train acc": 0.42118}, "PDM log": "{(10, 1, 10): {'shapes': [(3072, 949), (949,), (949, 10), (10,)], 'train_accuracy': 0.42118, 'test_accuracy': 0.416}}", "timing": 494}, "pdm_KL_reg 0.1": {"Best Result": {"Best Sigma0": 10, "Best sigma": 1, "Best gamma": 10, "Best Test accuracy": 0.416, "Train acc": 0.42118}, "PDM log": "{(10, 1, 10): {'shapes': [(3072, 949), (949,), (949, 10), (10,)], 'train_accuracy': 0.42118, 'test_accuracy': 0.416}}", "timing": 455}, "pdm_KL_reg 0.5": {"Best Result": {"Best Sigma0": 10, "Best sigma": 1, "Best gamma": 10, "Best Test accuracy": 0.416, "Train acc": 0.4212}, "PDM log": "{(10, 1, 10): {'shapes': [(3072, 915), (915,), (915, 10), (10,)], 'train_accuracy': 0.4212, 'test_accuracy': 0.416}}", "timing": 432}, "pdm_KL_reg 1": {"Best Result": {"Best Sigma0": 10, "Best sigma": 1, "Best gamma": 10, "Best Test accuracy": 0.4087, "Train acc": 0.40916}, "PDM log": "{(10, 1, 10): {'shapes': [(3072, 271), (271,), (271, 10), (10,)], 'train_accuracy': 0.40916, 'test_accuracy': 0.4087}}", "timing": 133}, "pdm_KL_reg 2": {"Best Result": {"Best Sigma0": 10, "Best sigma": 1, "Best gamma": 10, "Best Test accuracy": 0.1, "Train acc": 0.1}, "PDM log": "{(10, 1, 10): {'shapes': [(3072, 100), (100,), (100, 10), (10,)], 'train_accuracy': 0.1, 'test_accuracy': 0.1}}", "timing": 40}, "pdm_KL_reg 5": {"Best Result": {"Best Sigma0": 10, "Best sigma": 1, "Best gamma": 10, "Best Test accuracy": 0.1, "Train acc": 0.1}, "PDM log": "{(10, 1, 10): {'shapes': [(3072, 100), (100,), (100, 10), (10,)], 'train_accuracy': 0.1, 'test_accuracy': 0.1}}", "timing": 39}, "pdm_KL_reg 10": {"Best Result": {"Best Sigma0": 10, "Best sigma": 1, "Best gamma": 10, "Best Test accuracy": 0.1002, "Train acc": 0.09998}, "PDM log": "{(10, 1, 10): {'shapes': [(3072, 100), (100,), (100, 10), (10,)], 'train_accuracy': 0.09998, 'test_accuracy': 0.1002}}", "timing": 38}, "best_reg": 0}