{"seed": 5, "Data statistics": "{0: {0: 506, 1: 481, 2: 527, 3: 510, 4: 480, 5: 503, 6: 521, 7: 490, 8: 497, 9: 485}, 1: {0: 490, 1: 480, 2: 474, 3: 544, 4: 490, 5: 515, 6: 471, 7: 492, 8: 512, 9: 532}, 2: {0: 505, 1: 512, 2: 489, 3: 508, 4: 493, 5: 500, 6: 500, 7: 467, 8: 510, 9: 516}, 3: {0: 470, 1: 509, 2: 507, 3: 490, 4: 510, 5: 485, 6: 495, 7: 537, 8: 511, 9: 486}, 4: {0: 521, 1: 509, 2: 461, 3: 504, 4: 533, 5: 475, 6: 501, 7: 516, 8: 493, 9: 487}, 5: {0: 553, 1: 501, 2: 514, 3: 461, 4: 516, 5: 522, 6: 476, 7: 508, 8: 473, 9: 476}, 6: {0: 515, 1: 505, 2: 504, 3: 477, 4: 491, 5: 503, 6: 506, 7: 485, 8: 477, 9: 537}, 7: {0: 479, 1: 494, 2: 525, 3: 488, 4: 488, 5: 504, 6: 543, 7: 509, 8: 506, 9: 464}, 8: {0: 450, 1: 502, 2: 468, 3: 521, 4: 484, 5: 508, 6: 509, 7: 513, 8: 528, 9: 517}, 9: {0: 511, 1: 507, 2: 531, 3: 497, 4: 515, 5: 485, 6: 478, 7: 483, 8: 493, 9: 500}}", "loading time": 23, "local_train_accs": [0.4474, 0.4128, 0.4466, 0.4228, 0.411, 0.4228, 0.4256, 0.44, 0.446, 0.4226], "local_test_accs": [0.3779, 0.3531, 0.3739, 0.3633, 0.354, 0.3714, 0.3529, 0.3812, 0.3741, 0.3661], "pdm_KL_reg 0": {"Best Result": {"Best Sigma0": 10, "Best sigma": 1, "Best gamma": 10, "Best Test accuracy": 0.415, "Train acc": 0.41342}, "PDM log": "{(10, 1, 10): {'shapes': [(3072, 943), (943,), (943, 10), (10,)], 'train_accuracy': 0.41342, 'test_accuracy': 0.415}}", "timing": 242}, "pdm_KL_reg 0.001": {"Best Result": {"Best Sigma0": 10, "Best sigma": 1, "Best gamma": 10, "Best Test accuracy": 0.415, "Train acc": 0.41342}, "PDM log": "{(10, 1, 10): {'shapes': [(3072, 941), (941,), (941, 10), (10,)], 'train_accuracy': 0.41342, 'test_accuracy': 0.415}}", "timing": 474}, "pdm_KL_reg 0.005": {"Best Result": {"Best Sigma0": 10, "Best sigma": 1, "Best gamma": 10, "Best Test accuracy": 0.415, "Train acc": 0.41342}, "PDM log": "{(10, 1, 10): {'shapes': [(3072, 941), (941,), (941, 10), (10,)], 'train_accuracy': 0.41342, 'test_accuracy': 0.415}}", "timing": 457}, "pdm_KL_reg 0.01": {"Best Result": {"Best Sigma0": 10, "Best sigma": 1, "Best gamma": 10, "Best Test accuracy": 0.415, "Train acc": 0.41342}, "PDM log": "{(10, 1, 10): {'shapes': [(3072, 940), (940,), (940, 10), (10,)], 'train_accuracy': 0.41342, 'test_accuracy': 0.415}}", "timing": 459}, "pdm_KL_reg 0.05": {"Best Result": {"Best Sigma0": 10, "Best sigma": 1, "Best gamma": 10, "Best Test accuracy": 0.415, "Train acc": 0.41342}, "PDM log": "{(10, 1, 10): {'shapes': [(3072, 940), (940,), (940, 10), (10,)], 'train_accuracy': 0.41342, 'test_accuracy': 0.415}}", "timing": 464}, "pdm_KL_reg 0.1": {"Best Result": {"Best Sigma0": 10, "Best sigma": 1, "Best gamma": 10, "Best Test accuracy": 0.415, "Train acc": 0.41342}, "PDM log": "{(10, 1, 10): {'shapes': [(3072, 940), (940,), (940, 10), (10,)], 'train_accuracy': 0.41342, 'test_accuracy': 0.415}}", "timing": 455}, "pdm_KL_reg 0.5": {"Best Result": {"Best Sigma0": 10, "Best sigma": 1, "Best gamma": 10, "Best Test accuracy": 0.4147, "Train acc": 0.4131}, "PDM log": "{(10, 1, 10): {'shapes': [(3072, 900), (900,), (900, 10), (10,)], 'train_accuracy': 0.4131, 'test_accuracy': 0.4147}}", "timing": 472}, "pdm_KL_reg 1": {"Best Result": {"Best Sigma0": 10, "Best sigma": 1, "Best gamma": 10, "Best Test accuracy": 0.4035, "Train acc": 0.40468}, "PDM log": "{(10, 1, 10): {'shapes': [(3072, 271), (271,), (271, 10), (10,)], 'train_accuracy': 0.40468, 'test_accuracy': 0.4035}}", "timing": 179}, "pdm_KL_reg 2": {"Best Result": {"Best Sigma0": 10, "Best sigma": 1, "Best gamma": 10, "Best Test accuracy": 0.1, "Train acc": 0.1}, "PDM log": "{(10, 1, 10): {'shapes': [(3072, 109), (109,), (109, 10), (10,)], 'train_accuracy': 0.1, 'test_accuracy': 0.1}}", "timing": 56}, "pdm_KL_reg 5": {"Best Result": {"Best Sigma0": 10, "Best sigma": 1, "Best gamma": 10, "Best Test accuracy": 0.0999, "Train acc": 0.09992}, "PDM log": "{(10, 1, 10): {'shapes': [(3072, 100), (100,), (100, 10), (10,)], 'train_accuracy': 0.09992, 'test_accuracy': 0.0999}}", "timing": 44}, "pdm_KL_reg 10": {"Best Result": {"Best Sigma0": 10, "Best sigma": 1, "Best gamma": 10, "Best Test accuracy": 0.1, "Train acc": 0.10002}, "PDM log": "{(10, 1, 10): {'shapes': [(3072, 100), (100,), (100, 10), (10,)], 'train_accuracy': 0.10002, 'test_accuracy': 0.1}}", "timing": 40}, "best_reg": 0}