{"seed": 3, "Data statistics": "{0: {0: 5356, 1: 6212, 2: 5726, 3: 5437, 4: 225, 5: 1131, 6: 4960, 7: 3308}, 1: {0: 567, 1: 530, 2: 232, 3: 694, 4: 5617, 5: 4290, 6: 958, 7: 2957, 8: 5851, 9: 5949}}", "local_train_accs": [0.9962911451089476, 0.9885331886417074], "local_test_accs": [0.7672, 0.9464], "pdm_match": {}, "pdm_KL_match": {}, "pdm_KL2_match": {"Best Result": {"Best Sigma0": 1.0, "Best sigma": 1.0, "Best gamma": 10.0, "Best Test accuracy": 0.869, "Train acc": 0.8765666666666667}, "PDM log": "{(1.0, 1.0, 1.0): {'shapes': [(784, 173), (173,), (173, 10), (10,)], 'train_accuracy': 0.8764833333333333, 'test_accuracy': 0.8687}, (10.0, 1.0, 1.0): {'shapes': [(784, 168), (168,), (168, 10), (10,)], 'train_accuracy': 0.86945, 'test_accuracy': 0.8606}, (1.0, 0.1, 1.0): {'shapes': [(784, 179), (179,), (179, 10), (10,)], 'train_accuracy': 0.8689166666666667, 'test_accuracy': 0.8604}, (10.0, 0.1, 1.0): {'shapes': [(784, 170), (170,), (170, 10), (10,)], 'train_accuracy': 0.86855, 'test_accuracy': 0.8598}, (1.0, 0.5, 1.0): {'shapes': [(784, 177), (177,), (177, 10), (10,)], 'train_accuracy': 0.8722833333333333, 'test_accuracy': 0.8642}, (10.0, 0.5, 1.0): {'shapes': [(784, 170), (170,), (170, 10), (10,)], 'train_accuracy': 0.86895, 'test_accuracy': 0.8601}, (1.0, 1.0, 10.0): {'shapes': [(784, 176), (176,), (176, 10), (10,)], 'train_accuracy': 0.8765666666666667, 'test_accuracy': 0.869}, (10.0, 1.0, 10.0): {'shapes': [(784, 172), (172,), (172, 10), (10,)], 'train_accuracy': 0.8694333333333333, 'test_accuracy': 0.8609}, (1.0, 0.1, 10.0): {'shapes': [(784, 182), (182,), (182, 10), (10,)], 'train_accuracy': 0.8689166666666667, 'test_accuracy': 0.8604}, (10.0, 0.1, 10.0): {'shapes': [(784, 174), (174,), (174, 10), (10,)], 'train_accuracy': 0.86795, 'test_accuracy': 0.8596}, (1.0, 0.5, 10.0): {'shapes': [(784, 179), (179,), (179, 10), (10,)], 'train_accuracy': 0.8722833333333333, 'test_accuracy': 0.8642}, (10.0, 0.5, 10.0): {'shapes': [(784, 173), (173,), (173, 10), (10,)], 'train_accuracy': 0.8682666666666666, 'test_accuracy': 0.8597}, (1.0, 1.0, 50.0): {'shapes': [(784, 179), (179,), (179, 10), (10,)], 'train_accuracy': 0.8765666666666667, 'test_accuracy': 0.869}, (10.0, 1.0, 50.0): {'shapes': [(784, 177), (177,), (177, 10), (10,)], 'train_accuracy': 0.8689166666666667, 'test_accuracy': 0.8604}, (1.0, 0.1, 50.0): {'shapes': [(784, 189), (189,), (189, 10), (10,)], 'train_accuracy': 0.8689166666666667, 'test_accuracy': 0.8604}, (10.0, 0.1, 50.0): {'shapes': [(784, 177), (177,), (177, 10), (10,)], 'train_accuracy': 0.8680333333333333, 'test_accuracy': 0.8595}, (1.0, 0.5, 50.0): {'shapes': [(784, 183), (183,), (183, 10), (10,)], 'train_accuracy': 0.8722833333333333, 'test_accuracy': 0.8642}, (10.0, 0.5, 50.0): {'shapes': [(784, 177), (177,), (177, 10), (10,)], 'train_accuracy': 0.8683333333333333, 'test_accuracy': 0.8598}}", "timing": 290}}