{"seed": 0, "Data statistics": "{0: {0: 2510, 1: 3617, 2: 874, 3: 4689, 4: 2402, 5: 110, 6: 86, 7: 5209, 8: 378, 9: 5949}, 1: {0: 3413, 1: 3125, 2: 5084, 3: 1442, 4: 3440, 5: 5311, 6: 5832, 7: 1056, 8: 5473}}", "local_train_accs": [0.9866403345724907, 0.9901392790262172], "local_test_accs": [0.9098, 0.8709], "pdm_match": {}, "pdm_KL_match": {}, "pdm_KL2_match": {"Best Result": {"Best Sigma0": 10.0, "Best sigma": 1.0, "Best gamma": 1.0, "Best Test accuracy": 0.8991, "Train acc": 0.9071666666666667}, "PDM log": "{(1.0, 1.0, 1.0): {'shapes': [(784, 178), (178,), (178, 10), (10,)], 'train_accuracy': 0.9038666666666667, 'test_accuracy': 0.8949}, (10.0, 1.0, 1.0): {'shapes': [(784, 167), (167,), (167, 10), (10,)], 'train_accuracy': 0.9071666666666667, 'test_accuracy': 0.8991}, (1.0, 0.1, 1.0): {'shapes': [(784, 182), (182,), (182, 10), (10,)], 'train_accuracy': 0.9008833333333334, 'test_accuracy': 0.8913}, (10.0, 0.1, 1.0): {'shapes': [(784, 171), (171,), (171, 10), (10,)], 'train_accuracy': 0.9013666666666666, 'test_accuracy': 0.8919}, (1.0, 0.5, 1.0): {'shapes': [(784, 181), (181,), (181, 10), (10,)], 'train_accuracy': 0.9023833333333333, 'test_accuracy': 0.8931}, (10.0, 0.5, 1.0): {'shapes': [(784, 169), (169,), (169, 10), (10,)], 'train_accuracy': 0.9070833333333334, 'test_accuracy': 0.8991}, (1.0, 1.0, 10.0): {'shapes': [(784, 180), (180,), (180, 10), (10,)], 'train_accuracy': 0.9038666666666667, 'test_accuracy': 0.8949}, (10.0, 1.0, 10.0): {'shapes': [(784, 178), (178,), (178, 10), (10,)], 'train_accuracy': 0.9008833333333334, 'test_accuracy': 0.8913}, (1.0, 0.1, 10.0): {'shapes': [(784, 186), (186,), (186, 10), (10,)], 'train_accuracy': 0.9008833333333334, 'test_accuracy': 0.8913}, (10.0, 0.1, 10.0): {'shapes': [(784, 178), (178,), (178, 10), (10,)], 'train_accuracy': 0.90055, 'test_accuracy': 0.8909}, (1.0, 0.5, 10.0): {'shapes': [(784, 182), (182,), (182, 10), (10,)], 'train_accuracy': 0.9023833333333333, 'test_accuracy': 0.8931}, (10.0, 0.5, 10.0): {'shapes': [(784, 178), (178,), (178, 10), (10,)], 'train_accuracy': 0.9007166666666667, 'test_accuracy': 0.8911}, (1.0, 1.0, 50.0): {'shapes': [(784, 182), (182,), (182, 10), (10,)], 'train_accuracy': 0.9038666666666667, 'test_accuracy': 0.8949}, (10.0, 1.0, 50.0): {'shapes': [(784, 181), (181,), (181, 10), (10,)], 'train_accuracy': 0.9008833333333334, 'test_accuracy': 0.8913}, (1.0, 0.1, 50.0): {'shapes': [(784, 190), (190,), (190, 10), (10,)], 'train_accuracy': 0.9008833333333334, 'test_accuracy': 0.8913}, (10.0, 0.1, 50.0): {'shapes': [(784, 181), (181,), (181, 10), (10,)], 'train_accuracy': 0.90055, 'test_accuracy': 0.8909}, (1.0, 0.5, 50.0): {'shapes': [(784, 186), (186,), (186, 10), (10,)], 'train_accuracy': 0.9023833333333333, 'test_accuracy': 0.8931}, (10.0, 0.5, 50.0): {'shapes': [(784, 181), (181,), (181, 10), (10,)], 'train_accuracy': 0.9007166666666667, 'test_accuracy': 0.8911}}", "timing": 284}}