{"seed": 1, "Data statistics": "{0: {0: 5243, 1: 2928, 2: 5923, 3: 749, 4: 2583, 5: 4506, 6: 5857, 7: 4219}, 1: {0: 680, 1: 3814, 2: 35, 3: 5382, 4: 3259, 5: 915, 6: 61, 7: 2046, 8: 5851, 9: 5949}}", "local_train_accs": [0.9947825543614096, 0.9898542440697342], "local_test_accs": [0.7732, 0.8838], "pdm_match": {}, "pdm_KL_match": {}, "pdm_KL2_match": {"Best Result": {"Best Sigma0": 1.0, "Best sigma": 1.0, "Best gamma": 1.0, "Best Test accuracy": 0.8421, "Train acc": 0.8491166666666666}, "PDM log": "{(1.0, 1.0, 1.0): {'shapes': [(784, 172), (172,), (172, 10), (10,)], 'train_accuracy': 0.8491166666666666, 'test_accuracy': 0.8421}, (10.0, 1.0, 1.0): {'shapes': [(784, 165), (165,), (165, 10), (10,)], 'train_accuracy': 0.83845, 'test_accuracy': 0.8332}, (1.0, 0.1, 1.0): {'shapes': [(784, 179), (179,), (179, 10), (10,)], 'train_accuracy': 0.8390166666666666, 'test_accuracy': 0.8334}, (10.0, 0.1, 1.0): {'shapes': [(784, 169), (169,), (169, 10), (10,)], 'train_accuracy': 0.8376666666666667, 'test_accuracy': 0.8324}, (1.0, 0.5, 1.0): {'shapes': [(784, 178), (178,), (178, 10), (10,)], 'train_accuracy': 0.8439, 'test_accuracy': 0.8378}, (10.0, 0.5, 1.0): {'shapes': [(784, 168), (168,), (168, 10), (10,)], 'train_accuracy': 0.8377666666666667, 'test_accuracy': 0.832}, (1.0, 1.0, 10.0): {'shapes': [(784, 177), (177,), (177, 10), (10,)], 'train_accuracy': 0.8489666666666666, 'test_accuracy': 0.8419}, (10.0, 1.0, 10.0): {'shapes': [(784, 172), (172,), (172, 10), (10,)], 'train_accuracy': 0.8390666666666666, 'test_accuracy': 0.8336}, (1.0, 0.1, 10.0): {'shapes': [(784, 182), (182,), (182, 10), (10,)], 'train_accuracy': 0.8390166666666666, 'test_accuracy': 0.8334}, (10.0, 0.1, 10.0): {'shapes': [(784, 174), (174,), (174, 10), (10,)], 'train_accuracy': 0.8382, 'test_accuracy': 0.8327}, (1.0, 0.5, 10.0): {'shapes': [(784, 179), (179,), (179, 10), (10,)], 'train_accuracy': 0.8439, 'test_accuracy': 0.8378}, (10.0, 0.5, 10.0): {'shapes': [(784, 173), (173,), (173, 10), (10,)], 'train_accuracy': 0.8386166666666667, 'test_accuracy': 0.8331}, (1.0, 1.0, 50.0): {'shapes': [(784, 179), (179,), (179, 10), (10,)], 'train_accuracy': 0.8489666666666666, 'test_accuracy': 0.8419}, (10.0, 1.0, 50.0): {'shapes': [(784, 178), (178,), (178, 10), (10,)], 'train_accuracy': 0.8390166666666666, 'test_accuracy': 0.8334}, (1.0, 0.1, 50.0): {'shapes': [(784, 189), (189,), (189, 10), (10,)], 'train_accuracy': 0.8390166666666666, 'test_accuracy': 0.8334}, (10.0, 0.1, 50.0): {'shapes': [(784, 178), (178,), (178, 10), (10,)], 'train_accuracy': 0.8381833333333333, 'test_accuracy': 0.8327}, (1.0, 0.5, 50.0): {'shapes': [(784, 182), (182,), (182, 10), (10,)], 'train_accuracy': 0.8439, 'test_accuracy': 0.8378}, (10.0, 0.5, 50.0): {'shapes': [(784, 178), (178,), (178, 10), (10,)], 'train_accuracy': 0.8386, 'test_accuracy': 0.833}}", "timing": 293}}