{"seed": 7, "Data statistics": "{0: {0: 2953, 1: 3397, 2: 2949, 3: 3132, 4: 2925, 5: 2749, 6: 2984, 7: 3113, 8: 2861, 9: 2937}, 1: {0: 2970, 1: 3345, 2: 3009, 3: 2999, 4: 2917, 5: 2672, 6: 2934, 7: 3152, 8: 2990, 9: 3012}}", "loading time": 28, "local_train_accs": [0.9873, 0.9836333333333334], "local_test_accs": [0.9651, 0.9605], "Uniform ensemble (Train acc)": 0.9852333333333333, "Uniform ensemble (Test acc)": 0.9732, "FedAvg (Train acc)": 0.7456333333333334, "FedAvg (Test acc)": 0.7409, "pdm_KL_reg 0": {"Best Result": {"Best Sigma0": 0.5, "Best sigma": 1, "Best gamma": 10, "Best Test accuracy": 0.9664, "Train acc": 0.97415}, "PDM log": "{(0.5, 1, 10): {'shapes': [(784, 123), (123,), (123, 10), (10,)], 'train_accuracy': 0.97415, 'test_accuracy': 0.9664}}", "timing": 39}, "pdm_KL_reg 0.001": {"Best Result": {"Best Sigma0": 0.5, "Best sigma": 1, "Best gamma": 10, "Best Test accuracy": 0.9664, "Train acc": 0.97415}, "PDM log": "{(0.5, 1, 10): {'shapes': [(784, 123), (123,), (123, 10), (10,)], 'train_accuracy': 0.97415, 'test_accuracy': 0.9664}}", "timing": 43}, "pdm_KL_reg 0.005": {"Best Result": {"Best Sigma0": 0.5, "Best sigma": 1, "Best gamma": 10, "Best Test accuracy": 0.9664, "Train acc": 0.97415}, "PDM log": "{(0.5, 1, 10): {'shapes': [(784, 123), (123,), (123, 10), (10,)], 'train_accuracy': 0.97415, 'test_accuracy': 0.9664}}", "timing": 44}, "pdm_KL_reg 0.01": {"Best Result": {"Best Sigma0": 0.5, "Best sigma": 1, "Best gamma": 10, "Best Test accuracy": 0.9664, "Train acc": 0.97415}, "PDM log": "{(0.5, 1, 10): {'shapes': [(784, 123), (123,), (123, 10), (10,)], 'train_accuracy': 0.97415, 'test_accuracy': 0.9664}}", "timing": 43}, "pdm_KL_reg 0.05": {"Best Result": {"Best Sigma0": 0.5, "Best sigma": 1, "Best gamma": 10, "Best Test accuracy": 0.9664, "Train acc": 0.97415}, "PDM log": "{(0.5, 1, 10): {'shapes': [(784, 123), (123,), (123, 10), (10,)], 'train_accuracy': 0.97415, 'test_accuracy': 0.9664}}", "timing": 46}, "pdm_KL_reg 0.1": {"Best Result": {"Best Sigma0": 0.5, "Best sigma": 1, "Best gamma": 10, "Best Test accuracy": 0.9672, "Train acc": 0.9756166666666667}, "PDM log": "{(0.5, 1, 10): {'shapes': [(784, 125), (125,), (125, 10), (10,)], 'train_accuracy': 0.9756166666666667, 'test_accuracy': 0.9672}}", "timing": 47}, "pdm_KL_reg 0.5": {"Best Result": {"Best Sigma0": 0.5, "Best sigma": 1, "Best gamma": 10, "Best Test accuracy": 0.9713, "Train acc": 0.9818666666666667}, "PDM log": "{(0.5, 1, 10): {'shapes': [(784, 155), (155,), (155, 10), (10,)], 'train_accuracy': 0.9818666666666667, 'test_accuracy': 0.9713}}", "timing": 47}, "pdm_KL_reg 1": {"Best Result": {"Best Sigma0": 0.5, "Best sigma": 1, "Best gamma": 10, "Best Test accuracy": 0.9731, "Train acc": 0.9845333333333334}, "PDM log": "{(0.5, 1, 10): {'shapes': [(784, 182), (182,), (182, 10), (10,)], 'train_accuracy': 0.9845333333333334, 'test_accuracy': 0.9731}}", "timing": 44}, "pdm_KL_reg 2": {"Best Result": {"Best Sigma0": 0.5, "Best sigma": 1, "Best gamma": 10, "Best Test accuracy": 0.9731, "Train acc": 0.9845333333333334}, "PDM log": "{(0.5, 1, 10): {'shapes': [(784, 182), (182,), (182, 10), (10,)], 'train_accuracy': 0.9845333333333334, 'test_accuracy': 0.9731}}", "timing": 41}, "pdm_KL_reg 5": {"Best Result": {"Best Sigma0": 0.5, "Best sigma": 1, "Best gamma": 10, "Best Test accuracy": 0.9732, "Train acc": 0.9845333333333334}, "PDM log": "{(0.5, 1, 10): {'shapes': [(784, 185), (185,), (185, 10), (10,)], 'train_accuracy': 0.9845333333333334, 'test_accuracy': 0.9732}}", "timing": 55}, "pdm_KL_reg 10": {"Best Result": {"Best Sigma0": 0.5, "Best sigma": 1, "Best gamma": 10, "Best Test accuracy": 0.9505, "Train acc": 0.9588833333333333}, "PDM log": "{(0.5, 1, 10): {'shapes': [(784, 166), (166,), (166, 10), (10,)], 'train_accuracy': 0.9588833333333333, 'test_accuracy': 0.9505}}", "timing": 50}, "best_reg": 5}