{"seed": 6, "Data statistics": "{0: {0: 2938, 1: 3439, 2: 2984, 3: 3088, 4: 2894, 5: 2693, 6: 2972, 7: 3114, 8: 2915, 9: 2963}, 1: {0: 2985, 1: 3303, 2: 2974, 3: 3043, 4: 2948, 5: 2728, 6: 2946, 7: 3151, 8: 2936, 9: 2986}}", "loading time": 33, "local_train_accs": [0.9891, 0.9876], "local_test_accs": [0.9649, 0.965], "Uniform ensemble (Train acc)": 0.98625, "Uniform ensemble (Test acc)": 0.9754, "FedAvg (Train acc)": 0.779, "FedAvg (Test acc)": 0.7767, "pdm_KL_reg 0": {"Best Result": {"Best Sigma0": 0.5, "Best sigma": 1, "Best gamma": 10, "Best Test accuracy": 0.9708, "Train acc": 0.9789}, "PDM log": "{(0.5, 1, 10): {'shapes': [(784, 128), (128,), (128, 10), (10,)], 'train_accuracy': 0.9789, 'test_accuracy': 0.9708}}", "timing": 37}, "pdm_KL_reg 0.001": {"Best Result": {"Best Sigma0": 0.5, "Best sigma": 1, "Best gamma": 10, "Best Test accuracy": 0.9708, "Train acc": 0.9789}, "PDM log": "{(0.5, 1, 10): {'shapes': [(784, 128), (128,), (128, 10), (10,)], 'train_accuracy': 0.9789, 'test_accuracy': 0.9708}}", "timing": 50}, "pdm_KL_reg 0.005": {"Best Result": {"Best Sigma0": 0.5, "Best sigma": 1, "Best gamma": 10, "Best Test accuracy": 0.9708, "Train acc": 0.9786833333333333}, "PDM log": "{(0.5, 1, 10): {'shapes': [(784, 129), (129,), (129, 10), (10,)], 'train_accuracy': 0.9786833333333333, 'test_accuracy': 0.9708}}", "timing": 49}, "pdm_KL_reg 0.01": {"Best Result": {"Best Sigma0": 0.5, "Best sigma": 1, "Best gamma": 10, "Best Test accuracy": 0.9708, "Train acc": 0.9786833333333333}, "PDM log": "{(0.5, 1, 10): {'shapes': [(784, 129), (129,), (129, 10), (10,)], 'train_accuracy': 0.9786833333333333, 'test_accuracy': 0.9708}}", "timing": 40}, "pdm_KL_reg 0.05": {"Best Result": {"Best Sigma0": 0.5, "Best sigma": 1, "Best gamma": 10, "Best Test accuracy": 0.9704, "Train acc": 0.979}, "PDM log": "{(0.5, 1, 10): {'shapes': [(784, 130), (130,), (130, 10), (10,)], 'train_accuracy': 0.979, 'test_accuracy': 0.9704}}", "timing": 30}, "pdm_KL_reg 0.1": {"Best Result": {"Best Sigma0": 0.5, "Best sigma": 1, "Best gamma": 10, "Best Test accuracy": 0.9705, "Train acc": 0.97945}, "PDM log": "{(0.5, 1, 10): {'shapes': [(784, 131), (131,), (131, 10), (10,)], 'train_accuracy': 0.97945, 'test_accuracy': 0.9705}}", "timing": 36}, "pdm_KL_reg 0.5": {"Best Result": {"Best Sigma0": 0.5, "Best sigma": 1, "Best gamma": 10, "Best Test accuracy": 0.9728, "Train acc": 0.9837666666666667}, "PDM log": "{(0.5, 1, 10): {'shapes': [(784, 160), (160,), (160, 10), (10,)], 'train_accuracy': 0.9837666666666667, 'test_accuracy': 0.9728}}", "timing": 46}, "pdm_KL_reg 1": {"Best Result": {"Best Sigma0": 0.5, "Best sigma": 1, "Best gamma": 10, "Best Test accuracy": 0.9767, "Train acc": 0.9866833333333334}, "PDM log": "{(0.5, 1, 10): {'shapes': [(784, 182), (182,), (182, 10), (10,)], 'train_accuracy': 0.9866833333333334, 'test_accuracy': 0.9767}}", "timing": 43}, "pdm_KL_reg 2": {"Best Result": {"Best Sigma0": 0.5, "Best sigma": 1, "Best gamma": 10, "Best Test accuracy": 0.9765, "Train acc": 0.9866166666666667}, "PDM log": "{(0.5, 1, 10): {'shapes': [(784, 183), (183,), (183, 10), (10,)], 'train_accuracy': 0.9866166666666667, 'test_accuracy': 0.9765}}", "timing": 50}, "pdm_KL_reg 5": {"Best Result": {"Best Sigma0": 0.5, "Best sigma": 1, "Best gamma": 10, "Best Test accuracy": 0.9765, "Train acc": 0.9866}, "PDM log": "{(0.5, 1, 10): {'shapes': [(784, 186), (186,), (186, 10), (10,)], 'train_accuracy': 0.9866, 'test_accuracy': 0.9765}}", "timing": 46}, "pdm_KL_reg 10": {"Best Result": {"Best Sigma0": 0.5, "Best sigma": 1, "Best gamma": 10, "Best Test accuracy": 0.9487, "Train acc": 0.9605}, "PDM log": "{(0.5, 1, 10): {'shapes': [(784, 169), (169,), (169, 10), (10,)], 'train_accuracy': 0.9605, 'test_accuracy': 0.9487}}", "timing": 38}, "best_reg": 1}