{"seed": 3, "Data statistics": "{0: {0: 2883, 1: 3399, 2: 2981, 3: 3108, 4: 2947, 5: 2696, 6: 2909, 7: 3129, 8: 2958, 9: 2990}, 1: {0: 3040, 1: 3343, 2: 2977, 3: 3023, 4: 2895, 5: 2725, 6: 3009, 7: 3136, 8: 2893, 9: 2959}}", "loading time": 34, "local_train_accs": [0.9877333333333334, 0.9807666666666667], "local_test_accs": [0.9639, 0.9583], "Uniform ensemble (Train acc)": 0.9851333333333333, "Uniform ensemble (Test acc)": 0.9739, "FedAvg (Train acc)": 0.8043833333333333, "FedAvg (Test acc)": 0.7881, "pdm_KL_reg 0": {"Best Result": {"Best Sigma0": 0.5, "Best sigma": 1, "Best gamma": 10, "Best Test accuracy": 0.9645, "Train acc": 0.97455}, "PDM log": "{(0.5, 1, 10): {'shapes': [(784, 126), (126,), (126, 10), (10,)], 'train_accuracy': 0.97455, 'test_accuracy': 0.9645}}", "timing": 38}, "pdm_KL_reg 0.001": {"Best Result": {"Best Sigma0": 0.5, "Best sigma": 1, "Best gamma": 10, "Best Test accuracy": 0.9645, "Train acc": 0.97465}, "PDM log": "{(0.5, 1, 10): {'shapes': [(784, 127), (127,), (127, 10), (10,)], 'train_accuracy': 0.97465, 'test_accuracy': 0.9645}}", "timing": 40}, "pdm_KL_reg 0.005": {"Best Result": {"Best Sigma0": 0.5, "Best sigma": 1, "Best gamma": 10, "Best Test accuracy": 0.9645, "Train acc": 0.97465}, "PDM log": "{(0.5, 1, 10): {'shapes': [(784, 127), (127,), (127, 10), (10,)], 'train_accuracy': 0.97465, 'test_accuracy': 0.9645}}", "timing": 40}, "pdm_KL_reg 0.01": {"Best Result": {"Best Sigma0": 0.5, "Best sigma": 1, "Best gamma": 10, "Best Test accuracy": 0.9645, "Train acc": 0.97465}, "PDM log": "{(0.5, 1, 10): {'shapes': [(784, 127), (127,), (127, 10), (10,)], 'train_accuracy': 0.97465, 'test_accuracy': 0.9645}}", "timing": 40}, "pdm_KL_reg 0.05": {"Best Result": {"Best Sigma0": 0.5, "Best sigma": 1, "Best gamma": 10, "Best Test accuracy": 0.9645, "Train acc": 0.97465}, "PDM log": "{(0.5, 1, 10): {'shapes': [(784, 127), (127,), (127, 10), (10,)], 'train_accuracy': 0.97465, 'test_accuracy': 0.9645}}", "timing": 45}, "pdm_KL_reg 0.1": {"Best Result": {"Best Sigma0": 0.5, "Best sigma": 1, "Best gamma": 10, "Best Test accuracy": 0.9648, "Train acc": 0.9752833333333333}, "PDM log": "{(0.5, 1, 10): {'shapes': [(784, 128), (128,), (128, 10), (10,)], 'train_accuracy': 0.9752833333333333, 'test_accuracy': 0.9648}}", "timing": 43}, "pdm_KL_reg 0.5": {"Best Result": {"Best Sigma0": 0.5, "Best sigma": 1, "Best gamma": 10, "Best Test accuracy": 0.969, "Train acc": 0.9798}, "PDM log": "{(0.5, 1, 10): {'shapes': [(784, 152), (152,), (152, 10), (10,)], 'train_accuracy': 0.9798, 'test_accuracy': 0.969}}", "timing": 40}, "pdm_KL_reg 1": {"Best Result": {"Best Sigma0": 0.5, "Best sigma": 1, "Best gamma": 10, "Best Test accuracy": 0.974, "Train acc": 0.98445}, "PDM log": "{(0.5, 1, 10): {'shapes': [(784, 180), (180,), (180, 10), (10,)], 'train_accuracy': 0.98445, 'test_accuracy': 0.974}}", "timing": 55}, "pdm_KL_reg 2": {"Best Result": {"Best Sigma0": 0.5, "Best sigma": 1, "Best gamma": 10, "Best Test accuracy": 0.974, "Train acc": 0.98445}, "PDM log": "{(0.5, 1, 10): {'shapes': [(784, 181), (181,), (181, 10), (10,)], 'train_accuracy': 0.98445, 'test_accuracy': 0.974}}", "timing": 51}, "pdm_KL_reg 5": {"Best Result": {"Best Sigma0": 0.5, "Best sigma": 1, "Best gamma": 10, "Best Test accuracy": 0.974, "Train acc": 0.9844666666666667}, "PDM log": "{(0.5, 1, 10): {'shapes': [(784, 183), (183,), (183, 10), (10,)], 'train_accuracy': 0.9844666666666667, 'test_accuracy': 0.974}}", "timing": 47}, "pdm_KL_reg 10": {"Best Result": {"Best Sigma0": 0.5, "Best sigma": 1, "Best gamma": 10, "Best Test accuracy": 0.9534, "Train acc": 0.96235}, "PDM log": "{(0.5, 1, 10): {'shapes': [(784, 168), (168,), (168, 10), (10,)], 'train_accuracy': 0.96235, 'test_accuracy': 0.9534}}", "timing": 49}, "best_reg": 1}