{"seed": 8, "Data statistics": "{0: {0: 2948, 1: 3424, 2: 2979, 3: 3090, 4: 2912, 5: 2723, 6: 2894, 7: 3104, 8: 2935, 9: 2991}, 1: {0: 2975, 1: 3318, 2: 2979, 3: 3041, 4: 2930, 5: 2698, 6: 3024, 7: 3161, 8: 2916, 9: 2958}}", "loading time": 29, "local_train_accs": [0.9830666666666666, 0.9797333333333333], "local_test_accs": [0.9611, 0.9568], "Uniform ensemble (Train acc)": 0.98315, "Uniform ensemble (Test acc)": 0.9707, "FedAvg (Train acc)": 0.8134, "FedAvg (Test acc)": 0.8055, "pdm_KL_reg 0": {"Best Result": {"Best Sigma0": 0.5, "Best sigma": 1, "Best gamma": 10, "Best Test accuracy": 0.9669, "Train acc": 0.9771833333333333}, "PDM log": "{(0.5, 1, 10): {'shapes': [(784, 124), (124,), (124, 10), (10,)], 'train_accuracy': 0.9771833333333333, 'test_accuracy': 0.9669}}", "timing": 29}, "pdm_KL_reg 0.001": {"Best Result": {"Best Sigma0": 0.5, "Best sigma": 1, "Best gamma": 10, "Best Test accuracy": 0.9669, "Train acc": 0.9771833333333333}, "PDM log": "{(0.5, 1, 10): {'shapes': [(784, 124), (124,), (124, 10), (10,)], 'train_accuracy': 0.9771833333333333, 'test_accuracy': 0.9669}}", "timing": 45}, "pdm_KL_reg 0.005": {"Best Result": {"Best Sigma0": 0.5, "Best sigma": 1, "Best gamma": 10, "Best Test accuracy": 0.9669, "Train acc": 0.9771833333333333}, "PDM log": "{(0.5, 1, 10): {'shapes': [(784, 124), (124,), (124, 10), (10,)], 'train_accuracy': 0.9771833333333333, 'test_accuracy': 0.9669}}", "timing": 44}, "pdm_KL_reg 0.01": {"Best Result": {"Best Sigma0": 0.5, "Best sigma": 1, "Best gamma": 10, "Best Test accuracy": 0.9678, "Train acc": 0.9775333333333334}, "PDM log": "{(0.5, 1, 10): {'shapes': [(784, 125), (125,), (125, 10), (10,)], 'train_accuracy': 0.9775333333333334, 'test_accuracy': 0.9678}}", "timing": 44}, "pdm_KL_reg 0.05": {"Best Result": {"Best Sigma0": 0.5, "Best sigma": 1, "Best gamma": 10, "Best Test accuracy": 0.9682, "Train acc": 0.97755}, "PDM log": "{(0.5, 1, 10): {'shapes': [(784, 127), (127,), (127, 10), (10,)], 'train_accuracy': 0.97755, 'test_accuracy': 0.9682}}", "timing": 39}, "pdm_KL_reg 0.1": {"Best Result": {"Best Sigma0": 0.5, "Best sigma": 1, "Best gamma": 10, "Best Test accuracy": 0.9666, "Train acc": 0.9758166666666667}, "PDM log": "{(0.5, 1, 10): {'shapes': [(784, 129), (129,), (129, 10), (10,)], 'train_accuracy': 0.9758166666666667, 'test_accuracy': 0.9666}}", "timing": 42}, "pdm_KL_reg 0.5": {"Best Result": {"Best Sigma0": 0.5, "Best sigma": 1, "Best gamma": 10, "Best Test accuracy": 0.9691, "Train acc": 0.98055}, "PDM log": "{(0.5, 1, 10): {'shapes': [(784, 149), (149,), (149, 10), (10,)], 'train_accuracy': 0.98055, 'test_accuracy': 0.9691}}", "timing": 43}, "pdm_KL_reg 1": {"Best Result": {"Best Sigma0": 0.5, "Best sigma": 1, "Best gamma": 10, "Best Test accuracy": 0.9731, "Train acc": 0.9845166666666667}, "PDM log": "{(0.5, 1, 10): {'shapes': [(784, 182), (182,), (182, 10), (10,)], 'train_accuracy': 0.9845166666666667, 'test_accuracy': 0.9731}}", "timing": 38}, "pdm_KL_reg 2": {"Best Result": {"Best Sigma0": 0.5, "Best sigma": 1, "Best gamma": 10, "Best Test accuracy": 0.9732, "Train acc": 0.9845166666666667}, "PDM log": "{(0.5, 1, 10): {'shapes': [(784, 183), (183,), (183, 10), (10,)], 'train_accuracy': 0.9845166666666667, 'test_accuracy': 0.9732}}", "timing": 28}, "pdm_KL_reg 5": {"Best Result": {"Best Sigma0": 0.5, "Best sigma": 1, "Best gamma": 10, "Best Test accuracy": 0.9732, "Train acc": 0.9845166666666667}, "PDM log": "{(0.5, 1, 10): {'shapes': [(784, 184), (184,), (184, 10), (10,)], 'train_accuracy': 0.9845166666666667, 'test_accuracy': 0.9732}}", "timing": 34}, "pdm_KL_reg 10": {"Best Result": {"Best Sigma0": 0.5, "Best sigma": 1, "Best gamma": 10, "Best Test accuracy": 0.9472, "Train acc": 0.9577}, "PDM log": "{(0.5, 1, 10): {'shapes': [(784, 163), (163,), (163, 10), (10,)], 'train_accuracy': 0.9577, 'test_accuracy': 0.9472}}", "timing": 34}, "best_reg": 2}