{"seed": 6, "Data statistics": "{0: {0: 1969, 1: 73, 2: 724, 3: 808, 4: 281, 5: 2, 6: 905, 7: 172, 8: 491, 9: 1202}, 1: {0: 2298, 1: 612, 2: 588, 3: 1362, 4: 39, 5: 100, 6: 367, 7: 1669}, 2: {0: 198, 1: 72, 2: 874, 3: 365, 4: 552, 5: 45, 6: 805, 7: 495, 8: 27, 9: 168}, 3: {0: 22, 1: 20, 2: 513, 3: 1968, 4: 932, 5: 99, 6: 6, 7: 2975}, 4: {0: 126, 1: 1063, 2: 1297, 3: 26, 4: 1, 5: 758, 6: 3057}, 5: {0: 1, 1: 3254, 2: 807, 3: 77, 4: 49, 5: 520, 6: 70, 7: 53, 8: 596, 9: 379}, 6: {0: 1020, 1: 102, 2: 155, 3: 556, 4: 32, 5: 195, 6: 336, 7: 452, 8: 1109, 9: 4199}, 7: {0: 55, 1: 127, 2: 74, 3: 365, 4: 41, 5: 86, 6: 214, 7: 114, 8: 1004, 9: 1}, 8: {0: 226, 1: 18, 2: 156, 3: 603, 4: 2813, 5: 495, 6: 158, 7: 335, 8: 2624}, 9: {0: 8, 1: 1401, 2: 770, 3: 1, 4: 1102, 5: 3121}}", "loading time": 33, "local_train_accs": [0.9790251999396409, 0.9903340440653874, 0.954457095251319, 0.9865340474368783, 0.9774020227560051, 0.9729590079228384, 0.9532859244727808, 0.9726093224411341, 0.9543618739903069, 0.9926596907699515], "local_test_accs": [0.8473, 0.7164, 0.7981, 0.555, 0.5078, 0.7274, 0.7137, 0.7781, 0.7104, 0.3959], "Uniform ensemble (Train acc)": 0.9280166666666667, "Uniform ensemble (Test acc)": 0.9223, "FedAvg (Train acc)": 0.09035, "FedAvg (Test acc)": 0.0892, "pdm_KL_reg 0": {"Best Result": {"Best Sigma0": 0.5, "Best sigma": 1, "Best gamma": 10, "Best Test accuracy": 0.1032, "Train acc": 0.0993}, "PDM log": "{(0.5, 1, 10): {'shapes': [(784, 269), (269,), (269, 127), (127,), (127, 127), (127,), (127, 120), (120,), (120, 106), (106,), (106, 10), (10,)], 'train_accuracy': 0.0993, 'test_accuracy': 0.1032}}", "timing": 130}, "pdm_KL_reg 0.001": {"Best Result": {"Best Sigma0": 0.5, "Best sigma": 1, "Best gamma": 10, "Best Test accuracy": 0.1032, "Train acc": 0.0993}, "PDM log": "{(0.5, 1, 10): {'shapes': [(784, 271), (271,), (271, 127), (127,), (127, 127), (127,), (127, 127), (127,), (127, 106), (106,), (106, 10), (10,)], 'train_accuracy': 0.0993, 'test_accuracy': 0.1032}}", "timing": 310}, "pdm_KL_reg 0.005": {"Best Result": {"Best Sigma0": 0.5, "Best sigma": 1, "Best gamma": 10, "Best Test accuracy": 0.1032, "Train acc": 0.0993}, "PDM log": "{(0.5, 1, 10): {'shapes': [(784, 269), (269,), (269, 127), (127,), (127, 118), (118,), (118, 118), (118,), (118, 106), (106,), (106, 10), (10,)], 'train_accuracy': 0.0993, 'test_accuracy': 0.1032}}", "timing": 244}, "pdm_KL_reg 0.01": {"Best Result": {"Best Sigma0": 0.5, "Best sigma": 1, "Best gamma": 10, "Best Test accuracy": 0.1032, "Train acc": 0.0993}, "PDM log": "{(0.5, 1, 10): {'shapes': [(784, 266), (266,), (266, 118), (118,), (118, 118), (118,), (118, 118), (118,), (118, 106), (106,), (106, 10), (10,)], 'train_accuracy': 0.0993, 'test_accuracy': 0.1032}}", "timing": 208}, "pdm_KL_reg 0.05": {"Best Result": {"Best Sigma0": 0.5, "Best sigma": 1, "Best gamma": 10, "Best Test accuracy": 0.1032, "Train acc": 0.0993}, "PDM log": "{(0.5, 1, 10): {'shapes': [(784, 279), (279,), (279, 127), (127,), (127, 126), (126,), (126, 118), (118,), (118, 106), (106,), (106, 10), (10,)], 'train_accuracy': 0.0993, 'test_accuracy': 0.1032}}", "timing": 193}, "pdm_KL_reg 0.1": {"Best Result": {"Best Sigma0": 0.5, "Best sigma": 1, "Best gamma": 10, "Best Test accuracy": 0.1032, "Train acc": 0.0993}, "PDM log": "{(0.5, 1, 10): {'shapes': [(784, 280), (280,), (280, 127), (127,), (127, 126), (126,), (126, 126), (126,), (126, 106), (106,), (106, 10), (10,)], 'train_accuracy': 0.0993, 'test_accuracy': 0.1032}}", "timing": 243}, "pdm_KL_reg 0.5": {"Best Result": {"Best Sigma0": 0.5, "Best sigma": 1, "Best gamma": 10, "Best Test accuracy": 0.1032, "Train acc": 0.0993}, "PDM log": "{(0.5, 1, 10): {'shapes': [(784, 385), (385,), (385, 127), (127,), (127, 127), (127,), (127, 127), (127,), (127, 106), (106,), (106, 10), (10,)], 'train_accuracy': 0.0993, 'test_accuracy': 0.1032}}", "timing": 279}, "pdm_KL_reg 1": {"Best Result": {"Best Sigma0": 0.5, "Best sigma": 1, "Best gamma": 10, "Best Test accuracy": 0.1032, "Train acc": 0.0993}, "PDM log": "{(0.5, 1, 10): {'shapes': [(784, 527), (527,), (527, 135), (135,), (135, 127), (127,), (127, 127), (127,), (127, 118), (118,), (118, 10), (10,)], 'train_accuracy': 0.0993, 'test_accuracy': 0.1032}}", "timing": 492}, "pdm_KL_reg 2": {"Best Result": {"Best Sigma0": 0.5, "Best sigma": 1, "Best gamma": 10, "Best Test accuracy": 0.1032, "Train acc": 0.0993}, "PDM log": "{(0.5, 1, 10): {'shapes': [(784, 565), (565,), (565, 153), (153,), (153, 136), (136,), (136, 136), (136,), (136, 127), (127,), (127, 10), (10,)], 'train_accuracy': 0.0993, 'test_accuracy': 0.1032}}", "timing": 639}, "pdm_KL_reg 5": {"Best Result": {"Best Sigma0": 0.5, "Best sigma": 1, "Best gamma": 10, "Best Test accuracy": 0.1032, "Train acc": 0.0993}, "PDM log": "{(0.5, 1, 10): {'shapes': [(784, 288), (288,), (288, 187), (187,), (187, 163), (163,), (163, 153), (153,), (153, 127), (127,), (127, 10), (10,)], 'train_accuracy': 0.0993, 'test_accuracy': 0.1032}}", "timing": 438}, "pdm_KL_reg 10": {"Best Result": {"Best Sigma0": 0.5, "Best sigma": 1, "Best gamma": 10, "Best Test accuracy": 0.0982, "Train acc": 0.09736666666666667}, "PDM log": "{(0.5, 1, 10): {'shapes': [(784, 235), (235,), (235, 206), (206,), (206, 198), (198,), (198, 171), (171,), (171, 127), (127,), (127, 10), (10,)], 'train_accuracy': 0.09736666666666667, 'test_accuracy': 0.0982}}", "timing": 260}, "best_reg": 0}