{"seed": 4, "Data statistics": "{0: {0: 321, 1: 1287, 2: 157, 3: 21, 4: 607, 5: 1592, 6: 2154}, 1: {0: 689, 1: 357, 2: 399, 3: 51, 4: 2117, 5: 62, 6: 291, 7: 1583, 8: 204, 9: 143}, 2: {0: 455, 1: 255, 2: 873, 3: 149, 4: 226, 5: 168, 7: 212, 8: 34, 9: 1895}, 3: {0: 629, 1: 1403, 2: 274, 3: 870, 4: 911, 5: 436, 6: 1, 7: 829, 8: 48, 9: 10}, 4: {0: 2, 1: 2167, 2: 2124, 3: 72, 4: 6, 5: 431, 6: 83, 7: 97, 8: 407, 9: 295}, 5: {0: 234, 1: 4, 2: 589, 3: 2311, 4: 245, 5: 329, 6: 445, 7: 448, 8: 24, 9: 2405}, 6: {0: 118, 1: 210, 2: 490, 3: 10, 4: 1, 5: 1653, 6: 1894, 7: 3, 8: 1496, 9: 178}, 7: {0: 693, 1: 224, 2: 255, 3: 789, 4: 1093, 5: 63, 6: 837, 7: 916, 8: 3239}, 8: {0: 2544, 1: 789, 2: 131, 3: 422, 4: 176, 5: 2, 6: 135, 7: 1957}, 9: {0: 238, 1: 46, 2: 666, 3: 1436, 4: 460, 5: 685, 6: 78, 7: 220, 8: 399, 9: 1023}}", "loading time": 31, "local_train_accs": [0.9864798827170549, 0.9730325644504749, 0.981251464729318, 0.9587876547773055, 0.9836382828993666, 0.9702871765709411, 0.9852965471666942, 0.9843383894438279, 0.9793697205977908, 0.9809560083793563], "local_test_accs": [0.5735, 0.8381, 0.7759, 0.6792, 0.7031, 0.7148, 0.6389, 0.8063, 0.6413, 0.9103], "Uniform ensemble (Train acc)": 0.9548666666666666, "Uniform ensemble (Test acc)": 0.9541, "FedAvg (Train acc)": 0.0993, "FedAvg (Test acc)": 0.1032, "pdm_KL_reg 0": {"Best Result": {"Best Sigma0": 0.5, "Best sigma": 1, "Best gamma": 10, "Best Test accuracy": 0.1716, "Train acc": 0.17456666666666668}, "PDM log": "{(0.5, 1, 10): {'shapes': [(784, 252), (252,), (252, 126), (126,), (126, 127), (127,), (127, 118), (118,), (118, 117), (117,), (117, 10), (10,)], 'train_accuracy': 0.17456666666666668, 'test_accuracy': 0.1716}}", "timing": 133}, "pdm_KL_reg 0.001": {"Best Result": {"Best Sigma0": 0.5, "Best sigma": 1, "Best gamma": 10, "Best Test accuracy": 0.1637, "Train acc": 0.15966666666666668}, "PDM log": "{(0.5, 1, 10): {'shapes': [(784, 256), (256,), (256, 124), (124,), (124, 118), (118,), (118, 118), (118,), (118, 117), (117,), (117, 10), (10,)], 'train_accuracy': 0.15966666666666668, 'test_accuracy': 0.1637}}", "timing": 156}, "pdm_KL_reg 0.005": {"Best Result": {"Best Sigma0": 0.5, "Best sigma": 1, "Best gamma": 10, "Best Test accuracy": 0.0891, "Train acc": 0.08591666666666667}, "PDM log": "{(0.5, 1, 10): {'shapes': [(784, 260), (260,), (260, 127), (127,), (127, 127), (127,), (127, 118), (118,), (118, 117), (117,), (117, 10), (10,)], 'train_accuracy': 0.08591666666666667, 'test_accuracy': 0.0891}}", "timing": 146}, "pdm_KL_reg 0.01": {"Best Result": {"Best Sigma0": 0.5, "Best sigma": 1, "Best gamma": 10, "Best Test accuracy": 0.167, "Train acc": 0.16941666666666666}, "PDM log": "{(0.5, 1, 10): {'shapes': [(784, 254), (254,), (254, 127), (127,), (127, 127), (127,), (127, 118), (118,), (118, 117), (117,), (117, 10), (10,)], 'train_accuracy': 0.16941666666666666, 'test_accuracy': 0.167}}", "timing": 131}, "pdm_KL_reg 0.05": {"Best Result": {"Best Sigma0": 0.5, "Best sigma": 1, "Best gamma": 10, "Best Test accuracy": 0.1603, "Train acc": 0.15948333333333334}, "PDM log": "{(0.5, 1, 10): {'shapes': [(784, 263), (263,), (263, 118), (118,), (118, 118), (118,), (118, 118), (118,), (118, 117), (117,), (117, 10), (10,)], 'train_accuracy': 0.15948333333333334, 'test_accuracy': 0.1603}}", "timing": 132}, "pdm_KL_reg 0.1": {"Best Result": {"Best Sigma0": 0.5, "Best sigma": 1, "Best gamma": 10, "Best Test accuracy": 0.1168, "Train acc": 0.11866666666666667}, "PDM log": "{(0.5, 1, 10): {'shapes': [(784, 275), (275,), (275, 127), (127,), (127, 127), (127,), (127, 118), (118,), (118, 117), (117,), (117, 10), (10,)], 'train_accuracy': 0.11866666666666667, 'test_accuracy': 0.1168}}", "timing": 150}, "pdm_KL_reg 0.5": {"Best Result": {"Best Sigma0": 0.5, "Best sigma": 1, "Best gamma": 10, "Best Test accuracy": 0.1189, "Train acc": 0.12155}, "PDM log": "{(0.5, 1, 10): {'shapes': [(784, 377), (377,), (377, 127), (127,), (127, 127), (127,), (127, 127), (127,), (127, 117), (117,), (117, 10), (10,)], 'train_accuracy': 0.12155, 'test_accuracy': 0.1189}}", "timing": 211}, "pdm_KL_reg 1": {"Best Result": {"Best Sigma0": 0.5, "Best sigma": 1, "Best gamma": 10, "Best Test accuracy": 0.113, "Train acc": 0.109}, "PDM log": "{(0.5, 1, 10): {'shapes': [(784, 524), (524,), (524, 127), (127,), (127, 127), (127,), (127, 127), (127,), (127, 118), (118,), (118, 10), (10,)], 'train_accuracy': 0.109, 'test_accuracy': 0.113}}", "timing": 350}, "pdm_KL_reg 2": {"Best Result": {"Best Sigma0": 0.5, "Best sigma": 1, "Best gamma": 10, "Best Test accuracy": 0.1032, "Train acc": 0.0993}, "PDM log": "{(0.5, 1, 10): {'shapes': [(784, 574), (574,), (574, 153), (153,), (153, 145), (145,), (145, 136), (136,), (136, 127), (127,), (127, 10), (10,)], 'train_accuracy': 0.0993, 'test_accuracy': 0.1032}}", "timing": 297}, "pdm_KL_reg 5": {"Best Result": {"Best Sigma0": 0.5, "Best sigma": 1, "Best gamma": 10, "Best Test accuracy": 0.1048, "Train acc": 0.10025}, "PDM log": "{(0.5, 1, 10): {'shapes': [(784, 310), (310,), (310, 181), (181,), (181, 163), (163,), (163, 163), (163,), (163, 127), (127,), (127, 10), (10,)], 'train_accuracy': 0.10025, 'test_accuracy': 0.1048}}", "timing": 216}, "pdm_KL_reg 10": {"Best Result": {"Best Sigma0": 0.5, "Best sigma": 1, "Best gamma": 10, "Best Test accuracy": 0.0974, "Train acc": 0.09751666666666667}, "PDM log": "{(0.5, 1, 10): {'shapes': [(784, 234), (234,), (234, 235), (235,), (235, 207), (207,), (207, 190), (190,), (190, 127), (127,), (127, 10), (10,)], 'train_accuracy': 0.09751666666666667, 'test_accuracy': 0.0974}}", "timing": 198}, "best_reg": 0}