{"seed": 0, "Data statistics": "{0: {0: 602, 2: 796, 3: 948, 4: 477, 5: 120, 6: 546, 7: 191, 8: 143, 9: 1650}, 1: {0: 820, 1: 2411, 2: 2824}, 2: {0: 770, 1: 25, 2: 669, 3: 963, 4: 2734, 5: 28, 6: 7, 7: 16, 8: 602, 9: 663}, 3: {0: 237, 1: 923, 2: 396, 3: 273, 4: 609, 5: 240, 6: 468, 7: 150, 8: 2975}, 4: {0: 241, 1: 409, 2: 58, 3: 1175, 4: 425, 5: 64, 6: 88, 7: 55, 8: 100, 9: 670}, 5: {0: 103, 1: 356, 3: 10, 4: 474, 5: 29, 6: 2121, 7: 554, 8: 888, 9: 2934}, 6: {0: 1430, 1: 2487, 2: 58, 3: 266, 4: 650, 5: 551, 6: 128, 7: 2929}, 7: {0: 554, 1: 1, 2: 160, 3: 51, 5: 1511, 6: 2451, 7: 1609}, 8: {0: 234, 1: 100, 2: 867, 3: 1177, 4: 77, 5: 2396, 6: 92, 7: 646, 8: 1133}, 9: {0: 932, 1: 30, 2: 130, 3: 1268, 4: 396, 5: 482, 6: 17, 7: 115, 8: 10, 9: 32}}", "loading time": 33, "local_train_accs": [0.9755161702905171, 0.998018166804294, 0.979928979465802, 0.9797480465635465, 0.9683409436834094, 0.987012987012987, 0.9922343805153547, 0.9951080953132397, 0.9892889021124666, 0.9607268464243846], "local_test_accs": [0.7826, 0.3126, 0.633, 0.8115, 0.8234, 0.6904, 0.7459, 0.5287, 0.8307, 0.6544], "Uniform ensemble (Train acc)": 0.9527166666666667, "Uniform ensemble (Test acc)": 0.9495, "FedAvg (Train acc)": 0.09035, "FedAvg (Test acc)": 0.0892, "pdm_KL_reg 0": {"Best Result": {"Best Sigma0": 3, "Best sigma": 0.9, "Best gamma": 1, "Best Test accuracy": 0.1994, "Train acc": 0.1945}, "PDM log": "{(3, 0.9, 1): {'shapes': [(784, 613), (613,), (613, 116), (116,), (116, 109), (109,), (109, 101), (101,), (101, 10), (10,)], 'train_accuracy': 0.1945, 'test_accuracy': 0.1994}}", "timing": 403}, "pdm_KL_reg 0.001": {"Best Result": {"Best Sigma0": 3, "Best sigma": 0.9, "Best gamma": 1, "Best Test accuracy": 0.1209, "Train acc": 0.11585}, "PDM log": "{(3, 0.9, 1): {'shapes': [(784, 611), (611,), (611, 109), (109,), (109, 109), (109,), (109, 101), (101,), (101, 10), (10,)], 'train_accuracy': 0.11585, 'test_accuracy': 0.1209}}", "timing": 849}, "pdm_KL_reg 0.005": {"Best Result": {"Best Sigma0": 3, "Best sigma": 0.9, "Best gamma": 1, "Best Test accuracy": 0.118, "Train acc": 0.11266666666666666}, "PDM log": "{(3, 0.9, 1): {'shapes': [(784, 615), (615,), (615, 117), (117,), (117, 109), (109,), (109, 101), (101,), (101, 10), (10,)], 'train_accuracy': 0.11266666666666666, 'test_accuracy': 0.118}}", "timing": 898}, "pdm_KL_reg 0.01": {"Best Result": {"Best Sigma0": 3, "Best sigma": 0.9, "Best gamma": 1, "Best Test accuracy": 0.1879, "Train acc": 0.17966666666666667}, "PDM log": "{(3, 0.9, 1): {'shapes': [(784, 611), (611,), (611, 117), (117,), (117, 109), (109,), (109, 101), (101,), (101, 10), (10,)], 'train_accuracy': 0.17966666666666667, 'test_accuracy': 0.1879}}", "timing": 864}, "pdm_KL_reg 0.05": {"Best Result": {"Best Sigma0": 3, "Best sigma": 0.9, "Best gamma": 1, "Best Test accuracy": 0.2277, "Train acc": 0.22463333333333332}, "PDM log": "{(3, 0.9, 1): {'shapes': [(784, 612), (612,), (612, 109), (109,), (109, 108), (108,), (108, 101), (101,), (101, 10), (10,)], 'train_accuracy': 0.22463333333333332, 'test_accuracy': 0.2277}}", "timing": 890}, "pdm_KL_reg 0.1": {"Best Result": {"Best Sigma0": 3, "Best sigma": 0.9, "Best gamma": 1, "Best Test accuracy": 0.2085, "Train acc": 0.2053}, "PDM log": "{(3, 0.9, 1): {'shapes': [(784, 607), (607,), (607, 109), (109,), (109, 109), (109,), (109, 101), (101,), (101, 10), (10,)], 'train_accuracy': 0.2053, 'test_accuracy': 0.2085}}", "timing": 841}, "pdm_KL_reg 0.5": {"Best Result": {"Best Sigma0": 3, "Best sigma": 0.9, "Best gamma": 1, "Best Test accuracy": 0.2915, "Train acc": 0.28475}, "PDM log": "{(3, 0.9, 1): {'shapes': [(784, 571), (571,), (571, 109), (109,), (109, 100), (100,), (100, 101), (101,), (101, 10), (10,)], 'train_accuracy': 0.28475, 'test_accuracy': 0.2915}}", "timing": 657}, "pdm_KL_reg 1": {"Best Result": {"Best Sigma0": 3, "Best sigma": 0.9, "Best gamma": 1, "Best Test accuracy": 0.1454, "Train acc": 0.14323333333333332}, "PDM log": "{(3, 0.9, 1): {'shapes': [(784, 466), (466,), (466, 100), (100,), (100, 100), (100,), (100, 101), (101,), (101, 10), (10,)], 'train_accuracy': 0.14323333333333332, 'test_accuracy': 0.1454}}", "timing": 461}, "pdm_KL_reg 2": {"Best Result": {"Best Sigma0": 3, "Best sigma": 0.9, "Best gamma": 1, "Best Test accuracy": 0.0974, "Train acc": 0.09751666666666667}, "PDM log": "{(3, 0.9, 1): {'shapes': [(784, 100), (100,), (100, 100), (100,), (100, 100), (100,), (100, 100), (100,), (100, 10), (10,)], 'train_accuracy': 0.09751666666666667, 'test_accuracy': 0.0974}}", "timing": 223}, "pdm_KL_reg 5": {"Best Result": {"Best Sigma0": 3, "Best sigma": 0.9, "Best gamma": 1, "Best Test accuracy": 0.0974, "Train acc": 0.09751666666666667}, "PDM log": "{(3, 0.9, 1): {'shapes': [(784, 100), (100,), (100, 100), (100,), (100, 100), (100,), (100, 100), (100,), (100, 10), (10,)], 'train_accuracy': 0.09751666666666667, 'test_accuracy': 0.0974}}", "timing": 204}, "pdm_KL_reg 10": {"Best Result": {"Best Sigma0": 3, "Best sigma": 0.9, "Best gamma": 1, "Best Test accuracy": 0.0974, "Train acc": 0.09751666666666667}, "PDM log": "{(3, 0.9, 1): {'shapes': [(784, 100), (100,), (100, 100), (100,), (100, 100), (100,), (100, 100), (100,), (100, 10), (10,)], 'train_accuracy': 0.09751666666666667, 'test_accuracy': 0.0974}}", "timing": 252}, "best_reg": 0.5}