{"seed": 1, "Data statistics": "{0: {0: 125, 1: 258, 2: 71, 3: 185, 4: 87, 5: 44, 6: 339, 7: 963, 8: 11, 9: 73}, 1: {0: 17, 1: 450, 2: 148, 3: 108, 4: 432, 5: 215, 6: 4, 7: 480, 8: 605}, 2: {0: 864, 1: 1535, 2: 1808}, 3: {0: 153, 1: 148, 2: 305, 4: 4, 5: 171, 6: 88, 7: 29, 8: 822, 9: 426}, 4: {0: 84, 1: 52, 2: 48, 3: 340, 4: 288, 5: 1, 6: 483, 7: 96, 8: 4, 9: 1338}, 5: {0: 1466, 1: 324, 2: 333, 3: 2, 4: 31, 5: 30, 6: 178, 7: 33, 8: 373}, 6: {0: 65, 1: 94, 2: 422, 3: 65, 4: 80, 5: 96, 6: 5, 8: 22, 9: 272}, 7: {0: 14, 1: 134, 2: 51, 3: 127, 4: 320, 5: 454, 6: 316, 7: 703, 8: 26, 9: 26}, 8: {0: 2, 1: 7, 2: 69, 3: 250, 4: 848, 5: 373, 6: 58, 7: 180, 8: 8, 9: 13}, 9: {0: 204, 1: 12, 2: 126, 3: 45, 4: 94, 5: 461, 6: 1, 7: 1419, 8: 5, 9: 723}, 10: {0: 170, 1: 169, 2: 1191, 3: 406, 4: 268, 5: 551}, 11: {0: 300, 1: 26, 2: 10, 3: 785, 4: 85, 5: 79, 6: 309, 7: 8, 8: 957}, 12: {0: 29, 1: 140, 2: 122, 3: 641, 4: 7, 5: 74, 6: 153, 7: 195, 8: 17, 9: 333}, 13: {0: 111, 1: 78, 2: 2, 3: 41, 4: 299, 5: 38, 6: 76, 7: 4, 8: 831, 9: 39}, 14: {0: 112, 1: 330, 2: 242, 3: 50, 4: 53, 5: 36, 6: 24, 7: 353, 8: 7, 9: 1490}, 15: {0: 1171, 1: 147, 2: 37, 3: 92, 4: 37, 5: 17, 6: 9, 7: 272, 8: 442, 9: 503}, 16: {0: 1, 1: 233, 2: 503, 3: 231, 4: 824, 5: 800}, 17: {0: 3, 1: 143, 2: 3, 3: 21, 4: 105, 5: 379, 6: 876, 7: 51, 8: 478, 9: 138}, 18: {0: 5, 1: 178, 2: 71, 3: 286, 4: 42, 5: 6, 6: 74, 7: 757, 8: 210, 9: 376}, 19: {1: 198, 2: 44, 3: 270, 4: 82, 5: 51, 6: 188, 7: 1, 8: 49, 9: 196}, 20: {0: 80, 1: 410, 2: 91, 3: 1182, 4: 500, 5: 70, 6: 910}, 21: {0: 290, 1: 35, 2: 1, 3: 62, 4: 884, 5: 135, 6: 677, 7: 251, 8: 830}, 22: {0: 395, 1: 106, 2: 26, 3: 36, 4: 25, 5: 561, 6: 799, 7: 400, 8: 74}, 23: {0: 1, 1: 1005, 2: 99, 3: 358, 4: 328, 5: 580, 6: 176}, 24: {0: 261, 1: 530, 2: 135, 3: 548, 4: 119, 5: 199, 6: 175, 7: 70, 8: 80, 9: 3}}", "loading time": 224, "local_train_accs": [1.0, 1.0, 1.0, 1.0, 0.991953182150695, 1.0, 1.0, 0.9930907415937356, 1.0, 0.996116504854369, 0.9825771324863883, 1.0, 0.9877264757451782, 1.0, 0.9988876529477196, 0.9985331866519985, 0.9976851851851852, 0.9931725079654073, 1.0, 1.0, 0.9959913660191181, 0.9984202211690363, 1.0, 1.0, 0.9985849056603774], "local_test_accs": [0.8621, 0.7683, 0.3124, 0.7561, 0.7253, 0.717, 0.7403, 0.808, 0.6789, 0.7291, 0.5751, 0.702, 0.7655, 0.719, 0.8116, 0.8454, 0.4889, 0.7099, 0.7986, 0.6945, 0.6368, 0.7321, 0.783, 0.5725, 0.8434], "Uniform ensemble (Train acc)": 0.9373166666666667, "Uniform ensemble (Test acc)": 0.9358, "FedAvg (Train acc)": 0.09141666666666666, "FedAvg (Test acc)": 0.0901, "pdm_KL_reg 0": {"Best Result": {"Best Sigma0": 3, "Best sigma": 0.9, "Best gamma": 1, "Best Test accuracy": 0.8758, "Train acc": 0.8753333333333333}, "PDM log": "{(3, 0.9, 1): {'shapes': [(784, 700), (700,), (700, 10), (10,)], 'train_accuracy': 0.8753333333333333, 'test_accuracy': 0.8758}}", "timing": 1248}, "pdm_KL_reg 0.001": {"Best Result": {"Best Sigma0": 3, "Best sigma": 0.9, "Best gamma": 1, "Best Test accuracy": 0.8618, "Train acc": 0.8649666666666667}, "PDM log": "{(3, 0.9, 1): {'shapes': [(784, 701), (701,), (701, 10), (10,)], 'train_accuracy': 0.8649666666666667, 'test_accuracy': 0.8618}}", "timing": 2241}, "pdm_KL_reg 0.005": {"Best Result": {"Best Sigma0": 3, "Best sigma": 0.9, "Best gamma": 1, "Best Test accuracy": 0.8742, "Train acc": 0.8763}, "PDM log": "{(3, 0.9, 1): {'shapes': [(784, 700), (700,), (700, 10), (10,)], 'train_accuracy': 0.8763, 'test_accuracy': 0.8742}}", "timing": 2152}, "pdm_KL_reg 0.01": {"Best Result": {"Best Sigma0": 3, "Best sigma": 0.9, "Best gamma": 1, "Best Test accuracy": 0.8745, "Train acc": 0.8763666666666666}, "PDM log": "{(3, 0.9, 1): {'shapes': [(784, 700), (700,), (700, 10), (10,)], 'train_accuracy': 0.8763666666666666, 'test_accuracy': 0.8745}}", "timing": 2662}, "pdm_KL_reg 0.05": {"Best Result": {"Best Sigma0": 3, "Best sigma": 0.9, "Best gamma": 1, "Best Test accuracy": 0.8648, "Train acc": 0.8659166666666667}, "PDM log": "{(3, 0.9, 1): {'shapes': [(784, 700), (700,), (700, 10), (10,)], 'train_accuracy': 0.8659166666666667, 'test_accuracy': 0.8648}}", "timing": 2329}, "pdm_KL_reg 0.1": {"Best Result": {"Best Sigma0": 3, "Best sigma": 0.9, "Best gamma": 1, "Best Test accuracy": 0.8748, "Train acc": 0.87435}, "PDM log": "{(3, 0.9, 1): {'shapes': [(784, 700), (700,), (700, 10), (10,)], 'train_accuracy': 0.87435, 'test_accuracy': 0.8748}}", "timing": 2013}, "pdm_KL_reg 0.5": {"Best Result": {"Best Sigma0": 3, "Best sigma": 0.9, "Best gamma": 1, "Best Test accuracy": 0.8734, "Train acc": 0.8709666666666667}, "PDM log": "{(3, 0.9, 1): {'shapes': [(784, 514), (514,), (514, 10), (10,)], 'train_accuracy': 0.8709666666666667, 'test_accuracy': 0.8734}}", "timing": 1676}, "pdm_KL_reg 1": {"Best Result": {"Best Sigma0": 3, "Best sigma": 0.9, "Best gamma": 1, "Best Test accuracy": 0.821, "Train acc": 0.8266}, "PDM log": "{(3, 0.9, 1): {'shapes': [(784, 155), (155,), (155, 10), (10,)], 'train_accuracy': 0.8266, 'test_accuracy': 0.821}}", "timing": 407}, "pdm_KL_reg 2": {"Best Result": {"Best Sigma0": 3, "Best sigma": 0.9, "Best gamma": 1, "Best Test accuracy": 0.7492, "Train acc": 0.7456333333333334}, "PDM log": "{(3, 0.9, 1): {'shapes': [(784, 109), (109,), (109, 10), (10,)], 'train_accuracy': 0.7456333333333334, 'test_accuracy': 0.7492}}", "timing": 469}, "pdm_KL_reg 5": {"Best Result": {"Best Sigma0": 3, "Best sigma": 0.9, "Best gamma": 1, "Best Test accuracy": 0.1032, "Train acc": 0.0993}, "PDM log": "{(3, 0.9, 1): {'shapes': [(784, 100), (100,), (100, 10), (10,)], 'train_accuracy': 0.0993, 'test_accuracy': 0.1032}}", "timing": 275}, "pdm_KL_reg 10": {"Best Result": {"Best Sigma0": 3, "Best sigma": 0.9, "Best gamma": 1, "Best Test accuracy": 0.1032, "Train acc": 0.0993}, "PDM log": "{(3, 0.9, 1): {'shapes': [(784, 100), (100,), (100, 10), (10,)], 'train_accuracy': 0.0993, 'test_accuracy': 0.1032}}", "timing": 320}, "best_reg": 0}