{"seed": 8, "Data statistics": "{0: {0: 249, 1: 609, 2: 855, 3: 286, 4: 1188}, 1: {0: 195, 1: 905, 2: 305, 3: 130, 4: 15, 5: 151, 6: 111, 7: 139, 8: 836}, 2: {0: 153, 1: 14, 2: 46, 3: 73, 4: 291, 5: 419, 6: 2, 7: 145, 8: 51, 9: 190}, 3: {0: 188, 1: 521, 2: 2, 3: 1368, 4: 23, 5: 156, 6: 221}, 4: {0: 83, 1: 118, 2: 1098, 3: 144, 4: 53, 5: 3, 6: 286, 7: 76, 8: 76, 9: 21}, 5: {0: 237, 1: 7, 2: 39, 3: 141, 4: 15, 5: 22, 6: 145, 7: 128, 8: 16, 9: 956}, 6: {0: 1099, 1: 63, 3: 146, 4: 206, 5: 209, 6: 71, 7: 85, 8: 6}, 7: {0: 34, 1: 243, 2: 17, 3: 114, 4: 7, 5: 92, 6: 233, 7: 139, 8: 63, 9: 239}, 8: {0: 204, 1: 45, 2: 33, 3: 952, 4: 7, 6: 35, 7: 65, 8: 548, 9: 657}, 9: {0: 65, 1: 15, 2: 46, 3: 192, 4: 153, 5: 95, 6: 37, 7: 205, 8: 901, 9: 4}, 10: {0: 78, 1: 278, 2: 181, 3: 877, 4: 5, 5: 1007}, 11: {0: 350, 1: 531, 2: 685, 3: 233, 4: 183, 5: 17, 6: 5, 7: 1163}, 12: {0: 62, 1: 553, 2: 494, 3: 263, 4: 569, 5: 331, 6: 6, 7: 13, 8: 546}, 13: {0: 561, 1: 329, 2: 15, 3: 12, 4: 192, 5: 245, 7: 63, 8: 216, 9: 91}, 14: {0: 339, 1: 28, 3: 8, 4: 2, 5: 181, 6: 1005, 7: 2, 8: 552, 9: 465}, 15: {0: 208, 1: 915, 2: 1, 3: 151, 4: 27, 5: 12, 6: 36, 7: 242, 8: 89, 9: 940}, 16: {0: 18, 2: 82, 3: 23, 4: 253, 5: 650, 6: 162, 7: 166, 8: 366, 9: 314}, 17: {0: 612, 1: 449, 3: 325, 4: 76, 5: 529, 6: 124, 7: 57, 8: 88, 9: 16}, 18: {0: 2, 1: 168, 2: 186, 3: 24, 4: 351, 5: 4, 6: 5, 7: 328, 8: 75, 9: 383}, 19: {0: 801, 1: 176, 2: 764, 3: 114, 4: 1365}, 20: {0: 17, 1: 67, 2: 5, 3: 361, 4: 16, 5: 26, 6: 57, 7: 270, 8: 10, 9: 1632}, 21: {0: 105, 1: 20, 2: 174, 3: 110, 4: 581, 5: 210, 6: 1910}, 22: {0: 181, 1: 352, 2: 572, 3: 63, 4: 56, 5: 74, 6: 11, 7: 60, 8: 1406}, 23: {0: 40, 1: 302, 2: 87, 3: 16, 4: 70, 5: 475, 6: 712, 7: 432, 8: 5, 9: 40}, 24: {0: 42, 1: 34, 2: 271, 3: 5, 4: 138, 5: 513, 6: 744, 7: 2487, 8: 1, 9: 1}}", "loading time": 68, "local_train_accs": [1.0, 0.9935414424111948, 1.0, 1.0, 1.0, 0.9988276670574443, 1.0, 1.0, 0.997643362136685, 1.0, 0.9975267930750206, 0.9974739501105147, 0.9809658089531195, 1.0, 0.9972889233152595, 1.0, 1.0, 0.9912126537785588, 1.0, 1.0, 1.0, 1.0, 1.0, 1.0, 1.0], "local_test_accs": [0.5031, 0.8008, 0.7945, 0.551, 0.8168, 0.7867, 0.708, 0.805, 0.7281, 0.801, 0.5265, 0.6841, 0.7392, 0.7576, 0.6173, 0.7441, 0.7688, 0.7688, 0.7013, 0.4978, 0.724, 0.65, 0.7622, 0.8112, 0.6937], "Uniform ensemble (Train acc)": 0.94045, "Uniform ensemble (Test acc)": 0.9397, "FedAvg (Train acc)": 0.17993333333333333, "FedAvg (Test acc)": 0.1812, "pdm_KL_reg 0": {"Best Result": {"Best Sigma0": 3, "Best sigma": 0.9, "Best gamma": 1, "Best Test accuracy": 0.8434, "Train acc": 0.8473833333333334}, "PDM log": "{(3, 0.9, 1): {'shapes': [(784, 700), (700,), (700, 10), (10,)], 'train_accuracy': 0.8473833333333334, 'test_accuracy': 0.8434}}", "timing": 621}, "pdm_KL_reg 0.001": {"Best Result": {"Best Sigma0": 3, "Best sigma": 0.9, "Best gamma": 1, "Best Test accuracy": 0.84, "Train acc": 0.84365}, "PDM log": "{(3, 0.9, 1): {'shapes': [(784, 700), (700,), (700, 10), (10,)], 'train_accuracy': 0.84365, 'test_accuracy': 0.84}}", "timing": 1244}, "pdm_KL_reg 0.005": {"Best Result": {"Best Sigma0": 3, "Best sigma": 0.9, "Best gamma": 1, "Best Test accuracy": 0.842, "Train acc": 0.8462666666666666}, "PDM log": "{(3, 0.9, 1): {'shapes': [(784, 700), (700,), (700, 10), (10,)], 'train_accuracy': 0.8462666666666666, 'test_accuracy': 0.842}}", "timing": 925}, "pdm_KL_reg 0.01": {"Best Result": {"Best Sigma0": 3, "Best sigma": 0.9, "Best gamma": 1, "Best Test accuracy": 0.8399, "Train acc": 0.8457333333333333}, "PDM log": "{(3, 0.9, 1): {'shapes': [(784, 700), (700,), (700, 10), (10,)], 'train_accuracy': 0.8457333333333333, 'test_accuracy': 0.8399}}", "timing": 836}, "pdm_KL_reg 0.05": {"Best Result": {"Best Sigma0": 3, "Best sigma": 0.9, "Best gamma": 1, "Best Test accuracy": 0.8351, "Train acc": 0.84225}, "PDM log": "{(3, 0.9, 1): {'shapes': [(784, 700), (700,), (700, 10), (10,)], 'train_accuracy': 0.84225, 'test_accuracy': 0.8351}}", "timing": 894}, "pdm_KL_reg 0.1": {"Best Result": {"Best Sigma0": 3, "Best sigma": 0.9, "Best gamma": 1, "Best Test accuracy": 0.8367, "Train acc": 0.8429833333333333}, "PDM log": "{(3, 0.9, 1): {'shapes': [(784, 700), (700,), (700, 10), (10,)], 'train_accuracy': 0.8429833333333333, 'test_accuracy': 0.8367}}", "timing": 873}, "pdm_KL_reg 0.5": {"Best Result": {"Best Sigma0": 3, "Best sigma": 0.9, "Best gamma": 1, "Best Test accuracy": 0.836, "Train acc": 0.84045}, "PDM log": "{(3, 0.9, 1): {'shapes': [(784, 503), (503,), (503, 10), (10,)], 'train_accuracy': 0.84045, 'test_accuracy': 0.836}}", "timing": 579}, "pdm_KL_reg 1": {"Best Result": {"Best Sigma0": 3, "Best sigma": 0.9, "Best gamma": 1, "Best Test accuracy": 0.8195, "Train acc": 0.8186166666666667}, "PDM log": "{(3, 0.9, 1): {'shapes': [(784, 155), (155,), (155, 10), (10,)], 'train_accuracy': 0.8186166666666667, 'test_accuracy': 0.8195}}", "timing": 146}, "pdm_KL_reg 2": {"Best Result": {"Best Sigma0": 3, "Best sigma": 0.9, "Best gamma": 1, "Best Test accuracy": 0.7024, "Train acc": 0.70445}, "PDM log": "{(3, 0.9, 1): {'shapes': [(784, 110), (110,), (110, 10), (10,)], 'train_accuracy': 0.70445, 'test_accuracy': 0.7024}}", "timing": 135}, "pdm_KL_reg 5": {"Best Result": {"Best Sigma0": 3, "Best sigma": 0.9, "Best gamma": 1, "Best Test accuracy": 0.0892, "Train acc": 0.09035}, "PDM log": "{(3, 0.9, 1): {'shapes': [(784, 100), (100,), (100, 10), (10,)], 'train_accuracy': 0.09035, 'test_accuracy': 0.0892}}", "timing": 49}, "pdm_KL_reg 10": {"Best Result": {"Best Sigma0": 3, "Best sigma": 0.9, "Best gamma": 1, "Best Test accuracy": 0.0892, "Train acc": 0.09035}, "PDM log": "{(3, 0.9, 1): {'shapes': [(784, 100), (100,), (100, 10), (10,)], 'train_accuracy': 0.09035, 'test_accuracy': 0.0892}}", "timing": 57}, "best_reg": 0}