{"seed": 6, "Data statistics": "{0: {0: 824, 1: 101, 2: 20, 3: 72, 4: 153, 5: 321, 6: 33, 7: 21, 8: 49, 9: 100}, 1: {0: 961, 1: 35, 2: 59, 3: 552, 4: 535, 5: 133, 8: 296}, 2: {0: 83, 1: 228, 2: 4, 3: 21, 4: 888, 5: 338, 6: 280, 7: 674}, 3: {0: 9, 1: 95, 2: 104, 3: 392, 4: 2, 5: 676, 6: 269, 7: 23, 8: 773, 9: 556}, 4: {0: 53, 1: 67, 2: 87, 3: 38, 4: 278, 5: 13, 6: 137, 7: 176, 8: 1430, 9: 362}, 5: {1: 73, 2: 485, 3: 35, 4: 115, 5: 1, 6: 1, 7: 37, 8: 614, 9: 76}, 6: {0: 427, 1: 1365, 2: 261, 3: 9, 4: 11, 5: 1526}, 7: {0: 23, 1: 662, 2: 77, 3: 267, 4: 29, 5: 128, 6: 319, 7: 8, 8: 325, 9: 300}, 8: {0: 95, 1: 1, 2: 4, 3: 13, 4: 13, 5: 470, 6: 367, 7: 248, 8: 60, 9: 283}, 9: {0: 3, 1: 91, 2: 69, 3: 278, 4: 42, 5: 90, 6: 1598, 7: 571}, 10: {0: 165, 1: 429, 2: 25, 3: 1, 4: 170, 5: 206, 6: 682, 7: 504, 8: 177, 9: 1335}, 11: {0: 7, 1: 115, 2: 423, 3: 787, 4: 1, 5: 224, 6: 1, 7: 3, 8: 256, 9: 5}, 12: {0: 54, 1: 273, 2: 160, 3: 138, 4: 24, 5: 35, 6: 29, 7: 1, 8: 579, 9: 81}, 13: {0: 8, 1: 31, 2: 540, 3: 1636, 4: 98, 5: 80, 6: 497}, 14: {0: 230, 1: 159, 2: 29, 3: 2, 4: 85, 5: 42, 6: 266, 7: 532, 8: 166, 9: 934}, 15: {0: 266, 1: 68, 2: 3, 3: 93, 4: 699, 5: 3, 6: 6, 7: 98, 8: 466, 9: 605}, 16: {0: 975, 1: 29, 2: 268, 3: 3, 4: 518, 5: 5, 6: 378, 7: 289}, 17: {0: 233, 1: 276, 2: 87, 3: 17, 4: 1281, 5: 8, 6: 31, 7: 755}, 18: {0: 18, 1: 659, 2: 942, 3: 879}, 19: {0: 3, 1: 137, 2: 122, 3: 88, 4: 124, 5: 276, 6: 177, 7: 31, 8: 17, 9: 432}, 20: {0: 277, 1: 43, 2: 1062, 3: 2, 4: 18, 6: 14, 7: 1301}, 21: {1: 101, 2: 85, 3: 344, 4: 55, 5: 86, 6: 139, 7: 912, 8: 439, 9: 736}, 22: {0: 549, 1: 1055, 2: 367, 3: 48, 4: 317, 5: 106}, 23: {0: 609, 1: 514, 2: 38, 3: 313, 4: 9, 5: 1, 6: 19, 7: 81, 8: 204, 9: 144}, 24: {0: 51, 1: 135, 2: 637, 3: 103, 4: 377, 5: 653, 6: 675}}", "loading time": 190, "local_train_accs": [1.0, 1.0, 0.9976152623211447, 1.0, 0.9912911775842483, 1.0, 1.0, 0.9981290926099158, 1.0, 1.0, 0.9767190037899296, 1.0, 1.0, 0.9996539792387543, 1.0, 0.9969657563935848, 0.9995943204868154, 0.9992559523809523, 1.0, 1.0, 1.0, 1.0, 0.9975429975429976, 0.9984472049689441, 1.0], "local_test_accs": [0.8417, 0.6449, 0.6508, 0.7803, 0.826, 0.6383, 0.4891, 0.8721, 0.6756, 0.6828, 0.7938, 0.6119, 0.7861, 0.6253, 0.8181, 0.7097, 0.6218, 0.6753, 0.3963, 0.8016, 0.5555, 0.8199, 0.5713, 0.7731, 0.6618], "Uniform ensemble (Train acc)": 0.9515, "Uniform ensemble (Test acc)": 0.9483, "FedAvg (Train acc)": 0.12558333333333332, "FedAvg (Test acc)": 0.127, "pdm_KL_reg 0": {"Best Result": {"Best Sigma0": 3, "Best sigma": 0.9, "Best gamma": 1, "Best Test accuracy": 0.8738, "Train acc": 0.8769166666666667}, "PDM log": "{(3, 0.9, 1): {'shapes': [(784, 700), (700,), (700, 10), (10,)], 'train_accuracy': 0.8769166666666667, 'test_accuracy': 0.8738}}", "timing": 1069}, "pdm_KL_reg 0.001": {"Best Result": {"Best Sigma0": 3, "Best sigma": 0.9, "Best gamma": 1, "Best Test accuracy": 0.8702, "Train acc": 0.8752}, "PDM log": "{(3, 0.9, 1): {'shapes': [(784, 700), (700,), (700, 10), (10,)], 'train_accuracy': 0.8752, 'test_accuracy': 0.8702}}", "timing": 1871}, "pdm_KL_reg 0.005": {"Best Result": {"Best Sigma0": 3, "Best sigma": 0.9, "Best gamma": 1, "Best Test accuracy": 0.8736, "Train acc": 0.8773166666666666}, "PDM log": "{(3, 0.9, 1): {'shapes': [(784, 700), (700,), (700, 10), (10,)], 'train_accuracy': 0.8773166666666666, 'test_accuracy': 0.8736}}", "timing": 1920}, "pdm_KL_reg 0.01": {"Best Result": {"Best Sigma0": 3, "Best sigma": 0.9, "Best gamma": 1, "Best Test accuracy": 0.8768, "Train acc": 0.88025}, "PDM log": "{(3, 0.9, 1): {'shapes': [(784, 700), (700,), (700, 10), (10,)], 'train_accuracy': 0.88025, 'test_accuracy': 0.8768}}", "timing": 1552}, "pdm_KL_reg 0.05": {"Best Result": {"Best Sigma0": 3, "Best sigma": 0.9, "Best gamma": 1, "Best Test accuracy": 0.87, "Train acc": 0.87445}, "PDM log": "{(3, 0.9, 1): {'shapes': [(784, 701), (701,), (701, 10), (10,)], 'train_accuracy': 0.87445, 'test_accuracy': 0.87}}", "timing": 1054}, "pdm_KL_reg 0.1": {"Best Result": {"Best Sigma0": 3, "Best sigma": 0.9, "Best gamma": 1, "Best Test accuracy": 0.8837, "Train acc": 0.8857833333333334}, "PDM log": "{(3, 0.9, 1): {'shapes': [(784, 700), (700,), (700, 10), (10,)], 'train_accuracy': 0.8857833333333334, 'test_accuracy': 0.8837}}", "timing": 1095}, "pdm_KL_reg 0.5": {"Best Result": {"Best Sigma0": 3, "Best sigma": 0.9, "Best gamma": 1, "Best Test accuracy": 0.8753, "Train acc": 0.8784666666666666}, "PDM log": "{(3, 0.9, 1): {'shapes': [(784, 463), (463,), (463, 10), (10,)], 'train_accuracy': 0.8784666666666666, 'test_accuracy': 0.8753}}", "timing": 614}, "pdm_KL_reg 1": {"Best Result": {"Best Sigma0": 3, "Best sigma": 0.9, "Best gamma": 1, "Best Test accuracy": 0.8772, "Train acc": 0.87495}, "PDM log": "{(3, 0.9, 1): {'shapes': [(784, 149), (149,), (149, 10), (10,)], 'train_accuracy': 0.87495, 'test_accuracy': 0.8772}}", "timing": 166}, "pdm_KL_reg 2": {"Best Result": {"Best Sigma0": 3, "Best sigma": 0.9, "Best gamma": 1, "Best Test accuracy": 0.7534, "Train acc": 0.7545833333333334}, "PDM log": "{(3, 0.9, 1): {'shapes': [(784, 108), (108,), (108, 10), (10,)], 'train_accuracy': 0.7545833333333334, 'test_accuracy': 0.7534}}", "timing": 191}, "pdm_KL_reg 5": {"Best Result": {"Best Sigma0": 3, "Best sigma": 0.9, "Best gamma": 1, "Best Test accuracy": 0.0892, "Train acc": 0.09035}, "PDM log": "{(3, 0.9, 1): {'shapes': [(784, 100), (100,), (100, 10), (10,)], 'train_accuracy': 0.09035, 'test_accuracy': 0.0892}}", "timing": 86}, "pdm_KL_reg 10": {"Best Result": {"Best Sigma0": 3, "Best sigma": 0.9, "Best gamma": 1, "Best Test accuracy": 0.0892, "Train acc": 0.09035}, "PDM log": "{(3, 0.9, 1): {'shapes': [(784, 100), (100,), (100, 10), (10,)], 'train_accuracy': 0.09035, 'test_accuracy': 0.0892}}", "timing": 120}, "best_reg": 0.1}