{"seed": 4, "Data statistics": "{0: {0: 116, 1: 167, 2: 88, 3: 501, 4: 1763, 5: 100, 6: 1147, 7: 1088, 8: 101}, 1: {0: 1327, 1: 229, 2: 881, 3: 372, 4: 1411, 5: 4, 6: 263, 7: 15, 8: 830}, 2: {0: 866, 1: 225, 2: 26, 3: 5, 4: 46, 5: 576, 6: 123, 7: 66, 8: 2380, 9: 108}, 3: {0: 1036, 1: 224, 2: 53, 3: 278, 4: 529, 5: 27, 6: 210, 7: 986, 8: 945, 9: 642}, 4: {0: 177, 1: 95, 2: 97, 3: 238, 4: 1032, 5: 782, 6: 1659, 7: 18, 8: 55, 9: 19}, 5: {0: 218, 1: 12, 2: 2048, 3: 2046, 4: 22, 5: 257, 6: 1287}, 6: {0: 161, 1: 358, 2: 10, 3: 353, 4: 105, 5: 1008, 6: 3, 7: 102, 8: 192, 9: 1874}, 7: {0: 2, 1: 3399, 2: 1473, 3: 595}, 8: {0: 151, 1: 187, 2: 41, 3: 128, 4: 67, 5: 398, 6: 54, 7: 181, 8: 497, 9: 2357}, 9: {0: 946, 1: 104, 2: 283, 3: 484, 4: 25, 5: 1848, 6: 254, 7: 2544}}", "loading time": 30, "local_train_accs": [0.4330506803391836, 0.45461365341335336, 0.6229359873331826, 0.3563894523326572, 0.4947267497603068, 0.4901528013582343, 0.6065770523283726, 0.7659535564088499, 0.6407288845112041, 0.5776818742293465], "local_test_accs": [0.1601, 0.2052, 0.1625, 0.1774, 0.1946, 0.1579, 0.1819, 0.1635, 0.1799, 0.1977], "pdm_KL_reg 0": {"Best Result": {"Best Sigma0": 10, "Best sigma": 1, "Best gamma": 50, "Best Test accuracy": 0.1815, "Train acc": 0.18338}, "PDM log": "{(10, 1, 50): {'shapes': [(3072, 919), (919,), (919, 226), (226,), (226, 10), (10,)], 'train_accuracy': 0.18338, 'test_accuracy': 0.1815}}", "timing": 1066}, "pdm_KL_reg 0.001": {"Best Result": {"Best Sigma0": 10, "Best sigma": 1, "Best gamma": 50, "Best Test accuracy": 0.1799, "Train acc": 0.18248}, "PDM log": "{(10, 1, 50): {'shapes': [(3072, 919), (919,), (919, 226), (226,), (226, 10), (10,)], 'train_accuracy': 0.18248, 'test_accuracy': 0.1799}}", "timing": 2781}, "pdm_KL_reg 0.005": {"Best Result": {"Best Sigma0": 10, "Best sigma": 1, "Best gamma": 50, "Best Test accuracy": 0.1767, "Train acc": 0.17822}, "PDM log": "{(10, 1, 50): {'shapes': [(3072, 919), (919,), (919, 226), (226,), (226, 10), (10,)], 'train_accuracy': 0.17822, 'test_accuracy': 0.1767}}", "timing": 2794}, "pdm_KL_reg 0.01": {"Best Result": {"Best Sigma0": 10, "Best sigma": 1, "Best gamma": 50, "Best Test accuracy": 0.1963, "Train acc": 0.19802}, "PDM log": "{(10, 1, 50): {'shapes': [(3072, 919), (919,), (919, 226), (226,), (226, 10), (10,)], 'train_accuracy': 0.19802, 'test_accuracy': 0.1963}}", "timing": 2803}, "pdm_KL_reg 0.05": {"Best Result": {"Best Sigma0": 10, "Best sigma": 1, "Best gamma": 50, "Best Test accuracy": 0.1896, "Train acc": 0.193}, "PDM log": "{(10, 1, 50): {'shapes': [(3072, 918), (918,), (918, 226), (226,), (226, 10), (10,)], 'train_accuracy': 0.193, 'test_accuracy': 0.1896}}", "timing": 2667}, "pdm_KL_reg 0.1": {"Best Result": {"Best Sigma0": 10, "Best sigma": 1, "Best gamma": 50, "Best Test accuracy": 0.1848, "Train acc": 0.18772}, "PDM log": "{(10, 1, 50): {'shapes': [(3072, 914), (914,), (914, 226), (226,), (226, 10), (10,)], 'train_accuracy': 0.18772, 'test_accuracy': 0.1848}}", "timing": 2693}, "pdm_KL_reg 0.5": {"Best Result": {"Best Sigma0": 10, "Best sigma": 1, "Best gamma": 50, "Best Test accuracy": 0.1955, "Train acc": 0.19682}, "PDM log": "{(10, 1, 50): {'shapes': [(3072, 888), (888,), (888, 235), (235,), (235, 10), (10,)], 'train_accuracy': 0.19682, 'test_accuracy': 0.1955}}", "timing": 2598}, "pdm_KL_reg 1": {"Best Result": {"Best Sigma0": 10, "Best sigma": 1, "Best gamma": 50, "Best Test accuracy": 0.2009, "Train acc": 0.20116}, "PDM log": "{(10, 1, 50): {'shapes': [(3072, 757), (757,), (757, 235), (235,), (235, 10), (10,)], 'train_accuracy': 0.20116, 'test_accuracy': 0.2009}}", "timing": 2254}, "pdm_KL_reg 2": {"Best Result": {"Best Sigma0": 10, "Best sigma": 1, "Best gamma": 50, "Best Test accuracy": 0.1, "Train acc": 0.1}, "PDM log": "{(10, 1, 50): {'shapes': [(3072, 109), (109,), (109, 217), (217,), (217, 10), (10,)], 'train_accuracy': 0.1, 'test_accuracy': 0.1}}", "timing": 375}, "pdm_KL_reg 5": {"Best Result": {"Best Sigma0": 10, "Best sigma": 1, "Best gamma": 50, "Best Test accuracy": 0.1, "Train acc": 0.1}, "PDM log": "{(10, 1, 50): {'shapes': [(3072, 100), (100,), (100, 199), (199,), (199, 10), (10,)], 'train_accuracy': 0.1, 'test_accuracy': 0.1}}", "timing": 286}, "pdm_KL_reg 10": {"Best Result": {"Best Sigma0": 10, "Best sigma": 1, "Best gamma": 50, "Best Test accuracy": 0.1, "Train acc": 0.1}, "PDM log": "{(10, 1, 50): {'shapes': [(3072, 100), (100,), (100, 172), (172,), (172, 10), (10,)], 'train_accuracy': 0.1, 'test_accuracy': 0.1}}", "timing": 304}, "best_reg": 1}