{"seed": 3, "Data statistics": "{0: {0: 300, 1: 1240, 2: 353, 3: 472, 4: 199, 5: 46, 6: 6, 7: 567}, 1: {0: 32, 1: 19, 2: 1, 3: 55, 4: 159, 5: 285, 6: 2787}, 2: {0: 3, 1: 646, 2: 227, 3: 806, 4: 378, 5: 775, 6: 163, 7: 9}, 3: {0: 37, 1: 57, 3: 64, 4: 91, 6: 106, 7: 125, 8: 126, 9: 831}, 4: {0: 172, 1: 100, 2: 135, 3: 902, 4: 161, 5: 293, 6: 2, 7: 176, 8: 2, 9: 1311}, 5: {0: 2517, 1: 153, 2: 504}, 6: {0: 1018, 2: 728, 3: 14, 4: 27, 5: 827, 6: 9, 7: 791}, 7: {0: 16, 1: 7, 2: 595, 3: 35, 4: 50, 5: 168, 6: 84, 7: 53, 8: 98, 9: 197}, 8: {0: 65, 1: 407, 2: 4, 3: 301, 4: 3, 5: 1, 6: 1027, 7: 96, 8: 364, 9: 472}, 9: {0: 121, 1: 86, 2: 82, 3: 73, 4: 1176, 5: 262, 6: 204, 7: 267, 8: 1428}, 10: {0: 219, 1: 46, 2: 313, 3: 625, 4: 1448, 5: 548}, 11: {0: 16, 1: 787, 2: 27, 3: 39, 4: 295, 5: 603, 6: 2, 7: 950, 8: 406}, 12: {0: 79, 2: 99, 3: 337, 4: 9, 5: 258, 6: 463, 7: 125, 8: 38, 9: 320}, 13: {0: 305, 1: 19, 2: 15, 3: 100, 4: 4, 5: 602, 6: 737, 7: 255, 8: 238, 9: 60}, 14: {0: 465, 1: 1586, 2: 1224}, 15: {0: 348, 1: 50, 2: 7, 3: 104, 4: 32, 5: 206, 6: 46, 7: 972, 8: 407}, 16: {0: 8, 1: 1164, 2: 1195, 3: 1, 4: 1214}, 17: {0: 2, 1: 114, 2: 26, 3: 490, 4: 6, 5: 224, 6: 207, 7: 1283, 8: 116, 9: 2758}, 18: {0: 178, 1: 44, 2: 417, 3: 64, 4: 122, 5: 35, 6: 57, 7: 286, 8: 2605}, 19: {0: 22, 1: 217, 2: 6, 3: 1649, 4: 468, 5: 288, 6: 18, 7: 310, 8: 23}}", "loading time": 61, "local_train_accs": [0.9990574929311969, 1.0, 0.9943465247755238, 1.0, 1.0, 1.0, 0.9874048037492678, 1.0, 1.0, 0.9959448499594485, 1.0, 0.99968, 0.9988425925925926, 0.9940042826552462, 1.0, 1.0, 0.996929089893914, 0.9933027171833142, 1.0, 0.996001332889037], "local_test_accs": [0.6999, 0.5416, 0.6679, 0.7338, 0.7794, 0.3109, 0.5107, 0.8292, 0.678, 0.8073, 0.5836, 0.7205, 0.7227, 0.7736, 0.3127, 0.7629, 0.3926, 0.7172, 0.7929, 0.6872], "Uniform ensemble (Train acc)": 0.9023833333333333, "Uniform ensemble (Test acc)": 0.8976, "FedAvg (Train acc)": 0.11188333333333333, "FedAvg (Test acc)": 0.1112, "pdm_KL_reg 0": {"Best Result": {"Best Sigma0": 0.5, "Best sigma": 1, "Best gamma": 10, "Best Test accuracy": 0.8431, "Train acc": 0.8463833333333334}, "PDM log": "{(0.5, 1, 10): {'shapes': [(784, 357), (357,), (357, 10), (10,)], 'train_accuracy': 0.8463833333333334, 'test_accuracy': 0.8431}}", "timing": 143}, "pdm_KL_reg 0.001": {"Best Result": {"Best Sigma0": 0.5, "Best sigma": 1, "Best gamma": 10, "Best Test accuracy": 0.8459, "Train acc": 0.8487166666666667}, "PDM log": "{(0.5, 1, 10): {'shapes': [(784, 351), (351,), (351, 10), (10,)], 'train_accuracy': 0.8487166666666667, 'test_accuracy': 0.8459}}", "timing": 240}, "pdm_KL_reg 0.005": {"Best Result": {"Best Sigma0": 0.5, "Best sigma": 1, "Best gamma": 10, "Best Test accuracy": 0.8469, "Train acc": 0.8494833333333334}, "PDM log": "{(0.5, 1, 10): {'shapes': [(784, 351), (351,), (351, 10), (10,)], 'train_accuracy': 0.8494833333333334, 'test_accuracy': 0.8469}}", "timing": 257}, "pdm_KL_reg 0.01": {"Best Result": {"Best Sigma0": 0.5, "Best sigma": 1, "Best gamma": 10, "Best Test accuracy": 0.8467, "Train acc": 0.8489333333333333}, "PDM log": "{(0.5, 1, 10): {'shapes': [(784, 346), (346,), (346, 10), (10,)], 'train_accuracy': 0.8489333333333333, 'test_accuracy': 0.8467}}", "timing": 267}, "pdm_KL_reg 0.05": {"Best Result": {"Best Sigma0": 0.5, "Best sigma": 1, "Best gamma": 10, "Best Test accuracy": 0.8482, "Train acc": 0.8504333333333334}, "PDM log": "{(0.5, 1, 10): {'shapes': [(784, 357), (357,), (357, 10), (10,)], 'train_accuracy': 0.8504333333333334, 'test_accuracy': 0.8482}}", "timing": 296}, "pdm_KL_reg 0.1": {"Best Result": {"Best Sigma0": 0.5, "Best sigma": 1, "Best gamma": 10, "Best Test accuracy": 0.846, "Train acc": 0.8490833333333333}, "PDM log": "{(0.5, 1, 10): {'shapes': [(784, 358), (358,), (358, 10), (10,)], 'train_accuracy': 0.8490833333333333, 'test_accuracy': 0.846}}", "timing": 297}, "pdm_KL_reg 0.5": {"Best Result": {"Best Sigma0": 0.5, "Best sigma": 1, "Best gamma": 10, "Best Test accuracy": 0.8466, "Train acc": 0.8487166666666667}, "PDM log": "{(0.5, 1, 10): {'shapes': [(784, 430), (430,), (430, 10), (10,)], 'train_accuracy': 0.8487166666666667, 'test_accuracy': 0.8466}}", "timing": 357}, "pdm_KL_reg 1": {"Best Result": {"Best Sigma0": 0.5, "Best sigma": 1, "Best gamma": 10, "Best Test accuracy": 0.8474, "Train acc": 0.8498833333333333}, "PDM log": "{(0.5, 1, 10): {'shapes': [(784, 428), (428,), (428, 10), (10,)], 'train_accuracy': 0.8498833333333333, 'test_accuracy': 0.8474}}", "timing": 441}, "pdm_KL_reg 2": {"Best Result": {"Best Sigma0": 0.5, "Best sigma": 1, "Best gamma": 10, "Best Test accuracy": 0.8391, "Train acc": 0.8378}, "PDM log": "{(0.5, 1, 10): {'shapes': [(784, 317), (317,), (317, 10), (10,)], 'train_accuracy': 0.8378, 'test_accuracy': 0.8391}}", "timing": 348}, "pdm_KL_reg 5": {"Best Result": {"Best Sigma0": 0.5, "Best sigma": 1, "Best gamma": 10, "Best Test accuracy": 0.0892, "Train acc": 0.09035}, "PDM log": "{(0.5, 1, 10): {'shapes': [(784, 157), (157,), (157, 10), (10,)], 'train_accuracy': 0.09035, 'test_accuracy': 0.0892}}", "timing": 121}, "pdm_KL_reg 10": {"Best Result": {"Best Sigma0": 0.5, "Best sigma": 1, "Best gamma": 10, "Best Test accuracy": 0.0892, "Train acc": 0.09035}, "PDM log": "{(0.5, 1, 10): {'shapes': [(784, 176), (176,), (176, 10), (10,)], 'train_accuracy': 0.09035, 'test_accuracy': 0.0892}}", "timing": 156}, "best_reg": 0.05}