{"seed": 5, "Data statistics": "{0: {0: 160, 1: 191, 2: 2146, 3: 460, 5: 1, 6: 98, 7: 491, 8: 455, 9: 624}, 1: {0: 26, 1: 1554, 2: 97, 3: 112, 4: 906, 5: 998, 6: 109, 7: 1910}, 2: {0: 329, 1: 8, 2: 65, 3: 34, 4: 1651, 5: 55, 6: 1842, 7: 465, 8: 2, 9: 15}, 3: {0: 1828, 1: 177, 2: 821, 3: 523, 4: 165, 5: 304, 6: 1230}, 4: {0: 29, 1: 76, 2: 1207, 3: 188, 4: 164, 5: 234, 6: 100, 7: 11, 8: 2266, 9: 1034}, 5: {0: 42, 1: 358, 2: 148, 3: 1909, 4: 121, 5: 105, 6: 985, 7: 503, 8: 466, 9: 2717}, 6: {0: 1553, 1: 12, 2: 282, 3: 1, 4: 1311, 5: 2405}, 7: {0: 795, 1: 736, 2: 8, 3: 7, 4: 150, 5: 523, 6: 216, 7: 1253, 8: 507, 9: 374}, 8: {0: 44, 1: 347, 2: 76, 3: 1581, 4: 14, 5: 360, 6: 22, 7: 103, 8: 1303, 9: 19}, 9: {0: 194, 1: 1541, 2: 150, 3: 185, 4: 518, 5: 15, 6: 398, 7: 264, 8: 1, 9: 217}}", "loading time": 52, "local_train_accs": [0.5129701686121919, 0.5399159663865546, 0.5653828929690998, 0.5400158478605388, 0.6315690337163308, 0.5365787326624966, 0.6993170381020848, 0.45239658568614577, 0.6637373998449212, 0.5314384151593454], "local_test_accs": [0.1775, 0.1875, 0.2027, 0.1892, 0.1906, 0.2062, 0.1977, 0.215, 0.1731, 0.1904], "Uniform ensemble (Train acc)": 0.35314, "Uniform ensemble (Test acc)": 0.344, "FedAvg (Train acc)": 0.1, "FedAvg (Test acc)": 0.1, "pdm_KL_reg 0": {"Best Result": {"Best Sigma0": 10, "Best sigma": 1, "Best gamma": 50, "Best Test accuracy": 0.1853, "Train acc": 0.18464}, "PDM log": "{(10, 1, 50): {'shapes': [(3072, 700), (700,), (700, 217), (217,), (217, 10), (10,)], 'train_accuracy': 0.18464, 'test_accuracy': 0.1853}}", "timing": 335}, "pdm_KL_reg 0.001": {"Best Result": {"Best Sigma0": 10, "Best sigma": 1, "Best gamma": 50, "Best Test accuracy": 0.1805, "Train acc": 0.17956}, "PDM log": "{(10, 1, 50): {'shapes': [(3072, 700), (700,), (700, 217), (217,), (217, 10), (10,)], 'train_accuracy': 0.17956, 'test_accuracy': 0.1805}}", "timing": 876}, "pdm_KL_reg 0.005": {"Best Result": {"Best Sigma0": 10, "Best sigma": 1, "Best gamma": 50, "Best Test accuracy": 0.1821, "Train acc": 0.18088}, "PDM log": "{(10, 1, 50): {'shapes': [(3072, 700), (700,), (700, 217), (217,), (217, 10), (10,)], 'train_accuracy': 0.18088, 'test_accuracy': 0.1821}}", "timing": 952}, "pdm_KL_reg 0.01": {"Best Result": {"Best Sigma0": 10, "Best sigma": 1, "Best gamma": 50, "Best Test accuracy": 0.1689, "Train acc": 0.17142}, "PDM log": "{(10, 1, 50): {'shapes': [(3072, 700), (700,), (700, 217), (217,), (217, 10), (10,)], 'train_accuracy': 0.17142, 'test_accuracy': 0.1689}}", "timing": 930}, "pdm_KL_reg 0.05": {"Best Result": {"Best Sigma0": 10, "Best sigma": 1, "Best gamma": 50, "Best Test accuracy": 0.1789, "Train acc": 0.17904}, "PDM log": "{(10, 1, 50): {'shapes': [(3072, 700), (700,), (700, 226), (226,), (226, 10), (10,)], 'train_accuracy': 0.17904, 'test_accuracy': 0.1789}}", "timing": 1007}, "pdm_KL_reg 0.1": {"Best Result": {"Best Sigma0": 10, "Best sigma": 1, "Best gamma": 50, "Best Test accuracy": 0.1675, "Train acc": 0.17084}, "PDM log": "{(10, 1, 50): {'shapes': [(3072, 700), (700,), (700, 226), (226,), (226, 10), (10,)], 'train_accuracy': 0.17084, 'test_accuracy': 0.1675}}", "timing": 877}, "pdm_KL_reg 0.5": {"Best Result": {"Best Sigma0": 10, "Best sigma": 1, "Best gamma": 50, "Best Test accuracy": 0.1731, "Train acc": 0.17568}, "PDM log": "{(10, 1, 50): {'shapes': [(3072, 700), (700,), (700, 235), (235,), (235, 10), (10,)], 'train_accuracy': 0.17568, 'test_accuracy': 0.1731}}", "timing": 918}, "pdm_KL_reg 1": {"Best Result": {"Best Sigma0": 10, "Best sigma": 1, "Best gamma": 50, "Best Test accuracy": 0.1703, "Train acc": 0.17284}, "PDM log": "{(10, 1, 50): {'shapes': [(3072, 568), (568,), (568, 235), (235,), (235, 10), (10,)], 'train_accuracy': 0.17284, 'test_accuracy': 0.1703}}", "timing": 985}, "pdm_KL_reg 2": {"Best Result": {"Best Sigma0": 10, "Best sigma": 1, "Best gamma": 50, "Best Test accuracy": 0.1, "Train acc": 0.1}, "PDM log": "{(10, 1, 50): {'shapes': [(3072, 116), (116,), (116, 217), (217,), (217, 10), (10,)], 'train_accuracy': 0.1, 'test_accuracy': 0.1}}", "timing": 145}, "pdm_KL_reg 5": {"Best Result": {"Best Sigma0": 10, "Best sigma": 1, "Best gamma": 50, "Best Test accuracy": 0.1, "Train acc": 0.1}, "PDM log": "{(10, 1, 50): {'shapes': [(3072, 104), (104,), (104, 199), (199,), (199, 10), (10,)], 'train_accuracy': 0.1, 'test_accuracy': 0.1}}", "timing": 188}, "pdm_KL_reg 10": {"Best Result": {"Best Sigma0": 10, "Best sigma": 1, "Best gamma": 50, "Best Test accuracy": 0.1, "Train acc": 0.1}, "PDM log": "{(10, 1, 50): {'shapes': [(3072, 102), (102,), (102, 181), (181,), (181, 10), (10,)], 'train_accuracy': 0.1, 'test_accuracy': 0.1}}", "timing": 222}, "best_reg": 0}