{"seed": 8, "Data statistics": "{0: {0: 524, 1: 168, 2: 259, 3: 1157, 4: 846, 5: 351, 6: 350, 7: 125, 8: 1521}, 1: {0: 10, 1: 1310, 2: 1614, 3: 90, 4: 8, 5: 214, 6: 861, 7: 1092}, 2: {0: 419, 1: 407, 2: 225, 3: 92, 4: 239, 5: 194, 6: 1031, 7: 439, 8: 285, 9: 15}, 3: {0: 28, 1: 306, 2: 33, 3: 771, 4: 66, 5: 275, 6: 140, 7: 431, 8: 14, 9: 3014}, 4: {0: 21, 1: 95, 2: 123, 3: 552, 5: 857, 6: 67, 7: 1578, 8: 108, 9: 1722}, 5: {0: 56, 1: 317, 2: 1458, 3: 2, 4: 205, 5: 2189, 6: 1243}, 6: {0: 167, 1: 198, 2: 701, 3: 793, 4: 735, 5: 779, 6: 196, 7: 139, 8: 3050}, 7: {0: 3355, 1: 1713}, 8: {0: 395, 1: 94, 2: 284, 3: 1438, 4: 88, 5: 140, 7: 515, 8: 21, 9: 249}, 9: {0: 25, 1: 392, 2: 303, 3: 105, 4: 2813, 5: 1, 6: 1112, 7: 681, 8: 1}}", "loading time": 37, "local_train_accs": [0.49613280513110736, 0.5150990575110598, 0.44261805140466226, 0.6608901142181961, 0.5838375951590865, 0.56654478976234, 0.5364013021604025, 0.8168902920284136, 0.4705334987593052, 0.590097551997055], "local_test_accs": [0.2038, 0.1952, 0.2331, 0.1799, 0.2029, 0.2071, 0.195, 0.1663, 0.156, 0.1753], "Uniform ensemble (Train acc)": 0.30832, "Uniform ensemble (Test acc)": 0.3127, "FedAvg (Train acc)": 0.1, "FedAvg (Test acc)": 0.1, "pdm_KL_reg 0": {"Best Result": {"Best Sigma0": 10, "Best sigma": 1, "Best gamma": 50, "Best Test accuracy": 0.1836, "Train acc": 0.18332}, "PDM log": "{(10, 1, 50): {'shapes': [(3072, 700), (700,), (700, 214), (214,), (214, 10), (10,)], 'train_accuracy': 0.18332, 'test_accuracy': 0.1836}}", "timing": 523}, "pdm_KL_reg 0.001": {"Best Result": {"Best Sigma0": 10, "Best sigma": 1, "Best gamma": 50, "Best Test accuracy": 0.1814, "Train acc": 0.18266}, "PDM log": "{(10, 1, 50): {'shapes': [(3072, 700), (700,), (700, 214), (214,), (214, 10), (10,)], 'train_accuracy': 0.18266, 'test_accuracy': 0.1814}}", "timing": 900}, "pdm_KL_reg 0.005": {"Best Result": {"Best Sigma0": 10, "Best sigma": 1, "Best gamma": 50, "Best Test accuracy": 0.1689, "Train acc": 0.16862}, "PDM log": "{(10, 1, 50): {'shapes': [(3072, 700), (700,), (700, 214), (214,), (214, 10), (10,)], 'train_accuracy': 0.16862, 'test_accuracy': 0.1689}}", "timing": 884}, "pdm_KL_reg 0.01": {"Best Result": {"Best Sigma0": 10, "Best sigma": 1, "Best gamma": 50, "Best Test accuracy": 0.177, "Train acc": 0.17588}, "PDM log": "{(10, 1, 50): {'shapes': [(3072, 700), (700,), (700, 214), (214,), (214, 10), (10,)], 'train_accuracy': 0.17588, 'test_accuracy': 0.177}}", "timing": 1120}, "pdm_KL_reg 0.05": {"Best Result": {"Best Sigma0": 10, "Best sigma": 1, "Best gamma": 50, "Best Test accuracy": 0.1793, "Train acc": 0.17738}, "PDM log": "{(10, 1, 50): {'shapes': [(3072, 700), (700,), (700, 214), (214,), (214, 10), (10,)], 'train_accuracy': 0.17738, 'test_accuracy': 0.1793}}", "timing": 909}, "pdm_KL_reg 0.1": {"Best Result": {"Best Sigma0": 10, "Best sigma": 1, "Best gamma": 50, "Best Test accuracy": 0.1845, "Train acc": 0.18284}, "PDM log": "{(10, 1, 50): {'shapes': [(3072, 700), (700,), (700, 214), (214,), (214, 10), (10,)], 'train_accuracy': 0.18284, 'test_accuracy': 0.1845}}", "timing": 829}, "pdm_KL_reg 0.5": {"Best Result": {"Best Sigma0": 10, "Best sigma": 1, "Best gamma": 50, "Best Test accuracy": 0.1911, "Train acc": 0.19244}, "PDM log": "{(10, 1, 50): {'shapes': [(3072, 700), (700,), (700, 235), (235,), (235, 10), (10,)], 'train_accuracy': 0.19244, 'test_accuracy': 0.1911}}", "timing": 1005}, "pdm_KL_reg 1": {"Best Result": {"Best Sigma0": 10, "Best sigma": 1, "Best gamma": 50, "Best Test accuracy": 0.1852, "Train acc": 0.18684}, "PDM log": "{(10, 1, 50): {'shapes': [(3072, 568), (568,), (568, 235), (235,), (235, 10), (10,)], 'train_accuracy': 0.18684, 'test_accuracy': 0.1852}}", "timing": 636}, "pdm_KL_reg 2": {"Best Result": {"Best Sigma0": 10, "Best sigma": 1, "Best gamma": 50, "Best Test accuracy": 0.1, "Train acc": 0.1}, "PDM log": "{(10, 1, 50): {'shapes': [(3072, 118), (118,), (118, 217), (217,), (217, 10), (10,)], 'train_accuracy': 0.1, 'test_accuracy': 0.1}}", "timing": 236}, "pdm_KL_reg 5": {"Best Result": {"Best Sigma0": 10, "Best sigma": 1, "Best gamma": 50, "Best Test accuracy": 0.1, "Train acc": 0.1}, "PDM log": "{(10, 1, 50): {'shapes': [(3072, 107), (107,), (107, 199), (199,), (199, 10), (10,)], 'train_accuracy': 0.1, 'test_accuracy': 0.1}}", "timing": 210}, "pdm_KL_reg 10": {"Best Result": {"Best Sigma0": 10, "Best sigma": 1, "Best gamma": 50, "Best Test accuracy": 0.1, "Train acc": 0.1}, "PDM log": "{(10, 1, 50): {'shapes': [(3072, 102), (102,), (102, 172), (172,), (172, 10), (10,)], 'train_accuracy': 0.1, 'test_accuracy': 0.1}}", "timing": 130}, "best_reg": 0.5}