{"seed": 6, "Data statistics": "{0: {0: 193, 1: 210, 3: 460, 4: 26, 5: 5, 6: 126, 7: 49, 8: 874, 9: 332}, 1: {0: 1769, 1: 168, 2: 620, 3: 158, 4: 2341}, 2: {0: 346, 1: 931, 2: 26, 3: 64, 4: 636, 5: 23, 6: 462, 7: 144, 8: 1123, 9: 3145}, 3: {0: 126, 1: 415, 2: 75, 3: 2, 4: 736, 5: 57, 6: 327, 7: 3568}, 4: {1: 503, 2: 2042, 3: 114, 4: 84, 5: 81, 6: 1902, 7: 282}, 5: {0: 1, 1: 1891, 2: 88, 3: 53, 4: 33, 5: 2056, 6: 159, 7: 13, 8: 1196}, 6: {0: 1958, 1: 90, 2: 196, 3: 739, 4: 670, 5: 89, 6: 25, 7: 71, 8: 1494}, 7: {0: 147, 1: 44, 2: 165, 3: 2558, 4: 99, 5: 1075, 6: 1979}, 8: {0: 453, 1: 735, 2: 111, 3: 484, 4: 164, 5: 1328, 6: 16, 7: 565, 8: 300, 9: 1430}, 9: {0: 7, 1: 13, 2: 1677, 3: 368, 4: 211, 5: 286, 6: 4, 7: 308, 8: 13, 9: 93}}", "loading time": 37, "local_train_accs": [0.5551648351648352, 0.6910601265822784, 0.5595652173913044, 0.7233320768940822, 0.637779552715655, 0.7349726775956285, 0.4981245311327832, 0.5574418987967694, 0.42660221983530255, 0.5644295302013422], "local_test_accs": [0.206, 0.1658, 0.2037, 0.174, 0.1864, 0.2178, 0.1864, 0.1466, 0.177, 0.112], "Uniform ensemble (Train acc)": 0.34658, "Uniform ensemble (Test acc)": 0.338, "FedAvg (Train acc)": 0.1, "FedAvg (Test acc)": 0.1, "pdm_KL_reg 0": {"Best Result": {"Best Sigma0": 10, "Best sigma": 1, "Best gamma": 50, "Best Test accuracy": 0.2033, "Train acc": 0.19976}, "PDM log": "{(10, 1, 50): {'shapes': [(3072, 700), (700,), (700, 233), (233,), (233, 10), (10,)], 'train_accuracy': 0.19976, 'test_accuracy': 0.2033}}", "timing": 333}, "pdm_KL_reg 0.001": {"Best Result": {"Best Sigma0": 10, "Best sigma": 1, "Best gamma": 50, "Best Test accuracy": 0.2008, "Train acc": 0.19946}, "PDM log": "{(10, 1, 50): {'shapes': [(3072, 700), (700,), (700, 233), (233,), (233, 10), (10,)], 'train_accuracy': 0.19946, 'test_accuracy': 0.2008}}", "timing": 888}, "pdm_KL_reg 0.005": {"Best Result": {"Best Sigma0": 10, "Best sigma": 1, "Best gamma": 50, "Best Test accuracy": 0.2033, "Train acc": 0.19976}, "PDM log": "{(10, 1, 50): {'shapes': [(3072, 700), (700,), (700, 233), (233,), (233, 10), (10,)], 'train_accuracy': 0.19976, 'test_accuracy': 0.2033}}", "timing": 672}, "pdm_KL_reg 0.01": {"Best Result": {"Best Sigma0": 10, "Best sigma": 1, "Best gamma": 50, "Best Test accuracy": 0.1979, "Train acc": 0.19592}, "PDM log": "{(10, 1, 50): {'shapes': [(3072, 700), (700,), (700, 233), (233,), (233, 10), (10,)], 'train_accuracy': 0.19592, 'test_accuracy': 0.1979}}", "timing": 831}, "pdm_KL_reg 0.05": {"Best Result": {"Best Sigma0": 10, "Best sigma": 1, "Best gamma": 50, "Best Test accuracy": 0.2042, "Train acc": 0.20178}, "PDM log": "{(10, 1, 50): {'shapes': [(3072, 700), (700,), (700, 233), (233,), (233, 10), (10,)], 'train_accuracy': 0.20178, 'test_accuracy': 0.2042}}", "timing": 1008}, "pdm_KL_reg 0.1": {"Best Result": {"Best Sigma0": 10, "Best sigma": 1, "Best gamma": 50, "Best Test accuracy": 0.198, "Train acc": 0.19596}, "PDM log": "{(10, 1, 50): {'shapes': [(3072, 700), (700,), (700, 234), (234,), (234, 10), (10,)], 'train_accuracy': 0.19596, 'test_accuracy': 0.198}}", "timing": 878}, "pdm_KL_reg 0.5": {"Best Result": {"Best Sigma0": 10, "Best sigma": 1, "Best gamma": 50, "Best Test accuracy": 0.174, "Train acc": 0.1717}, "PDM log": "{(10, 1, 50): {'shapes': [(3072, 700), (700,), (700, 235), (235,), (235, 10), (10,)], 'train_accuracy': 0.1717, 'test_accuracy': 0.174}}", "timing": 903}, "pdm_KL_reg 1": {"Best Result": {"Best Sigma0": 10, "Best sigma": 1, "Best gamma": 50, "Best Test accuracy": 0.1734, "Train acc": 0.17128}, "PDM log": "{(10, 1, 50): {'shapes': [(3072, 550), (550,), (550, 235), (235,), (235, 10), (10,)], 'train_accuracy': 0.17128, 'test_accuracy': 0.1734}}", "timing": 995}, "pdm_KL_reg 2": {"Best Result": {"Best Sigma0": 10, "Best sigma": 1, "Best gamma": 50, "Best Test accuracy": 0.1, "Train acc": 0.1}, "PDM log": "{(10, 1, 50): {'shapes': [(3072, 117), (117,), (117, 217), (217,), (217, 10), (10,)], 'train_accuracy': 0.1, 'test_accuracy': 0.1}}", "timing": 156}, "pdm_KL_reg 5": {"Best Result": {"Best Sigma0": 10, "Best sigma": 1, "Best gamma": 50, "Best Test accuracy": 0.1, "Train acc": 0.1}, "PDM log": "{(10, 1, 50): {'shapes': [(3072, 104), (104,), (104, 199), (199,), (199, 10), (10,)], 'train_accuracy': 0.1, 'test_accuracy': 0.1}}", "timing": 203}, "pdm_KL_reg 10": {"Best Result": {"Best Sigma0": 10, "Best sigma": 1, "Best gamma": 50, "Best Test accuracy": 0.1, "Train acc": 0.1}, "PDM log": "{(10, 1, 50): {'shapes': [(3072, 100), (100,), (100, 172), (172,), (172, 10), (10,)], 'train_accuracy': 0.1, 'test_accuracy': 0.1}}", "timing": 298}, "best_reg": 0.05}