{"seed": 1, "Data statistics": "{0: {0: 64, 1: 306, 2: 78, 3: 575, 4: 153, 5: 1405, 6: 540, 7: 346, 8: 1359, 9: 1110}, 1: {0: 727, 1: 1165, 2: 328, 3: 541, 4: 88, 5: 2, 6: 289, 7: 5, 8: 96, 9: 963}, 2: {0: 97, 1: 6, 2: 449, 3: 1188, 4: 884, 5: 1983, 6: 1198}, 3: {0: 1155, 1: 249, 2: 41, 3: 844, 4: 1354, 5: 27, 6: 2, 7: 612, 8: 1013}, 4: {0: 11, 1: 434, 2: 412, 3: 239, 4: 1707, 5: 740, 6: 107, 7: 830, 8: 236, 9: 272}, 5: {0: 2048, 1: 1819, 2: 716, 3: 194, 4: 566}, 6: {0: 12, 1: 682, 2: 1563, 3: 2, 4: 108, 5: 36, 6: 1697, 7: 811, 8: 52, 9: 2532}, 7: {0: 381, 1: 270, 2: 1103, 3: 250, 4: 16, 5: 214, 6: 381, 7: 1715, 8: 828}, 8: {0: 231, 1: 5, 3: 617, 4: 123, 5: 326, 6: 2, 8: 664, 9: 12}, 9: {0: 274, 1: 64, 2: 310, 3: 550, 4: 1, 5: 267, 6: 784, 7: 681, 8: 752, 9: 111}}", "loading time": 23, "local_train_accs": [0.5119609164420486, 0.4291151284490961, 0.379328165374677, 0.5246365867472154, 0.3855252606255012, 0.6344750140370579, 0.5793195463642429, 0.483714618069019, 0.5348484848484848, 0.48550342646283606], "local_test_accs": [0.235, 0.2196, 0.1485, 0.2759, 0.1598, 0.2144, 0.2357, 0.1954, 0.1677, 0.2405], "Uniform ensemble (Train acc)": 0.34422, "Uniform ensemble (Test acc)": 0.3424, "FedAvg (Train acc)": 0.1, "FedAvg (Test acc)": 0.1, "pdm_KL_reg 0": {"Best Result": {"Best Sigma0": 10, "Best sigma": 1, "Best gamma": 50, "Best Test accuracy": 0.2088, "Train acc": 0.20562}, "PDM log": "{(10, 1, 50): {'shapes': [(3072, 700), (700,), (700, 217), (217,), (217, 10), (10,)], 'train_accuracy': 0.20562, 'test_accuracy': 0.2088}}", "timing": 495}, "pdm_KL_reg 0.001": {"Best Result": {"Best Sigma0": 10, "Best sigma": 1, "Best gamma": 50, "Best Test accuracy": 0.2029, "Train acc": 0.203}, "PDM log": "{(10, 1, 50): {'shapes': [(3072, 700), (700,), (700, 226), (226,), (226, 10), (10,)], 'train_accuracy': 0.203, 'test_accuracy': 0.2029}}", "timing": 831}, "pdm_KL_reg 0.005": {"Best Result": {"Best Sigma0": 10, "Best sigma": 1, "Best gamma": 50, "Best Test accuracy": 0.2165, "Train acc": 0.21328}, "PDM log": "{(10, 1, 50): {'shapes': [(3072, 700), (700,), (700, 226), (226,), (226, 10), (10,)], 'train_accuracy': 0.21328, 'test_accuracy': 0.2165}}", "timing": 816}, "pdm_KL_reg 0.01": {"Best Result": {"Best Sigma0": 10, "Best sigma": 1, "Best gamma": 50, "Best Test accuracy": 0.2036, "Train acc": 0.20342}, "PDM log": "{(10, 1, 50): {'shapes': [(3072, 700), (700,), (700, 226), (226,), (226, 10), (10,)], 'train_accuracy': 0.20342, 'test_accuracy': 0.2036}}", "timing": 745}, "pdm_KL_reg 0.05": {"Best Result": {"Best Sigma0": 10, "Best sigma": 1, "Best gamma": 50, "Best Test accuracy": 0.211, "Train acc": 0.20688}, "PDM log": "{(10, 1, 50): {'shapes': [(3072, 700), (700,), (700, 226), (226,), (226, 10), (10,)], 'train_accuracy': 0.20688, 'test_accuracy': 0.211}}", "timing": 778}, "pdm_KL_reg 0.1": {"Best Result": {"Best Sigma0": 10, "Best sigma": 1, "Best gamma": 50, "Best Test accuracy": 0.2173, "Train acc": 0.21506}, "PDM log": "{(10, 1, 50): {'shapes': [(3072, 700), (700,), (700, 226), (226,), (226, 10), (10,)], 'train_accuracy': 0.21506, 'test_accuracy': 0.2173}}", "timing": 880}, "pdm_KL_reg 0.5": {"Best Result": {"Best Sigma0": 10, "Best sigma": 1, "Best gamma": 50, "Best Test accuracy": 0.1973, "Train acc": 0.19864}, "PDM log": "{(10, 1, 50): {'shapes': [(3072, 700), (700,), (700, 235), (235,), (235, 10), (10,)], 'train_accuracy': 0.19864, 'test_accuracy': 0.1973}}", "timing": 1091}, "pdm_KL_reg 1": {"Best Result": {"Best Sigma0": 10, "Best sigma": 1, "Best gamma": 50, "Best Test accuracy": 0.1993, "Train acc": 0.20186}, "PDM log": "{(10, 1, 50): {'shapes': [(3072, 559), (559,), (559, 235), (235,), (235, 10), (10,)], 'train_accuracy': 0.20186, 'test_accuracy': 0.1993}}", "timing": 723}, "pdm_KL_reg 2": {"Best Result": {"Best Sigma0": 10, "Best sigma": 1, "Best gamma": 50, "Best Test accuracy": 0.1, "Train acc": 0.1}, "PDM log": "{(10, 1, 50): {'shapes': [(3072, 117), (117,), (117, 217), (217,), (217, 10), (10,)], 'train_accuracy': 0.1, 'test_accuracy': 0.1}}", "timing": 330}, "pdm_KL_reg 5": {"Best Result": {"Best Sigma0": 10, "Best sigma": 1, "Best gamma": 50, "Best Test accuracy": 0.1, "Train acc": 0.1}, "PDM log": "{(10, 1, 50): {'shapes': [(3072, 106), (106,), (106, 190), (190,), (190, 10), (10,)], 'train_accuracy': 0.1, 'test_accuracy': 0.1}}", "timing": 199}, "pdm_KL_reg 10": {"Best Result": {"Best Sigma0": 10, "Best sigma": 1, "Best gamma": 50, "Best Test accuracy": 0.1, "Train acc": 0.1}, "PDM log": "{(10, 1, 50): {'shapes': [(3072, 104), (104,), (104, 172), (172,), (172, 10), (10,)], 'train_accuracy': 0.1, 'test_accuracy': 0.1}}", "timing": 221}, "best_reg": 0.1}