{"seed": 5, "Data statistics": "{0: {0: 565, 1: 648, 2: 579, 3: 636, 4: 604, 5: 509, 6: 611, 7: 660, 8: 602, 9: 586}, 1: {0: 633, 1: 675, 2: 592, 3: 613, 4: 571, 5: 505, 6: 594, 7: 640, 8: 580, 9: 597}, 2: {0: 603, 1: 699, 2: 564, 3: 589, 4: 573, 5: 546, 6: 576, 7: 621, 8: 593, 9: 636}, 3: {0: 626, 1: 652, 2: 608, 3: 607, 4: 574, 5: 563, 6: 581, 7: 634, 8: 552, 9: 603}, 4: {0: 579, 1: 684, 2: 592, 3: 631, 4: 561, 5: 548, 6: 565, 7: 626, 8: 637, 9: 577}, 5: {0: 579, 1: 672, 2: 616, 3: 629, 4: 575, 5: 552, 6: 588, 7: 647, 8: 559, 9: 583}, 6: {0: 579, 1: 664, 2: 607, 3: 607, 4: 628, 5: 580, 6: 564, 7: 592, 8: 565, 9: 614}, 7: {0: 572, 1: 678, 2: 612, 3: 616, 4: 591, 5: 535, 6: 626, 7: 624, 8: 557, 9: 589}, 8: {0: 603, 1: 683, 2: 591, 3: 628, 4: 582, 5: 559, 6: 610, 7: 611, 8: 571, 9: 562}, 9: {0: 584, 1: 687, 2: 597, 3: 575, 4: 583, 5: 524, 6: 603, 7: 610, 8: 635, 9: 602}}", "loading time": 18, "local_train_accs": [0.969, 0.9711666666666666, 0.9503333333333334, 0.9753333333333334, 0.942, 0.9281666666666667, 0.9708333333333333, 0.962, 0.9613333333333334, 0.9571666666666667], "local_test_accs": [0.9325, 0.9331, 0.9182, 0.9377, 0.906, 0.9034, 0.9302, 0.9214, 0.9183, 0.924], "Uniform ensemble (Train acc)": 0.9609333333333333, "Uniform ensemble (Test acc)": 0.9586, "FedAvg (Train acc)": 0.09751666666666667, "FedAvg (Test acc)": 0.0974, "pdm_KL_reg 0": {"Best Result": {"Best Sigma0": 10, "Best sigma": 0.5, "Best gamma": 10, "Best Test accuracy": 0.9158, "Train acc": 0.9163}, "PDM log": "{(10, 0.5, 10): {'shapes': [(784, 700), (700,), (700, 640), (640,), (640, 468), (468,), (468, 347), (347,), (347, 280), (280,), (280, 127), (127,), (127, 10), (10,)], 'train_accuracy': 0.9163, 'test_accuracy': 0.9158}}", "timing": 520}, "pdm_KL_reg 0.001": {"Best Result": {"Best Sigma0": 10, "Best sigma": 0.5, "Best gamma": 10, "Best Test accuracy": 0.9325, "Train acc": 0.9347166666666666}, "PDM log": "{(10, 0.5, 10): {'shapes': [(784, 700), (700,), (700, 665), (665,), (665, 460), (460,), (460, 352), (352,), (352, 271), (271,), (271, 127), (127,), (127, 10), (10,)], 'train_accuracy': 0.9347166666666666, 'test_accuracy': 0.9325}}", "timing": 709}, "pdm_KL_reg 0.005": {"Best Result": {"Best Sigma0": 10, "Best sigma": 0.5, "Best gamma": 10, "Best Test accuracy": 0.9085, "Train acc": 0.9053833333333333}, "PDM log": "{(10, 0.5, 10): {'shapes': [(784, 700), (700,), (700, 658), (658,), (658, 457), (457,), (457, 359), (359,), (359, 278), (278,), (278, 127), (127,), (127, 10), (10,)], 'train_accuracy': 0.9053833333333333, 'test_accuracy': 0.9085}}", "timing": 1021}, "pdm_KL_reg 0.01": {"Best Result": {"Best Sigma0": 10, "Best sigma": 0.5, "Best gamma": 10, "Best Test accuracy": 0.9051, "Train acc": 0.90235}, "PDM log": "{(10, 0.5, 10): {'shapes': [(784, 700), (700,), (700, 658), (658,), (658, 459), (459,), (459, 342), (342,), (342, 279), (279,), (279, 127), (127,), (127, 10), (10,)], 'train_accuracy': 0.90235, 'test_accuracy': 0.9051}}", "timing": 979}, "pdm_KL_reg 0.05": {"Best Result": {"Best Sigma0": 10, "Best sigma": 0.5, "Best gamma": 10, "Best Test accuracy": 0.8955, "Train acc": 0.8898666666666667}, "PDM log": "{(10, 0.5, 10): {'shapes': [(784, 700), (700,), (700, 640), (640,), (640, 441), (441,), (441, 334), (334,), (334, 270), (270,), (270, 127), (127,), (127, 10), (10,)], 'train_accuracy': 0.8898666666666667, 'test_accuracy': 0.8955}}", "timing": 1033}, "pdm_KL_reg 0.1": {"Best Result": {"Best Sigma0": 10, "Best sigma": 0.5, "Best gamma": 10, "Best Test accuracy": 0.9121, "Train acc": 0.9119333333333334}, "PDM log": "{(10, 0.5, 10): {'shapes': [(784, 700), (700,), (700, 605), (605,), (605, 420), (420,), (420, 315), (315,), (315, 252), (252,), (252, 127), (127,), (127, 10), (10,)], 'train_accuracy': 0.9119333333333334, 'test_accuracy': 0.9121}}", "timing": 713}, "pdm_KL_reg 0.5": {"Best Result": {"Best Sigma0": 10, "Best sigma": 0.5, "Best gamma": 10, "Best Test accuracy": 0.5136, "Train acc": 0.5063}, "PDM log": "{(10, 0.5, 10): {'shapes': [(784, 700), (700,), (700, 349), (349,), (349, 235), (235,), (235, 199), (199,), (199, 188), (188,), (188, 127), (127,), (127, 10), (10,)], 'train_accuracy': 0.5063, 'test_accuracy': 0.5136}}", "timing": 460}, "pdm_KL_reg 1": {"Best Result": {"Best Sigma0": 10, "Best sigma": 0.5, "Best gamma": 10, "Best Test accuracy": 0.1318, "Train acc": 0.1317}, "PDM log": "{(10, 0.5, 10): {'shapes': [(784, 478), (478,), (478, 145), (145,), (145, 136), (136,), (136, 136), (136,), (136, 136), (136,), (136, 127), (127,), (127, 10), (10,)], 'train_accuracy': 0.1317, 'test_accuracy': 0.1318}}", "timing": 341}, "pdm_KL_reg 2": {"Best Result": {"Best Sigma0": 10, "Best sigma": 0.5, "Best gamma": 10, "Best Test accuracy": 0.0974, "Train acc": 0.09751666666666667}, "PDM log": "{(10, 0.5, 10): {'shapes': [(784, 100), (100,), (100, 109), (109,), (109, 109), (109,), (109, 109), (109,), (109, 109), (109,), (109, 118), (118,), (118, 10), (10,)], 'train_accuracy': 0.09751666666666667, 'test_accuracy': 0.0974}}", "timing": 82}, "pdm_KL_reg 5": {"Best Result": {"Best Sigma0": 10, "Best sigma": 0.5, "Best gamma": 10, "Best Test accuracy": 0.0974, "Train acc": 0.09751666666666667}, "PDM log": "{(10, 0.5, 10): {'shapes': [(784, 100), (100,), (100, 100), (100,), (100, 100), (100,), (100, 100), (100,), (100, 100), (100,), (100, 109), (109,), (109, 10), (10,)], 'train_accuracy': 0.09751666666666667, 'test_accuracy': 0.0974}}", "timing": 80}, "pdm_KL_reg 10": {"Best Result": {"Best Sigma0": 10, "Best sigma": 0.5, "Best gamma": 10, "Best Test accuracy": 0.0974, "Train acc": 0.09751666666666667}, "PDM log": "{(10, 0.5, 10): {'shapes': [(784, 100), (100,), (100, 100), (100,), (100, 100), (100,), (100, 100), (100,), (100, 100), (100,), (100, 109), (109,), (109, 10), (10,)], 'train_accuracy': 0.09751666666666667, 'test_accuracy': 0.0974}}", "timing": 89}, "best_reg": 0.001}