{"seed": 0, "Data statistics": "{0: {0: 605, 1: 688, 2: 586, 3: 583, 4: 565, 5: 518, 6: 631, 7: 625, 8: 584, 9: 615}, 1: {0: 600, 1: 691, 2: 580, 3: 625, 4: 588, 5: 557, 6: 559, 7: 603, 8: 607, 9: 590}, 2: {0: 607, 1: 691, 2: 583, 3: 639, 4: 577, 5: 516, 6: 571, 7: 641, 8: 596, 9: 579}, 3: {0: 605, 1: 642, 2: 610, 3: 580, 4: 590, 5: 565, 6: 572, 7: 632, 8: 591, 9: 613}, 4: {0: 578, 1: 653, 2: 600, 3: 593, 4: 627, 5: 556, 6: 629, 7: 608, 8: 581, 9: 575}, 5: {0: 596, 1: 690, 2: 594, 3: 650, 4: 589, 5: 539, 6: 547, 7: 612, 8: 568, 9: 615}, 6: {0: 598, 1: 645, 2: 614, 3: 624, 4: 572, 5: 556, 6: 605, 7: 605, 8: 601, 9: 580}, 7: {0: 544, 1: 682, 2: 604, 3: 591, 4: 605, 5: 562, 6: 601, 7: 694, 8: 525, 9: 592}, 8: {0: 564, 1: 665, 2: 608, 3: 647, 4: 566, 5: 520, 6: 615, 7: 613, 8: 594, 9: 608}, 9: {0: 626, 1: 695, 2: 579, 3: 599, 4: 563, 5: 532, 6: 588, 7: 632, 8: 604, 9: 582}}", "loading time": 34, "local_train_accs": [0.9338333333333333, 0.9676666666666667, 0.9575, 0.9541666666666667, 0.9606666666666667, 0.9393333333333334, 0.9741666666666666, 0.9683333333333334, 0.9528333333333333, 0.9658333333333333], "local_test_accs": [0.8985, 0.9303, 0.9211, 0.921, 0.9247, 0.9024, 0.9388, 0.9325, 0.9201, 0.9296], "Uniform ensemble (Train acc)": 0.9616666666666667, "Uniform ensemble (Test acc)": 0.9589, "FedAvg (Train acc)": 0.09751666666666667, "FedAvg (Test acc)": 0.0974, "pdm_KL_reg 0": {"Best Result": {"Best Sigma0": 10, "Best sigma": 0.5, "Best gamma": 10, "Best Test accuracy": 0.7941, "Train acc": 0.79655}, "PDM log": "{(10, 0.5, 10): {'shapes': [(784, 700), (700,), (700, 695), (695,), (695, 505), (505,), (505, 376), (376,), (376, 284), (284,), (284, 128), (128,), (128, 10), (10,)], 'train_accuracy': 0.79655, 'test_accuracy': 0.7941}}", "timing": 981}, "pdm_KL_reg 0.001": {"Best Result": {"Best Sigma0": 10, "Best sigma": 0.5, "Best gamma": 10, "Best Test accuracy": 0.9189, "Train acc": 0.9201833333333334}, "PDM log": "{(10, 0.5, 10): {'shapes': [(784, 700), (700,), (700, 693), (693,), (693, 513), (513,), (513, 378), (378,), (378, 286), (286,), (286, 128), (128,), (128, 10), (10,)], 'train_accuracy': 0.9201833333333334, 'test_accuracy': 0.9189}}", "timing": 1917}, "pdm_KL_reg 0.005": {"Best Result": {"Best Sigma0": 10, "Best sigma": 0.5, "Best gamma": 10, "Best Test accuracy": 0.9249, "Train acc": 0.92685}, "PDM log": "{(10, 0.5, 10): {'shapes': [(784, 700), (700,), (700, 694), (694,), (694, 504), (504,), (504, 370), (370,), (370, 285), (285,), (285, 128), (128,), (128, 10), (10,)], 'train_accuracy': 0.92685, 'test_accuracy': 0.9249}}", "timing": 1674}, "pdm_KL_reg 0.01": {"Best Result": {"Best Sigma0": 10, "Best sigma": 0.5, "Best gamma": 10, "Best Test accuracy": 0.8471, "Train acc": 0.8473166666666667}, "PDM log": "{(10, 0.5, 10): {'shapes': [(784, 700), (700,), (700, 697), (697,), (697, 514), (514,), (514, 378), (378,), (378, 279), (279,), (279, 128), (128,), (128, 10), (10,)], 'train_accuracy': 0.8473166666666667, 'test_accuracy': 0.8471}}", "timing": 1775}, "pdm_KL_reg 0.05": {"Best Result": {"Best Sigma0": 10, "Best sigma": 0.5, "Best gamma": 10, "Best Test accuracy": 0.6875, "Train acc": 0.6831333333333334}, "PDM log": "{(10, 0.5, 10): {'shapes': [(784, 700), (700,), (700, 682), (682,), (682, 486), (486,), (486, 359), (359,), (359, 269), (269,), (269, 128), (128,), (128, 10), (10,)], 'train_accuracy': 0.6831333333333334, 'test_accuracy': 0.6875}}", "timing": 1567}, "pdm_KL_reg 0.1": {"Best Result": {"Best Sigma0": 10, "Best sigma": 0.5, "Best gamma": 10, "Best Test accuracy": 0.9031, "Train acc": 0.9046833333333333}, "PDM log": "{(10, 0.5, 10): {'shapes': [(784, 700), (700,), (700, 675), (675,), (675, 458), (458,), (458, 343), (343,), (343, 260), (260,), (260, 127), (127,), (127, 10), (10,)], 'train_accuracy': 0.9046833333333333, 'test_accuracy': 0.9031}}", "timing": 1435}, "pdm_KL_reg 0.5": {"Best Result": {"Best Sigma0": 10, "Best sigma": 0.5, "Best gamma": 10, "Best Test accuracy": 0.6686, "Train acc": 0.6662333333333333}, "PDM log": "{(10, 0.5, 10): {'shapes': [(784, 700), (700,), (700, 374), (374,), (374, 244), (244,), (244, 217), (217,), (217, 181), (181,), (181, 127), (127,), (127, 10), (10,)], 'train_accuracy': 0.6662333333333333, 'test_accuracy': 0.6686}}", "timing": 956}, "pdm_KL_reg 1": {"Best Result": {"Best Sigma0": 10, "Best sigma": 0.5, "Best gamma": 10, "Best Test accuracy": 0.1404, "Train acc": 0.14431666666666668}, "PDM log": "{(10, 0.5, 10): {'shapes': [(784, 568), (568,), (568, 145), (145,), (145, 136), (136,), (136, 136), (136,), (136, 136), (136,), (136, 127), (127,), (127, 10), (10,)], 'train_accuracy': 0.14431666666666668, 'test_accuracy': 0.1404}}", "timing": 819}, "pdm_KL_reg 2": {"Best Result": {"Best Sigma0": 10, "Best sigma": 0.5, "Best gamma": 10, "Best Test accuracy": 0.0974, "Train acc": 0.09751666666666667}, "PDM log": "{(10, 0.5, 10): {'shapes': [(784, 100), (100,), (100, 109), (109,), (109, 109), (109,), (109, 109), (109,), (109, 109), (109,), (109, 118), (118,), (118, 10), (10,)], 'train_accuracy': 0.09751666666666667, 'test_accuracy': 0.0974}}", "timing": 338}, "pdm_KL_reg 5": {"Best Result": {"Best Sigma0": 10, "Best sigma": 0.5, "Best gamma": 10, "Best Test accuracy": 0.0974, "Train acc": 0.09751666666666667}, "PDM log": "{(10, 0.5, 10): {'shapes': [(784, 100), (100,), (100, 100), (100,), (100, 100), (100,), (100, 100), (100,), (100, 100), (100,), (100, 109), (109,), (109, 10), (10,)], 'train_accuracy': 0.09751666666666667, 'test_accuracy': 0.0974}}", "timing": 238}, "pdm_KL_reg 10": {"Best Result": {"Best Sigma0": 10, "Best sigma": 0.5, "Best gamma": 10, "Best Test accuracy": 0.0974, "Train acc": 0.09751666666666667}, "PDM log": "{(10, 0.5, 10): {'shapes': [(784, 100), (100,), (100, 100), (100,), (100, 100), (100,), (100, 100), (100,), (100, 100), (100,), (100, 109), (109,), (109, 10), (10,)], 'train_accuracy': 0.09751666666666667, 'test_accuracy': 0.0974}}", "timing": 340}, "best_reg": 0.005}