{"seed": 3, "Data statistics": "{0: {0: 578, 1: 726, 2: 611, 3: 606, 4: 571, 5: 535, 6: 562, 7: 646, 8: 594, 9: 571}, 1: {0: 600, 1: 656, 2: 590, 3: 593, 4: 586, 5: 569, 6: 596, 7: 639, 8: 573, 9: 598}, 2: {0: 557, 1: 671, 2: 594, 3: 628, 4: 595, 5: 530, 6: 564, 7: 644, 8: 612, 9: 605}, 3: {0: 574, 1: 669, 2: 615, 3: 645, 4: 595, 5: 523, 6: 579, 7: 577, 8: 600, 9: 623}, 4: {0: 574, 1: 677, 2: 571, 3: 636, 4: 600, 5: 539, 6: 608, 7: 623, 8: 579, 9: 593}, 5: {0: 585, 1: 682, 2: 619, 3: 631, 4: 587, 5: 524, 6: 591, 7: 599, 8: 553, 9: 629}, 6: {0: 626, 1: 693, 2: 582, 3: 595, 4: 568, 5: 563, 6: 605, 7: 618, 8: 588, 9: 562}, 7: {0: 613, 1: 663, 2: 592, 3: 590, 4: 550, 5: 521, 6: 600, 7: 660, 8: 615, 9: 596}, 8: {0: 624, 1: 689, 2: 589, 3: 620, 4: 567, 5: 570, 6: 575, 7: 618, 8: 563, 9: 585}, 9: {0: 592, 1: 616, 2: 595, 3: 587, 4: 623, 5: 547, 6: 638, 7: 641, 8: 574, 9: 587}}", "loading time": 60, "local_train_accs": [0.964, 0.9336666666666666, 0.9623333333333334, 0.952, 0.8698333333333333, 0.961, 0.9678333333333333, 0.965, 0.9696666666666667, 0.9681666666666666], "local_test_accs": [0.9277, 0.8978, 0.9212, 0.9267, 0.8383, 0.9207, 0.9318, 0.9291, 0.9327, 0.9311], "Uniform ensemble (Train acc)": 0.9597166666666667, "Uniform ensemble (Test acc)": 0.9579, "FedAvg (Train acc)": 0.09751666666666667, "FedAvg (Test acc)": 0.0974, "pdm_KL_reg 0": {"Best Result": {"Best Sigma0": 10, "Best sigma": 0.5, "Best gamma": 10, "Best Test accuracy": 0.9445, "Train acc": 0.9483333333333334}, "PDM log": "{(10, 0.5, 10): {'shapes': [(784, 700), (700,), (700, 656), (656,), (656, 493), (493,), (493, 377), (377,), (377, 297), (297,), (297, 127), (127,), (127, 10), (10,)], 'train_accuracy': 0.9483333333333334, 'test_accuracy': 0.9445}}", "timing": 1234}, "pdm_KL_reg 0.001": {"Best Result": {"Best Sigma0": 10, "Best sigma": 0.5, "Best gamma": 10, "Best Test accuracy": 0.9072, "Train acc": 0.90725}, "PDM log": "{(10, 0.5, 10): {'shapes': [(784, 700), (700,), (700, 649), (649,), (649, 495), (495,), (495, 377), (377,), (377, 277), (277,), (277, 127), (127,), (127, 10), (10,)], 'train_accuracy': 0.90725, 'test_accuracy': 0.9072}}", "timing": 1696}, "pdm_KL_reg 0.005": {"Best Result": {"Best Sigma0": 10, "Best sigma": 0.5, "Best gamma": 10, "Best Test accuracy": 0.9189, "Train acc": 0.9195833333333333}, "PDM log": "{(10, 0.5, 10): {'shapes': [(784, 700), (700,), (700, 656), (656,), (656, 484), (484,), (484, 364), (364,), (364, 271), (271,), (271, 125), (125,), (125, 10), (10,)], 'train_accuracy': 0.9195833333333333, 'test_accuracy': 0.9189}}", "timing": 1518}, "pdm_KL_reg 0.01": {"Best Result": {"Best Sigma0": 10, "Best sigma": 0.5, "Best gamma": 10, "Best Test accuracy": 0.9473, "Train acc": 0.9511333333333334}, "PDM log": "{(10, 0.5, 10): {'shapes': [(784, 700), (700,), (700, 656), (656,), (656, 478), (478,), (478, 368), (368,), (368, 287), (287,), (287, 127), (127,), (127, 10), (10,)], 'train_accuracy': 0.9511333333333334, 'test_accuracy': 0.9473}}", "timing": 1394}, "pdm_KL_reg 0.05": {"Best Result": {"Best Sigma0": 10, "Best sigma": 0.5, "Best gamma": 10, "Best Test accuracy": 0.939, "Train acc": 0.9437333333333333}, "PDM log": "{(10, 0.5, 10): {'shapes': [(784, 700), (700,), (700, 630), (630,), (630, 460), (460,), (460, 351), (351,), (351, 277), (277,), (277, 127), (127,), (127, 10), (10,)], 'train_accuracy': 0.9437333333333333, 'test_accuracy': 0.939}}", "timing": 1430}, "pdm_KL_reg 0.1": {"Best Result": {"Best Sigma0": 10, "Best sigma": 0.5, "Best gamma": 10, "Best Test accuracy": 0.824, "Train acc": 0.8260333333333333}, "PDM log": "{(10, 0.5, 10): {'shapes': [(784, 700), (700,), (700, 619), (619,), (619, 456), (456,), (456, 339), (339,), (339, 261), (261,), (261, 127), (127,), (127, 10), (10,)], 'train_accuracy': 0.8260333333333333, 'test_accuracy': 0.824}}", "timing": 1136}, "pdm_KL_reg 0.5": {"Best Result": {"Best Sigma0": 10, "Best sigma": 0.5, "Best gamma": 10, "Best Test accuracy": 0.4078, "Train acc": 0.411}, "PDM log": "{(10, 0.5, 10): {'shapes': [(784, 700), (700,), (700, 361), (361,), (361, 253), (253,), (253, 217), (217,), (217, 199), (199,), (199, 127), (127,), (127, 10), (10,)], 'train_accuracy': 0.411, 'test_accuracy': 0.4078}}", "timing": 923}, "pdm_KL_reg 1": {"Best Result": {"Best Sigma0": 10, "Best sigma": 0.5, "Best gamma": 10, "Best Test accuracy": 0.1378, "Train acc": 0.1351}, "PDM log": "{(10, 0.5, 10): {'shapes': [(784, 523), (523,), (523, 145), (145,), (145, 136), (136,), (136, 136), (136,), (136, 136), (136,), (136, 127), (127,), (127, 10), (10,)], 'train_accuracy': 0.1351, 'test_accuracy': 0.1378}}", "timing": 688}, "pdm_KL_reg 2": {"Best Result": {"Best Sigma0": 10, "Best sigma": 0.5, "Best gamma": 10, "Best Test accuracy": 0.0974, "Train acc": 0.09751666666666667}, "PDM log": "{(10, 0.5, 10): {'shapes': [(784, 100), (100,), (100, 109), (109,), (109, 109), (109,), (109, 109), (109,), (109, 109), (109,), (109, 118), (118,), (118, 10), (10,)], 'train_accuracy': 0.09751666666666667, 'test_accuracy': 0.0974}}", "timing": 181}, "pdm_KL_reg 5": {"Best Result": {"Best Sigma0": 10, "Best sigma": 0.5, "Best gamma": 10, "Best Test accuracy": 0.0974, "Train acc": 0.09751666666666667}, "PDM log": "{(10, 0.5, 10): {'shapes': [(784, 100), (100,), (100, 100), (100,), (100, 100), (100,), (100, 100), (100,), (100, 100), (100,), (100, 118), (118,), (118, 10), (10,)], 'train_accuracy': 0.09751666666666667, 'test_accuracy': 0.0974}}", "timing": 172}, "pdm_KL_reg 10": {"Best Result": {"Best Sigma0": 10, "Best sigma": 0.5, "Best gamma": 10, "Best Test accuracy": 0.0974, "Train acc": 0.09751666666666667}, "PDM log": "{(10, 0.5, 10): {'shapes': [(784, 100), (100,), (100, 100), (100,), (100, 100), (100,), (100, 100), (100,), (100, 100), (100,), (100, 109), (109,), (109, 10), (10,)], 'train_accuracy': 0.09751666666666667, 'test_accuracy': 0.0974}}", "timing": 199}, "best_reg": 0.01}