{"seed": 2, "Data statistics": "{0: {0: 613, 1: 691, 2: 569, 3: 611, 4: 600, 5: 562, 6: 585, 7: 610, 8: 590, 9: 569}, 1: {0: 570, 1: 663, 2: 625, 3: 641, 4: 617, 5: 521, 6: 584, 7: 610, 8: 576, 9: 593}, 2: {0: 595, 1: 669, 2: 620, 3: 637, 4: 572, 5: 563, 6: 606, 7: 618, 8: 547, 9: 573}, 3: {0: 572, 1: 675, 2: 577, 3: 575, 4: 587, 5: 546, 6: 611, 7: 637, 8: 606, 9: 614}, 4: {0: 569, 1: 623, 2: 612, 3: 646, 4: 593, 5: 550, 6: 617, 7: 608, 8: 584, 9: 598}, 5: {0: 587, 1: 695, 2: 601, 3: 613, 4: 563, 5: 546, 6: 576, 7: 657, 8: 593, 9: 569}, 6: {0: 618, 1: 690, 2: 608, 3: 559, 4: 573, 5: 541, 6: 572, 7: 633, 8: 590, 9: 616}, 7: {0: 611, 1: 691, 2: 579, 3: 637, 4: 587, 5: 530, 6: 551, 7: 660, 8: 555, 9: 599}, 8: {0: 640, 1: 672, 2: 587, 3: 574, 4: 581, 5: 525, 6: 595, 7: 632, 8: 580, 9: 614}, 9: {0: 548, 1: 673, 2: 580, 3: 638, 4: 569, 5: 537, 6: 621, 7: 600, 8: 630, 9: 604}}", "loading time": 78, "local_train_accs": [0.9411666666666667, 0.9691666666666666, 0.9015, 0.9555, 0.9371666666666667, 0.954, 0.9705, 0.9785, 0.9558333333333333, 0.947], "local_test_accs": [0.9028, 0.9304, 0.8747, 0.92, 0.8998, 0.9151, 0.9322, 0.9386, 0.9213, 0.9123], "Uniform ensemble (Train acc)": 0.9619166666666666, "Uniform ensemble (Test acc)": 0.9605, "FedAvg (Train acc)": 0.09751666666666667, "FedAvg (Test acc)": 0.0974, "pdm_KL_reg 0": {"Best Result": {"Best Sigma0": 10, "Best sigma": 0.5, "Best gamma": 10, "Best Test accuracy": 0.8791, "Train acc": 0.8850666666666667}, "PDM log": "{(10, 0.5, 10): {'shapes': [(784, 700), (700,), (700, 648), (648,), (648, 434), (434,), (434, 323), (323,), (323, 259), (259,), (259, 118), (118,), (118, 10), (10,)], 'train_accuracy': 0.8850666666666667, 'test_accuracy': 0.8791}}", "timing": 950}, "pdm_KL_reg 0.001": {"Best Result": {"Best Sigma0": 10, "Best sigma": 0.5, "Best gamma": 10, "Best Test accuracy": 0.8864, "Train acc": 0.8929166666666667}, "PDM log": "{(10, 0.5, 10): {'shapes': [(784, 700), (700,), (700, 658), (658,), (658, 439), (439,), (439, 313), (313,), (313, 244), (244,), (244, 118), (118,), (118, 10), (10,)], 'train_accuracy': 0.8929166666666667, 'test_accuracy': 0.8864}}", "timing": 1387}, "pdm_KL_reg 0.005": {"Best Result": {"Best Sigma0": 10, "Best sigma": 0.5, "Best gamma": 10, "Best Test accuracy": 0.9195, "Train acc": 0.92345}, "PDM log": "{(10, 0.5, 10): {'shapes': [(784, 700), (700,), (700, 656), (656,), (656, 432), (432,), (432, 316), (316,), (316, 252), (252,), (252, 126), (126,), (126, 10), (10,)], 'train_accuracy': 0.92345, 'test_accuracy': 0.9195}}", "timing": 1607}, "pdm_KL_reg 0.01": {"Best Result": {"Best Sigma0": 10, "Best sigma": 0.5, "Best gamma": 10, "Best Test accuracy": 0.8311, "Train acc": 0.8334666666666667}, "PDM log": "{(10, 0.5, 10): {'shapes': [(784, 700), (700,), (700, 648), (648,), (648, 422), (422,), (422, 307), (307,), (307, 252), (252,), (252, 118), (118,), (118, 10), (10,)], 'train_accuracy': 0.8334666666666667, 'test_accuracy': 0.8311}}", "timing": 1537}, "pdm_KL_reg 0.05": {"Best Result": {"Best Sigma0": 10, "Best sigma": 0.5, "Best gamma": 10, "Best Test accuracy": 0.8306, "Train acc": 0.8358}, "PDM log": "{(10, 0.5, 10): {'shapes': [(784, 700), (700,), (700, 639), (639,), (639, 405), (405,), (405, 304), (304,), (304, 235), (235,), (235, 118), (118,), (118, 10), (10,)], 'train_accuracy': 0.8358, 'test_accuracy': 0.8306}}", "timing": 1341}, "pdm_KL_reg 0.1": {"Best Result": {"Best Sigma0": 10, "Best sigma": 0.5, "Best gamma": 10, "Best Test accuracy": 0.9136, "Train acc": 0.91705}, "PDM log": "{(10, 0.5, 10): {'shapes': [(784, 700), (700,), (700, 604), (604,), (604, 381), (381,), (381, 278), (278,), (278, 226), (226,), (226, 118), (118,), (118, 10), (10,)], 'train_accuracy': 0.91705, 'test_accuracy': 0.9136}}", "timing": 1611}, "pdm_KL_reg 0.5": {"Best Result": {"Best Sigma0": 10, "Best sigma": 0.5, "Best gamma": 10, "Best Test accuracy": 0.5004, "Train acc": 0.50035}, "PDM log": "{(10, 0.5, 10): {'shapes': [(784, 693), (693,), (693, 344), (344,), (344, 226), (226,), (226, 199), (199,), (199, 181), (181,), (181, 127), (127,), (127, 10), (10,)], 'train_accuracy': 0.50035, 'test_accuracy': 0.5004}}", "timing": 1053}, "pdm_KL_reg 1": {"Best Result": {"Best Sigma0": 10, "Best sigma": 0.5, "Best gamma": 10, "Best Test accuracy": 0.1768, "Train acc": 0.17355}, "PDM log": "{(10, 0.5, 10): {'shapes': [(784, 496), (496,), (496, 145), (145,), (145, 136), (136,), (136, 136), (136,), (136, 136), (136,), (136, 127), (127,), (127, 10), (10,)], 'train_accuracy': 0.17355, 'test_accuracy': 0.1768}}", "timing": 543}, "pdm_KL_reg 2": {"Best Result": {"Best Sigma0": 10, "Best sigma": 0.5, "Best gamma": 10, "Best Test accuracy": 0.0974, "Train acc": 0.09751666666666667}, "PDM log": "{(10, 0.5, 10): {'shapes': [(784, 100), (100,), (100, 109), (109,), (109, 109), (109,), (109, 109), (109,), (109, 109), (109,), (109, 118), (118,), (118, 10), (10,)], 'train_accuracy': 0.09751666666666667, 'test_accuracy': 0.0974}}", "timing": 223}, "pdm_KL_reg 5": {"Best Result": {"Best Sigma0": 10, "Best sigma": 0.5, "Best gamma": 10, "Best Test accuracy": 0.0974, "Train acc": 0.09751666666666667}, "PDM log": "{(10, 0.5, 10): {'shapes': [(784, 100), (100,), (100, 100), (100,), (100, 100), (100,), (100, 100), (100,), (100, 100), (100,), (100, 118), (118,), (118, 10), (10,)], 'train_accuracy': 0.09751666666666667, 'test_accuracy': 0.0974}}", "timing": 323}, "pdm_KL_reg 10": {"Best Result": {"Best Sigma0": 10, "Best sigma": 0.5, "Best gamma": 10, "Best Test accuracy": 0.0974, "Train acc": 0.09751666666666667}, "PDM log": "{(10, 0.5, 10): {'shapes': [(784, 100), (100,), (100, 100), (100,), (100, 100), (100,), (100, 100), (100,), (100, 100), (100,), (100, 109), (109,), (109, 10), (10,)], 'train_accuracy': 0.09751666666666667, 'test_accuracy': 0.0974}}", "timing": 338}, "best_reg": 0.005}