{"seed": 9, "Data statistics": "{0: {0: 160, 1: 214, 2: 1552, 3: 104, 4: 149, 5: 1481, 6: 858}, 1: {0: 1297, 1: 7, 2: 587, 3: 448, 4: 246, 6: 8, 7: 4, 8: 382, 9: 74}, 2: {0: 137, 1: 53, 2: 98, 3: 57, 4: 35, 5: 3, 6: 38, 7: 399, 8: 316, 9: 1239}, 3: {0: 256, 1: 84, 2: 171, 3: 113, 4: 407, 5: 100, 6: 2, 7: 12, 8: 85, 9: 1123}, 4: {0: 347, 1: 3, 2: 175, 3: 31, 4: 221, 5: 265, 6: 6, 7: 354, 8: 2875}, 5: {0: 879, 1: 1547, 2: 926, 3: 76, 4: 301, 5: 402}, 6: {0: 48, 1: 287, 2: 315, 3: 734, 4: 31, 5: 28, 6: 1722, 7: 269, 8: 482, 9: 102}, 7: {0: 285, 1: 474, 2: 521, 3: 747, 4: 40, 5: 1696, 6: 4, 7: 287}, 8: {0: 72, 1: 142, 2: 483, 3: 235, 4: 1393, 6: 1657, 7: 1551}, 9: {0: 305, 1: 11, 2: 837, 3: 428, 4: 235, 5: 269, 6: 806, 7: 61, 8: 965, 9: 349}, 10: {0: 10, 1: 87, 2: 97, 3: 81, 4: 554, 5: 244, 6: 28, 7: 2390, 8: 283, 9: 2095}, 11: {0: 87, 1: 1551, 2: 30, 3: 1785, 4: 1567}, 12: {0: 524, 1: 7, 2: 73, 3: 5, 4: 99, 5: 8, 6: 614, 8: 43, 9: 65}, 13: {0: 306, 1: 1, 2: 88, 3: 1029, 4: 51, 5: 925, 6: 174, 7: 938, 8: 420, 9: 902}, 14: {0: 1210, 1: 2274, 2: 5, 3: 258, 4: 513, 6: 1}}", "comm 0": {"training timing": 227, "local_train_accs": [1.0, 0.9967245332459875, 0.9962105263157894, 0.9932001699957501, 0.999766191255553, 1.0, 0.9972623195619711, 0.9995066600888012, 0.9998192662208567, 0.9955461790904829, 0.9969330379962514, 1.0, 0.997913769123783, 0.9931733553992552, 1.0], "local_test_accs": [1.0, 0.9967245332459875, 0.9962105263157894, 0.9932001699957501, 0.999766191255553, 1.0, 0.9972623195619711, 0.9995066600888012, 0.9998192662208567, 0.9955461790904829, 0.9969330379962514, 1.0, 0.997913769123783, 0.9931733553992552, 1.0], "Uniform ensemble (Train acc)": 0.9373666666666667, "Uniform ensemble (Test acc)": 0.9355, "FedAvg (Train acc)": 0.18396666666666667, "FedAvg (Test acc)": 0.1902, "pdm_KL (Train acc)": 0.6383333333333333, "pdm_KL (Test acc)": 0.6506}, "comm 1": {"training timing": 331, "local_train_accs": [1.0, 1.0, 0.9987368421052631, 0.9995750106247344, 1.0, 1.0, 1.0, 1.0, 1.0, 1.0, 0.9989776793320838, 1.0, 1.0, 0.9997931319817956, 1.0], "local_test_accs": [1.0, 1.0, 0.9987368421052631, 0.9995750106247344, 1.0, 1.0, 1.0, 1.0, 1.0, 1.0, 0.9989776793320838, 1.0, 1.0, 0.9997931319817956, 1.0], "Uniform ensemble (Train acc)": 0.9413166666666667, "Uniform ensemble (Test acc)": 0.9375, "FedAvg (Train acc)": 0.16308333333333333, "FedAvg (Test acc)": 0.1673, "pdm_KL (Train acc)": 0.8144333333333333, "pdm_KL (Test acc)": 0.8178}, "comm 2": {"training timing": 345, "local_train_accs": [1.0, 1.0, 1.0, 1.0, 1.0, 1.0, 1.0, 1.0, 1.0, 1.0, 1.0, 1.0, 1.0, 1.0, 0.999530626613471], "local_test_accs": [1.0, 1.0, 1.0, 1.0, 1.0, 1.0, 1.0, 1.0, 1.0, 1.0, 1.0, 1.0, 1.0, 1.0, 0.999530626613471], "Uniform ensemble (Train acc)": 0.9438666666666666, "Uniform ensemble (Test acc)": 0.9406, "FedAvg (Train acc)": 0.13768333333333332, "FedAvg (Test acc)": 0.1411, "pdm_KL (Train acc)": 0.86575, "pdm_KL (Test acc)": 0.872}, "comm 3": {"training timing": 334, "local_train_accs": [1.0, 1.0, 1.0, 1.0, 1.0, 1.0, 1.0, 1.0, 1.0, 1.0, 1.0, 1.0, 1.0, 1.0, 1.0], "local_test_accs": [1.0, 1.0, 1.0, 1.0, 1.0, 1.0, 1.0, 1.0, 1.0, 1.0, 1.0, 1.0, 1.0, 1.0, 1.0], "Uniform ensemble (Train acc)": 0.9453833333333334, "Uniform ensemble (Test acc)": 0.9407, "FedAvg (Train acc)": 0.12228333333333333, "FedAvg (Test acc)": 0.1259, "pdm_KL (Train acc)": 0.8909166666666667, "pdm_KL (Test acc)": 0.8945}, "comm 4": {"training timing": 325, "local_train_accs": [1.0, 1.0, 1.0, 1.0, 1.0, 1.0, 1.0, 1.0, 1.0, 1.0, 1.0, 1.0, 1.0, 1.0, 1.0], "local_test_accs": [1.0, 1.0, 1.0, 1.0, 1.0, 1.0, 1.0, 1.0, 1.0, 1.0, 1.0, 1.0, 1.0, 1.0, 1.0], "Uniform ensemble (Train acc)": 0.9458333333333333, "Uniform ensemble (Test acc)": 0.942, "FedAvg (Train acc)": 0.18395, "FedAvg (Test acc)": 0.19, "pdm_KL (Train acc)": 0.9037, "pdm_KL (Test acc)": 0.9081}, "comm 5": {"training timing": 351, "local_train_accs": [1.0, 1.0, 1.0, 1.0, 1.0, 1.0, 1.0, 1.0, 1.0, 1.0, 1.0, 1.0, 1.0, 1.0, 1.0], "local_test_accs": [1.0, 1.0, 1.0, 1.0, 1.0, 1.0, 1.0, 1.0, 1.0, 1.0, 1.0, 1.0, 1.0, 1.0, 1.0], "Uniform ensemble (Train acc)": 0.9458833333333333, "Uniform ensemble (Test acc)": 0.9413, "FedAvg (Train acc)": 0.18698333333333333, "FedAvg (Test acc)": 0.193, "pdm_KL (Train acc)": 0.9232, "pdm_KL (Test acc)": 0.9243}, "comm 6": {"training timing": 353, "local_train_accs": [1.0, 1.0, 1.0, 1.0, 1.0, 1.0, 1.0, 1.0, 1.0, 1.0, 1.0, 1.0, 1.0, 1.0, 1.0], "local_test_accs": [1.0, 1.0, 1.0, 1.0, 1.0, 1.0, 1.0, 1.0, 1.0, 1.0, 1.0, 1.0, 1.0, 1.0, 1.0], "Uniform ensemble (Train acc)": 0.9463333333333334, "Uniform ensemble (Test acc)": 0.942, "FedAvg (Train acc)": 0.18666666666666668, "FedAvg (Test acc)": 0.1924, "pdm_KL (Train acc)": 0.9286666666666666, "pdm_KL (Test acc)": 0.9298}, "comm 7": {"training timing": 323, "local_train_accs": [1.0, 1.0, 1.0, 1.0, 1.0, 1.0, 1.0, 1.0, 1.0, 1.0, 0.993866075992503, 1.0, 1.0, 1.0, 1.0], "local_test_accs": [1.0, 1.0, 1.0, 1.0, 1.0, 1.0, 1.0, 1.0, 1.0, 1.0, 0.993866075992503, 1.0, 1.0, 1.0, 1.0], "Uniform ensemble (Train acc)": 0.9453166666666667, "Uniform ensemble (Test acc)": 0.9418, "FedAvg (Train acc)": 0.18658333333333332, "FedAvg (Test acc)": 0.1921, "pdm_KL (Train acc)": 0.9322833333333334, "pdm_KL (Test acc)": 0.9328}, "comm 8": {"training timing": 340, "local_train_accs": [1.0, 1.0, 1.0, 1.0, 1.0, 1.0, 1.0, 1.0, 1.0, 1.0, 1.0, 1.0, 1.0, 1.0, 1.0], "local_test_accs": [1.0, 1.0, 1.0, 1.0, 1.0, 1.0, 1.0, 1.0, 1.0, 1.0, 1.0, 1.0, 1.0, 1.0, 1.0], "Uniform ensemble (Train acc)": 0.9467, "Uniform ensemble (Test acc)": 0.9418, "FedAvg (Train acc)": 0.18118333333333334, "FedAvg (Test acc)": 0.1869, "pdm_KL (Train acc)": 0.9380333333333334, "pdm_KL (Test acc)": 0.9387}, "comm 9": {"training timing": 338, "local_train_accs": [1.0, 1.0, 1.0, 1.0, 1.0, 1.0, 1.0, 0.9928465712876172, 1.0, 1.0, 1.0, 1.0, 1.0, 0.9995862639635912, 1.0], "local_test_accs": [1.0, 1.0, 1.0, 1.0, 1.0, 1.0, 1.0, 0.9928465712876172, 1.0, 1.0, 1.0, 1.0, 1.0, 0.9995862639635912, 1.0], "Uniform ensemble (Train acc)": 0.9449333333333333, "Uniform ensemble (Test acc)": 0.9396, "FedAvg (Train acc)": 0.18355, "FedAvg (Test acc)": 0.1882, "pdm_KL (Train acc)": 0.9446833333333333, "pdm_KL (Test acc)": 0.9456}, "comm 10": {"training timing": 339, "local_train_accs": [1.0, 1.0, 1.0, 1.0, 1.0, 1.0, 1.0, 1.0, 1.0, 1.0, 1.0, 1.0, 1.0, 1.0, 1.0], "local_test_accs": [1.0, 1.0, 1.0, 1.0, 1.0, 1.0, 1.0, 1.0, 1.0, 1.0, 1.0, 1.0, 1.0, 1.0, 1.0], "Uniform ensemble (Train acc)": 0.9471833333333334, "Uniform ensemble (Test acc)": 0.9444, "FedAvg (Train acc)": 0.18915, "FedAvg (Test acc)": 0.1953, "pdm_KL (Train acc)": 0.9411666666666667, "pdm_KL (Test acc)": 0.942}, "comm 11": {"training timing": 314, "local_train_accs": [1.0, 1.0, 1.0, 1.0, 1.0, 1.0, 1.0, 1.0, 1.0, 1.0, 1.0, 1.0, 1.0, 1.0, 1.0], "local_test_accs": [1.0, 1.0, 1.0, 1.0, 1.0, 1.0, 1.0, 1.0, 1.0, 1.0, 1.0, 1.0, 1.0, 1.0, 1.0], "Uniform ensemble (Train acc)": 0.9462833333333334, "Uniform ensemble (Test acc)": 0.9434, "FedAvg (Train acc)": 0.18991666666666668, "FedAvg (Test acc)": 0.1962, "pdm_KL (Train acc)": 0.9443, "pdm_KL (Test acc)": 0.9442}, "comm 12": {"training timing": 345, "local_train_accs": [1.0, 1.0, 1.0, 1.0, 0.999766191255553, 1.0, 1.0, 1.0, 1.0, 1.0, 1.0, 1.0, 1.0, 1.0, 1.0], "local_test_accs": [1.0, 1.0, 1.0, 1.0, 0.999766191255553, 1.0, 1.0, 1.0, 1.0, 1.0, 1.0, 1.0, 1.0, 1.0, 1.0], "Uniform ensemble (Train acc)": 0.9458666666666666, "Uniform ensemble (Test acc)": 0.9436, "FedAvg (Train acc)": 0.18976666666666667, "FedAvg (Test acc)": 0.1955, "pdm_KL (Train acc)": 0.9501, "pdm_KL (Test acc)": 0.9499}, "comm 13": {"training timing": 341, "local_train_accs": [1.0, 1.0, 1.0, 1.0, 1.0, 1.0, 1.0, 1.0, 1.0, 1.0, 1.0, 1.0, 1.0, 1.0, 1.0], "local_test_accs": [1.0, 1.0, 1.0, 1.0, 1.0, 1.0, 1.0, 1.0, 1.0, 1.0, 1.0, 1.0, 1.0, 1.0, 1.0], "Uniform ensemble (Train acc)": 0.9468833333333333, "Uniform ensemble (Test acc)": 0.943, "FedAvg (Train acc)": 0.1665, "FedAvg (Test acc)": 0.1713,