{"seed": 8, "Data statistics": "{0: {0: 378, 1: 2, 2: 448, 3: 87, 4: 480, 5: 21, 6: 442, 7: 56, 8: 1050, 9: 444}, 1: {0: 297, 1: 168, 2: 678, 3: 75, 4: 167, 5: 41, 6: 16, 7: 1757, 8: 1985}, 2: {0: 232, 1: 1211, 2: 80, 3: 846, 4: 560, 5: 20, 6: 960, 7: 239}, 3: {0: 286, 1: 76, 2: 153, 3: 751, 4: 611, 5: 971, 6: 130, 7: 23, 8: 10, 9: 270}, 4: {0: 126, 1: 207, 2: 53, 3: 141, 4: 1170, 5: 220, 6: 17, 7: 423, 9: 169}, 5: {0: 361, 1: 176, 2: 156, 3: 17, 4: 1117, 5: 222, 6: 1837, 7: 2, 8: 176}, 6: {0: 1669, 1: 90, 2: 504, 3: 13, 4: 421, 5: 30, 6: 41, 8: 28, 9: 34}, 7: {0: 53, 1: 1944, 2: 145, 3: 1905}, 8: {0: 310, 1: 111, 2: 9, 3: 202, 4: 251, 5: 260, 6: 515, 7: 1548, 8: 1962}, 9: {0: 97, 1: 123, 2: 43, 3: 82, 4: 120, 5: 433, 6: 6, 7: 318, 8: 393, 9: 219}, 10: {0: 119, 1: 175, 2: 2037, 3: 884, 4: 245, 5: 230, 6: 311}, 11: {0: 532, 1: 551, 2: 728, 3: 6, 4: 84, 5: 5, 6: 1118, 7: 1686}, 12: {0: 94, 1: 1090, 2: 231, 3: 1056, 4: 552, 5: 2052}, 13: {0: 853, 1: 776, 2: 322, 3: 4, 4: 47, 5: 480, 6: 149, 7: 87, 8: 233, 9: 209}, 14: {0: 516, 1: 42, 2: 371, 3: 62, 4: 17, 5: 436, 6: 376, 7: 126, 8: 14, 9: 4604}}", "comm 0": {"training timing": 253, "local_train_accs": [0.9985328638497653, 0.9996141975308642, 1.0, 0.9996952148735142, 1.0, 1.0, 1.0, 1.0, 0.9990325077399381, 0.9972737186477645, 0.9997500624843789, 1.0, 1.0, 0.9996835443037975, 0.9998476538695917], "local_test_accs": [0.9985328638497653, 0.9996141975308642, 1.0, 0.9996952148735142, 1.0, 1.0, 1.0, 1.0, 0.9990325077399381, 0.9972737186477645, 0.9997500624843789, 1.0, 1.0, 0.9996835443037975, 0.9998476538695917], "Uniform ensemble (Train acc)": 0.9263333333333333, "Uniform ensemble (Test acc)": 0.923, "FedAvg (Train acc)": 0.0993, "FedAvg (Test acc)": 0.1032, "pdm_KL (Train acc)": 0.7193833333333334, "pdm_KL (Test acc)": 0.7191}, "comm 1": {"training timing": 370, "local_train_accs": [1.0, 1.0, 1.0, 1.0, 0.997624703087886, 1.0, 1.0, 1.0, 1.0, 1.0, 1.0, 1.0, 1.0, 1.0, 1.0], "local_test_accs": [1.0, 1.0, 1.0, 1.0, 0.997624703087886, 1.0, 1.0, 1.0, 1.0, 1.0, 1.0, 1.0, 1.0, 1.0, 1.0], "Uniform ensemble (Train acc)": 0.9320166666666667, "Uniform ensemble (Test acc)": 0.9302, "FedAvg (Train acc)": 0.0993, "FedAvg (Test acc)": 0.1032, "pdm_KL (Train acc)": 0.8305, "pdm_KL (Test acc)": 0.8303}, "comm 2": {"training timing": 368, "local_train_accs": [1.0, 1.0, 1.0, 1.0, 1.0, 1.0, 1.0, 0.9955522609340252, 1.0, 1.0, 1.0, 1.0, 1.0, 1.0, 1.0], "local_test_accs": [1.0, 1.0, 1.0, 1.0, 1.0, 1.0, 1.0, 0.9955522609340252, 1.0, 1.0, 1.0, 1.0, 1.0, 1.0, 1.0], "Uniform ensemble (Train acc)": 0.9312833333333334, "Uniform ensemble (Test acc)": 0.9279, "FedAvg (Train acc)": 0.0993, "FedAvg (Test acc)": 0.1032, "pdm_KL (Train acc)": 0.89245, "pdm_KL (Test acc)": 0.8908}, "comm 3": {"training timing": 359, "local_train_accs": [1.0, 1.0, 1.0, 1.0, 1.0, 1.0, 1.0, 1.0, 1.0, 1.0, 1.0, 1.0, 1.0, 1.0, 1.0], "local_test_accs": [1.0, 1.0, 1.0, 1.0, 1.0, 1.0, 1.0, 1.0, 1.0, 1.0, 1.0, 1.0, 1.0, 1.0, 1.0], "Uniform ensemble (Train acc)": 0.9327166666666666, "Uniform ensemble (Test acc)": 0.9306, "FedAvg (Train acc)": 0.0993, "FedAvg (Test acc)": 0.1032, "pdm_KL (Train acc)": 0.9169666666666667, "pdm_KL (Test acc)": 0.9151}, "comm 4": {"training timing": 379, "local_train_accs": [1.0, 1.0, 1.0, 1.0, 1.0, 1.0, 1.0, 1.0, 1.0, 1.0, 1.0, 1.0, 1.0, 1.0, 0.9996953077391835], "local_test_accs": [1.0, 1.0, 1.0, 1.0, 1.0, 1.0, 1.0, 1.0, 1.0, 1.0, 1.0, 1.0, 1.0, 1.0, 0.9996953077391835], "Uniform ensemble (Train acc)": 0.9326, "Uniform ensemble (Test acc)": 0.9314, "FedAvg (Train acc)": 0.0993, "FedAvg (Test acc)": 0.1032, "pdm_KL (Train acc)": 0.9307833333333333, "pdm_KL (Test acc)": 0.9296}, "comm 5": {"training timing": 354, "local_train_accs": [1.0, 1.0, 1.0, 1.0, 1.0, 1.0, 1.0, 1.0, 1.0, 1.0, 1.0, 1.0, 1.0, 0.9996835443037975, 1.0], "local_test_accs": [1.0, 1.0, 1.0, 1.0, 1.0, 1.0, 1.0, 1.0, 1.0, 1.0, 1.0, 1.0, 1.0, 0.9996835443037975, 1.0], "Uniform ensemble (Train acc)": 0.9362, "Uniform ensemble (Test acc)": 0.9357, "FedAvg (Train acc)": 0.0993, "FedAvg (Test acc)": 0.1032, "pdm_KL (Train acc)": 0.9374, "pdm_KL (Test acc)": 0.9353}, "comm 6": {"training timing": 362, "local_train_accs": [1.0, 1.0, 1.0, 1.0, 1.0, 1.0, 1.0, 1.0, 1.0, 1.0, 1.0, 1.0, 1.0, 1.0, 1.0], "local_test_accs": [1.0, 1.0, 1.0, 1.0, 1.0, 1.0, 1.0, 1.0, 1.0, 1.0, 1.0, 1.0, 1.0, 1.0, 1.0], "Uniform ensemble (Train acc)": 0.9351, "Uniform ensemble (Test acc)": 0.9363, "FedAvg (Train acc)": 0.0993, "FedAvg (Test acc)": 0.1032, "pdm_KL (Train acc)": 0.94475, "pdm_KL (Test acc)": 0.9426}, "comm 7": {"training timing": 363, "local_train_accs": [1.0, 1.0, 1.0, 1.0, 1.0, 1.0, 1.0, 1.0, 1.0, 1.0, 1.0, 1.0, 1.0, 1.0, 1.0], "local_test_accs": [1.0, 1.0, 1.0, 1.0, 1.0, 1.0, 1.0, 1.0, 1.0, 1.0, 1.0, 1.0, 1.0, 1.0, 1.0], "Uniform ensemble (Train acc)": 0.9315, "Uniform ensemble (Test acc)": 0.9318, "FedAvg (Train acc)": 0.0993, "FedAvg (Test acc)": 0.1032, "pdm_KL (Train acc)": 0.95015, "pdm_KL (Test acc)": 0.9462}, "comm 8": {"training timing": 354, "local_train_accs": [1.0, 1.0, 1.0, 1.0, 1.0, 1.0, 1.0, 1.0, 0.982391640866873, 1.0, 1.0, 1.0, 1.0, 1.0, 1.0], "local_test_accs": [1.0, 1.0, 1.0, 1.0, 1.0, 1.0, 1.0, 1.0, 0.982391640866873, 1.0, 1.0, 1.0, 1.0, 1.0, 1.0], "Uniform ensemble (Train acc)": 0.9334333333333333, "Uniform ensemble (Test acc)": 0.933, "FedAvg (Train acc)": 0.0993, "FedAvg (Test acc)": 0.1032, "pdm_KL (Train acc)": 0.9512, "pdm_KL (Test acc)": 0.9477}, "comm 9": {"training timing": 366, "local_train_accs": [1.0, 1.0, 1.0, 1.0, 1.0, 0.999507874015748, 1.0, 1.0, 1.0, 1.0, 1.0, 1.0, 1.0, 1.0, 1.0], "local_test_accs": [1.0, 1.0, 1.0, 1.0, 1.0, 0.999507874015748, 1.0, 1.0, 1.0, 1.0, 1.0, 1.0, 1.0, 1.0, 1.0], "Uniform ensemble (Train acc)": 0.9284666666666667, "Uniform ensemble (Test acc)": 0.9273, "FedAvg (Train acc)": 0.0994, "FedAvg (Test acc)": 0.1033, "pdm_KL (Train acc)": 0.9556, "pdm_KL (Test acc)": 0.9516}, "comm 10": {"training timing": 370, "local_train_accs": [1.0, 1.0, 1.0, 1.0, 1.0, 1.0, 1.0, 1.0, 1.0, 1.0, 1.0, 0.9997876857749469, 1.0, 1.0, 1.0], "local_test_accs": [1.0, 1.0, 1.0, 1.0, 1.0, 1.0, 1.0, 1.0, 1.0, 1.0, 1.0, 0.9997876857749469, 1.0, 1.0, 1.0], "Uniform ensemble (Train acc)": 0.9342333333333334, "Uniform ensemble (Test acc)": 0.9336, "FedAvg (Train acc)": 0.09998333333333333, "FedAvg (Test acc)": 0.1039, "pdm_KL (Train acc)": 0.9542, "pdm_KL (Test acc)": 0.9516}, "comm 11": {"training timing": 357, "local_train_accs": [1.0, 1.0, 1.0, 1.0, 1.0, 1.0, 0.9968197879858657, 1.0, 1.0, 1.0, 1.0, 1.0, 1.0, 1.0, 1.0], "local_test_accs": [1.0, 1.0, 1.0, 1.0, 1.0, 1.0, 0.9968197879858657, 1.0, 1.0, 1.0, 1.0, 1.0, 1.0, 1.0, 1.0], "Uniform ensemble (Train acc)": 0.9388666666666666, "Uniform ensemble (Test acc)": 0.9355, "FedAvg (Train acc)": 0.09936666666666667, "FedAvg (Test acc)": 0.1031, "pdm_KL (Train acc)": 0.9573166666666667, "pdm_KL (Test acc)": 0.9532}, "comm 12": {"training timing": 332, "local_train_accs": [1.0, 0.9998070987654321, 1.0, 1.0, 1.0, 0.9977854330708661, 1.0, 1.0, 1.0, 1.0, 1.0, 0.9985138004246285, 1.0, 1.0, 0.9998476538695917], "local_test_accs": [1.0, 0.9998070987654321, 1.0, 1.0, 1.0, 0.9977854330708661, 1.0, 1.0, 1.0, 1.0, 1.0, 0.9985138004246285, 1.0, 1.0, 0.9998476538695917], "Uniform ensemble (Train acc)": 0.9362833333333334, "Uniform ensemble (Test acc)": 0.9345, "FedAvg (Train acc)": 0.10643333333333334, "FedAvg (Test acc)": 0.1098, "pdm_KL (Train acc)": 0.95515, "pdm_KL (Test acc)": 0.951}, "comm 13": {"training timing": 347, "local_train_accs": [1.0, 1.0, 1.0, 1.0, 1.0, 1.0, 1.0, 1.0, 0.9996130030959752, 0.9885496183206107, 1.0, 1.0, 1.0, 1.0, 1.0], "local_test_accs": [1.0, 1.0, 1.0, 1.0, 1.0, 1.0, 1.0, 1.0, 0.9996130030959752, 0.9885496183206107, 1.0, 1.0, 1.0, 1.0, 1.0], "Uniform ensemble (Train acc)": 0.9330833333333334, "Uniform ensemble (Test acc)": 0.933, "FedAvg (Train acc)": 0.10285, "FedAvg (Test acc)": 0.1066, "pdm_KL (Train acc)": 0.9538833333333333, "pdm_KL (Test acc)": 0.9495}, "comm 14": {"training timing": 371,