{"seed": 5, "Data statistics": "{0: {0: 307, 1: 115, 2: 873, 3: 475, 4: 401, 5: 96, 6: 836, 7: 8, 8: 219, 9: 106}, 1: {0: 633, 1: 40, 2: 50, 3: 145, 4: 148, 5: 39, 6: 970, 7: 2789}, 2: {0: 224, 1: 954, 2: 438, 3: 689, 4: 21, 5: 309, 6: 1011, 7: 16, 8: 482}, 3: {0: 3, 1: 58, 2: 24, 3: 55, 4: 437, 5: 44, 6: 1, 7: 840, 8: 221, 9: 227}, 4: {0: 4, 1: 31, 2: 140, 3: 113, 4: 100, 5: 291, 6: 572, 7: 580, 8: 816, 9: 342}, 5: {0: 15, 1: 177, 3: 67, 4: 912, 5: 45, 6: 625, 7: 72, 8: 314, 9: 265}, 6: {1: 992, 2: 111, 3: 967, 4: 46, 5: 1444, 6: 752}, 7: {0: 80, 1: 1761, 2: 1041, 3: 83, 4: 1219}, 8: {0: 136, 1: 1202, 2: 232, 3: 1013, 4: 439, 5: 14, 6: 7, 7: 425, 8: 271, 9: 1333}, 9: {0: 27, 1: 358, 2: 1816, 3: 282, 4: 249, 5: 296, 6: 27, 7: 5, 8: 2659}, 10: {0: 2072, 1: 152, 2: 6, 3: 138, 4: 3, 5: 809, 6: 227, 7: 288, 8: 94, 9: 288}, 11: {0: 4, 1: 441, 2: 237, 3: 264, 4: 1, 5: 1634, 6: 468, 7: 57, 8: 352, 9: 2813}, 12: {0: 1387, 1: 141, 2: 82, 3: 12, 5: 238, 6: 245, 7: 160, 8: 24, 9: 23}, 13: {0: 818, 1: 241, 2: 688, 3: 6, 4: 110, 5: 161, 6: 176, 7: 1025, 8: 398, 9: 552}, 14: {0: 213, 1: 79, 2: 220, 3: 1822, 4: 1756, 5: 1, 6: 1, 8: 1}}", "comm 0": {"training timing": 343, "local_train_accs": [1.0, 1.0, 0.9992760617760618, 1.0, 1.0, 1.0, 1.0, 1.0, 1.0, 0.9996502885119776, 1.0, 1.0, 1.0, 1.0, 1.0], "local_test_accs": [1.0, 1.0, 0.9992760617760618, 1.0, 1.0, 1.0, 1.0, 1.0, 1.0, 0.9996502885119776, 1.0, 1.0, 1.0, 1.0, 1.0], "Uniform ensemble (Train acc)": 0.9559, "Uniform ensemble (Test acc)": 0.9542, "FedAvg (Train acc)": 0.23226666666666668, "FedAvg (Test acc)": 0.2398, "pdm_KL (Train acc)": 0.8018, "pdm_KL (Test acc)": 0.8032}, "comm 1": {"training timing": 451, "local_train_accs": [0.9997089639115251, 0.9931449937681761, 1.0, 0.9984293193717277, 1.0, 1.0, 1.0, 1.0, 0.9974369085173501, 1.0, 0.9990188864361049, 0.9988837505979907, 0.9930795847750865, 0.9918562874251498, 0.9985340825800146], "local_test_accs": [0.9997089639115251, 0.9931449937681761, 1.0, 0.9984293193717277, 1.0, 1.0, 1.0, 1.0, 0.9974369085173501, 1.0, 0.9990188864361049, 0.9988837505979907, 0.9930795847750865, 0.9918562874251498, 0.9985340825800146], "Uniform ensemble (Train acc)": 0.9550833333333333, "Uniform ensemble (Test acc)": 0.9542, "FedAvg (Train acc)": 0.2131, "FedAvg (Test acc)": 0.2225, "pdm_KL (Train acc)": 0.9024833333333333, "pdm_KL (Test acc)": 0.9053}, "comm 2": {"training timing": 434, "local_train_accs": [1.0, 1.0, 1.0, 1.0, 1.0, 1.0, 1.0, 1.0, 1.0, 1.0, 1.0, 0.9984053579971296, 0.9991349480968859, 0.9952095808383233, 0.9982897630100172], "local_test_accs": [1.0, 1.0, 1.0, 1.0, 1.0, 1.0, 1.0, 1.0, 1.0, 1.0, 1.0, 0.9984053579971296, 0.9991349480968859, 0.9952095808383233, 0.9982897630100172], "Uniform ensemble (Train acc)": 0.9593833333333334, "Uniform ensemble (Test acc)": 0.9584, "FedAvg (Train acc)": 0.1595, "FedAvg (Test acc)": 0.1664, "pdm_KL (Train acc)": 0.9282, "pdm_KL (Test acc)": 0.9282}, "comm 3": {"training timing": 479, "local_train_accs": [0.9994179278230501, 0.9995845450768591, 1.0, 0.9848167539267015, 1.0, 0.9947833065810594, 1.0, 0.999282982791587, 1.0, 1.0, 1.0, 1.0, 0.9926470588235294, 1.0, 1.0], "local_test_accs": [0.9994179278230501, 0.9995845450768591, 1.0, 0.9848167539267015, 1.0, 0.9947833065810594, 1.0, 0.999282982791587, 1.0, 1.0, 1.0, 1.0, 0.9926470588235294, 1.0, 1.0], "Uniform ensemble (Train acc)": 0.95845, "Uniform ensemble (Test acc)": 0.9584, "FedAvg (Train acc)": 0.13598333333333334, "FedAvg (Test acc)": 0.1386, "pdm_KL (Train acc)": 0.93335, "pdm_KL (Test acc)": 0.9331}, "comm 4": {"training timing": 395, "local_train_accs": [1.0, 0.9991690901537184, 1.0, 1.0, 1.0, 0.9995987158908507, 1.0, 0.999282982791587, 0.9980283911671924, 1.0, 0.9997547216090262, 0.9995216073991389, 1.0, 1.0, 1.0], "local_test_accs": [1.0, 0.9991690901537184, 1.0, 1.0, 1.0, 0.9995987158908507, 1.0, 0.999282982791587, 0.9980283911671924, 1.0, 0.9997547216090262, 0.9995216073991389, 1.0, 1.0, 1.0], "Uniform ensemble (Train acc)": 0.9600833333333333, "Uniform ensemble (Test acc)": 0.9599, "FedAvg (Train acc)": 0.15288333333333334, "FedAvg (Test acc)": 0.1537, "pdm_KL (Train acc)": 0.9420833333333334, "pdm_KL (Test acc)": 0.9426}, "comm 5": {"training timing": 401, "local_train_accs": [1.0, 0.9943913585375986, 0.9987934362934363, 0.9675392670157068, 1.0, 1.0, 0.9942022263450835, 1.0, 0.987776025236593, 0.9979017310718657, 0.9995094432180525, 1.0, 0.9974048442906575, 0.9997604790419161, 1.0], "local_test_accs": [1.0, 0.9943913585375986, 0.9987934362934363, 0.9675392670157068, 1.0, 1.0, 0.9942022263450835, 1.0, 0.987776025236593, 0.9979017310718657, 0.9995094432180525, 1.0, 0.9974048442906575, 0.9997604790419161, 1.0], "Uniform ensemble (Train acc)": 0.9608333333333333, "Uniform ensemble (Test acc)": 0.961, "FedAvg (Train acc)": 0.12315, "FedAvg (Test acc)": 0.1208, "pdm_KL (Train acc)": 0.94905, "pdm_KL (Test acc)": 0.9492}, "comm 6": {"training timing": 380, "local_train_accs": [1.0, 0.9991690901537184, 0.997104247104247, 1.0, 0.9953161592505855, 1.0, 1.0, 1.0, 1.0, 1.0, 0.9987736080451313, 1.0, 1.0, 0.9988023952095808, 1.0], "local_test_accs": [1.0, 0.9991690901537184, 0.997104247104247, 1.0, 0.9953161592505855, 1.0, 1.0, 1.0, 1.0, 1.0, 0.9987736080451313, 1.0, 1.0, 0.9988023952095808, 1.0], "Uniform ensemble (Train acc)": 0.9602666666666667, "Uniform ensemble (Test acc)": 0.9605, "FedAvg (Train acc)": 0.1094, "FedAvg (Test acc)": 0.1062, "pdm_KL (Train acc)": 0.9499833333333333, "pdm_KL (Test acc)": 0.9498}, "comm 7": {"training timing": 393, "local_train_accs": [1.0, 1.0, 0.9975868725868726, 0.9989528795811519, 0.9989963198394112, 0.9951845906902087, 1.0, 1.0, 1.0, 0.999125721279944, 0.9982830512631837, 0.999840535799713, 0.9995674740484429, 1.0, 1.0], "local_test_accs": [1.0, 1.0, 0.9975868725868726, 0.9989528795811519, 0.9989963198394112, 0.9951845906902087, 1.0, 1.0, 1.0, 0.999125721279944, 0.9982830512631837, 0.999840535799713, 0.9995674740484429, 1.0, 1.0], "Uniform ensemble (Train acc)": 0.961, "Uniform ensemble (Test acc)": 0.9607, "FedAvg (Train acc)": 0.16103333333333333, "FedAvg (Test acc)": 0.1547, "pdm_KL (Train acc)": 0.9543, "pdm_KL (Test acc)": 0.9547}, "comm 8": {"training timing": 386, "local_train_accs": [0.9994179278230501, 0.9979227253842958, 0.9992760617760618, 0.9979057591623036, 0.9963198394111743, 1.0, 0.99930426716141, 1.0, 0.9998028391167192, 0.9996502885119776, 1.0, 0.9984053579971296, 0.9961072664359861, 1.0, 1.0], "local_test_accs": [0.9994179278230501, 0.9979227253842958, 0.9992760617760618, 0.9979057591623036, 0.9963198394111743, 1.0, 0.99930426716141, 1.0, 0.9998028391167192, 0.9996502885119776, 1.0, 0.9984053579971296, 0.9961072664359861, 1.0, 1.0], "Uniform ensemble (Train acc)": 0.9603166666666667, "Uniform ensemble (Test acc)": 0.9589, "FedAvg (Train acc)": 0.14635, "FedAvg (Test acc)": 0.14, "pdm_KL (Train acc)": 0.9560166666666666, "pdm_KL (Test acc)": 0.9555}, "comm 9": {"training timing": 403, "local_train_accs": [1.0, 0.997507270461155, 1.0, 1.0, 1.0, 0.9995987158908507, 1.0, 1.0, 0.9960567823343849, 0.9989508655359328, 0.9997547216090262, 0.999840535799713, 1.0, 0.995688622754491, 1.0], "local_test_accs": [1.0, 0.997507270461155, 1.0, 1.0, 1.0, 0.9995987158908507, 1.0, 1.0, 0.9960567823343849, 0.9989508655359328, 0.9997547216090262, 0.999840535799713, 1.0, 0.995688622754491, 1.0], "Uniform ensemble (Train acc)": 0.9603, "Uniform ensemble (Test acc)": 0.9591, "FedAvg (Train acc)": 0.12818333333333334, "FedAvg (Test acc)": 0.126, "pdm_KL (Train acc)": 0.9591, "pdm_KL (Test acc)": 0.9588}, "comm 10": {"training timing": 378, "local_train_accs": [0.9997089639115251, 1.0, 1.0, 1.0, 1.0, 0.9951845906902087, 1.0, 1.0, 0.9980283911671924, 0.9998251442559888, 0.9997547216090262, 0.9979269653962686, 1.0, 1.0, 1.0], "local_test_accs": [0.9997089639115251, 1.0, 1.0, 1.0, 1.0, 0.9951845906902087, 1.0, 1.0, 0.9980283911671924, 0.9998251442559888, 0.9997547216090262, 0.9979269653962686, 1.0, 1.0, 1.0],