{"seed": 0, "Data statistics": "{0: {0: 602, 2: 796, 3: 948, 4: 477, 5: 120, 6: 546, 7: 191, 8: 143, 9: 1650}, 1: {0: 820, 1: 2411, 2: 2824}, 2: {0: 770, 1: 25, 2: 669, 3: 963, 4: 2734, 5: 28, 6: 7, 7: 16, 8: 602, 9: 663}, 3: {0: 237, 1: 923, 2: 396, 3: 273, 4: 609, 5: 240, 6: 468, 7: 150, 8: 2975}, 4: {0: 241, 1: 409, 2: 58, 3: 1175, 4: 425, 5: 64, 6: 88, 7: 55, 8: 100, 9: 670}, 5: {0: 103, 1: 356, 3: 10, 4: 474, 5: 29, 6: 2121, 7: 554, 8: 888, 9: 2934}, 6: {0: 1430, 1: 2487, 2: 58, 3: 266, 4: 650, 5: 551, 6: 128, 7: 2929}, 7: {0: 554, 1: 1, 2: 160, 3: 51, 5: 1511, 6: 2451, 7: 1609}, 8: {0: 234, 1: 100, 2: 867, 3: 1177, 4: 77, 5: 2396, 6: 92, 7: 646, 8: 1133}, 9: {0: 932, 1: 30, 2: 130, 3: 1268, 4: 396, 5: 482, 6: 17, 7: 115, 8: 10, 9: 32}}", "loading time": 19, "local_train_accs": [0.9755161702905171, 0.998018166804294, 0.979928979465802, 0.9797480465635465, 0.9683409436834094, 0.987012987012987, 0.9922343805153547, 0.9951080953132397, 0.9892889021124666, 0.9607268464243846], "local_test_accs": [0.7826, 0.3126, 0.633, 0.8115, 0.8234, 0.6904, 0.7459, 0.5287, 0.8307, 0.6544], "pdm_KL_reg 0": {"Best Result": {"Best Sigma0": 3, "Best sigma": 0.9, "Best gamma": 1, "Best Test accuracy": 0.1702, "Train acc": 0.16566666666666666}, "PDM log": "{(3, 0.9, 1): {'shapes': [(784, 612), (612,), (612, 109), (109,), (109, 109), (109,), (109, 100), (100,), (100, 10), (10,)], 'train_accuracy': 0.16566666666666666, 'test_accuracy': 0.1702}}", "timing": 215}, "best_reg": 0, "skip_pdm": {"Best Result": {"Best Sigma0": 3, "Best sigma": 0.9, "Best gamma": 1, "Best Test accuracy": 0.1308, "Train acc": 0.12988333333333332}, "PDM log": "{(3, 0.9, 1): {'shapes': [(617, 785), (101, 617), (170, 101), (101, 170), (10, 101)], 'train_accuracy': 0.12988333333333332, 'test_accuracy': 0.1308}}", "timing": 212}}