{"seed": 7, "Data statistics": "{0: {0: 39, 1: 2014, 2: 25, 3: 43, 4: 1522, 5: 21, 6: 303, 7: 229, 8: 2115}, 1: {0: 127, 1: 213, 2: 2333, 3: 2359, 4: 151, 5: 803, 6: 394}, 2: {0: 3587, 2: 44, 3: 1117, 4: 286, 5: 577, 6: 30, 7: 2393}, 3: {0: 443, 1: 33, 2: 537, 3: 707, 4: 598, 5: 84, 6: 2435, 7: 187, 8: 144, 9: 775}, 4: {0: 253, 1: 17, 3: 149, 4: 1600, 5: 1235, 6: 70, 7: 1179, 8: 605, 9: 538}, 5: {0: 107, 1: 166, 2: 48, 3: 28, 4: 166, 5: 517, 6: 73, 7: 255, 8: 2148, 9: 677}, 6: {0: 629, 1: 23, 2: 1190, 3: 175, 4: 1064, 5: 810, 6: 26, 8: 526, 9: 3818}, 7: {0: 108, 1: 239, 2: 1388, 3: 133, 4: 435, 5: 1312, 6: 461, 8: 112, 9: 123}, 8: {0: 102, 1: 407, 2: 331, 3: 1094, 4: 1, 5: 60, 6: 272, 7: 2022, 8: 200, 9: 18}, 9: {0: 528, 1: 3630, 2: 62, 3: 326, 4: 19, 5: 2, 6: 1854, 8: 1}}", "loading time": 36, "local_train_accs": [0.9832039296466487, 0.987460815047022, 0.9810804082648743, 0.9618038027932021, 0.9746723343960326, 0.9763440860215054, 0.9819634426824839, 0.9858501507770819, 0.9840248502329709, 0.9940828402366864], "local_test_accs": [0.6024, 0.6598, 0.525, 0.8733, 0.718, 0.8253, 0.7878, 0.8111, 0.7408, 0.5056], "pdm_KL_reg 0": {"Best Result": {"Best Sigma0": 3, "Best sigma": 0.9, "Best gamma": 1, "Best Test accuracy": 0.0979, "Train acc": 0.0976}, "PDM log": "{(3, 0.9, 1): {'shapes': [(784, 593), (593,), (593, 117), (117,), (117, 109), (109,), (109, 100), (100,), (100, 10), (10,)], 'train_accuracy': 0.0976, 'test_accuracy': 0.0979}}", "timing": 223}, "best_reg": 0, "skip_pdm": {"Best Result": {"Best Sigma0": 3, "Best sigma": 0.9, "Best gamma": 1, "Best Test accuracy": 0.0986, "Train acc": 0.09841666666666667}, "PDM log": "{(3, 0.9, 1): {'shapes': [(593, 785), (101, 593), (169, 101), (101, 169), (10, 101)], 'train_accuracy': 0.09841666666666667, 'test_accuracy': 0.0986}}", "timing": 171}}