{"seed": 3, "Data statistics": "{0: {0: 416, 1: 250, 2: 208, 3: 168, 4: 7, 5: 2127, 6: 1354, 7: 1453, 8: 272}, 1: {0: 44, 1: 656, 2: 58, 3: 207, 4: 338, 5: 859, 6: 919, 7: 1, 8: 211, 9: 4223}, 2: {0: 4, 1: 136, 2: 877, 3: 632, 4: 143, 5: 124, 6: 212, 7: 11, 9: 17}, 3: {0: 51, 1: 5, 2: 1548, 3: 15, 4: 1673, 5: 159, 6: 226, 7: 867, 8: 99, 9: 893}, 4: {0: 238, 1: 152, 2: 122, 3: 1396, 4: 18, 5: 460, 6: 246, 7: 262, 8: 1433, 9: 815}, 5: {0: 3481, 1: 2521}, 6: {0: 1409, 1: 1469, 2: 476, 3: 30, 4: 74, 5: 233, 6: 756, 7: 25, 8: 2145}, 7: {0: 22, 1: 1, 2: 57, 3: 1707, 4: 2570, 5: 136, 6: 1234, 7: 2438}, 8: {0: 89, 1: 381, 2: 2176, 3: 1701, 4: 184, 5: 174, 6: 906, 7: 223, 8: 551}, 9: {0: 169, 1: 1171, 2: 436, 3: 275, 4: 835, 5: 1149, 6: 65, 7: 985, 8: 1140, 9: 1}}", "loading time": 29, "local_train_accs": [0.9811350919264589, 0.9862959020755722, 0.9828385899814471, 0.971820809248555, 0.9710229482691559, 1.0, 0.9802025086897386, 0.977342314758114, 0.9880971025841817, 0.9850626405396723], "local_test_accs": [0.736, 0.787, 0.6115, 0.7053, 0.8732, 0.2113, 0.6303, 0.5643, 0.8374, 0.8384], "pdm_KL_reg 0": {"Best Result": {"Best Sigma0": 3, "Best sigma": 0.9, "Best gamma": 1, "Best Test accuracy": 0.1892, "Train acc": 0.19348333333333334}, "PDM log": "{(3, 0.9, 1): {'shapes': [(784, 606), (606,), (606, 112), (112,), (112, 108), (108,), (108, 100), (100,), (100, 10), (10,)], 'train_accuracy': 0.19348333333333334, 'test_accuracy': 0.1892}}", "timing": 206}, "best_reg": 0, "skip_pdm": {"Best Result": {"Best Sigma0": 3, "Best sigma": 0.9, "Best gamma": 1, "Best Test accuracy": 0.0967, "Train acc": 0.09628333333333333}, "PDM log": "{(3, 0.9, 1): {'shapes': [(610, 785), (101, 610), (161, 101), (101, 161), (10, 101)], 'train_accuracy': 0.09628333333333333, 'test_accuracy': 0.0967}}", "timing": 219}}