{"seed": 9, "Data statistics": "{0: {0: 320, 1: 314, 2: 328, 3: 343, 4: 345, 5: 345, 6: 324, 7: 337, 8: 335, 9: 343}, 1: {0: 332, 1: 345, 2: 333, 3: 312, 4: 333, 5: 345, 6: 338, 7: 314, 8: 338, 9: 344}, 2: {0: 351, 1: 325, 2: 342, 3: 322, 4: 334, 5: 299, 6: 340, 7: 337, 8: 339, 9: 345}, 3: {0: 371, 1: 317, 2: 336, 3: 334, 4: 318, 5: 333, 6: 337, 7: 345, 8: 310, 9: 333}, 4: {0: 317, 1: 340, 2: 357, 3: 331, 4: 327, 5: 337, 6: 341, 7: 314, 8: 370, 9: 300}, 5: {0: 330, 1: 321, 2: 344, 3: 310, 4: 326, 5: 332, 6: 343, 7: 359, 8: 314, 9: 354}, 6: {0: 339, 1: 344, 2: 346, 3: 342, 4: 348, 5: 318, 6: 336, 7: 333, 8: 318, 9: 309}, 7: {0: 330, 1: 345, 2: 336, 3: 331, 4: 361, 5: 327, 6: 309, 7: 335, 8: 312, 9: 347}, 8: {0: 336, 1: 343, 2: 330, 3: 300, 4: 362, 5: 356, 6: 345, 7: 306, 8: 319, 9: 336}, 9: {0: 289, 1: 387, 2: 310, 3: 352, 4: 325, 5: 350, 6: 342, 7: 328, 8: 337, 9: 313}, 10: {0: 342, 1: 321, 2: 325, 3: 364, 4: 328, 5: 313, 6: 307, 7: 364, 8: 353, 9: 316}, 11: {0: 332, 1: 320, 2: 337, 3: 335, 4: 323, 5: 326, 6: 349, 7: 323, 8: 344, 9: 344}, 12: {0: 322, 1: 325, 2: 312, 3: 362, 4: 309, 5: 348, 6: 311, 7: 362, 8: 341, 9: 341}, 13: {0: 368, 1: 324, 2: 330, 3: 331, 4: 323, 5: 318, 6: 341, 7: 323, 8: 332, 9: 343}, 14: {0: 321, 1: 329, 2: 334, 3: 331, 4: 338, 5: 353, 6: 337, 7: 320, 8: 338, 9: 332}}", "loading time": 128, "local_train_accs": [0.40881823635272946, 0.4538092381523695, 0.4487102579484103, 0.40281943611277743, 0.41631673665266944, 0.41824182418241823, 0.45364536453645365, 0.43354335433543356, 0.43414341434143416, 0.3414341434143414, 0.40054005400540055, 0.42844284428442847, 0.41734173417341736, 0.42784278427842787, 0.4233423342334233], "local_test_accs": [0.3398, 0.3653, 0.3564, 0.3291, 0.3496, 0.3373, 0.3589, 0.3469, 0.3511, 0.298, 0.3253, 0.3456, 0.3498, 0.3475, 0.3452], "Uniform ensemble (Train acc)": 0.41034, "Uniform ensemble (Test acc)": 0.4103, "FedAvg (Train acc)": 0.09998, "FedAvg (Test acc)": 0.0999, "pdm_KL_reg 0": {"Best Result": {"Best Sigma0": 0.5, "Best sigma": 1, "Best gamma": 10, "Best Test accuracy": 0.3807, "Train acc": 0.3807}, "PDM log": "{(0.5, 1, 10): {'shapes': [(3072, 700), (700,), (700, 10), (10,)], 'train_accuracy': 0.3807, 'test_accuracy': 0.3807}}", "timing": 783}, "pdm_KL_reg 0.001": {"Best Result": {"Best Sigma0": 0.5, "Best sigma": 1, "Best gamma": 10, "Best Test accuracy": 0.3783, "Train acc": 0.38162}, "PDM log": "{(0.5, 1, 10): {'shapes': [(3072, 700), (700,), (700, 10), (10,)], 'train_accuracy': 0.38162, 'test_accuracy': 0.3783}}", "timing": 2041}, "pdm_KL_reg 0.005": {"Best Result": {"Best Sigma0": 0.5, "Best sigma": 1, "Best gamma": 10, "Best Test accuracy": 0.3798, "Train acc": 0.38224}, "PDM log": "{(0.5, 1, 10): {'shapes': [(3072, 700), (700,), (700, 10), (10,)], 'train_accuracy': 0.38224, 'test_accuracy': 0.3798}}", "timing": 2158}, "pdm_KL_reg 0.01": {"Best Result": {"Best Sigma0": 0.5, "Best sigma": 1, "Best gamma": 10, "Best Test accuracy": 0.3877, "Train acc": 0.38586}, "PDM log": "{(0.5, 1, 10): {'shapes': [(3072, 700), (700,), (700, 10), (10,)], 'train_accuracy': 0.38586, 'test_accuracy': 0.3877}}", "timing": 2127}, "pdm_KL_reg 0.05": {"Best Result": {"Best Sigma0": 0.5, "Best sigma": 1, "Best gamma": 10, "Best Test accuracy": 0.385, "Train acc": 0.38962}, "PDM log": "{(0.5, 1, 10): {'shapes': [(3072, 700), (700,), (700, 10), (10,)], 'train_accuracy': 0.38962, 'test_accuracy': 0.385}}", "timing": 2095}, "pdm_KL_reg 0.1": {"Best Result": {"Best Sigma0": 0.5, "Best sigma": 1, "Best gamma": 10, "Best Test accuracy": 0.3871, "Train acc": 0.3873}, "PDM log": "{(0.5, 1, 10): {'shapes': [(3072, 700), (700,), (700, 10), (10,)], 'train_accuracy': 0.3873, 'test_accuracy': 0.3871}}", "timing": 2122}, "pdm_KL_reg 0.5": {"Best Result": {"Best Sigma0": 0.5, "Best sigma": 1, "Best gamma": 10, "Best Test accuracy": 0.3871, "Train acc": 0.39132}, "PDM log": "{(0.5, 1, 10): {'shapes': [(3072, 700), (700,), (700, 10), (10,)], 'train_accuracy': 0.39132, 'test_accuracy': 0.3871}}", "timing": 2126}, "pdm_KL_reg 1": {"Best Result": {"Best Sigma0": 0.5, "Best sigma": 1, "Best gamma": 10, "Best Test accuracy": 0.3927, "Train acc": 0.39424}, "PDM log": "{(0.5, 1, 10): {'shapes': [(3072, 700), (700,), (700, 10), (10,)], 'train_accuracy': 0.39424, 'test_accuracy': 0.3927}}", "timing": 2203}, "pdm_KL_reg 2": {"Best Result": {"Best Sigma0": 0.5, "Best sigma": 1, "Best gamma": 10, "Best Test accuracy": 0.3798, "Train acc": 0.38404}, "PDM log": "{(0.5, 1, 10): {'shapes': [(3072, 282), (282,), (282, 10), (10,)], 'train_accuracy': 0.38404, 'test_accuracy': 0.3798}}", "timing": 1239}, "pdm_KL_reg 5": {"Best Result": {"Best Sigma0": 0.5, "Best sigma": 1, "Best gamma": 10, "Best Test accuracy": 0.1, "Train acc": 0.1}, "PDM log": "{(0.5, 1, 10): {'shapes': [(3072, 114), (114,), (114, 10), (10,)], 'train_accuracy': 0.1, 'test_accuracy': 0.1}}", "timing": 762}, "pdm_KL_reg 10": {"Best Result": {"Best Sigma0": 0.5, "Best sigma": 1, "Best gamma": 10, "Best Test accuracy": 0.1, "Train acc": 0.1}, "PDM log": "{(0.5, 1, 10): {'shapes': [(3072, 114), (114,), (114, 10), (10,)], 'train_accuracy': 0.1, 'test_accuracy': 0.1}}", "timing": 801}, "best_reg": 1}