{"seed": 7, "Data statistics": "{0: {0: 1220, 1: 1421, 2: 4369, 3: 2059, 4: 1874, 5: 1540, 6: 3139, 7: 72, 8: 4688, 9: 4916}, 1: {0: 3780, 1: 3579, 2: 631, 3: 2941, 4: 3126, 5: 3460, 6: 1861, 7: 4928, 8: 312, 9: 84}}", "local_train_accs": [0.5556961024586924, 0.5559468868917496], "local_test_accs": [0.3653, 0.3655], "pdm_match": {}, "pdm_KL_match": {}, "pdm_KL2_match": {"Best Result": {"Best Sigma0": 1.0, "Best sigma": 1.0, "Best gamma": 10.0, "Best Test accuracy": 0.4005, "Train acc": 0.41592}, "PDM log": "{(1.0, 1.0, 1.0): {'shapes': [(3072, 130), (130,), (130, 10), (10,)], 'train_accuracy': 0.4159, 'test_accuracy': 0.4006}, (10.0, 1.0, 1.0): {'shapes': [(3072, 106), (106,), (106, 10), (10,)], 'train_accuracy': 0.38374, 'test_accuracy': 0.3736}, (1.0, 0.1, 1.0): {'shapes': [(3072, 179), (179,), (179, 10), (10,)], 'train_accuracy': 0.413, 'test_accuracy': 0.3971}, (10.0, 0.1, 1.0): {'shapes': [(3072, 110), (110,), (110, 10), (10,)], 'train_accuracy': 0.38904, 'test_accuracy': 0.3774}, (1.0, 0.5, 1.0): {'shapes': [(3072, 173), (173,), (173, 10), (10,)], 'train_accuracy': 0.41442, 'test_accuracy': 0.3992}, (10.0, 0.5, 1.0): {'shapes': [(3072, 108), (108,), (108, 10), (10,)], 'train_accuracy': 0.38648, 'test_accuracy': 0.3769}, (1.0, 1.0, 10.0): {'shapes': [(3072, 172), (172,), (172, 10), (10,)], 'train_accuracy': 0.41592, 'test_accuracy': 0.4005}, (10.0, 1.0, 10.0): {'shapes': [(3072, 130), (130,), (130, 10), (10,)], 'train_accuracy': 0.41268, 'test_accuracy': 0.3969}, (1.0, 0.1, 10.0): {'shapes': [(3072, 185), (185,), (185, 10), (10,)], 'train_accuracy': 0.41302, 'test_accuracy': 0.3971}, (10.0, 0.1, 10.0): {'shapes': [(3072, 140), (140,), (140, 10), (10,)], 'train_accuracy': 0.41202, 'test_accuracy': 0.3959}, (1.0, 0.5, 10.0): {'shapes': [(3072, 179), (179,), (179, 10), (10,)], 'train_accuracy': 0.41442, 'test_accuracy': 0.3992}, (10.0, 0.5, 10.0): {'shapes': [(3072, 135), (135,), (135, 10), (10,)], 'train_accuracy': 0.41248, 'test_accuracy': 0.3967}, (1.0, 1.0, 50.0): {'shapes': [(3072, 179), (179,), (179, 10), (10,)], 'train_accuracy': 0.41592, 'test_accuracy': 0.4005}, (10.0, 1.0, 50.0): {'shapes': [(3072, 173), (173,), (173, 10), (10,)], 'train_accuracy': 0.41298, 'test_accuracy': 0.3971}, (1.0, 0.1, 50.0): {'shapes': [(3072, 192), (192,), (192, 10), (10,)], 'train_accuracy': 0.41302, 'test_accuracy': 0.3971}, (10.0, 0.1, 50.0): {'shapes': [(3072, 175), (175,), (175, 10), (10,)], 'train_accuracy': 0.41218, 'test_accuracy': 0.3958}, (1.0, 0.5, 50.0): {'shapes': [(3072, 186), (186,), (186, 10), (10,)], 'train_accuracy': 0.41444, 'test_accuracy': 0.3992}, (10.0, 0.5, 50.0): {'shapes': [(3072, 174), (174,), (174, 10), (10,)], 'train_accuracy': 0.41264, 'test_accuracy': 0.3968}}", "timing": 619}}