{"seed": 4, "Data statistics": "{0: {0: 239, 1: 264, 2: 252, 3: 263, 4: 236, 5: 187, 6: 235, 7: 257, 8: 225, 9: 242}, 1: {0: 225, 1: 272, 2: 261, 3: 224, 4: 234, 5: 224, 6: 243, 7: 242, 8: 235, 9: 240}, 2: {0: 254, 1: 293, 2: 215, 3: 246, 4: 202, 5: 219, 6: 241, 7: 249, 8: 247, 9: 234}, 3: {0: 234, 1: 231, 2: 246, 3: 256, 4: 246, 5: 231, 6: 219, 7: 274, 8: 234, 9: 229}, 4: {0: 245, 1: 282, 2: 271, 3: 236, 4: 208, 5: 227, 6: 234, 7: 258, 8: 227, 9: 212}, 5: {0: 228, 1: 278, 2: 235, 3: 241, 4: 241, 5: 214, 6: 247, 7: 234, 8: 242, 9: 240}, 6: {0: 224, 1: 290, 2: 234, 3: 237, 4: 230, 5: 217, 6: 238, 7: 242, 8: 246, 9: 242}, 7: {0: 228, 1: 269, 2: 228, 3: 247, 4: 251, 5: 210, 6: 230, 7: 245, 8: 244, 9: 248}, 8: {0: 215, 1: 253, 2: 235, 3: 245, 4: 244, 5: 227, 6: 234, 7: 255, 8: 225, 9: 267}, 9: {0: 256, 1: 266, 2: 217, 3: 250, 4: 248, 5: 218, 6: 245, 7: 233, 8: 223, 9: 244}, 10: {0: 233, 1: 274, 2: 242, 3: 233, 4: 223, 5: 228, 6: 254, 7: 271, 8: 192, 9: 250}, 11: {0: 226, 1: 280, 2: 244, 3: 275, 4: 238, 5: 222, 6: 253, 7: 235, 8: 212, 9: 215}, 12: {0: 251, 1: 277, 2: 237, 3: 260, 4: 249, 5: 205, 6: 251, 7: 211, 8: 229, 9: 230}, 13: {0: 233, 1: 272, 2: 235, 3: 267, 4: 222, 5: 216, 6: 256, 7: 248, 8: 235, 9: 216}, 14: {0: 267, 1: 261, 2: 224, 3: 234, 4: 251, 5: 202, 6: 210, 7: 260, 8: 243, 9: 248}, 15: {0: 207, 1: 273, 2: 244, 3: 243, 4: 230, 5: 220, 6: 241, 7: 270, 8: 224, 9: 248}, 16: {0: 250, 1: 278, 2: 240, 3: 234, 4: 237, 5: 218, 6: 230, 7: 257, 8: 224, 9: 232}, 17: {0: 237, 1: 271, 2: 251, 3: 246, 4: 221, 5: 203, 6: 219, 7: 283, 8: 238, 9: 231}, 18: {0: 240, 1: 255, 2: 233, 3: 248, 4: 246, 5: 212, 6: 224, 7: 245, 8: 269, 9: 228}, 19: {0: 256, 1: 272, 2: 251, 3: 230, 4: 226, 5: 210, 6: 249, 7: 233, 8: 240, 9: 233}, 20: {0: 222, 1: 277, 2: 224, 3: 235, 4: 234, 5: 215, 6: 225, 7: 246, 8: 262, 9: 260}, 21: {0: 232, 1: 290, 2: 259, 3: 241, 4: 226, 5: 217, 6: 218, 7: 269, 8: 207, 9: 241}, 22: {0: 255, 1: 240, 2: 233, 3: 244, 4: 232, 5: 233, 6: 231, 7: 254, 8: 236, 9: 242}, 23: {0: 221, 1: 258, 2: 230, 3: 254, 4: 242, 5: 206, 6: 261, 7: 252, 8: 251, 9: 225}, 24: {0: 245, 1: 266, 2: 217, 3: 242, 4: 225, 5: 240, 6: 230, 7: 242, 8: 241, 9: 252}}", "loading time": 67, "local_train_accs": [1.0, 0.9733333333333334, 0.9945833333333334, 0.9841666666666666, 0.9975, 1.0, 1.0, 0.9995833333333334, 0.9975, 0.9995833333333334, 0.9979166666666667, 1.0, 1.0, 0.9970833333333333, 1.0, 1.0, 0.99625, 0.9925, 1.0, 1.0, 1.0, 1.0, 1.0, 1.0, 1.0], "local_test_accs": [0.9338, 0.9021, 0.9259, 0.8996, 0.9232, 0.9344, 0.9381, 0.9316, 0.9183, 0.93, 0.9326, 0.9352, 0.9285, 0.926, 0.9361, 0.9345, 0.9235, 0.9241, 0.934, 0.934, 0.9362, 0.9384, 0.9366, 0.9377, 0.9299], "Uniform ensemble (Train acc)": 0.9565166666666667, "Uniform ensemble (Test acc)": 0.9571, "FedAvg (Train acc)": 0.13061666666666666, "FedAvg (Test acc)": 0.1329, "pdm_KL_reg 0": {"Best Result": {"Best Sigma0": 0.5, "Best sigma": 1, "Best gamma": 10, "Best Test accuracy": 0.9516, "Train acc": 0.9504}, "PDM log": "{(0.5, 1, 10): {'shapes': [(784, 319), (319,), (319, 10), (10,)], 'train_accuracy': 0.9504, 'test_accuracy': 0.9516}}", "timing": 134}, "pdm_KL_reg 0.001": {"Best Result": {"Best Sigma0": 0.5, "Best sigma": 1, "Best gamma": 10, "Best Test accuracy": 0.9508, "Train acc": 0.9498}, "PDM log": "{(0.5, 1, 10): {'shapes': [(784, 320), (320,), (320, 10), (10,)], 'train_accuracy': 0.9498, 'test_accuracy': 0.9508}}", "timing": 294}, "pdm_KL_reg 0.005": {"Best Result": {"Best Sigma0": 0.5, "Best sigma": 1, "Best gamma": 10, "Best Test accuracy": 0.9504, "Train acc": 0.95}, "PDM log": "{(0.5, 1, 10): {'shapes': [(784, 316), (316,), (316, 10), (10,)], 'train_accuracy': 0.95, 'test_accuracy': 0.9504}}", "timing": 340}, "pdm_KL_reg 0.01": {"Best Result": {"Best Sigma0": 0.5, "Best sigma": 1, "Best gamma": 10, "Best Test accuracy": 0.95, "Train acc": 0.9502166666666667}, "PDM log": "{(0.5, 1, 10): {'shapes': [(784, 315), (315,), (315, 10), (10,)], 'train_accuracy': 0.9502166666666667, 'test_accuracy': 0.95}}", "timing": 354}, "pdm_KL_reg 0.05": {"Best Result": {"Best Sigma0": 0.5, "Best sigma": 1, "Best gamma": 10, "Best Test accuracy": 0.9509, "Train acc": 0.95095}, "PDM log": "{(0.5, 1, 10): {'shapes': [(784, 326), (326,), (326, 10), (10,)], 'train_accuracy': 0.95095, 'test_accuracy': 0.9509}}", "timing": 288}, "pdm_KL_reg 0.1": {"Best Result": {"Best Sigma0": 0.5, "Best sigma": 1, "Best gamma": 10, "Best Test accuracy": 0.9504, "Train acc": 0.9502}, "PDM log": "{(0.5, 1, 10): {'shapes': [(784, 328), (328,), (328, 10), (10,)], 'train_accuracy': 0.9502, 'test_accuracy': 0.9504}}", "timing": 268}, "pdm_KL_reg 0.5": {"Best Result": {"Best Sigma0": 0.5, "Best sigma": 1, "Best gamma": 10, "Best Test accuracy": 0.9541, "Train acc": 0.9524833333333333}, "PDM log": "{(0.5, 1, 10): {'shapes': [(784, 421), (421,), (421, 10), (10,)], 'train_accuracy': 0.9524833333333333, 'test_accuracy': 0.9541}}", "timing": 375}, "pdm_KL_reg 1": {"Best Result": {"Best Sigma0": 0.5, "Best sigma": 1, "Best gamma": 10, "Best Test accuracy": 0.9545, "Train acc": 0.9518}, "PDM log": "{(0.5, 1, 10): {'shapes': [(784, 626), (626,), (626, 10), (10,)], 'train_accuracy': 0.9518, 'test_accuracy': 0.9545}}", "timing": 637}, "pdm_KL_reg 2": {"Best Result": {"Best Sigma0": 0.5, "Best sigma": 1, "Best gamma": 10, "Best Test accuracy": 0.9076, "Train acc": 0.9046333333333333}, "PDM log": "{(0.5, 1, 10): {'shapes': [(784, 363), (363,), (363, 10), (10,)], 'train_accuracy': 0.9046333333333333, 'test_accuracy': 0.9076}}", "timing": 582}, "pdm_KL_reg 5": {"Best Result": {"Best Sigma0": 0.5, "Best sigma": 1, "Best gamma": 10, "Best Test accuracy": 0.0892, "Train acc": 0.09035}, "PDM log": "{(0.5, 1, 10): {'shapes': [(784, 148), (148,), (148, 10), (10,)], 'train_accuracy': 0.09035, 'test_accuracy': 0.0892}}", "timing": 140}, "pdm_KL_reg 10": {"Best Result": {"Best Sigma0": 0.5, "Best sigma": 1, "Best gamma": 10, "Best Test accuracy": 0.0892, "Train acc": 0.09035}, "PDM log": "{(0.5, 1, 10): {'shapes': [(784, 148), (148,), (148, 10), (10,)], 'train_accuracy': 0.09035, 'test_accuracy': 0.0892}}", "timing": 113}, "best_reg": 1}