{"seed": 2, "Data statistics": "{0: {0: 20, 1: 166, 2: 805, 3: 1865, 4: 1297, 5: 1014}, 1: {0: 318, 1: 1068, 2: 10, 3: 177, 4: 73, 5: 25, 6: 630, 7: 719, 8: 206, 9: 1249}, 2: {0: 527, 1: 20, 2: 32, 3: 198, 4: 71, 5: 33, 6: 27, 7: 626, 8: 383, 9: 244}, 3: {0: 271, 1: 1707, 2: 2, 3: 229, 4: 526, 5: 372, 6: 24, 7: 175, 8: 413, 9: 1788}, 4: {0: 930, 1: 357, 2: 340, 3: 268, 4: 2215, 5: 2429}, 5: {0: 226, 1: 83, 2: 2028, 3: 461, 4: 131, 5: 293, 6: 10, 7: 3134}, 6: {0: 39, 1: 1568, 2: 691, 3: 1584, 4: 370, 5: 669, 6: 1506}, 7: {0: 1548, 1: 6, 2: 397, 3: 188, 4: 35, 5: 155, 6: 806, 7: 179, 8: 2216}, 8: {0: 1107, 1: 22, 2: 294, 3: 17, 4: 264, 6: 1214, 7: 8, 8: 749, 9: 929}, 9: {0: 14, 1: 3, 2: 401, 3: 13, 4: 18, 5: 10, 6: 783, 7: 159, 8: 1033, 9: 790}}", "local_train_accs": [0.5308689761950842, 0.6283798882681564, 0.6043498380379454, 0.5749046667877247, 0.6887903349135953, 0.6961985548224945, 0.5834759607904154, 0.681374321880651, 0.6498696785403997, 0.7391439205955335], "local_test_accs": [0.2115, 0.3157, 0.2565, 0.2951, 0.2525, 0.2024, 0.2713, 0.2682, 0.2893, 0.2759], "Uniform ensemble (Train acc)": 0.44066, "Uniform ensemble (Test acc)": 0.431, "FedAvg (Train acc)": 0.10242, "FedAvg (Test acc)": 0.104, "pdm_match": {"Best Result": {"Best Sigma0": 10.0, "Best sigma": 0.1, "Best gamma": 50.0, "Best Test accuracy": 0.2713, "Train acc": 0.27156}, "PDM log": "{(1.0, 1.0, 1.0): {'shapes': [(3072, 599), (599,), (599, 100), (100,), (100, 10), (10,)], 'train_accuracy': 0.1952, 'test_accuracy': 0.1974}, (10.0, 1.0, 1.0): {'shapes': [(3072, 700), (700,), (700, 100), (100,), (100, 10), (10,)], 'train_accuracy': 0.2082, 'test_accuracy': 0.2106}, (1.0, 0.1, 1.0): {'shapes': [(3072, 700), (700,), (700, 106), (106,), (106, 10), (10,)], 'train_accuracy': 0.20114, 'test_accuracy': 0.196}, (10.0, 0.1, 1.0): {'shapes': [(3072, 700), (700,), (700, 107), (107,), (107, 10), (10,)], 'train_accuracy': 0.2134, 'test_accuracy': 0.2136}, (1.0, 0.5, 1.0): {'shapes': [(3072, 700), (700,), (700, 100), (100,), (100, 10), (10,)], 'train_accuracy': 0.21014, 'test_accuracy': 0.2163}, (10.0, 0.5, 1.0): {'shapes': [(3072, 700), (700,), (700, 100), (100,), (100, 10), (10,)], 'train_accuracy': 0.20718, 'test_accuracy': 0.2074}, (1.0, 1.0, 10.0): {'shapes': [(3072, 700), (700,), (700, 118), (118,), (118, 10), (10,)], 'train_accuracy': 0.19204, 'test_accuracy': 0.1951}, (10.0, 1.0, 10.0): {'shapes': [(3072, 700), (700,), (700, 118), (118,), (118, 10), (10,)], 'train_accuracy': 0.2304, 'test_accuracy': 0.2328}, (1.0, 0.1, 10.0): {'shapes': [(3072, 700), (700,), (700, 129), (129,), (129, 10), (10,)], 'train_accuracy': 0.21922, 'test_accuracy': 0.2242}, (10.0, 0.1, 10.0): {'shapes': [(3072, 700), (700,), (700, 129), (129,), (129, 10), (10,)], 'train_accuracy': 0.22952, 'test_accuracy': 0.2297}, (1.0, 0.5, 10.0): {'shapes': [(3072, 700), (700,), (700, 118), (118,), (118, 10), (10,)], 'train_accuracy': 0.19452, 'test_accuracy': 0.193}, (10.0, 0.5, 10.0): {'shapes': [(3072, 700), (700,), (700, 118), (118,), (118, 10), (10,)], 'train_accuracy': 0.229, 'test_accuracy': 0.2294}, (1.0, 1.0, 50.0): {'shapes': [(3072, 700), (700,), (700, 199), (199,), (199, 10), (10,)], 'train_accuracy': 0.25984, 'test_accuracy': 0.2587}, (10.0, 1.0, 50.0): {'shapes': [(3072, 700), (700,), (700, 226), (226,), (226, 10), (10,)], 'train_accuracy': 0.25494, 'test_accuracy': 0.255}, (1.0, 0.1, 50.0): {'shapes': [(3072, 700), (700,), (700, 225), (225,), (225, 10), (10,)], 'train_accuracy': 0.26172, 'test_accuracy': 0.2598}, (10.0, 0.1, 50.0): {'shapes': [(3072, 700), (700,), (700, 244), (244,), (244, 10), (10,)], 'train_accuracy': 0.27156, 'test_accuracy': 0.2713}, (1.0, 0.5, 50.0): {'shapes': [(3072, 700), (700,), (700, 190), (190,), (190, 10), (10,)], 'train_accuracy': 0.2373, 'test_accuracy': 0.237}, (10.0, 0.5, 50.0): {'shapes': [(3072, 700), (700,), (700, 226), (226,), (226, 10), (10,)], 'train_accuracy': 0.267, 'test_accuracy': 0.2646}}", "timing": "27147"}, "pdm_KL_match": {}, "pdm_KL2_match": {"Best Result": {"Best Sigma0": 1.0, "Best sigma": 1.0, "Best gamma": 50.0, "Best Test accuracy": 0.2635, "Train acc": 0.26528}, "PDM log": "{(1.0, 1.0, 1.0): {'shapes': [(3072, 289), (289,), (289, 100), (100,), (100, 10), (10,)], 'train_accuracy': 0.21814, 'test_accuracy': 0.2186}, (10.0, 1.0, 1.0): {'shapes': [(3072, 118), (118,), (118, 100), (100,), (100, 10), (10,)], 'train_accuracy': 0.1734, 'test_accuracy': 0.1708}, (1.0, 0.1, 1.0): {'shapes': [(3072, 700), (700,), (700, 100), (100,), (100, 10), (10,)], 'train_accuracy': 0.23254, 'test_accuracy': 0.2359}, (10.0, 0.1, 1.0): {'shapes': [(3072, 127), (127,), (127, 100), (100,), (100, 10), (10,)], 'train_accuracy': 0.18946, 'test_accuracy': 0.1897}, (1.0, 0.5, 1.0): {'shapes': [(3072, 700), (700,), (700, 100), (100,), (100, 10), (10,)], 'train_accuracy': 0.20594, 'test_accuracy': 0.2053}, (10.0, 0.5, 1.0): {'shapes': [(3072, 127), (127,), (127, 100), (100,), (100, 10), (10,)], 'train_accuracy': 0.19768, 'test_accuracy': 0.1989}, (1.0, 1.0, 10.0): {'shapes': [(3072, 694), (694,), (694, 127), (127,), (127, 10), (10,)], 'train_accuracy': 0.24614, 'test_accuracy': 0.2489}, (10.0, 1.0, 10.0): {'shapes': [(3072, 289), (289,), (289, 127), (127,), (127, 10), (10,)], 'train_accuracy': 0.21332, 'test_accuracy': 0.2134}, (1.0, 0.1, 10.0): {'shapes': [(3072, 700), (700,), (700, 127), (127,), (127, 10), (10,)], 'train_accuracy': 0.2398, 'test_accuracy': 0.2377}, (10.0, 0.1, 10.0): {'shapes': [(3072, 370), (370,), (370, 127), (127,), (127, 10), (10,)], 'train_accuracy': 0.21966, 'test_accuracy': 0.2169}, (1.0, 0.5, 10.0): {'shapes': [(3072, 700), (700,), (700, 127), (127,), (127, 10), (10,)], 'train_accuracy': 0.22728, 'test_accuracy': 0.2301}, (10.0, 0.5, 10.0): {'shapes': [(3072, 325), (325,), (325, 127), (127,), (127, 10), (10,)], 'train_accuracy': 0.21534, 'test_accuracy': 0.2149}, (1.0, 1.0, 50.0): {'shapes': [(3072, 700), (700,), (700, 235), (235,), (235, 10), (10,)], 'train_accuracy': 0.26528, 'test_accuracy': 0.2635}, (10.0, 1.0, 50.0): {'shapes': [(3072, 487), (487,), (487, 235), (235,), (235, 10), (10,)], 'train_accuracy': 0.2567, 'test_accuracy': 0.2546}, (1.0, 0.1, 50.0): {'shapes': [(3072, 700), (700,), (700, 244), (244,), (244, 10), (10,)], 'train_accuracy': 0.23082, 'test_accuracy': 0.2315}, (10.0, 0.1, 50.0): {'shapes': [(3072, 487), (487,), (487, 235), (235,), (235, 10), (10,)], 'train_accuracy': 0.25786, 'test_accuracy': 0.2541}, (1.0, 0.5, 50.0): {'shapes': [(3072, 700), (700,), (700, 235), (235,), (235, 10), (10,)], 'train_accuracy': 0.24052, 'test_accuracy': 0.2392}, (10.0, 0.5, 50.0): {'shapes': [(3072, 532), (532,), (532, 235), (235,), (235, 10), (10,)], 'train_accuracy': 0.2536, 'test_accuracy': 0.2539}}", "timing": 44985}}