{"seed": 1, "Data statistics": "{0: {0: 64, 1: 306, 2: 78, 3: 575, 4: 153, 5: 1405, 6: 540, 7: 346, 8: 1359, 9: 1110}, 1: {0: 727, 1: 1165, 2: 328, 3: 541, 4: 88, 5: 2, 6: 289, 7: 5, 8: 96, 9: 963}, 2: {0: 97, 1: 6, 2: 449, 3: 1188, 4: 884, 5: 1983, 6: 1198}, 3: {0: 1155, 1: 249, 2: 41, 3: 844, 4: 1354, 5: 27, 6: 2, 7: 612, 8: 1013}, 4: {0: 11, 1: 434, 2: 412, 3: 239, 4: 1707, 5: 740, 6: 107, 7: 830, 8: 236, 9: 272}, 5: {0: 2048, 1: 1819, 2: 716, 3: 194, 4: 566}, 6: {0: 12, 1: 682, 2: 1563, 3: 2, 4: 108, 5: 36, 6: 1697, 7: 811, 8: 52, 9: 2532}, 7: {0: 381, 1: 270, 2: 1103, 3: 250, 4: 16, 5: 214, 6: 381, 7: 1715, 8: 828}, 8: {0: 231, 1: 5, 3: 617, 4: 123, 5: 326, 6: 2, 8: 664, 9: 12}, 9: {0: 274, 1: 64, 2: 310, 3: 550, 4: 1, 5: 267, 6: 784, 7: 681, 8: 752, 9: 111}}", "local_train_accs": [0.5958557951482479, 0.5568506184586108, 0.5055986218776917, 0.5935435151972814, 0.532878909382518, 0.702601534718323, 0.6793862575050034, 0.555447848003102, 0.6287878787878788, 0.5643120716921455], "local_test_accs": [0.3077, 0.2864, 0.2035, 0.2914, 0.2872, 0.2225, 0.2924, 0.2965, 0.2067, 0.3096], "Uniform ensemble (Train acc)": 0.42946, "Uniform ensemble (Test acc)": 0.4238, "FedAvg (Train acc)": 0.10004, "FedAvg (Test acc)": 0.1001, "pdm_match": {"Best Result": {"Best Sigma0": 1.0, "Best sigma": 0.5, "Best gamma": 1.0, "Best Test accuracy": 0.2912, "Train acc": 0.29592}, "PDM log": "{(1.0, 1.0, 1.0): {'shapes': [(3072, 589), (589,), (589, 100), (100,), (100, 10), (10,)], 'train_accuracy': 0.27994, 'test_accuracy': 0.2793}, (10.0, 1.0, 1.0): {'shapes': [(3072, 700), (700,), (700, 100), (100,), (100, 10), (10,)], 'train_accuracy': 0.29274, 'test_accuracy': 0.2894}, (1.0, 0.1, 1.0): {'shapes': [(3072, 700), (700,), (700, 102), (102,), (102, 10), (10,)], 'train_accuracy': 0.24714, 'test_accuracy': 0.2416}, (10.0, 0.1, 1.0): {'shapes': [(3072, 700), (700,), (700, 104), (104,), (104, 10), (10,)], 'train_accuracy': 0.28716, 'test_accuracy': 0.2804}, (1.0, 0.5, 1.0): {'shapes': [(3072, 700), (700,), (700, 100), (100,), (100, 10), (10,)], 'train_accuracy': 0.29592, 'test_accuracy': 0.2912}, (10.0, 0.5, 1.0): {'shapes': [(3072, 700), (700,), (700, 100), (100,), (100, 10), (10,)], 'train_accuracy': 0.22452, 'test_accuracy': 0.2299}, (1.0, 1.0, 10.0): {'shapes': [(3072, 700), (700,), (700, 118), (118,), (118, 10), (10,)], 'train_accuracy': 0.28028, 'test_accuracy': 0.2762}, (10.0, 1.0, 10.0): {'shapes': [(3072, 700), (700,), (700, 127), (127,), (127, 10), (10,)], 'train_accuracy': 0.26944, 'test_accuracy': 0.2677}, (1.0, 0.1, 10.0): {'shapes': [(3072, 700), (700,), (700, 127), (127,), (127, 10), (10,)], 'train_accuracy': 0.25552, 'test_accuracy': 0.2548}, (10.0, 0.1, 10.0): {'shapes': [(3072, 700), (700,), (700, 127), (127,), (127, 10), (10,)], 'train_accuracy': 0.2292, 'test_accuracy': 0.2231}, (1.0, 0.5, 10.0): {'shapes': [(3072, 700), (700,), (700, 118), (118,), (118, 10), (10,)], 'train_accuracy': 0.2627, 'test_accuracy': 0.2612}, (10.0, 0.5, 10.0): {'shapes': [(3072, 700), (700,), (700, 127), (127,), (127, 10), (10,)], 'train_accuracy': 0.25296, 'test_accuracy': 0.2483}, (1.0, 1.0, 50.0): {'shapes': [(3072, 700), (700,), (700, 217), (217,), (217, 10), (10,)], 'train_accuracy': 0.28354, 'test_accuracy': 0.2806}, (10.0, 1.0, 50.0): {'shapes': [(3072, 700), (700,), (700, 226), (226,), (226, 10), (10,)], 'train_accuracy': 0.27414, 'test_accuracy': 0.2714}, (1.0, 0.1, 50.0): {'shapes': [(3072, 700), (700,), (700, 235), (235,), (235, 10), (10,)], 'train_accuracy': 0.26984, 'test_accuracy': 0.2682}, (10.0, 0.1, 50.0): {'shapes': [(3072, 700), (700,), (700, 235), (235,), (235, 10), (10,)], 'train_accuracy': 0.28772, 'test_accuracy': 0.2834}, (1.0, 0.5, 50.0): {'shapes': [(3072, 700), (700,), (700, 217), (217,), (217, 10), (10,)], 'train_accuracy': 0.27698, 'test_accuracy': 0.2742}, (10.0, 0.5, 50.0): {'shapes': [(3072, 700), (700,), (700, 235), (235,), (235, 10), (10,)], 'train_accuracy': 0.25774, 'test_accuracy': 0.2553}}", "timing": "26306"}, "pdm_KL_match": {}, "pdm_KL2_match": {"Best Result": {"Best Sigma0": 1.0, "Best sigma": 0.1, "Best gamma": 1.0, "Best Test accuracy": 0.2801, "Train acc": 0.28124}, "PDM log": "{(1.0, 1.0, 1.0): {'shapes': [(3072, 298), (298,), (298, 100), (100,), (100, 10), (10,)], 'train_accuracy': 0.26134, 'test_accuracy': 0.2597}, (10.0, 1.0, 1.0): {'shapes': [(3072, 118), (118,), (118, 100), (100,), (100, 10), (10,)], 'train_accuracy': 0.19816, 'test_accuracy': 0.2001}, (1.0, 0.1, 1.0): {'shapes': [(3072, 700), (700,), (700, 100), (100,), (100, 10), (10,)], 'train_accuracy': 0.28124, 'test_accuracy': 0.2801}, (10.0, 0.1, 1.0): {'shapes': [(3072, 127), (127,), (127, 100), (100,), (100, 10), (10,)], 'train_accuracy': 0.17572, 'test_accuracy': 0.1734}, (1.0, 0.5, 1.0): {'shapes': [(3072, 700), (700,), (700, 100), (100,), (100, 10), (10,)], 'train_accuracy': 0.26154, 'test_accuracy': 0.2568}, (10.0, 0.5, 1.0): {'shapes': [(3072, 118), (118,), (118, 100), (100,), (100, 10), (10,)], 'train_accuracy': 0.17286, 'test_accuracy': 0.1763}, (1.0, 1.0, 10.0): {'shapes': [(3072, 694), (694,), (694, 127), (127,), (127, 10), (10,)], 'train_accuracy': 0.2612, 'test_accuracy': 0.258}, (10.0, 1.0, 10.0): {'shapes': [(3072, 280), (280,), (280, 127), (127,), (127, 10), (10,)], 'train_accuracy': 0.25648, 'test_accuracy': 0.2544}, (1.0, 0.1, 10.0): {'shapes': [(3072, 700), (700,), (700, 127), (127,), (127, 10), (10,)], 'train_accuracy': 0.27002, 'test_accuracy': 0.2653}, (10.0, 0.1, 10.0): {'shapes': [(3072, 370), (370,), (370, 127), (127,), (127, 10), (10,)], 'train_accuracy': 0.25398, 'test_accuracy': 0.2523}, (1.0, 0.5, 10.0): {'shapes': [(3072, 700), (700,), (700, 127), (127,), (127, 10), (10,)], 'train_accuracy': 0.25716, 'test_accuracy': 0.2501}, (10.0, 0.5, 10.0): {'shapes': [(3072, 325), (325,), (325, 127), (127,), (127, 10), (10,)], 'train_accuracy': 0.26958, 'test_accuracy': 0.27}, (1.0, 1.0, 50.0): {'shapes': [(3072, 700), (700,), (700, 235), (235,), (235, 10), (10,)], 'train_accuracy': 0.2478, 'test_accuracy': 0.245}, (10.0, 1.0, 50.0): {'shapes': [(3072, 496), (496,), (496, 235), (235,), (235, 10), (10,)], 'train_accuracy': 0.27474, 'test_accuracy': 0.2687}, (1.0, 0.1, 50.0): {'shapes': [(3072, 700), (700,), (700, 244), (244,), (244, 10), (10,)], 'train_accuracy': 0.2371, 'test_accuracy': 0.2383}, (10.0, 0.1, 50.0): {'shapes': [(3072, 568), (568,), (568, 235), (235,), (235, 10), (10,)], 'train_accuracy': 0.2581, 'test_accuracy': 0.254}, (1.0, 0.5, 50.0): {'shapes': [(3072, 700), (700,), (700, 235), (235,), (235, 10), (10,)], 'train_accuracy': 0.28062, 'test_accuracy': 0.2797}, (10.0, 0.5, 50.0): {'shapes': [(3072, 532), (532,), (532, 235), (235,), (235, 10), (10,)], 'train_accuracy': 0.2558, 'test_accuracy': 0.2546}}", "timing": 46483}}