{"n_layers 1": {"local acc": 0.7392749999999999, "local std": 0.03027092705881337, "ensemble acc": 0.9356300000000001, "ensemble std": 0.02848304934518072, "fedavg acc": 0.18095999999999998, "fedavg std": 0.029840549592794034, "pdm acc": 0.8853200000000001, "pdm std": 0.04005243563130712, "kl acc": 0.8903954768676995, "kl std": 0.03902309700677281}, "n_layers 2": {"local acc": 0.723191, "local std": 0.02814317446557868, "ensemble acc": 0.93704, "ensemble std": 0.02600681449159046, "fedavg acc": 0.09717, "fedavg std": 0.0031679804292324785, "pdm acc": 0.87704, "pdm std": 0.04544852472853215, "kl acc": 0.8939750000000001, "kl std": 0.039618996706125696}, "n_layers 3": {"local acc": 0.716009, "local std": 0.03154127500593469, "ensemble acc": 0.92956, "ensemble std": 0.03479698837543273, "fedavg acc": 0.09864999999999999, "fedavg std": 0.0040311908910395195, "pdm acc": 0.8695600000000001, "pdm std": 0.05446066470398611, "kl acc": 0.9027100000000001, "kl std": 0.04453196716966364}, "n_layers 4": {"local acc": 0.6974410000000001, "local std": 0.037439304868012675, "ensemble acc": 0.93198, "ensemble std": 0.037937996784226755, "fedavg acc": 0.09459999999999999, "fedavg std": 0.005633471398702581, "pdm acc": 0.87198, "pdm std": 0.08219954744400969, "kl acc": 0.89368, "kl std": 0.07264815276385216}, "n_layers 5": {"local acc": 0.673349, "local std": 0.03476958770247356, "ensemble acc": 0.9209400000000001, "ensemble std": 0.036540311985531815, "fedavg acc": 0.09548, "fedavg std": 0.006433164073766501, "pdm acc": 0.86094, "pdm std": 0.04676653611290877, "kl acc": 0.890815, "kl std": 0.046255702351169624}, "n_layers 6": {"local acc": 0.649403, "local std": 0.03508278867193996, "ensemble acc": 0.92174, "ensemble std": 0.03702040518416836, "fedavg acc": 0.09856000000000001, "fedavg std": 0.0061837205628973895, "pdm acc": 0.86174, "pdm std": 0.02518165999293931, "kl acc": 0.8743533333333333, "kl std": 0.03409083307870314}}