{"seed": 4, "Data statistics": "{0: {0: 169, 1: 1363, 2: 279, 3: 2663}, 1: {0: 364, 1: 238, 2: 145, 3: 5, 4: 26, 5: 835, 6: 242, 7: 1252, 8: 1642}, 2: {0: 239, 1: 1102, 2: 75, 3: 318, 4: 1934, 5: 54, 6: 14, 7: 11, 8: 294}, 3: {0: 333, 1: 63, 2: 379, 3: 192, 4: 1710, 5: 59, 6: 1772}, 4: {0: 1, 1: 560, 2: 318, 3: 451, 4: 198, 5: 844, 6: 2234}, 5: {0: 123, 1: 150, 2: 13, 3: 35, 4: 92, 5: 1268, 6: 49, 7: 210, 8: 60, 9: 48}, 6: {0: 62, 1: 154, 2: 223, 3: 59, 4: 1120, 5: 78, 6: 2, 7: 78, 8: 285, 9: 1}, 7: {0: 366, 1: 470, 2: 670, 3: 470, 4: 161, 5: 1, 6: 83, 7: 1800}, 8: {0: 1342, 1: 378, 2: 7, 3: 16, 5: 35, 6: 38, 7: 14, 8: 185, 9: 4}, 9: {0: 126, 1: 12, 2: 87, 3: 14, 4: 86, 5: 79, 7: 49, 8: 2619, 9: 5430}, 10: {0: 975, 1: 176, 2: 535, 3: 1074, 4: 300, 5: 140, 6: 38, 7: 143, 8: 60, 9: 348}, 11: {0: 681, 1: 26, 2: 803, 4: 51, 5: 45, 6: 80, 7: 84, 8: 697, 9: 75}, 12: {0: 312, 1: 3, 2: 1846, 3: 34, 5: 269, 6: 10, 7: 7, 8: 8, 9: 43}, 13: {0: 693, 1: 1976, 2: 59, 3: 331, 4: 132, 5: 1021}, 14: {0: 137, 1: 71, 2: 519, 3: 469, 4: 32, 5: 693, 6: 1356, 7: 2617, 8: 1}}", "comm 0": {"training timing": 618, "local_train_accs": [0.9930710773357175, 0.9974731522425774, 1.0, 0.9977817213842058, 1.0, 1.0, 1.0, 1.0, 1.0, 1.0, 1.0, 1.0, 1.0, 1.0, 1.0], "local_test_accs": [0.9930710773357175, 0.9974731522425774, 1.0, 0.9977817213842058, 1.0, 1.0, 1.0, 1.0, 1.0, 1.0, 1.0, 1.0, 1.0, 1.0, 1.0], "Uniform ensemble (Train acc)": 0.8990666666666667, "Uniform ensemble (Test acc)": 0.9005, "FedAvg (Train acc)": 0.23248333333333332, "FedAvg (Test acc)": 0.2345, "pdm_KL (Train acc)": 0.6051333333333333, "pdm_KL (Test acc)": 0.6103}, "comm 1": {"training timing": 761, "local_train_accs": [1.0, 0.9997894293535481, 0.9995050730017322, 0.9937888198757764, 0.9967433782023448, 1.0, 0.998545101842871, 0.9995026112907237, 1.0, 1.0, 1.0, 0.9988198269079465, 1.0, 0.9997625830959165, 0.999830364715861], "local_test_accs": [1.0, 0.9997894293535481, 0.9995050730017322, 0.9937888198757764, 0.9967433782023448, 1.0, 0.998545101842871, 0.9995026112907237, 1.0, 1.0, 1.0, 0.9988198269079465, 1.0, 0.9997625830959165, 0.999830364715861], "Uniform ensemble (Train acc)": 0.9038833333333334, "Uniform ensemble (Test acc)": 0.9063, "FedAvg (Train acc)": 0.11325, "FedAvg (Test acc)": 0.118, "pdm_KL (Train acc)": 0.5307333333333333, "pdm_KL (Test acc)": 0.5383}, "comm 2": {"training timing": 520, "local_train_accs": [1.0, 0.9987365761212887, 1.0, 1.0, 0.9997828918801563, 0.99462890625, 1.0, 0.9987565282268093, 1.0, 0.9981180898612091, 1.0, 0.9980330448465775, 1.0, 1.0, 0.9976251060220526], "local_test_accs": [1.0, 0.9987365761212887, 1.0, 1.0, 0.9997828918801563, 0.99462890625, 1.0, 0.9987565282268093, 1.0, 0.9981180898612091, 1.0, 0.9980330448465775, 1.0, 1.0, 0.9976251060220526], "Uniform ensemble (Train acc)": 0.8943333333333333, "Uniform ensemble (Test acc)": 0.8935, "FedAvg (Train acc)": 0.1022, "FedAvg (Test acc)": 0.1078, "pdm_KL (Train acc)": 0.67715, "pdm_KL (Test acc)": 0.6811}, "comm 3": {"training timing": 514, "local_train_accs": [1.0, 0.9987365761212887, 1.0, 0.9995563442768411, 0.9982631350412505, 1.0, 0.9980601357904947, 1.0, 1.0, 0.9998823806163256, 1.0, 0.998426435877262, 0.9996050552922591, 0.9995251661918328, 1.0], "local_test_accs": [1.0, 0.9987365761212887, 1.0, 0.9995563442768411, 0.9982631350412505, 1.0, 0.9980601357904947, 1.0, 1.0, 0.9998823806163256, 1.0, 0.998426435877262, 0.9996050552922591, 0.9995251661918328, 1.0], "Uniform ensemble (Train acc)": 0.8983666666666666, "Uniform ensemble (Test acc)": 0.8975, "FedAvg (Train acc)": 0.12296666666666667, "FedAvg (Test acc)": 0.1251, "pdm_KL (Train acc)": 0.72235, "pdm_KL (Test acc)": 0.7245}, "comm 4": {"training timing": 560, "local_train_accs": [1.0, 0.9989471467677405, 0.9995050730017322, 0.997338065661047, 0.998697351280938, 1.0, 0.9980601357904947, 0.9972643620989804, 0.9985141158989599, 1.0, 0.997624703087886, 1.0, 0.9984202211690363, 0.9947768281101614, 1.0], "local_test_accs": [1.0, 0.9989471467677405, 0.9995050730017322, 0.997338065661047, 0.998697351280938, 1.0, 0.9980601357904947, 0.9972643620989804, 0.9985141158989599, 1.0, 0.997624703087886, 1.0, 0.9984202211690363, 0.9947768281101614, 1.0], "Uniform ensemble (Train acc)": 0.8957666666666667, "Uniform ensemble (Test acc)": 0.8973, "FedAvg (Train acc)": 0.14258333333333334, "FedAvg (Test acc)": 0.1444, "pdm_KL (Train acc)": 0.7996833333333333, "pdm_KL (Test acc)": 0.7999}, "comm 5": {"training timing": 761, "local_train_accs": [1.0, 1.0, 1.0, 0.9997781721384206, 1.0, 0.99755859375, 0.9995150339476236, 1.0, 0.9985141158989599, 1.0, 0.997624703087886, 1.0, 0.9996050552922591, 0.9990503323836657, 0.9962680237489397], "local_test_accs": [1.0, 1.0, 1.0, 0.9997781721384206, 1.0, 0.99755859375, 0.9995150339476236, 1.0, 0.9985141158989599, 1.0, 0.997624703087886, 1.0, 0.9996050552922591, 0.9990503323836657, 0.9962680237489397], "Uniform ensemble (Train acc)": 0.9122, "Uniform ensemble (Test acc)": 0.9116, "FedAvg (Train acc)": 0.13256666666666667, "FedAvg (Test acc)": 0.1357, "pdm_KL (Train acc)": 0.8127833333333333, "pdm_KL (Test acc)": 0.8103}, "comm 6": {"training timing": 821, "local_train_accs": [1.0, 0.992840598020636, 0.9992576095025983, 0.9986690328305236, 0.9997828918801563, 0.9990234375, 1.0, 0.9995026112907237, 0.9990094105993066, 0.9990590449306046, 1.0, 1.0, 0.9996050552922591, 0.9995251661918328, 0.9993214588634436], "local_test_accs": [1.0, 0.992840598020636, 0.9992576095025983, 0.9986690328305236, 0.9997828918801563, 0.9990234375, 1.0, 0.9995026112907237, 0.9990094105993066, 0.9990590449306046, 1.0, 1.0, 0.9996050552922591, 0.9995251661918328, 0.9993214588634436], "Uniform ensemble (Train acc)": 0.8916833333333334, "Uniform ensemble (Test acc)": 0.8902, "FedAvg (Train acc)": 0.12161666666666666, "FedAvg (Test acc)": 0.1199, "pdm_KL (Train acc)": 0.8010166666666667, "pdm_KL (Test acc)": 0.8015}, "comm 7": {"training timing": 641, "local_train_accs": [0.9995529727313366, 1.0, 0.9970304380103935, 0.99622892635315, 0.9995657837603127, 0.9990234375, 1.0, 0.9977617508082567, 0.9980188211986132, 0.9996471418489767, 0.9984164687252574, 1.0, 0.9992101105845181, 0.9981006647673314, 0.9977947413061917], "local_test_accs": [0.9995529727313366, 1.0, 0.9970304380103935, 0.99622892635315, 0.9995657837603127, 0.9990234375, 1.0, 0.9977617508082567, 0.9980188211986132, 0.9996471418489767, 0.9984164687252574, 1.0, 0.9992101105845181, 0.9981006647673314, 0.9977947413061917], "Uniform ensemble (Train acc)": 0.8943166666666666, "Uniform ensemble (Test acc)": 0.8931, "FedAvg (Train acc)": 0.13616666666666666, "FedAvg (Test acc)": 0.1346, "pdm_KL (Train acc)": 0.8224, "pdm_KL (Test acc)": 0.8204}, "comm 8": {"training timing": 560, "local_train_accs": [1.0, 0.9987365761212887, 0.9975253650086612, 1.0, 0.9963091619626574, 0.99169921875, 0.9995150339476236, 0.9997513056453619, 1.0, 0.9998823806163256, 0.9992082343626286, 0.9988198269079465, 0.9980252764612955, 1.0, 1.0], "local_test_accs": [1.0, 0.9987365761212887, 0.9975253650086612, 1.0, 0.9963091619626574, 0.99169921875, 0.9995150339476236, 0.9997513056453619, 1.0, 0.9998823806163256, 0.9992082343626286, 0.9988198269079465, 0.9980252764612955, 1.0, 1.0], "Uniform ensemble (Train acc)": 0.8996833333333333, "Uniform ensemble (Test acc)": 0.8922, "FedAvg (Train acc)": 0.1374, "FedAvg (Test acc)": 0.1355, "pdm_KL (Train acc)": 0.88395, "pdm_KL (Test acc)": 0.8787}, "comm 9": {"training timing": 493, "local_train_accs": [1.0, 0.998104864181933, 1.0, 0.9937888198757764, 1.0, 1.0, 0.9975751697381183, 1.0, 0.9940564635958395, 0.9998823806163256, 0.9994721562417525, 0.9783634933123525, 0.9992101105845181, 1.0, 0.9974554707379135], "local_test_accs": [1.0, 0.998104864181933, 1.0, 0.9937888198757764, 1.0, 1.0, 0.9975751697381183, 1.0, 0.9940564635958395, 0.9998823806163256, 0.9994721562417525, 0.9783634933123525, 0.9992101105845181, 1.0, 0.9974554707379135], "Uniform ensemble (Train acc)": 0.9043333333333333, "Uniform ensemble (Test acc)": 0.903,