{"seed": 9, "Data statistics": "{0: {0: 160, 1: 214, 2: 1552, 3: 104, 4: 149, 5: 1481, 6: 858}, 1: {0: 1297, 1: 7, 2: 587, 3: 448, 4: 246, 6: 8, 7: 4, 8: 382, 9: 74}, 2: {0: 137, 1: 53, 2: 98, 3: 57, 4: 35, 5: 3, 6: 38, 7: 399, 8: 316, 9: 1239}, 3: {0: 256, 1: 84, 2: 171, 3: 113, 4: 407, 5: 100, 6: 2, 7: 12, 8: 85, 9: 1123}, 4: {0: 347, 1: 3, 2: 175, 3: 31, 4: 221, 5: 265, 6: 6, 7: 354, 8: 2875}, 5: {0: 879, 1: 1547, 2: 926, 3: 76, 4: 301, 5: 402}, 6: {0: 48, 1: 287, 2: 315, 3: 734, 4: 31, 5: 28, 6: 1722, 7: 269, 8: 482, 9: 102}, 7: {0: 285, 1: 474, 2: 521, 3: 747, 4: 40, 5: 1696, 6: 4, 7: 287}, 8: {0: 72, 1: 142, 2: 483, 3: 235, 4: 1393, 6: 1657, 7: 1551}, 9: {0: 305, 1: 11, 2: 837, 3: 428, 4: 235, 5: 269, 6: 806, 7: 61, 8: 965, 9: 349}, 10: {0: 10, 1: 87, 2: 97, 3: 81, 4: 554, 5: 244, 6: 28, 7: 2390, 8: 283, 9: 2095}, 11: {0: 87, 1: 1551, 2: 30, 3: 1785, 4: 1567}, 12: {0: 524, 1: 7, 2: 73, 3: 5, 4: 99, 5: 8, 6: 614, 8: 43, 9: 65}, 13: {0: 306, 1: 1, 2: 88, 3: 1029, 4: 51, 5: 925, 6: 174, 7: 938, 8: 420, 9: 902}, 14: {0: 1210, 1: 2274, 2: 5, 3: 258, 4: 513, 6: 1}}", "comm 0": {"training timing": 243, "local_train_accs": [1.0, 0.9967245332459875, 0.9962105263157894, 0.9932001699957501, 0.999766191255553, 1.0, 0.9972623195619711, 0.9995066600888012, 0.9998192662208567, 0.9955461790904829, 0.9969330379962514, 1.0, 0.997913769123783, 0.9931733553992552, 1.0], "local_test_accs": [1.0, 0.9967245332459875, 0.9962105263157894, 0.9932001699957501, 0.999766191255553, 1.0, 0.9972623195619711, 0.9995066600888012, 0.9998192662208567, 0.9955461790904829, 0.9969330379962514, 1.0, 0.997913769123783, 0.9931733553992552, 1.0], "Uniform ensemble (Train acc)": 0.9373666666666667, "Uniform ensemble (Test acc)": 0.9355, "FedAvg (Train acc)": 0.18396666666666667, "FedAvg (Test acc)": 0.1902, "pdm_KL (Train acc)": 0.4533333333333333, "pdm_KL (Test acc)": 0.4582}, "comm 1": {"training timing": 347, "local_train_accs": [0.9997786631252766, 1.0, 0.999578947368421, 1.0, 1.0, 1.0, 1.0, 1.0, 1.0, 0.9967182372245663, 0.999829613222014, 1.0, 1.0, 0.998345055854365, 1.0], "local_test_accs": [0.9997786631252766, 1.0, 0.999578947368421, 1.0, 1.0, 1.0, 1.0, 1.0, 1.0, 0.9967182372245663, 0.999829613222014, 1.0, 1.0, 0.998345055854365, 1.0], "Uniform ensemble (Train acc)": 0.9399166666666666, "Uniform ensemble (Test acc)": 0.9362, "FedAvg (Train acc)": 0.17085, "FedAvg (Test acc)": 0.1767, "pdm_KL (Train acc)": 0.5357833333333333, "pdm_KL (Test acc)": 0.5434}, "comm 2": {"training timing": 333, "local_train_accs": [1.0, 1.0, 0.9991578947368421, 1.0, 1.0, 1.0, 1.0, 1.0, 1.0, 1.0, 1.0, 1.0, 1.0, 1.0, 1.0], "local_test_accs": [1.0, 1.0, 0.9991578947368421, 1.0, 1.0, 1.0, 1.0, 1.0, 1.0, 1.0, 1.0, 1.0, 1.0, 1.0, 1.0], "Uniform ensemble (Train acc)": 0.9453333333333334, "Uniform ensemble (Test acc)": 0.94, "FedAvg (Train acc)": 0.18565, "FedAvg (Test acc)": 0.1915, "pdm_KL (Train acc)": 0.4897, "pdm_KL (Test acc)": 0.4949}, "comm 3": {"training timing": 350, "local_train_accs": [1.0, 1.0, 1.0, 1.0, 1.0, 1.0, 1.0, 1.0, 1.0, 1.0, 1.0, 1.0, 1.0, 1.0, 1.0], "local_test_accs": [1.0, 1.0, 1.0, 1.0, 1.0, 1.0, 1.0, 1.0, 1.0, 1.0, 1.0, 1.0, 1.0, 1.0, 1.0], "Uniform ensemble (Train acc)": 0.9449666666666666, "Uniform ensemble (Test acc)": 0.9392, "FedAvg (Train acc)": 0.187, "FedAvg (Test acc)": 0.1933, "pdm_KL (Train acc)": 0.7354166666666667, "pdm_KL (Test acc)": 0.7384}, "comm 4": {"training timing": 328, "local_train_accs": [1.0, 1.0, 1.0, 1.0, 1.0, 1.0, 1.0, 1.0, 1.0, 1.0, 1.0, 1.0, 1.0, 1.0, 1.0], "local_test_accs": [1.0, 1.0, 1.0, 1.0, 1.0, 1.0, 1.0, 1.0, 1.0, 1.0, 1.0, 1.0, 1.0, 1.0, 1.0], "Uniform ensemble (Train acc)": 0.9457666666666666, "Uniform ensemble (Test acc)": 0.9428, "FedAvg (Train acc)": 0.1802, "FedAvg (Test acc)": 0.1856, "pdm_KL (Train acc)": 0.7181, "pdm_KL (Test acc)": 0.7253}, "comm 5": {"training timing": 339, "local_train_accs": [1.0, 1.0, 1.0, 1.0, 1.0, 1.0, 1.0, 1.0, 1.0, 1.0, 1.0, 1.0, 1.0, 1.0, 1.0], "local_test_accs": [1.0, 1.0, 1.0, 1.0, 1.0, 1.0, 1.0, 1.0, 1.0, 1.0, 1.0, 1.0, 1.0, 1.0, 1.0], "Uniform ensemble (Train acc)": 0.9467666666666666, "Uniform ensemble (Test acc)": 0.9421, "FedAvg (Train acc)": 0.12601666666666667, "FedAvg (Test acc)": 0.1273, "pdm_KL (Train acc)": 0.7955666666666666, "pdm_KL (Test acc)": 0.7976}, "comm 6": {"training timing": 332, "local_train_accs": [1.0, 1.0, 1.0, 1.0, 1.0, 1.0, 1.0, 1.0, 1.0, 1.0, 1.0, 1.0, 1.0, 1.0, 1.0], "local_test_accs": [1.0, 1.0, 1.0, 1.0, 1.0, 1.0, 1.0, 1.0, 1.0, 1.0, 1.0, 1.0, 1.0, 1.0, 1.0], "Uniform ensemble (Train acc)": 0.9470666666666666, "Uniform ensemble (Test acc)": 0.9427, "FedAvg (Train acc)": 0.1433, "FedAvg (Test acc)": 0.1464, "pdm_KL (Train acc)": 0.8658, "pdm_KL (Test acc)": 0.8703}, "comm 7": {"training timing": 306, "local_train_accs": [1.0, 1.0, 1.0, 1.0, 1.0, 1.0, 1.0, 1.0, 1.0, 1.0, 1.0, 1.0, 1.0, 1.0, 1.0], "local_test_accs": [1.0, 1.0, 1.0, 1.0, 1.0, 1.0, 1.0, 1.0, 1.0, 1.0, 1.0, 1.0, 1.0, 1.0, 1.0], "Uniform ensemble (Train acc)": 0.9472333333333334, "Uniform ensemble (Test acc)": 0.9449, "FedAvg (Train acc)": 0.17211666666666667, "FedAvg (Test acc)": 0.1775, "pdm_KL (Train acc)": 0.8596333333333334, "pdm_KL (Test acc)": 0.8622}, "comm 8": {"training timing": 339, "local_train_accs": [1.0, 1.0, 1.0, 1.0, 1.0, 1.0, 1.0, 1.0, 1.0, 1.0, 1.0, 1.0, 1.0, 1.0, 1.0], "local_test_accs": [1.0, 1.0, 1.0, 1.0, 1.0, 1.0, 1.0, 1.0, 1.0, 1.0, 1.0, 1.0, 1.0, 1.0, 1.0], "Uniform ensemble (Train acc)": 0.94685, "Uniform ensemble (Test acc)": 0.9422, "FedAvg (Train acc)": 0.16738333333333333, "FedAvg (Test acc)": 0.1721, "pdm_KL (Train acc)": 0.8785666666666667, "pdm_KL (Test acc)": 0.8812}, "comm 9": {"training timing": 329, "local_train_accs": [1.0, 1.0, 1.0, 1.0, 1.0, 1.0, 1.0, 1.0, 1.0, 1.0, 1.0, 1.0, 1.0, 1.0, 1.0], "local_test_accs": [1.0, 1.0, 1.0, 1.0, 1.0, 1.0, 1.0, 1.0, 1.0, 1.0, 1.0, 1.0, 1.0, 1.0, 1.0], "Uniform ensemble (Train acc)": 0.9472, "Uniform ensemble (Test acc)": 0.9441, "FedAvg (Train acc)": 0.17761666666666667, "FedAvg (Test acc)": 0.1833, "pdm_KL (Train acc)": 0.85385, "pdm_KL (Test acc)": 0.8535}, "comm 10": {"training timing": 318, "local_train_accs": [1.0, 1.0, 1.0, 1.0, 1.0, 1.0, 1.0, 1.0, 1.0, 1.0, 1.0, 1.0, 1.0, 1.0, 1.0], "local_test_accs": [1.0, 1.0, 1.0, 1.0, 1.0, 1.0, 1.0, 1.0, 1.0, 1.0, 1.0, 1.0, 1.0, 1.0, 1.0], "Uniform ensemble (Train acc)": 0.9482833333333334, "Uniform ensemble (Test acc)": 0.9459, "FedAvg (Train acc)": 0.176, "FedAvg (Test acc)": 0.1816, "pdm_KL (Train acc)": 0.9035666666666666, "pdm_KL (Test acc)": 0.9042}, "comm 11": {"training timing": 332, "local_train_accs": [1.0, 1.0, 1.0, 1.0, 1.0, 1.0, 1.0, 1.0, 1.0, 1.0, 1.0, 1.0, 1.0, 1.0, 1.0], "local_test_accs": [1.0, 1.0, 1.0, 1.0, 1.0, 1.0, 1.0, 1.0, 1.0, 1.0, 1.0, 1.0, 1.0, 1.0, 1.0], "Uniform ensemble (Train acc)": 0.9454333333333333, "Uniform ensemble (Test acc)": 0.9417, "FedAvg (Train acc)": 0.18683333333333332, "FedAvg (Test acc)": 0.1935, "pdm_KL (Train acc)": 0.9057, "pdm_KL (Test acc)": 0.9043}, "comm 12": {"training timing": 339, "local_train_accs": [1.0, 1.0, 1.0, 1.0, 1.0, 1.0, 1.0, 1.0, 1.0, 1.0, 1.0, 1.0, 1.0, 1.0, 1.0], "local_test_accs": [1.0, 1.0, 1.0, 1.0, 1.0, 1.0, 1.0, 1.0, 1.0, 1.0, 1.0, 1.0, 1.0, 1.0, 1.0], "Uniform ensemble (Train acc)": 0.9464, "Uniform ensemble (Test acc)": 0.9443, "FedAvg (Train acc)": 0.18498333333333333, "FedAvg (Test acc)": 0.1907, "pdm_KL (Train acc)": 0.9063, "pdm_KL (Test acc)": 0.9055}, "comm 13": {"training timing": 323, "local_train_accs": [1.0, 1.0, 1.0, 1.0, 1.0, 1.0, 1.0, 1.0, 1.0, 1.0, 1.0, 1.0, 1.0, 1.0, 1.0], "local_test_accs": [1.0, 1.0, 1.0, 1.0, 1.0, 1.0, 1.0, 1.0, 1.0, 1.0, 1.0, 1.0, 1.0, 1.0, 1.0], "Uniform ensemble (Train acc)": 0.9465166666666667, "Uniform ensemble (Test acc)": 0.9427, "FedAvg (Train acc)": 0.16306666666666667, "FedAvg (Test acc)": 0.1681, "pdm_KL (Train acc)": 0.8980666666666667, "pdm_KL (Test acc)": 0.8982}, "comm 14": {"training timing": 304,