{"seed": 8, "Data statistics": "{0: {0: 378, 1: 2, 2: 448, 3: 87, 4: 480, 5: 21, 6: 442, 7: 56, 8: 1050, 9: 444}, 1: {0: 297, 1: 168, 2: 678, 3: 75, 4: 167, 5: 41, 6: 16, 7: 1757, 8: 1985}, 2: {0: 232, 1: 1211, 2: 80, 3: 846, 4: 560, 5: 20, 6: 960, 7: 239}, 3: {0: 286, 1: 76, 2: 153, 3: 751, 4: 611, 5: 971, 6: 130, 7: 23, 8: 10, 9: 270}, 4: {0: 126, 1: 207, 2: 53, 3: 141, 4: 1170, 5: 220, 6: 17, 7: 423, 9: 169}, 5: {0: 361, 1: 176, 2: 156, 3: 17, 4: 1117, 5: 222, 6: 1837, 7: 2, 8: 176}, 6: {0: 1669, 1: 90, 2: 504, 3: 13, 4: 421, 5: 30, 6: 41, 8: 28, 9: 34}, 7: {0: 53, 1: 1944, 2: 145, 3: 1905}, 8: {0: 310, 1: 111, 2: 9, 3: 202, 4: 251, 5: 260, 6: 515, 7: 1548, 8: 1962}, 9: {0: 97, 1: 123, 2: 43, 3: 82, 4: 120, 5: 433, 6: 6, 7: 318, 8: 393, 9: 219}, 10: {0: 119, 1: 175, 2: 2037, 3: 884, 4: 245, 5: 230, 6: 311}, 11: {0: 532, 1: 551, 2: 728, 3: 6, 4: 84, 5: 5, 6: 1118, 7: 1686}, 12: {0: 94, 1: 1090, 2: 231, 3: 1056, 4: 552, 5: 2052}, 13: {0: 853, 1: 776, 2: 322, 3: 4, 4: 47, 5: 480, 6: 149, 7: 87, 8: 233, 9: 209}, 14: {0: 516, 1: 42, 2: 371, 3: 62, 4: 17, 5: 436, 6: 376, 7: 126, 8: 14, 9: 4604}}", "comm 0": {"training timing": 241, "local_train_accs": [0.9985328638497653, 0.9996141975308642, 1.0, 0.9996952148735142, 1.0, 1.0, 1.0, 1.0, 0.9990325077399381, 0.9972737186477645, 0.9997500624843789, 1.0, 1.0, 0.9996835443037975, 0.9998476538695917], "local_test_accs": [0.9985328638497653, 0.9996141975308642, 1.0, 0.9996952148735142, 1.0, 1.0, 1.0, 1.0, 0.9990325077399381, 0.9972737186477645, 0.9997500624843789, 1.0, 1.0, 0.9996835443037975, 0.9998476538695917], "Uniform ensemble (Train acc)": 0.9263333333333333, "Uniform ensemble (Test acc)": 0.923, "FedAvg (Train acc)": 0.0993, "FedAvg (Test acc)": 0.1032, "pdm_KL (Train acc)": 0.3449, "pdm_KL (Test acc)": 0.346}, "comm 1": {"training timing": 361, "local_train_accs": [1.0, 1.0, 1.0, 1.0, 1.0, 1.0, 1.0, 1.0, 1.0, 0.9994547437295529, 1.0, 1.0, 1.0, 1.0, 1.0], "local_test_accs": [1.0, 1.0, 1.0, 1.0, 1.0, 1.0, 1.0, 1.0, 1.0, 0.9994547437295529, 1.0, 1.0, 1.0, 1.0, 1.0], "Uniform ensemble (Train acc)": 0.9292, "Uniform ensemble (Test acc)": 0.9264, "FedAvg (Train acc)": 0.0993, "FedAvg (Test acc)": 0.1032, "pdm_KL (Train acc)": 0.6153333333333333, "pdm_KL (Test acc)": 0.6092}, "comm 2": {"training timing": 361, "local_train_accs": [0.9988262910798122, 1.0, 1.0, 1.0, 1.0, 1.0, 1.0, 1.0, 1.0, 0.9809160305343512, 1.0, 1.0, 1.0, 1.0, 1.0], "local_test_accs": [0.9988262910798122, 1.0, 1.0, 1.0, 1.0, 1.0, 1.0, 1.0, 1.0, 0.9809160305343512, 1.0, 1.0, 1.0, 1.0, 1.0], "Uniform ensemble (Train acc)": 0.93385, "Uniform ensemble (Test acc)": 0.9303, "FedAvg (Train acc)": 0.0993, "FedAvg (Test acc)": 0.1032, "pdm_KL (Train acc)": 0.57315, "pdm_KL (Test acc)": 0.5752}, "comm 3": {"training timing": 362, "local_train_accs": [1.0, 0.9998070987654321, 1.0, 1.0, 1.0, 1.0, 0.9996466431095407, 1.0, 1.0, 1.0, 1.0, 1.0, 1.0, 1.0, 1.0], "local_test_accs": [1.0, 0.9998070987654321, 1.0, 1.0, 1.0, 1.0, 0.9996466431095407, 1.0, 1.0, 1.0, 1.0, 1.0, 1.0, 1.0, 1.0], "Uniform ensemble (Train acc)": 0.9307333333333333, "Uniform ensemble (Test acc)": 0.9274, "FedAvg (Train acc)": 0.0993, "FedAvg (Test acc)": 0.1032, "pdm_KL (Train acc)": 0.7149666666666666, "pdm_KL (Test acc)": 0.7243}, "comm 4": {"training timing": 364, "local_train_accs": [1.0, 1.0, 1.0, 1.0, 1.0, 1.0, 1.0, 1.0, 0.9994195046439629, 1.0, 1.0, 1.0, 1.0, 1.0, 1.0], "local_test_accs": [1.0, 1.0, 1.0, 1.0, 1.0, 1.0, 1.0, 1.0, 0.9994195046439629, 1.0, 1.0, 1.0, 1.0, 1.0, 1.0], "Uniform ensemble (Train acc)": 0.9317166666666666, "Uniform ensemble (Test acc)": 0.9287, "FedAvg (Train acc)": 0.0993, "FedAvg (Test acc)": 0.1032, "pdm_KL (Train acc)": 0.7500666666666667, "pdm_KL (Test acc)": 0.7643}, "comm 5": {"training timing": 376, "local_train_accs": [1.0, 1.0, 1.0, 1.0, 1.0, 1.0, 1.0, 1.0, 1.0, 1.0, 1.0, 1.0, 1.0, 1.0, 1.0], "local_test_accs": [1.0, 1.0, 1.0, 1.0, 1.0, 1.0, 1.0, 1.0, 1.0, 1.0, 1.0, 1.0, 1.0, 1.0, 1.0], "Uniform ensemble (Train acc)": 0.9336333333333333, "Uniform ensemble (Test acc)": 0.9313, "FedAvg (Train acc)": 0.10415, "FedAvg (Test acc)": 0.108, "pdm_KL (Train acc)": 0.7678, "pdm_KL (Test acc)": 0.7765}, "comm 6": {"training timing": 384, "local_train_accs": [1.0, 1.0, 1.0, 0.9993904297470283, 1.0, 1.0, 1.0, 1.0, 1.0, 1.0, 1.0, 1.0, 1.0, 1.0, 1.0], "local_test_accs": [1.0, 1.0, 1.0, 0.9993904297470283, 1.0, 1.0, 1.0, 1.0, 1.0, 1.0, 1.0, 1.0, 1.0, 1.0, 1.0], "Uniform ensemble (Train acc)": 0.9345333333333333, "Uniform ensemble (Test acc)": 0.9338, "FedAvg (Train acc)": 0.1098, "FedAvg (Test acc)": 0.1146, "pdm_KL (Train acc)": 0.7728166666666667, "pdm_KL (Test acc)": 0.7836}, "comm 7": {"training timing": 382, "local_train_accs": [1.0, 1.0, 1.0, 1.0, 0.9996041171813144, 1.0, 1.0, 1.0, 1.0, 1.0, 1.0, 0.9997876857749469, 1.0, 1.0, 1.0], "local_test_accs": [1.0, 1.0, 1.0, 1.0, 0.9996041171813144, 1.0, 1.0, 1.0, 1.0, 1.0, 1.0, 0.9997876857749469, 1.0, 1.0, 1.0], "Uniform ensemble (Train acc)": 0.9333833333333333, "Uniform ensemble (Test acc)": 0.9306, "FedAvg (Train acc)": 0.10663333333333333, "FedAvg (Test acc)": 0.1104, "pdm_KL (Train acc)": 0.8083333333333333, "pdm_KL (Test acc)": 0.816}, "comm 8": {"training timing": 373, "local_train_accs": [1.0, 0.9990354938271605, 1.0, 1.0, 1.0, 1.0, 1.0, 1.0, 1.0, 1.0, 1.0, 1.0, 1.0, 1.0, 1.0], "local_test_accs": [1.0, 0.9990354938271605, 1.0, 1.0, 1.0, 1.0, 1.0, 1.0, 1.0, 1.0, 1.0, 1.0, 1.0, 1.0, 1.0], "Uniform ensemble (Train acc)": 0.9384833333333333, "Uniform ensemble (Test acc)": 0.9376, "FedAvg (Train acc)": 0.10183333333333333, "FedAvg (Test acc)": 0.1073, "pdm_KL (Train acc)": 0.8103833333333333, "pdm_KL (Test acc)": 0.817}, "comm 9": {"training timing": 379, "local_train_accs": [1.0, 0.9998070987654321, 1.0, 0.998171289241085, 1.0, 0.999753937007874, 1.0, 1.0, 1.0, 1.0, 1.0, 0.9987261146496815, 1.0, 1.0, 1.0], "local_test_accs": [1.0, 0.9998070987654321, 1.0, 0.998171289241085, 1.0, 0.999753937007874, 1.0, 1.0, 1.0, 1.0, 1.0, 0.9987261146496815, 1.0, 1.0, 1.0], "Uniform ensemble (Train acc)": 0.9351666666666667, "Uniform ensemble (Test acc)": 0.9336, "FedAvg (Train acc)": 0.1113, "FedAvg (Test acc)": 0.1156, "pdm_KL (Train acc)": 0.8394166666666667, "pdm_KL (Test acc)": 0.8378}, "comm 10": {"training timing": 354, "local_train_accs": [1.0, 1.0, 1.0, 1.0, 1.0, 1.0, 1.0, 1.0, 1.0, 1.0, 1.0, 1.0, 1.0, 0.9996835443037975, 1.0], "local_test_accs": [1.0, 1.0, 1.0, 1.0, 1.0, 1.0, 1.0, 1.0, 1.0, 1.0, 1.0, 1.0, 1.0, 0.9996835443037975, 1.0], "Uniform ensemble (Train acc)": 0.93175, "Uniform ensemble (Test acc)": 0.9311, "FedAvg (Train acc)": 0.12143333333333334, "FedAvg (Test acc)": 0.1247, "pdm_KL (Train acc)": 0.8712666666666666, "pdm_KL (Test acc)": 0.8699}, "comm 11": {"training timing": 365, "local_train_accs": [1.0, 1.0, 1.0, 1.0, 1.0, 1.0, 1.0, 1.0, 1.0, 1.0, 1.0, 0.9995753715498938, 1.0, 1.0, 1.0], "local_test_accs": [1.0, 1.0, 1.0, 1.0, 1.0, 1.0, 1.0, 1.0, 1.0, 1.0, 1.0, 0.9995753715498938, 1.0, 1.0, 1.0], "Uniform ensemble (Train acc)": 0.9358666666666666, "Uniform ensemble (Test acc)": 0.9343, "FedAvg (Train acc)": 0.10431666666666667, "FedAvg (Test acc)": 0.1085, "pdm_KL (Train acc)": 0.9023833333333333, "pdm_KL (Test acc)": 0.9025}, "comm 12": {"training timing": 370, "local_train_accs": [1.0, 1.0, 1.0, 1.0, 0.996437054631829, 1.0, 1.0, 1.0, 1.0, 1.0, 1.0, 1.0, 1.0, 1.0, 1.0], "local_test_accs": [1.0, 1.0, 1.0, 1.0, 0.996437054631829, 1.0, 1.0, 1.0, 1.0, 1.0, 1.0, 1.0, 1.0, 1.0, 1.0], "Uniform ensemble (Train acc)": 0.9333333333333333, "Uniform ensemble (Test acc)": 0.9346, "FedAvg (Train acc)": 0.12125, "FedAvg (Test acc)": 0.1241, "pdm_KL (Train acc)": 0.88695, "pdm_KL (Test acc)": 0.8846}, "comm 13": {"training timing": 351, "local_train_accs": [1.0, 1.0, 1.0, 1.0, 1.0, 1.0, 1.0, 1.0, 1.0, 0.9994547437295529, 1.0, 1.0, 1.0, 1.0, 0.9998476538695917], "local_test_accs": [1.0, 1.0, 1.0, 1.0, 1.0, 1.0, 1.0, 1.0, 1.0, 0.9994547437295529, 1.0, 1.0, 1.0, 1.0, 0.9998476538695917],