{"2": {"Experiment arguments": "Namespace(alpha=0.5, communication_rounds=5, datadir='data/mnist', dataset='mnist', device='cuda:0', dropout_p=0.0, epochs=10, experiment=['u-ensemble', 'pdm', 'pdm_KL'], init_seed=0, iter_epochs=5, logdir='log_abli/2020-08-17 13/mnist/hetero-dir/n_nets 2', lr=0.01, lr_decay=0.99, n_nets=2, net_config=[784, 100, 10], num_pool_workers=2, partition='hetero-dir', pdm_gamma=1.0, pdm_sig=1.0, pdm_sig0=1.0, reg=1e-06, reg_fac=0.0, trials=2)", "0": {"seed": 0, "Data statistics": "{0: {0: 2510, 1: 3617, 2: 874, 3: 4689, 4: 2402, 5: 110, 6: 86, 7: 5209, 8: 378, 9: 5949}, 1: {0: 3413, 1: 3125, 2: 5084, 3: 1442, 4: 3440, 5: 5311, 6: 5832, 7: 1056, 8: 5473}}", "local_train_accs": [0.9866403345724907, 0.9901392790262172], "local_test_accs": [0.9098, 0.8709], "Uniform ensemble (Train acc)": 0.9719833333333333, "Uniform ensemble (Test acc)": 0.959, "pdm_match": {"Best Result": {"Best Sigma0": 1, "Best sigma": 1, "Best gamma": 1, "Best Test accuracy": 0.8948, "Train acc": 0.9054666666666666}, "PDM log": "{(1, 1, 1): {'shapes': [(784, 158), (158,), (158, 10), (10,)], 'train_accuracy': 0.9054666666666666, 'test_accuracy': 0.8948}}"}, "pdm_KL_match": {"Best Result": {"Best Sigma0": 1, "Best sigma": 1, "Best gamma": 1, "Best Test accuracy": 0.8649, "Train acc": 0.8735833333333334}, "PDM log": "{(1, 1, 1): {'shapes': [(784, 101), (101,), (101, 10), (10,)], 'train_accuracy': 0.8735833333333334, 'test_accuracy': 0.8649}}"}}}}