{"seed": 5, "Data statistics": "{0: {0: 12, 1: 78, 2: 84, 3: 38, 4: 2, 6: 111, 7: 241, 8: 86, 9: 230}, 1: {0: 2, 1: 391, 2: 216, 3: 122, 4: 354, 5: 1, 6: 205, 7: 634}, 2: {0: 26, 1: 181, 2: 124, 3: 1003, 4: 114, 5: 359}, 3: {0: 143, 1: 2, 2: 72, 3: 9, 4: 68, 5: 465, 6: 124, 8: 829}, 4: {0: 3, 2: 2, 3: 35, 4: 221, 5: 118, 6: 3, 7: 247, 8: 169, 9: 154}, 5: {0: 3, 1: 46, 2: 148, 3: 3, 4: 189, 5: 77, 6: 82, 7: 34, 8: 164, 9: 381}, 6: {0: 122, 2: 217, 3: 284, 4: 23, 5: 8, 6: 357, 7: 662}, 7: {0: 62, 1: 1023, 2: 57, 3: 262, 4: 664}, 8: {0: 4, 1: 2, 2: 292, 3: 56, 4: 76, 5: 475, 6: 185, 7: 793}, 9: {0: 15, 1: 349, 2: 269, 3: 10, 4: 5, 5: 66, 6: 822, 7: 246}, 10: {0: 1, 1: 21, 2: 33, 3: 308, 4: 338, 5: 14, 6: 40, 7: 15, 8: 1, 9: 285}, 11: {0: 1548, 1: 99, 3: 80}, 12: {0: 215, 2: 112, 3: 30, 4: 102, 5: 467, 6: 213, 7: 32, 8: 168, 9: 55}, 13: {0: 637, 1: 1, 2: 20, 5: 107, 6: 2, 7: 18, 8: 329, 9: 209}, 14: {0: 343, 1: 159, 2: 188, 3: 453, 4: 332, 5: 381}, 15: {0: 173, 1: 145, 2: 9, 3: 43, 4: 32, 5: 90, 6: 123, 7: 1, 8: 63, 9: 24}, 16: {0: 287, 1: 157, 3: 823, 4: 1, 5: 580}, 17: {0: 129, 1: 91, 2: 310, 3: 53, 4: 649, 5: 140, 6: 1, 7: 28, 8: 374}, 18: {0: 28, 1: 1, 2: 350, 3: 1, 4: 144, 5: 258, 6: 484, 7: 7, 8: 51, 9: 105}, 19: {1: 18, 2: 120, 3: 15, 4: 73, 6: 808, 7: 10, 8: 33, 9: 1}, 20: {0: 7, 1: 46, 2: 6, 3: 191, 4: 131, 5: 61, 6: 18, 7: 58, 8: 27, 9: 886}, 21: {0: 310, 1: 374, 2: 6, 3: 200, 4: 449, 5: 38, 6: 260, 7: 834}, 22: {0: 37, 1: 307, 2: 9, 3: 4, 4: 244, 5: 436, 6: 147, 8: 1920}, 23: {0: 188, 1: 254, 2: 78, 3: 65, 4: 59, 5: 16, 7: 10, 8: 15, 9: 1281}, 24: {0: 4, 1: 1, 2: 231, 3: 290, 4: 349, 5: 304, 6: 396, 7: 217}, 25: {0: 4, 1: 443, 2: 128, 3: 163, 4: 3, 5: 180, 6: 560, 7: 726}, 26: {0: 167, 1: 324, 2: 13, 3: 35, 4: 14, 5: 41, 6: 1, 7: 184, 8: 651, 9: 277}, 27: {0: 348, 1: 404, 2: 235, 3: 391, 4: 149, 5: 151}, 28: {0: 171, 1: 50, 2: 1670}, 29: {0: 11, 1: 33, 2: 1, 3: 33, 4: 215, 5: 167, 6: 58, 7: 3, 8: 120, 9: 1112}}", "loading time": 226, "local_train_accs": [0.5408163265306123, 0.6181818181818182, 0.624792473713337, 0.7044392523364486, 0.5861344537815126, 0.580301685891748, 0.5893604303646145, 0.784816247582205, 0.5921402018056293, 0.6722783389450057, 0.6666666666666666, 0.9363057324840764, 0.5265423242467718, 0.6326530612244898, 0.5285560344827587, 0.5647226173541963, 0.5016233766233766, 0.5622535211267605, 0.5584324702589223, 0.7996289424860853, 0.7470300489168413, 0.5928773775799272, 0.7570876288659794, 0.7293997965412004, 0.4291294642857143, 0.6456728590847304, 0.5559461042765085, 0.5601907032181168, 0.9063987308302486, 0.739874500855676], "local_test_accs": [0.2247, 0.2429, 0.171, 0.1862, 0.2459, 0.2283, 0.2234, 0.2162, 0.1824, 0.2258, 0.2032, 0.1437, 0.2336, 0.1867, 0.2456, 0.2414, 0.1821, 0.2163, 0.2309, 0.1754, 0.2115, 0.2693, 0.2182, 0.2329, 0.1884, 0.2483, 0.2027, 0.2334, 0.1248, 0.1873], "Uniform ensemble (Train acc)": 0.3847, "Uniform ensemble (Test acc)": 0.3786, "FedAvg (Train acc)": 0.10006, "FedAvg (Test acc)": 0.1, "pdm_KL_reg 0": {"Best Result": {"Best Sigma0": 0.5, "Best sigma": 1, "Best gamma": 10, "Best Test accuracy": 0.2453, "Train acc": 0.24392}, "PDM log": "{(0.5, 1, 10): {'shapes': [(3072, 859), (859,), (859, 10), (10,)], 'train_accuracy': 0.24392, 'test_accuracy': 0.2453}}", "timing": 1780}, "pdm_KL_reg 0.001": {"Best Result": {"Best Sigma0": 0.5, "Best sigma": 1, "Best gamma": 10, "Best Test accuracy": 0.2298, "Train acc": 0.22938}, "PDM log": "{(0.5, 1, 10): {'shapes': [(3072, 859), (859,), (859, 10), (10,)], 'train_accuracy': 0.22938, 'test_accuracy': 0.2298}}", "timing": 4494}, "pdm_KL_reg 0.005": {"Best Result": {"Best Sigma0": 0.5, "Best sigma": 1, "Best gamma": 10, "Best Test accuracy": 0.2396, "Train acc": 0.23824}, "PDM log": "{(0.5, 1, 10): {'shapes': [(3072, 858), (858,), (858, 10), (10,)], 'train_accuracy': 0.23824, 'test_accuracy': 0.2396}}", "timing": 4555}, "pdm_KL_reg 0.01": {"Best Result": {"Best Sigma0": 0.5, "Best sigma": 1, "Best gamma": 10, "Best Test accuracy": 0.2161, "Train acc": 0.21364}, "PDM log": "{(0.5, 1, 10): {'shapes': [(3072, 859), (859,), (859, 10), (10,)], 'train_accuracy': 0.21364, 'test_accuracy': 0.2161}}", "timing": 4467}, "pdm_KL_reg 0.05": {"Best Result": {"Best Sigma0": 0.5, "Best sigma": 1, "Best gamma": 10, "Best Test accuracy": 0.239, "Train acc": 0.2359}, "PDM log": "{(0.5, 1, 10): {'shapes': [(3072, 859), (859,), (859, 10), (10,)], 'train_accuracy': 0.2359, 'test_accuracy': 0.239}}", "timing": 4387}, "pdm_KL_reg 0.1": {"Best Result": {"Best Sigma0": 0.5, "Best sigma": 1, "Best gamma": 10, "Best Test accuracy": 0.2417, "Train acc": 0.24226}, "PDM log": "{(0.5, 1, 10): {'shapes': [(3072, 859), (859,), (859, 10), (10,)], 'train_accuracy': 0.24226, 'test_accuracy': 0.2417}}", "timing": 4138}, "pdm_KL_reg 0.5": {"Best Result": {"Best Sigma0": 0.5, "Best sigma": 1, "Best gamma": 10, "Best Test accuracy": 0.2347, "Train acc": 0.23732}, "PDM log": "{(0.5, 1, 10): {'shapes': [(3072, 859), (859,), (859, 10), (10,)], 'train_accuracy': 0.23732, 'test_accuracy': 0.2347}}", "timing": 4059}, "pdm_KL_reg 1": {"Best Result": {"Best Sigma0": 0.5, "Best sigma": 1, "Best gamma": 10, "Best Test accuracy": 0.2542, "Train acc": 0.25662}, "PDM log": "{(0.5, 1, 10): {'shapes': [(3072, 700), (700,), (700, 10), (10,)], 'train_accuracy': 0.25662, 'test_accuracy': 0.2542}}", "timing": 3673}, "pdm_KL_reg 2": {"Best Result": {"Best Sigma0": 0.5, "Best sigma": 1, "Best gamma": 10, "Best Test accuracy": 0.2293, "Train acc": 0.22918}, "PDM log": "{(0.5, 1, 10): {'shapes': [(3072, 279), (279,), (279, 10), (10,)], 'train_accuracy': 0.22918, 'test_accuracy': 0.2293}}", "timing": 2210}, "pdm_KL_reg 5": {"Best Result": {"Best Sigma0": 0.5, "Best sigma": 1, "Best gamma": 10, "Best Test accuracy": 0.1069, "Train acc": 0.1073}, "PDM log": "{(0.5, 1, 10): {'shapes': [(3072, 129), (129,), (129, 10), (10,)], 'train_accuracy': 0.1073, 'test_accuracy': 0.1069}}", "timing": 1147}, "pdm_KL_reg 10": {"Best Result": {"Best Sigma0": 0.5, "Best sigma": 1, "Best gamma": 10, "Best Test accuracy": 0.107, "Train acc": 0.10734}, "PDM log": "{(0.5, 1, 10): {'shapes': [(3072, 128), (128,), (128, 10), (10,)], 'train_accuracy': 0.10734, 'test_accuracy': 0.107}}", "timing": 1014}, "best_reg": 1}