{"seed": 5, "Data statistics": "{0: {0: 1274, 1: 582, 3: 276, 4: 2899, 5: 487, 6: 472, 7: 30}, 1: {0: 2625, 1: 243, 2: 511, 3: 1290, 4: 253, 5: 1031, 6: 601}, 2: {0: 927, 1: 1352, 2: 97, 3: 196, 4: 833, 5: 111, 6: 25, 7: 1460, 8: 231, 9: 134}, 3: {0: 12, 1: 382, 2: 692, 3: 41, 4: 55, 5: 73, 6: 59, 7: 274, 8: 782, 9: 653}, 4: {0: 16, 1: 32, 2: 4, 3: 31, 4: 410, 5: 1631, 6: 13, 7: 148, 8: 3007, 9: 2564}, 5: {0: 63, 1: 315, 2: 43, 3: 3062, 4: 9, 5: 287, 6: 1396, 7: 1188}, 6: {1: 2919, 2: 102, 3: 33, 4: 980, 5: 573, 6: 1114, 7: 47, 8: 1144}, 7: {0: 332, 1: 36, 2: 3305, 3: 223, 4: 56, 5: 446, 6: 328, 7: 2857}, 8: {0: 564, 1: 28, 2: 1048, 3: 932, 4: 277, 5: 696, 6: 142, 7: 144, 8: 395, 9: 481}, 9: {0: 110, 1: 853, 2: 156, 3: 47, 4: 70, 5: 86, 6: 1768, 7: 117, 8: 292, 9: 2117}}", "loading time": 96, "local_train_accs": [0.9911960132890365, 0.969179127250534, 0.9452105851658591, 0.9086999669202779, 0.9717413441955194, 0.920949237780921, 0.9839409722222222, 0.968877752868258, 0.9536859995751009, 0.9469373219373219], "local_test_accs": [0.6359, 0.6547, 0.8066, 0.6172, 0.5252, 0.4257, 0.6123, 0.6811, 0.7933, 0.7244], "Uniform ensemble (Train acc)": 0.9501, "Uniform ensemble (Test acc)": 0.9466, "FedAvg (Train acc)": 0.09035, "FedAvg (Test acc)": 0.0892, "pdm_KL_reg 0": {"Best Result": {"Best Sigma0": 3, "Best sigma": 0.9, "Best gamma": 1, "Best Test accuracy": 0.101, "Train acc": 0.10218333333333333}, "PDM log": "{(3, 0.9, 1): {'shapes': [(784, 599), (599,), (599, 126), (126,), (126, 111), (111,), (111, 109), (109,), (109, 109), (109,), (109, 101), (101,), (101, 10), (10,)], 'train_accuracy': 0.10218333333333333, 'test_accuracy': 0.101}}", "timing": 548}, "pdm_KL_reg 0.001": {"Best Result": {"Best Sigma0": 3, "Best sigma": 0.9, "Best gamma": 1, "Best Test accuracy": 0.101, "Train acc": 0.10218333333333333}, "PDM log": "{(3, 0.9, 1): {'shapes': [(784, 597), (597,), (597, 122), (122,), (122, 111), (111,), (111, 109), (109,), (109, 110), (110,), (110, 101), (101,), (101, 10), (10,)], 'train_accuracy': 0.10218333333333333, 'test_accuracy': 0.101}}", "timing": 919}, "pdm_KL_reg 0.005": {"Best Result": {"Best Sigma0": 3, "Best sigma": 0.9, "Best gamma": 1, "Best Test accuracy": 0.101, "Train acc": 0.10218333333333333}, "PDM log": "{(3, 0.9, 1): {'shapes': [(784, 596), (596,), (596, 124), (124,), (124, 111), (111,), (111, 109), (109,), (109, 110), (110,), (110, 101), (101,), (101, 10), (10,)], 'train_accuracy': 0.10218333333333333, 'test_accuracy': 0.101}}", "timing": 697}, "pdm_KL_reg 0.01": {"Best Result": {"Best Sigma0": 3, "Best sigma": 0.9, "Best gamma": 1, "Best Test accuracy": 0.101, "Train acc": 0.10218333333333333}, "PDM log": "{(3, 0.9, 1): {'shapes': [(784, 597), (597,), (597, 126), (126,), (126, 111), (111,), (111, 109), (109,), (109, 110), (110,), (110, 101), (101,), (101, 10), (10,)], 'train_accuracy': 0.10218333333333333, 'test_accuracy': 0.101}}", "timing": 645}, "pdm_KL_reg 0.05": {"Best Result": {"Best Sigma0": 3, "Best sigma": 0.9, "Best gamma": 1, "Best Test accuracy": 0.101, "Train acc": 0.10218333333333333}, "PDM log": "{(3, 0.9, 1): {'shapes': [(784, 595), (595,), (595, 123), (123,), (123, 111), (111,), (111, 109), (109,), (109, 110), (110,), (110, 101), (101,), (101, 10), (10,)], 'train_accuracy': 0.10218333333333333, 'test_accuracy': 0.101}}", "timing": 895}, "pdm_KL_reg 0.1": {"Best Result": {"Best Sigma0": 3, "Best sigma": 0.9, "Best gamma": 1, "Best Test accuracy": 0.101, "Train acc": 0.10218333333333333}, "PDM log": "{(3, 0.9, 1): {'shapes': [(784, 591), (591,), (591, 123), (123,), (123, 109), (109,), (109, 109), (109,), (109, 109), (109,), (109, 101), (101,), (101, 10), (10,)], 'train_accuracy': 0.10218333333333333, 'test_accuracy': 0.101}}", "timing": 820}, "pdm_KL_reg 0.5": {"Best Result": {"Best Sigma0": 3, "Best sigma": 0.9, "Best gamma": 1, "Best Test accuracy": 0.101, "Train acc": 0.10218333333333333}, "PDM log": "{(3, 0.9, 1): {'shapes': [(784, 562), (562,), (562, 109), (109,), (109, 108), (108,), (108, 109), (109,), (109, 100), (100,), (100, 101), (101,), (101, 10), (10,)], 'train_accuracy': 0.10218333333333333, 'test_accuracy': 0.101}}", "timing": 735}, "pdm_KL_reg 1": {"Best Result": {"Best Sigma0": 3, "Best sigma": 0.9, "Best gamma": 1, "Best Test accuracy": 0.101, "Train acc": 0.10218333333333333}, "PDM log": "{(3, 0.9, 1): {'shapes': [(784, 463), (463,), (463, 100), (100,), (100, 100), (100,), (100, 100), (100,), (100, 100), (100,), (100, 100), (100,), (100, 10), (10,)], 'train_accuracy': 0.10218333333333333, 'test_accuracy': 0.101}}", "timing": 765}, "pdm_KL_reg 2": {"Best Result": {"Best Sigma0": 3, "Best sigma": 0.9, "Best gamma": 1, "Best Test accuracy": 0.101, "Train acc": 0.10218333333333333}, "PDM log": "{(3, 0.9, 1): {'shapes': [(784, 100), (100,), (100, 100), (100,), (100, 100), (100,), (100, 100), (100,), (100, 100), (100,), (100, 100), (100,), (100, 10), (10,)], 'train_accuracy': 0.10218333333333333, 'test_accuracy': 0.101}}", "timing": 414}, "pdm_KL_reg 5": {"Best Result": {"Best Sigma0": 3, "Best sigma": 0.9, "Best gamma": 1, "Best Test accuracy": 0.101, "Train acc": 0.10218333333333333}, "PDM log": "{(3, 0.9, 1): {'shapes': [(784, 100), (100,), (100, 100), (100,), (100, 100), (100,), (100, 100), (100,), (100, 100), (100,), (100, 100), (100,), (100, 10), (10,)], 'train_accuracy': 0.10218333333333333, 'test_accuracy': 0.101}}", "timing": 312}, "pdm_KL_reg 10": {"Best Result": {"Best Sigma0": 3, "Best sigma": 0.9, "Best gamma": 1, "Best Test accuracy": 0.101, "Train acc": 0.10218333333333333}, "PDM log": "{(3, 0.9, 1): {'shapes': [(784, 100), (100,), (100, 100), (100,), (100, 100), (100,), (100, 100), (100,), (100, 100), (100,), (100, 100), (100,), (100, 10), (10,)], 'train_accuracy': 0.10218333333333333, 'test_accuracy': 0.101}}", "timing": 349}, "best_reg": 0}