{"seed": 1, "Data statistics": "{0: {0: 248, 1: 83, 2: 207, 3: 99, 4: 776, 5: 380, 6: 206, 7: 350, 8: 326, 9: 117}, 1: {0: 32, 1: 787, 2: 107, 3: 76, 4: 860, 5: 388, 6: 1125, 7: 1, 8: 586, 9: 2654}, 2: {0: 1711, 1: 1222, 2: 2657, 3: 143, 4: 349}, 3: {0: 301, 1: 336, 2: 1374, 3: 1805, 4: 2026, 5: 2536}, 4: {0: 166, 1: 315, 2: 274, 3: 12, 4: 47, 5: 38, 6: 723, 7: 175, 8: 48, 9: 2474}, 5: {0: 2902, 1: 187, 3: 322, 4: 24, 5: 71, 6: 2360, 7: 2841}, 6: {0: 127, 1: 963, 2: 729, 3: 810, 4: 960, 5: 24, 6: 804, 7: 111, 8: 1703}, 7: {0: 28, 1: 1747, 2: 276, 3: 72, 4: 657, 5: 1128, 6: 668, 7: 58, 8: 457, 9: 122}, 8: {0: 4, 1: 364, 2: 138, 3: 177, 4: 45, 5: 798, 7: 2648, 8: 2247}, 9: {0: 404, 1: 738, 2: 196, 3: 2615, 4: 98, 5: 58, 6: 32, 7: 81, 8: 484, 9: 582}}", "local_train_accs": [0.9724212034383954, 0.9744558645707376, 0.9930943768497205, 0.9887801384578658, 0.9562265917602997, 0.9462501435626507, 0.9654951051195635, 0.9031267983886437, 0.9700981155583243, 0.9451588502269289], "local_test_accs": [0.901, 0.7063, 0.5005, 0.5845, 0.631, 0.4436, 0.7607, 0.6483, 0.5298, 0.6924], "Uniform ensemble (Train acc)": 0.9446, "Uniform ensemble (Test acc)": 0.9449, "FedAvg (Train acc)": 0.10218333333333333, "FedAvg (Test acc)": 0.101, "pdm_match": {"Best Result": {"Best Sigma0": 10.0, "Best sigma": 0.1, "Best gamma": 50.0, "Best Test accuracy": 0.8103, "Train acc": 0.8105}, "PDM log": "{(1.0, 1.0, 1.0): {'shapes': [(784, 334), (334,), (334, 100), (100,), (100, 100), (100,), (100, 100), (100,), (100, 100), (100,), (100, 100), (100,), (100, 10), (10,)], 'train_accuracy': 0.10218333333333333, 'test_accuracy': 0.101}, (10.0, 1.0, 1.0): {'shapes': [(784, 572), (572,), (572, 127), (127,), (127, 118), (118,), (118, 109), (109,), (109, 109), (109,), (109, 103), (103,), (103, 10), (10,)], 'train_accuracy': 0.10196666666666666, 'test_accuracy': 0.1012}, (1.0, 0.1, 1.0): {'shapes': [(784, 700), (700,), (700, 700), (700,), (700, 700), (700,), (700, 700), (700,), (700, 680), (680,), (680, 161), (161,), (161, 10), (10,)], 'train_accuracy': 0.7141333333333333, 'test_accuracy': 0.7139}, (10.0, 0.1, 1.0): {'shapes': [(784, 700), (700,), (700, 700), (700,), (700, 700), (700,), (700, 700), (700,), (700, 700), (700,), (700, 176), (176,), (176, 10), (10,)], 'train_accuracy': 0.6981833333333334, 'test_accuracy': 0.7008}, (1.0, 0.5, 1.0): {'shapes': [(784, 588), (588,), (588, 156), (156,), (156, 129), (129,), (129, 114), (114,), (114, 113), (113,), (113, 105), (105,), (105, 10), (10,)], 'train_accuracy': 0.10321666666666666, 'test_accuracy': 0.1028}, (10.0, 0.5, 1.0): {'shapes': [(784, 646), (646,), (646, 295), (295,), (295, 191), (191,), (191, 161), (161,), (161, 137), (137,), (137, 116), (116,), (116, 10), (10,)], 'train_accuracy': 0.18505, 'test_accuracy': 0.1852}, (1.0, 1.0, 10.0): {'shapes': [(784, 441), (441,), (441, 141), (141,), (141, 136), (136,), (136, 127), (127,), (127, 127), (127,), (127, 109), (109,), (109, 10), (10,)], 'train_accuracy': 0.10218333333333333, 'test_accuracy': 0.101}, (10.0, 1.0, 10.0): {'shapes': [(784, 625), (625,), (625, 261), (261,), (261, 199), (199,), (199, 180), (180,), (180, 171), (171,), (171, 129), (129,), (129, 10), (10,)], 'train_accuracy': 0.21488333333333334, 'test_accuracy': 0.2164}, (1.0, 0.1, 10.0): {'shapes': [(784, 700), (700,), (700, 700), (700,), (700, 700), (700,), (700, 700), (700,), (700, 700), (700,), (700, 221), (221,), (221, 10), (10,)], 'train_accuracy': 0.7970166666666667, 'test_accuracy': 0.7987}, (10.0, 0.1, 10.0): {'shapes': [(784, 700), (700,), (700, 700), (700,), (700, 700), (700,), (700, 700), (700,), (700, 700), (700,), (700, 241), (241,), (241, 10), (10,)], 'train_accuracy': 0.7967333333333333, 'test_accuracy': 0.7976}, (1.0, 0.5, 10.0): {'shapes': [(784, 636), (636,), (636, 314), (314,), (314, 214), (214,), (214, 189), (189,), (189, 167), (167,), (167, 123), (123,), (123, 10), (10,)], 'train_accuracy': 0.1671, 'test_accuracy': 0.1698}, (10.0, 0.5, 10.0): {'shapes': [(784, 700), (700,), (700, 575), (575,), (575, 407), (407,), (407, 322), (322,), (322, 265), (265,), (265, 140), (140,), (140, 10), (10,)], 'train_accuracy': 0.46298333333333336, 'test_accuracy': 0.4694}, (1.0, 1.0, 50.0): {'shapes': [(784, 542), (542,), (542, 271), (271,), (271, 253), (253,), (253, 253), (253,), (253, 235), (235,), (235, 170), (170,), (170, 10), (10,)], 'train_accuracy': 0.10218333333333333, 'test_accuracy': 0.101}, (10.0, 1.0, 50.0): {'shapes': [(784, 679), (679,), (679, 586), (586,), (586, 460), (460,), (460, 415), (415,), (415, 379), (379,), (379, 225), (225,), (225, 10), (10,)], 'train_accuracy': 0.7268833333333333, 'test_accuracy': 0.7305}, (1.0, 0.1, 50.0): {'shapes': [(784, 700), (700,), (700, 700), (700,), (700, 700), (700,), (700, 700), (700,), (700, 700), (700,), (700, 318), (318,), (318, 10), (10,)], 'train_accuracy': 0.81025, 'test_accuracy': 0.8105}, (10.0, 0.1, 50.0): {'shapes': [(784, 700), (700,), (700, 700), (700,), (700, 700), (700,), (700, 700), (700,), (700, 700), (700,), (700, 352), (352,), (352, 10), (10,)], 'train_accuracy': 0.8105, 'test_accuracy': 0.8103}, (1.0, 0.5, 50.0): {'shapes': [(784, 700), (700,), (700, 622), (622,), (622, 486), (486,), (486, 406), (406,), (406, 330), (330,), (330, 186), (186,), (186, 10), (10,)], 'train_accuracy': 0.41081666666666666, 'test_accuracy': 0.4087}, (10.0, 0.5, 50.0): {'shapes': [(784, 700), (700,), (700, 700), (700,), (700, 667), (667,), (667, 640), (640,), (640, 550), (550,), (550, 244), (244,), (244, 10), (10,)], 'train_accuracy': 0.7796, 'test_accuracy': 0.78}}", "timing": "36584"}, "pdm_KL_match": {}, "pdm_KL2_match": {"Best Result": {"Best Sigma0": 1.0, "Best sigma": 0.1, "Best gamma": 50.0, "Best Test accuracy": 0.7979, "Train acc": 0.8001},