{"seed": 0, "Data statistics": "{0: {0: 333, 1: 338, 2: 324, 3: 366, 4: 307, 5: 371, 6: 325, 7: 328, 8: 308, 9: 334}, 1: {0: 362, 1: 311, 2: 323, 3: 331, 4: 339, 5: 322, 6: 320, 7: 347, 8: 346, 9: 333}, 2: {0: 309, 1: 337, 2: 369, 3: 334, 4: 321, 5: 323, 6: 308, 7: 325, 8: 335, 9: 373}, 3: {0: 348, 1: 359, 2: 330, 3: 317, 4: 347, 5: 322, 6: 330, 7: 346, 8: 322, 9: 313}, 4: {0: 302, 1: 344, 2: 327, 3: 310, 4: 344, 5: 318, 6: 353, 7: 333, 8: 354, 9: 349}, 5: {0: 347, 1: 324, 2: 335, 3: 331, 4: 348, 5: 325, 6: 320, 7: 322, 8: 311, 9: 370}, 6: {0: 349, 1: 329, 2: 334, 3: 329, 4: 308, 5: 343, 6: 351, 7: 314, 8: 332, 9: 344}, 7: {0: 326, 1: 318, 2: 315, 3: 328, 4: 334, 5: 341, 6: 351, 7: 333, 8: 328, 9: 359}, 8: {0: 334, 1: 314, 2: 349, 3: 325, 4: 368, 5: 335, 6: 355, 7: 332, 8: 320, 9: 301}, 9: {0: 336, 1: 340, 2: 354, 3: 321, 4: 322, 5: 298, 6: 325, 7: 379, 8: 332, 9: 326}, 10: {0: 336, 1: 323, 2: 322, 3: 354, 4: 328, 5: 346, 6: 341, 7: 323, 8: 327, 9: 333}, 11: {0: 313, 1: 366, 2: 299, 3: 362, 4: 340, 5: 335, 6: 342, 7: 332, 8: 326, 9: 318}, 12: {0: 324, 1: 322, 2: 322, 3: 325, 4: 344, 5: 344, 6: 326, 7: 334, 8: 367, 9: 325}, 13: {0: 346, 1: 342, 2: 345, 3: 338, 4: 323, 5: 342, 6: 344, 7: 337, 8: 319, 9: 297}, 14: {0: 335, 1: 333, 2: 352, 3: 329, 4: 327, 5: 335, 6: 309, 7: 315, 8: 373, 9: 325}}", "loading time": 40, "local_train_accs": [0.4268146370725855, 0.4391121775644871, 0.44571085782843434, 0.41991601679664065, 0.4337132573485303, 0.42664266426642666, 0.41074107410741073, 0.40564056405640564, 0.4239423942394239, 0.42634263426342633, 0.4221422142214221, 0.44044404440444046, 0.39633963396339633, 0.43174317431743175, 0.3945394539453945], "local_test_accs": [0.3509, 0.3532, 0.3527, 0.3454, 0.3433, 0.3515, 0.3485, 0.3304, 0.3445, 0.3452, 0.3477, 0.3584, 0.3484, 0.3543, 0.3405], "pdm_KL_reg 0": {"Best Result": {"Best Sigma0": 10, "Best sigma": 1, "Best gamma": 10, "Best Test accuracy": 0.4051, "Train acc": 0.4061}, "PDM log": "{(10, 1, 10): {'shapes': [(3072, 1425), (1425,), (1425, 10), (10,)], 'train_accuracy': 0.4061, 'test_accuracy': 0.4051}}", "timing": 1892}, "pdm_KL_reg 0.001": {"Best Result": {"Best Sigma0": 10, "Best sigma": 1, "Best gamma": 10, "Best Test accuracy": 0.4051, "Train acc": 0.4061}, "PDM log": "{(10, 1, 10): {'shapes': [(3072, 1425), (1425,), (1425, 10), (10,)], 'train_accuracy': 0.4061, 'test_accuracy': 0.4051}}", "timing": 4421}, "pdm_KL_reg 0.005": {"Best Result": {"Best Sigma0": 10, "Best sigma": 1, "Best gamma": 10, "Best Test accuracy": 0.4051, "Train acc": 0.4061}, "PDM log": "{(10, 1, 10): {'shapes': [(3072, 1425), (1425,), (1425, 10), (10,)], 'train_accuracy': 0.4061, 'test_accuracy': 0.4051}}", "timing": 4419}, "pdm_KL_reg 0.01": {"Best Result": {"Best Sigma0": 10, "Best sigma": 1, "Best gamma": 10, "Best Test accuracy": 0.4051, "Train acc": 0.4061}, "PDM log": "{(10, 1, 10): {'shapes': [(3072, 1425), (1425,), (1425, 10), (10,)], 'train_accuracy': 0.4061, 'test_accuracy': 0.4051}}", "timing": 3841}, "pdm_KL_reg 0.05": {"Best Result": {"Best Sigma0": 10, "Best sigma": 1, "Best gamma": 10, "Best Test accuracy": 0.4051, "Train acc": 0.4061}, "PDM log": "{(10, 1, 10): {'shapes': [(3072, 1419), (1419,), (1419, 10), (10,)], 'train_accuracy': 0.4061, 'test_accuracy': 0.4051}}", "timing": 2565}, "pdm_KL_reg 0.1": {"Best Result": {"Best Sigma0": 10, "Best sigma": 1, "Best gamma": 10, "Best Test accuracy": 0.4051, "Train acc": 0.4061}, "PDM log": "{(10, 1, 10): {'shapes': [(3072, 1418), (1418,), (1418, 10), (10,)], 'train_accuracy': 0.4061, 'test_accuracy': 0.4051}}", "timing": 2448}, "pdm_KL_reg 0.5": {"Best Result": {"Best Sigma0": 10, "Best sigma": 1, "Best gamma": 10, "Best Test accuracy": 0.4051, "Train acc": 0.40612}, "PDM log": "{(10, 1, 10): {'shapes': [(3072, 1360), (1360,), (1360, 10), (10,)], 'train_accuracy': 0.40612, 'test_accuracy': 0.4051}}", "timing": 2307}, "pdm_KL_reg 1": {"Best Result": {"Best Sigma0": 10, "Best sigma": 1, "Best gamma": 10, "Best Test accuracy": 0.3529, "Train acc": 0.35992}, "PDM log": "{(10, 1, 10): {'shapes': [(3072, 310), (310,), (310, 10), (10,)], 'train_accuracy': 0.35992, 'test_accuracy': 0.3529}}", "timing": 400}, "pdm_KL_reg 2": {"Best Result": {"Best Sigma0": 10, "Best sigma": 1, "Best gamma": 10, "Best Test accuracy": 0.1, "Train acc": 0.09998}, "PDM log": "{(10, 1, 10): {'shapes': [(3072, 100), (100,), (100, 10), (10,)], 'train_accuracy': 0.09998, 'test_accuracy': 0.1}}", "timing": 120}, "pdm_KL_reg 5": {"Best Result": {"Best Sigma0": 10, "Best sigma": 1, "Best gamma": 10, "Best Test accuracy": 0.1, "Train acc": 0.1}, "PDM log": "{(10, 1, 10): {'shapes': [(3072, 100), (100,), (100, 10), (10,)], 'train_accuracy': 0.1, 'test_accuracy': 0.1}}", "timing": 132}, "pdm_KL_reg 10": {"Best Result": {"Best Sigma0": 10, "Best sigma": 1, "Best gamma": 10, "Best Test accuracy": 0.1, "Train acc": 0.1}, "PDM log": "{(10, 1, 10): {'shapes': [(3072, 100), (100,), (100, 10), (10,)], 'train_accuracy': 0.1, 'test_accuracy': 0.1}}", "timing": 122}, "best_reg": 0}