{"seed": 4, "Data statistics": "{0: {0: 325, 1: 334, 2: 318, 3: 325, 4: 319, 5: 328, 6: 345, 7: 348, 8: 352, 9: 340}, 1: {0: 341, 1: 340, 2: 329, 3: 361, 4: 322, 5: 331, 6: 336, 7: 341, 8: 277, 9: 356}, 2: {0: 367, 1: 353, 2: 327, 3: 299, 4: 325, 5: 345, 6: 339, 7: 324, 8: 331, 9: 324}, 3: {0: 323, 1: 331, 2: 309, 3: 311, 4: 360, 5: 345, 6: 344, 7: 334, 8: 359, 9: 318}, 4: {0: 351, 1: 326, 2: 363, 3: 342, 4: 340, 5: 330, 6: 347, 7: 317, 8: 291, 9: 327}, 5: {0: 346, 1: 335, 2: 339, 3: 303, 4: 330, 5: 314, 6: 390, 7: 338, 8: 335, 9: 303}, 6: {0: 319, 1: 344, 2: 356, 3: 342, 4: 363, 5: 344, 6: 308, 7: 312, 8: 324, 9: 321}, 7: {0: 332, 1: 337, 2: 306, 3: 362, 4: 325, 5: 346, 6: 310, 7: 338, 8: 344, 9: 333}, 8: {0: 336, 1: 320, 2: 370, 3: 354, 4: 291, 5: 335, 6: 307, 7: 332, 8: 357, 9: 331}, 9: {0: 317, 1: 340, 2: 337, 3: 333, 4: 337, 5: 342, 6: 329, 7: 336, 8: 322, 9: 340}, 10: {0: 345, 1: 319, 2: 306, 3: 346, 4: 334, 5: 338, 6: 328, 7: 336, 8: 334, 9: 347}, 11: {0: 327, 1: 316, 2: 332, 3: 324, 4: 347, 5: 323, 6: 322, 7: 342, 8: 342, 9: 358}, 12: {0: 329, 1: 316, 2: 338, 3: 336, 4: 342, 5: 314, 6: 311, 7: 351, 8: 359, 9: 337}, 13: {0: 316, 1: 347, 2: 339, 3: 320, 4: 340, 5: 347, 6: 333, 7: 336, 8: 334, 9: 321}, 14: {0: 326, 1: 342, 2: 331, 3: 342, 4: 325, 5: 318, 6: 351, 7: 315, 8: 339, 9: 344}}", "loading time": 34, "local_train_accs": [0.41601679664067187, 0.39682063587282546, 0.4196160767846431, 0.4325134973005399, 0.4070185962807438, 0.4215421542154215, 0.43624362436243624, 0.42184218421842185, 0.43414341434143416, 0.43924392439243926, 0.42064206420642064, 0.4158415841584158, 0.4521452145214521, 0.444044404440444, 0.444044404440444], "local_test_accs": [0.3413, 0.331, 0.3492, 0.3551, 0.3339, 0.3445, 0.3594, 0.344, 0.3654, 0.3488, 0.3489, 0.3448, 0.3671, 0.3587, 0.3485], "pdm_KL_reg 0": {"Best Result": {"Best Sigma0": 10, "Best sigma": 1, "Best gamma": 10, "Best Test accuracy": 0.4065, "Train acc": 0.405}, "PDM log": "{(10, 1, 10): {'shapes': [(3072, 1427), (1427,), (1427, 10), (10,)], 'train_accuracy': 0.405, 'test_accuracy': 0.4065}}", "timing": 963}, "pdm_KL_reg 0.001": {"Best Result": {"Best Sigma0": 10, "Best sigma": 1, "Best gamma": 10, "Best Test accuracy": 0.4065, "Train acc": 0.405}, "PDM log": "{(10, 1, 10): {'shapes': [(3072, 1427), (1427,), (1427, 10), (10,)], 'train_accuracy': 0.405, 'test_accuracy': 0.4065}}", "timing": 2112}, "pdm_KL_reg 0.005": {"Best Result": {"Best Sigma0": 10, "Best sigma": 1, "Best gamma": 10, "Best Test accuracy": 0.4065, "Train acc": 0.405}, "PDM log": "{(10, 1, 10): {'shapes': [(3072, 1427), (1427,), (1427, 10), (10,)], 'train_accuracy': 0.405, 'test_accuracy': 0.4065}}", "timing": 2069}, "pdm_KL_reg 0.01": {"Best Result": {"Best Sigma0": 10, "Best sigma": 1, "Best gamma": 10, "Best Test accuracy": 0.4065, "Train acc": 0.405}, "PDM log": "{(10, 1, 10): {'shapes': [(3072, 1427), (1427,), (1427, 10), (10,)], 'train_accuracy': 0.405, 'test_accuracy': 0.4065}}", "timing": 2149}, "pdm_KL_reg 0.05": {"Best Result": {"Best Sigma0": 10, "Best sigma": 1, "Best gamma": 10, "Best Test accuracy": 0.4065, "Train acc": 0.405}, "PDM log": "{(10, 1, 10): {'shapes': [(3072, 1423), (1423,), (1423, 10), (10,)], 'train_accuracy': 0.405, 'test_accuracy': 0.4065}}", "timing": 2095}, "pdm_KL_reg 0.1": {"Best Result": {"Best Sigma0": 10, "Best sigma": 1, "Best gamma": 10, "Best Test accuracy": 0.4065, "Train acc": 0.405}, "PDM log": "{(10, 1, 10): {'shapes': [(3072, 1416), (1416,), (1416, 10), (10,)], 'train_accuracy': 0.405, 'test_accuracy': 0.4065}}", "timing": 2083}, "pdm_KL_reg 0.5": {"Best Result": {"Best Sigma0": 10, "Best sigma": 1, "Best gamma": 10, "Best Test accuracy": 0.4065, "Train acc": 0.40496}, "PDM log": "{(10, 1, 10): {'shapes': [(3072, 1356), (1356,), (1356, 10), (10,)], 'train_accuracy': 0.40496, 'test_accuracy': 0.4065}}", "timing": 2024}, "pdm_KL_reg 1": {"Best Result": {"Best Sigma0": 10, "Best sigma": 1, "Best gamma": 10, "Best Test accuracy": 0.3774, "Train acc": 0.3777}, "PDM log": "{(10, 1, 10): {'shapes': [(3072, 296), (296,), (296, 10), (10,)], 'train_accuracy': 0.3777, 'test_accuracy': 0.3774}}", "timing": 492}, "pdm_KL_reg 2": {"Best Result": {"Best Sigma0": 10, "Best sigma": 1, "Best gamma": 10, "Best Test accuracy": 0.1, "Train acc": 0.1}, "PDM log": "{(10, 1, 10): {'shapes': [(3072, 100), (100,), (100, 10), (10,)], 'train_accuracy': 0.1, 'test_accuracy': 0.1}}", "timing": 121}, "pdm_KL_reg 5": {"Best Result": {"Best Sigma0": 10, "Best sigma": 1, "Best gamma": 10, "Best Test accuracy": 0.1, "Train acc": 0.1}, "PDM log": "{(10, 1, 10): {'shapes': [(3072, 100), (100,), (100, 10), (10,)], 'train_accuracy': 0.1, 'test_accuracy': 0.1}}", "timing": 119}, "pdm_KL_reg 10": {"Best Result": {"Best Sigma0": 10, "Best sigma": 1, "Best gamma": 10, "Best Test accuracy": 0.1, "Train acc": 0.1}, "PDM log": "{(10, 1, 10): {'shapes': [(3072, 100), (100,), (100, 10), (10,)], 'train_accuracy': 0.1, 'test_accuracy': 0.1}}", "timing": 126}, "best_reg": 0}