{"seed": 6, "Data statistics": "{0: {0: 359, 1: 323, 2: 321, 3: 326, 4: 330, 5: 334, 6: 347, 7: 334, 8: 340, 9: 320}, 1: {0: 330, 1: 341, 2: 314, 3: 324, 4: 340, 5: 319, 6: 336, 7: 313, 8: 335, 9: 382}, 2: {0: 328, 1: 343, 2: 312, 3: 343, 4: 361, 5: 346, 6: 327, 7: 316, 8: 346, 9: 312}, 3: {0: 343, 1: 324, 2: 321, 3: 348, 4: 344, 5: 324, 6: 339, 7: 313, 8: 349, 9: 329}, 4: {0: 319, 1: 327, 2: 323, 3: 328, 4: 317, 5: 354, 6: 344, 7: 355, 8: 337, 9: 330}, 5: {0: 318, 1: 307, 2: 366, 3: 331, 4: 333, 5: 346, 6: 298, 7: 324, 8: 349, 9: 361}, 6: {0: 344, 1: 323, 2: 357, 3: 335, 4: 353, 5: 302, 6: 344, 7: 328, 8: 338, 9: 309}, 7: {0: 328, 1: 331, 2: 313, 3: 347, 4: 328, 5: 321, 6: 352, 7: 344, 8: 346, 9: 323}, 8: {0: 336, 1: 330, 2: 334, 3: 349, 4: 319, 5: 350, 6: 352, 7: 305, 8: 325, 9: 333}, 9: {0: 311, 1: 337, 2: 343, 3: 330, 4: 299, 5: 360, 6: 339, 7: 352, 8: 330, 9: 332}, 10: {0: 347, 1: 324, 2: 369, 3: 328, 4: 306, 5: 312, 6: 324, 7: 357, 8: 341, 9: 325}, 11: {0: 350, 1: 358, 2: 319, 3: 300, 4: 342, 5: 339, 6: 311, 7: 339, 8: 304, 9: 371}, 12: {0: 331, 1: 333, 2: 334, 3: 358, 4: 343, 5: 327, 6: 318, 7: 341, 8: 325, 9: 323}, 13: {0: 341, 1: 332, 2: 324, 3: 321, 4: 343, 5: 336, 6: 344, 7: 349, 8: 318, 9: 325}, 14: {0: 315, 1: 367, 2: 350, 3: 332, 4: 342, 5: 330, 6: 325, 7: 330, 8: 317, 9: 325}}", "loading time": 33, "local_train_accs": [0.39832033593281346, 0.4175164967006599, 0.40731853629274145, 0.4013197360527894, 0.4175164967006599, 0.4371437143714371, 0.40444044404440443, 0.40414041404140416, 0.4227422742274227, 0.44554455445544555, 0.3864386438643864, 0.40234023402340235, 0.40594059405940597, 0.41074107410741073, 0.4158415841584158], "local_test_accs": [0.3398, 0.3489, 0.3389, 0.3342, 0.3526, 0.3557, 0.3386, 0.3341, 0.3442, 0.3615, 0.3295, 0.3256, 0.34, 0.3405, 0.3476], "pdm_KL_reg 0": {"Best Result": {"Best Sigma0": 10, "Best sigma": 1, "Best gamma": 10, "Best Test accuracy": 0.3996, "Train acc": 0.4011}, "PDM log": "{(10, 1, 10): {'shapes': [(3072, 1415), (1415,), (1415, 10), (10,)], 'train_accuracy': 0.4011, 'test_accuracy': 0.3996}}", "timing": 818}, "pdm_KL_reg 0.001": {"Best Result": {"Best Sigma0": 10, "Best sigma": 1, "Best gamma": 10, "Best Test accuracy": 0.3996, "Train acc": 0.4011}, "PDM log": "{(10, 1, 10): {'shapes': [(3072, 1415), (1415,), (1415, 10), (10,)], 'train_accuracy': 0.4011, 'test_accuracy': 0.3996}}", "timing": 1829}, "pdm_KL_reg 0.005": {"Best Result": {"Best Sigma0": 10, "Best sigma": 1, "Best gamma": 10, "Best Test accuracy": 0.3996, "Train acc": 0.4011}, "PDM log": "{(10, 1, 10): {'shapes': [(3072, 1415), (1415,), (1415, 10), (10,)], 'train_accuracy': 0.4011, 'test_accuracy': 0.3996}}", "timing": 1829}, "pdm_KL_reg 0.01": {"Best Result": {"Best Sigma0": 10, "Best sigma": 1, "Best gamma": 10, "Best Test accuracy": 0.3996, "Train acc": 0.4011}, "PDM log": "{(10, 1, 10): {'shapes': [(3072, 1415), (1415,), (1415, 10), (10,)], 'train_accuracy': 0.4011, 'test_accuracy': 0.3996}}", "timing": 1750}, "pdm_KL_reg 0.05": {"Best Result": {"Best Sigma0": 10, "Best sigma": 1, "Best gamma": 10, "Best Test accuracy": 0.3996, "Train acc": 0.40106}, "PDM log": "{(10, 1, 10): {'shapes': [(3072, 1413), (1413,), (1413, 10), (10,)], 'train_accuracy': 0.40106, 'test_accuracy': 0.3996}}", "timing": 1788}, "pdm_KL_reg 0.1": {"Best Result": {"Best Sigma0": 10, "Best sigma": 1, "Best gamma": 10, "Best Test accuracy": 0.3996, "Train acc": 0.40106}, "PDM log": "{(10, 1, 10): {'shapes': [(3072, 1403), (1403,), (1403, 10), (10,)], 'train_accuracy': 0.40106, 'test_accuracy': 0.3996}}", "timing": 1749}, "pdm_KL_reg 0.5": {"Best Result": {"Best Sigma0": 10, "Best sigma": 1, "Best gamma": 10, "Best Test accuracy": 0.3996, "Train acc": 0.40106}, "PDM log": "{(10, 1, 10): {'shapes': [(3072, 1357), (1357,), (1357, 10), (10,)], 'train_accuracy': 0.40106, 'test_accuracy': 0.3996}}", "timing": 1688}, "pdm_KL_reg 1": {"Best Result": {"Best Sigma0": 10, "Best sigma": 1, "Best gamma": 10, "Best Test accuracy": 0.3748, "Train acc": 0.3777}, "PDM log": "{(10, 1, 10): {'shapes': [(3072, 310), (310,), (310, 10), (10,)], 'train_accuracy': 0.3777, 'test_accuracy': 0.3748}}", "timing": 374}, "pdm_KL_reg 2": {"Best Result": {"Best Sigma0": 10, "Best sigma": 1, "Best gamma": 10, "Best Test accuracy": 0.1, "Train acc": 0.1}, "PDM log": "{(10, 1, 10): {'shapes': [(3072, 100), (100,), (100, 10), (10,)], 'train_accuracy': 0.1, 'test_accuracy': 0.1}}", "timing": 92}, "pdm_KL_reg 5": {"Best Result": {"Best Sigma0": 10, "Best sigma": 1, "Best gamma": 10, "Best Test accuracy": 0.1, "Train acc": 0.1}, "PDM log": "{(10, 1, 10): {'shapes': [(3072, 100), (100,), (100, 10), (10,)], 'train_accuracy': 0.1, 'test_accuracy': 0.1}}", "timing": 95}, "pdm_KL_reg 10": {"Best Result": {"Best Sigma0": 10, "Best sigma": 1, "Best gamma": 10, "Best Test accuracy": 0.1, "Train acc": 0.1}, "PDM log": "{(10, 1, 10): {'shapes': [(3072, 100), (100,), (100, 10), (10,)], 'train_accuracy': 0.1, 'test_accuracy': 0.1}}", "timing": 116}, "best_reg": 0}