{"seed": 1, "Data statistics": "{0: {0: 406, 1: 1041, 2: 1423, 3: 3885, 4: 4999, 5: 4816, 6: 1739, 7: 2064, 8: 2, 9: 2427}, 1: {0: 4594, 1: 3959, 2: 3577, 3: 1115, 4: 1, 5: 184, 6: 3261, 7: 2936, 8: 4998, 9: 2573}}", "local_train_accs": [0.49026401192877817, 0.5856312964188544], "local_test_accs": [0.3288, 0.4039], "pdm_match": {}, "pdm_KL_match": {}, "pdm_KL2_match": {"Best Result": {"Best Sigma0": 10.0, "Best sigma": 0.1, "Best gamma": 50.0, "Best Test accuracy": 0.3902, "Train acc": 0.40222}, "PDM log": "{(1.0, 1.0, 1.0): {'shapes': [(3072, 127), (127,), (127, 10), (10,)], 'train_accuracy': 0.3968, 'test_accuracy': 0.3852}, (10.0, 1.0, 1.0): {'shapes': [(3072, 106), (106,), (106, 10), (10,)], 'train_accuracy': 0.3204, 'test_accuracy': 0.3142}, (1.0, 0.1, 1.0): {'shapes': [(3072, 188), (188,), (188, 10), (10,)], 'train_accuracy': 0.40182, 'test_accuracy': 0.3904}, (10.0, 0.1, 1.0): {'shapes': [(3072, 110), (110,), (110, 10), (10,)], 'train_accuracy': 0.32784, 'test_accuracy': 0.3171}, (1.0, 0.5, 1.0): {'shapes': [(3072, 172), (172,), (172, 10), (10,)], 'train_accuracy': 0.39994, 'test_accuracy': 0.3869}, (10.0, 0.5, 1.0): {'shapes': [(3072, 107), (107,), (107, 10), (10,)], 'train_accuracy': 0.33166, 'test_accuracy': 0.3267}, (1.0, 1.0, 10.0): {'shapes': [(3072, 170), (170,), (170, 10), (10,)], 'train_accuracy': 0.39728, 'test_accuracy': 0.3852}, (10.0, 1.0, 10.0): {'shapes': [(3072, 128), (128,), (128, 10), (10,)], 'train_accuracy': 0.4011, 'test_accuracy': 0.391}, (1.0, 0.1, 10.0): {'shapes': [(3072, 191), (191,), (191, 10), (10,)], 'train_accuracy': 0.40182, 'test_accuracy': 0.3904}, (10.0, 0.1, 10.0): {'shapes': [(3072, 138), (138,), (138, 10), (10,)], 'train_accuracy': 0.40206, 'test_accuracy': 0.3905}, (1.0, 0.5, 10.0): {'shapes': [(3072, 185), (185,), (185, 10), (10,)], 'train_accuracy': 0.40034, 'test_accuracy': 0.3873}, (10.0, 0.5, 10.0): {'shapes': [(3072, 134), (134,), (134, 10), (10,)], 'train_accuracy': 0.40156, 'test_accuracy': 0.3913}, (1.0, 1.0, 50.0): {'shapes': [(3072, 187), (187,), (187, 10), (10,)], 'train_accuracy': 0.39762, 'test_accuracy': 0.3857}, (10.0, 1.0, 50.0): {'shapes': [(3072, 172), (172,), (172, 10), (10,)], 'train_accuracy': 0.40144, 'test_accuracy': 0.3903}, (1.0, 0.1, 50.0): {'shapes': [(3072, 196), (196,), (196, 10), (10,)], 'train_accuracy': 0.40182, 'test_accuracy': 0.3904}, (10.0, 0.1, 50.0): {'shapes': [(3072, 176), (176,), (176, 10), (10,)], 'train_accuracy': 0.40222, 'test_accuracy': 0.3902}, (1.0, 0.5, 50.0): {'shapes': [(3072, 191), (191,), (191, 10), (10,)], 'train_accuracy': 0.40034, 'test_accuracy': 0.3873}, (10.0, 0.5, 50.0): {'shapes': [(3072, 175), (175,), (175, 10), (10,)], 'train_accuracy': 0.40188, 'test_accuracy': 0.3904}}"}}