{"seed": 9, "Data statistics": "{0: {0: 160, 1: 214, 2: 1552, 3: 104, 4: 149, 5: 1481, 6: 858}, 1: {0: 1297, 1: 7, 2: 587, 3: 448, 4: 246, 6: 8, 7: 4, 8: 382, 9: 74}, 2: {0: 137, 1: 53, 2: 98, 3: 57, 4: 35, 5: 3, 6: 38, 7: 399, 8: 316, 9: 1239}, 3: {0: 256, 1: 84, 2: 171, 3: 113, 4: 407, 5: 100, 6: 2, 7: 12, 8: 85, 9: 1123}, 4: {0: 347, 1: 3, 2: 175, 3: 31, 4: 221, 5: 265, 6: 6, 7: 354, 8: 2875}, 5: {0: 879, 1: 1547, 2: 926, 3: 76, 4: 301, 5: 402}, 6: {0: 48, 1: 287, 2: 315, 3: 734, 4: 31, 5: 28, 6: 1722, 7: 269, 8: 482, 9: 102}, 7: {0: 285, 1: 474, 2: 521, 3: 747, 4: 40, 5: 1696, 6: 4, 7: 287}, 8: {0: 72, 1: 142, 2: 483, 3: 235, 4: 1393, 6: 1657, 7: 1551}, 9: {0: 305, 1: 11, 2: 837, 3: 428, 4: 235, 5: 269, 6: 806, 7: 61, 8: 965, 9: 349}, 10: {0: 10, 1: 87, 2: 97, 3: 81, 4: 554, 5: 244, 6: 28, 7: 2390, 8: 283, 9: 2095}, 11: {0: 87, 1: 1551, 2: 30, 3: 1785, 4: 1567}, 12: {0: 524, 1: 7, 2: 73, 3: 5, 4: 99, 5: 8, 6: 614, 8: 43, 9: 65}, 13: {0: 306, 1: 1, 2: 88, 3: 1029, 4: 51, 5: 925, 6: 174, 7: 938, 8: 420, 9: 902}, 14: {0: 1210, 1: 2274, 2: 5, 3: 258, 4: 513, 6: 1}}", "comm 0": {"training timing": 238, "local_train_accs": [1.0, 0.9967245332459875, 0.9962105263157894, 0.9932001699957501, 0.999766191255553, 1.0, 0.9972623195619711, 0.9995066600888012, 0.9998192662208567, 0.9955461790904829, 0.9969330379962514, 1.0, 0.997913769123783, 0.9931733553992552, 1.0], "local_test_accs": [1.0, 0.9967245332459875, 0.9962105263157894, 0.9932001699957501, 0.999766191255553, 1.0, 0.9972623195619711, 0.9995066600888012, 0.9998192662208567, 0.9955461790904829, 0.9969330379962514, 1.0, 0.997913769123783, 0.9931733553992552, 1.0], "Uniform ensemble (Train acc)": 0.9373666666666667, "Uniform ensemble (Test acc)": 0.9355, "FedAvg (Train acc)": 0.18396666666666667, "FedAvg (Test acc)": 0.1902, "pdm_KL (Train acc)": 0.6712666666666667, "pdm_KL (Test acc)": 0.6757}, "comm 1": {"training timing": 343, "local_train_accs": [1.0, 1.0, 0.999578947368421, 1.0, 1.0, 1.0, 0.9997511199601792, 1.0, 1.0, 1.0, 1.0, 1.0, 1.0, 1.0, 1.0], "local_test_accs": [1.0, 1.0, 0.999578947368421, 1.0, 1.0, 1.0, 0.9997511199601792, 1.0, 1.0, 1.0, 1.0, 1.0, 1.0, 1.0, 1.0], "Uniform ensemble (Train acc)": 0.9423333333333334, "Uniform ensemble (Test acc)": 0.94, "FedAvg (Train acc)": 0.17918333333333333, "FedAvg (Test acc)": 0.185, "pdm_KL (Train acc)": 0.7664166666666666, "pdm_KL (Test acc)": 0.7663}, "comm 2": {"training timing": 329, "local_train_accs": [1.0, 1.0, 1.0, 1.0, 1.0, 1.0, 1.0, 1.0, 1.0, 1.0, 1.0, 1.0, 1.0, 1.0, 1.0], "local_test_accs": [1.0, 1.0, 1.0, 1.0, 1.0, 1.0, 1.0, 1.0, 1.0, 1.0, 1.0, 1.0, 1.0, 1.0, 1.0], "Uniform ensemble (Train acc)": 0.9446333333333333, "Uniform ensemble (Test acc)": 0.9405, "FedAvg (Train acc)": 0.17108333333333334, "FedAvg (Test acc)": 0.1762, "pdm_KL (Train acc)": 0.8535333333333334, "pdm_KL (Test acc)": 0.861}, "comm 3": {"training timing": 337, "local_train_accs": [1.0, 1.0, 1.0, 1.0, 1.0, 1.0, 1.0, 1.0, 1.0, 1.0, 1.0, 1.0, 1.0, 1.0, 1.0], "local_test_accs": [1.0, 1.0, 1.0, 1.0, 1.0, 1.0, 1.0, 1.0, 1.0, 1.0, 1.0, 1.0, 1.0, 1.0, 1.0], "Uniform ensemble (Train acc)": 0.9454666666666667, "Uniform ensemble (Test acc)": 0.942, "FedAvg (Train acc)": 0.18468333333333334, "FedAvg (Test acc)": 0.1902, "pdm_KL (Train acc)": 0.8940333333333333, "pdm_KL (Test acc)": 0.8982}, "comm 4": {"training timing": 333, "local_train_accs": [1.0, 1.0, 1.0, 1.0, 1.0, 1.0, 1.0, 1.0, 1.0, 1.0, 1.0, 1.0, 1.0, 1.0, 1.0], "local_test_accs": [1.0, 1.0, 1.0, 1.0, 1.0, 1.0, 1.0, 1.0, 1.0, 1.0, 1.0, 1.0, 1.0, 1.0, 1.0], "Uniform ensemble (Train acc)": 0.9452166666666667, "Uniform ensemble (Test acc)": 0.9414, "FedAvg (Train acc)": 0.18583333333333332, "FedAvg (Test acc)": 0.191, "pdm_KL (Train acc)": 0.9119666666666667, "pdm_KL (Test acc)": 0.9132}, "comm 5": {"training timing": 346, "local_train_accs": [1.0, 1.0, 1.0, 1.0, 0.9990647650222119, 1.0, 1.0, 1.0, 1.0, 1.0, 1.0, 1.0, 1.0, 1.0, 1.0], "local_test_accs": [1.0, 1.0, 1.0, 1.0, 0.9990647650222119, 1.0, 1.0, 1.0, 1.0, 1.0, 1.0, 1.0, 1.0, 1.0, 1.0], "Uniform ensemble (Train acc)": 0.9441, "Uniform ensemble (Test acc)": 0.9409, "FedAvg (Train acc)": 0.16455, "FedAvg (Test acc)": 0.1696, "pdm_KL (Train acc)": 0.9216166666666666, "pdm_KL (Test acc)": 0.9221}, "comm 6": {"training timing": 331, "local_train_accs": [1.0, 1.0, 1.0, 1.0, 1.0, 1.0, 1.0, 1.0, 1.0, 1.0, 1.0, 1.0, 1.0, 1.0, 1.0], "local_test_accs": [1.0, 1.0, 1.0, 1.0, 1.0, 1.0, 1.0, 1.0, 1.0, 1.0, 1.0, 1.0, 1.0, 1.0, 1.0], "Uniform ensemble (Train acc)": 0.946, "Uniform ensemble (Test acc)": 0.9435, "FedAvg (Train acc)": 0.1362, "FedAvg (Test acc)": 0.138, "pdm_KL (Train acc)": 0.9305333333333333, "pdm_KL (Test acc)": 0.9306}, "comm 7": {"training timing": 332, "local_train_accs": [1.0, 1.0, 1.0, 1.0, 1.0, 1.0, 1.0, 1.0, 1.0, 1.0, 1.0, 1.0, 1.0, 1.0, 1.0], "local_test_accs": [1.0, 1.0, 1.0, 1.0, 1.0, 1.0, 1.0, 1.0, 1.0, 1.0, 1.0, 1.0, 1.0, 1.0, 1.0], "Uniform ensemble (Train acc)": 0.9454833333333333, "Uniform ensemble (Test acc)": 0.9425, "FedAvg (Train acc)": 0.18238333333333334, "FedAvg (Test acc)": 0.1882, "pdm_KL (Train acc)": 0.9293333333333333, "pdm_KL (Test acc)": 0.9288}, "comm 8": {"training timing": 334, "local_train_accs": [1.0, 1.0, 1.0, 1.0, 1.0, 1.0, 1.0, 1.0, 1.0, 1.0, 1.0, 1.0, 1.0, 1.0, 1.0], "local_test_accs": [1.0, 1.0, 1.0, 1.0, 1.0, 1.0, 1.0, 1.0, 1.0, 1.0, 1.0, 1.0, 1.0, 1.0, 1.0], "Uniform ensemble (Train acc)": 0.9454666666666667, "Uniform ensemble (Test acc)": 0.9414, "FedAvg (Train acc)": 0.1914, "FedAvg (Test acc)": 0.1966, "pdm_KL (Train acc)": 0.9376166666666667, "pdm_KL (Test acc)": 0.9373}, "comm 9": {"training timing": 341, "local_train_accs": [1.0, 1.0, 1.0, 1.0, 1.0, 1.0, 1.0, 1.0, 1.0, 1.0, 1.0, 1.0, 1.0, 1.0, 1.0], "local_test_accs": [1.0, 1.0, 1.0, 1.0, 1.0, 1.0, 1.0, 1.0, 1.0, 1.0, 1.0, 1.0, 1.0, 1.0, 1.0], "Uniform ensemble (Train acc)": 0.9458666666666666, "Uniform ensemble (Test acc)": 0.942, "FedAvg (Train acc)": 0.18095, "FedAvg (Test acc)": 0.1834, "pdm_KL (Train acc)": 0.9386833333333333, "pdm_KL (Test acc)": 0.9377}, "comm 10": {"training timing": 322, "local_train_accs": [1.0, 1.0, 1.0, 1.0, 1.0, 1.0, 1.0, 1.0, 1.0, 1.0, 1.0, 1.0, 1.0, 0.9997931319817956, 1.0], "local_test_accs": [1.0, 1.0, 1.0, 1.0, 1.0, 1.0, 1.0, 1.0, 1.0, 1.0, 1.0, 1.0, 1.0, 0.9997931319817956, 1.0], "Uniform ensemble (Train acc)": 0.9478, "Uniform ensemble (Test acc)": 0.9457, "FedAvg (Train acc)": 0.10905, "FedAvg (Test acc)": 0.1128, "pdm_KL (Train acc)": 0.9452333333333334, "pdm_KL (Test acc)": 0.9436}, "comm 11": {"training timing": 326, "local_train_accs": [1.0, 1.0, 1.0, 1.0, 1.0, 1.0, 1.0, 1.0, 1.0, 1.0, 1.0, 1.0, 1.0, 1.0, 1.0], "local_test_accs": [1.0, 1.0, 1.0, 1.0, 1.0, 1.0, 1.0, 1.0, 1.0, 1.0, 1.0, 1.0, 1.0, 1.0, 1.0], "Uniform ensemble (Train acc)": 0.9457833333333333, "Uniform ensemble (Test acc)": 0.9426, "FedAvg (Train acc)": 0.1846, "FedAvg (Test acc)": 0.1887, "pdm_KL (Train acc)": 0.9467166666666667, "pdm_KL (Test acc)": 0.9471}, "comm 12": {"training timing": 300, "local_train_accs": [1.0, 1.0, 1.0, 1.0, 1.0, 1.0, 1.0, 1.0, 1.0, 1.0, 1.0, 1.0, 1.0, 1.0, 1.0], "local_test_accs": [1.0, 1.0, 1.0, 1.0, 1.0, 1.0, 1.0, 1.0, 1.0, 1.0, 1.0, 1.0, 1.0, 1.0, 1.0], "Uniform ensemble (Train acc)": 0.9438833333333333, "Uniform ensemble (Test acc)": 0.9394, "FedAvg (Train acc)": 0.1893, "FedAvg (Test acc)": 0.1948, "pdm_KL (Train acc)": 0.9508666666666666, "pdm_KL (Test acc)": 0.9504}, "comm 13": {"training timing": 299, "local_train_accs": [1.0, 1.0, 1.0, 1.0, 1.0, 1.0, 1.0, 1.0, 1.0, 1.0, 1.0, 1.0, 1.0, 1.0, 1.0], "local_test_accs": [1.0, 1.0, 1.0, 1.0, 1.0, 1.0, 1.0, 1.0, 1.0, 1.0, 1.0, 1.0, 1.0, 1.0, 1.0], "Uniform ensemble (Train acc)": 0.9458166666666666, "Uniform ensemble (Test acc)": 0.9428, "FedAvg (Train acc)": 0.25943333333333335, "FedAvg (Test acc)": 0.2624, "pdm_KL (Train acc)": 0.95375, "pdm_KL (Test acc)": 0.9512}, "comm 14": {"training timing": 300,