{"seed": 3, "Data statistics": "{0: {0: 332, 1: 652, 2: 3, 3: 1191, 4: 394, 5: 267, 6: 2, 7: 9, 8: 417, 9: 380}, 1: {0: 35, 1: 245, 2: 196, 3: 1188, 4: 287, 5: 72, 6: 481, 7: 368, 8: 320, 9: 323}, 2: {0: 3, 1: 538, 2: 82, 3: 192, 4: 13, 5: 42, 6: 1012, 7: 1749, 8: 4, 9: 294}, 3: {0: 41, 1: 1994, 2: 437, 3: 188, 4: 1179, 5: 145, 6: 450}, 4: {0: 190, 1: 103, 2: 54, 3: 886, 4: 428, 5: 149, 6: 697, 8: 32, 9: 1617}, 5: {0: 2778, 1: 1, 2: 1036, 3: 180, 4: 1045}, 6: {0: 1124, 1: 86, 2: 497, 3: 2, 4: 53, 5: 38, 6: 140, 7: 33, 8: 1289, 9: 560}, 7: {0: 18, 1: 405, 2: 6, 3: 94, 4: 336, 5: 1423, 6: 420, 7: 46, 8: 977, 9: 12}, 8: {0: 71, 1: 332, 2: 602, 3: 105, 4: 450, 5: 24, 6: 766, 7: 212, 8: 159, 9: 233}, 9: {0: 134, 1: 314, 2: 1804, 3: 510, 4: 14, 5: 209, 6: 189, 7: 1492}, 10: {0: 241, 1: 210, 2: 142, 3: 571, 4: 332, 5: 664, 6: 3, 7: 716, 8: 627, 9: 1098}, 11: {0: 18, 1: 461, 2: 12, 3: 11, 4: 264, 5: 580, 6: 75, 7: 488, 8: 1548, 9: 433}, 12: {0: 88, 1: 254, 2: 116, 3: 180, 4: 627, 5: 1661, 6: 821, 7: 1083}, 13: {0: 337, 1: 2, 2: 125, 3: 803, 4: 151, 5: 139, 6: 789, 7: 3, 8: 434, 9: 7}, 14: {0: 513, 1: 1145, 2: 846, 3: 30, 4: 269, 5: 8, 6: 73, 7: 66, 8: 44, 9: 992}}", "comm 0": {"training timing": 397, "local_train_accs": [0.9983548121743899, 0.9960170697012802, 0.9992364469330618, 0.9993234100135318, 0.9983156881616939, 0.9990079365079365, 0.9945054945054945, 0.9903666042279904, 1.0, 0.9987141020145736, 0.9937011294526499, 0.9982005141388175, 0.9892339544513458, 1.0, 0.9957350727546412], "local_test_accs": [0.9983548121743899, 0.9960170697012802, 0.9992364469330618, 0.9993234100135318, 0.9983156881616939, 0.9990079365079365, 0.9945054945054945, 0.9903666042279904, 1.0, 0.9987141020145736, 0.9937011294526499, 0.9982005141388175, 0.9892339544513458, 1.0, 0.9957350727546412], "Uniform ensemble (Train acc)": 0.9603333333333334, "Uniform ensemble (Test acc)": 0.9571, "FedAvg (Train acc)": 0.11238333333333334, "FedAvg (Test acc)": 0.1192, "pdm_KL (Train acc)": 0.9366333333333333, "pdm_KL (Test acc)": 0.9353}, "comm 1": {"training timing": 539, "local_train_accs": [1.0, 0.9988620199146515, 0.9992364469330618, 0.9990978800180425, 0.9997593840230992, 1.0, 0.9916274201988488, 0.9986620283649986, 0.997291807718348, 0.997428204029147, 0.9997827975673328, 0.9984575835475579, 1.0, 0.9913978494623656, 0.9969894631209232], "local_test_accs": [1.0, 0.9988620199146515, 0.9992364469330618, 0.9990978800180425, 0.9997593840230992, 1.0, 0.9916274201988488, 0.9986620283649986, 0.997291807718348, 0.997428204029147, 0.9997827975673328, 0.9984575835475579, 1.0, 0.9913978494623656, 0.9969894631209232], "Uniform ensemble (Train acc)": 0.9636333333333333, "Uniform ensemble (Test acc)": 0.9597, "FedAvg (Train acc)": 0.13383333333333333, "FedAvg (Test acc)": 0.1407, "pdm_KL (Train acc)": 0.95865, "pdm_KL (Test acc)": 0.9542}, "comm 2": {"training timing": 520, "local_train_accs": [0.9975322182615849, 0.9960170697012802, 0.9938915754644948, 1.0, 0.9983156881616939, 1.0, 0.9947671376242805, 0.9949157077869949, 0.9935680433310765, 0.9976425203600514, 0.9923979148566464, 0.9938303341902314, 0.9993788819875776, 0.9982078853046595, 0.9864525840441546], "local_test_accs": [0.9975322182615849, 0.9960170697012802, 0.9938915754644948, 1.0, 0.9983156881616939, 1.0, 0.9947671376242805, 0.9949157077869949, 0.9935680433310765, 0.9976425203600514, 0.9923979148566464, 0.9938303341902314, 0.9993788819875776, 0.9982078853046595, 0.9864525840441546], "Uniform ensemble (Train acc)": 0.9623, "Uniform ensemble (Test acc)": 0.9582, "FedAvg (Train acc)": 0.10113333333333334, "FedAvg (Test acc)": 0.1035, "pdm_KL (Train acc)": 0.9622333333333334, "pdm_KL (Test acc)": 0.9615}, "comm 3": {"training timing": 489, "local_train_accs": [0.9909514669591445, 0.9823613086770981, 1.0, 0.9936851601262968, 0.9961501443695862, 1.0, 1.0, 1.0, 0.9989844278943805, 0.9980711530218602, 0.9926151172893136, 0.9915167095115681, 0.9993788819875776, 0.9992831541218637, 0.9987456096337181], "local_test_accs": [0.9909514669591445, 0.9823613086770981, 1.0, 0.9936851601262968, 0.9961501443695862, 1.0, 1.0, 1.0, 0.9989844278943805, 0.9980711530218602, 0.9926151172893136, 0.9915167095115681, 0.9993788819875776, 0.9992831541218637, 0.9987456096337181], "Uniform ensemble (Train acc)": 0.96375, "Uniform ensemble (Test acc)": 0.9625, "FedAvg (Train acc)": 0.11466666666666667, "FedAvg (Test acc)": 0.1211, "pdm_KL (Train acc)": 0.9631333333333333, "pdm_KL (Test acc)": 0.9594}, "comm 4": {"training timing": 420, "local_train_accs": [0.9958870304359748, 0.993456614509246, 1.0, 1.0, 0.9973532242540905, 1.0, 0.9984301412872841, 0.9967888680759968, 0.9989844278943805, 1.0, 0.9986967854039965, 0.9925449871465296, 0.9973084886128364, 0.9996415770609319, 0.997491219267436], "local_test_accs": [0.9958870304359748, 0.993456614509246, 1.0, 1.0, 0.9973532242540905, 1.0, 0.9984301412872841, 0.9967888680759968, 0.9989844278943805, 1.0, 0.9986967854039965, 0.9925449871465296, 0.9973084886128364, 0.9996415770609319, 0.997491219267436], "Uniform ensemble (Train acc)": 0.9637333333333333, "Uniform ensemble (Test acc)": 0.9615, "FedAvg (Train acc)": 0.10043333333333333, "FedAvg (Test acc)": 0.1016, "pdm_KL (Train acc)": 0.9657, "pdm_KL (Test acc)": 0.9625}, "comm 5": {"training timing": 491, "local_train_accs": [0.9994516040581299, 0.993456614509246, 0.9969457877322474, 0.9979702300405954, 0.9995187680461982, 1.0, 0.999738356881214, 0.9994648113459995, 0.9996614759647935, 1.0, 0.9986967854039965, 0.9987146529562982, 0.9950310559006211, 0.9967741935483871, 1.0], "local_test_accs": [0.9994516040581299, 0.993456614509246, 0.9969457877322474, 0.9979702300405954, 0.9995187680461982, 1.0, 0.999738356881214, 0.9994648113459995, 0.9996614759647935, 1.0, 0.9986967854039965, 0.9987146529562982, 0.9950310559006211, 0.9967741935483871, 1.0], "Uniform ensemble (Train acc)": 0.9653833333333334, "Uniform ensemble (Test acc)": 0.9626, "FedAvg (Train acc)": 0.09795, "FedAvg (Test acc)": 0.0977, "pdm_KL (Train acc)": 0.9679666666666666, "pdm_KL (Test acc)": 0.9656}, "comm 6": {"training timing": 466, "local_train_accs": [0.99890320811626, 0.993456614509246, 0.9992364469330618, 0.9916553901668922, 0.9987969201154957, 1.0, 0.9971219256933542, 0.9994648113459995, 0.991875423155044, 0.9997856836690956, 0.9967419635099913, 0.9928020565552699, 0.9960662525879918, 0.9978494623655914, 0.9997491219267436], "local_test_accs": [0.99890320811626, 0.993456614509246, 0.9992364469330618, 0.9916553901668922, 0.9987969201154957, 1.0, 0.9971219256933542, 0.9994648113459995, 0.991875423155044, 0.9997856836690956, 0.9967419635099913, 0.9928020565552699, 0.9960662525879918, 0.9978494623655914, 0.9997491219267436], "Uniform ensemble (Train acc)": 0.96075, "Uniform ensemble (Test acc)": 0.9573, "FedAvg (Train acc)": 0.09823333333333334, "FedAvg (Test acc)": 0.0979, "pdm_KL (Train acc)": 0.9699833333333333, "pdm_KL (Test acc)": 0.9655}, "comm 7": {"training timing": 423, "local_train_accs": [0.9920482588428846, 1.0, 1.0, 0.9945872801082544, 0.9987969201154957, 1.0, 0.9950287807430664, 0.9973240567299974, 0.997968855788761, 1.0, 0.9969591659426585, 0.9976863753213367, 0.9939958592132505, 1.0, 0.9994982438534872], "local_test_accs": [0.9920482588428846, 1.0, 1.0, 0.9945872801082544, 0.9987969201154957, 1.0, 0.9950287807430664, 0.9973240567299974, 0.997968855788761, 1.0, 0.9969591659426585, 0.9976863753213367, 0.9939958592132505, 1.0, 0.9994982438534872], "Uniform ensemble (Train acc)": 0.9627833333333333, "Uniform ensemble (Test acc)": 0.9608, "FedAvg (Train acc)": 0.09753333333333333, "FedAvg (Test acc)": 0.0974, "pdm_KL (Train acc)": 0.9693166666666667, "pdm_KL (Test acc)": 0.9673}, "comm 8": {"training timing": 489, "local_train_accs": [1.0, 0.9980085348506401, 0.9989819292440825, 0.9972936400541272, 0.9997593840230992, 1.0, 0.9984301412872841, 0.9975916510569975, 1.0, 0.9984997856836691, 0.9991311902693311, 0.9997429305912596, 0.9981366459627329, 1.0, 0.9994982438534872],