{"seed": 6, "Data statistics": "{0: {0: 1658, 1: 4, 2: 651, 3: 1118, 4: 124, 5: 860}, 1: {0: 1935, 1: 263, 2: 66, 3: 326, 4: 564, 5: 466, 6: 105, 7: 42, 8: 1239}, 2: {0: 166, 1: 805, 2: 513, 3: 23, 4: 1356, 5: 147, 6: 590, 7: 290, 8: 412}, 3: {0: 19, 1: 25, 2: 1040, 3: 42, 4: 4, 5: 252, 6: 1123, 7: 26, 8: 448, 9: 204}, 4: {0: 107, 1: 31, 2: 15, 3: 32, 4: 1208, 5: 380, 6: 4, 7: 22, 8: 562, 9: 317}, 5: {0: 1, 1: 5, 2: 463, 3: 83, 4: 52, 5: 7, 6: 971, 7: 1318, 8: 39, 9: 1371}, 6: {0: 858, 1: 346, 2: 351, 3: 507, 4: 370, 5: 202, 6: 1628}, 7: {0: 46, 1: 1712, 2: 826, 3: 162, 4: 15, 5: 269, 6: 341, 7: 6, 8: 331, 9: 533}, 8: {0: 191, 1: 101, 2: 29, 3: 24, 4: 61, 5: 1, 6: 199, 7: 118, 8: 44, 9: 1504}, 9: {0: 6, 1: 2, 2: 363, 3: 1024, 4: 508, 5: 403, 6: 510, 7: 64, 8: 481, 9: 1606}, 10: {0: 333, 1: 481, 2: 422, 3: 1067, 4: 280, 5: 74, 6: 8, 8: 50, 9: 355}, 11: {0: 14, 1: 1781, 2: 347, 3: 630, 4: 132, 6: 3, 7: 1, 8: 1864}, 12: {0: 109, 1: 698, 2: 168, 3: 452, 4: 163, 5: 26, 6: 19, 7: 380, 8: 381, 9: 58}, 13: {0: 15, 1: 487, 2: 691, 3: 519, 4: 712, 5: 874, 6: 378, 7: 1941}, 14: {0: 465, 1: 1, 2: 13, 3: 122, 4: 293, 5: 1460, 6: 39, 7: 2057, 9: 1}}", "comm 0": {"training timing": 252, "local_train_accs": [1.0, 1.0, 1.0, 1.0, 1.0, 1.0, 1.0, 1.0, 1.0, 1.0, 1.0, 0.998742665549036, 0.9987775061124694, 1.0, 1.0], "local_test_accs": [1.0, 1.0, 1.0, 1.0, 1.0, 1.0, 1.0, 1.0, 1.0, 1.0, 1.0, 0.998742665549036, 0.9987775061124694, 1.0, 1.0], "Uniform ensemble (Train acc)": 0.9507666666666666, "Uniform ensemble (Test acc)": 0.9484, "FedAvg (Train acc)": 0.16643333333333332, "FedAvg (Test acc)": 0.1712, "pdm_KL (Train acc)": 0.7294666666666667, "pdm_KL (Test acc)": 0.7304}, "comm 1": {"training timing": 387, "local_train_accs": [1.0, 1.0, 1.0, 1.0, 1.0, 0.9995359628770302, 1.0, 1.0, 1.0, 0.9961747533722569, 0.9970684039087948, 0.9995808885163453, 1.0, 0.9870037386505252, 1.0], "local_test_accs": [1.0, 1.0, 1.0, 1.0, 1.0, 0.9995359628770302, 1.0, 1.0, 1.0, 0.9961747533722569, 0.9970684039087948, 0.9995808885163453, 1.0, 0.9870037386505252, 1.0], "Uniform ensemble (Train acc)": 0.9538166666666666, "Uniform ensemble (Test acc)": 0.952, "FedAvg (Train acc)": 0.09958333333333333, "FedAvg (Test acc)": 0.1034, "pdm_KL (Train acc)": 0.88625, "pdm_KL (Test acc)": 0.8867}, "comm 2": {"training timing": 378, "local_train_accs": [0.9941109852774632, 1.0, 0.996978149697815, 1.0, 1.0, 0.9937354988399072, 1.0, 1.0, 1.0, 1.0, 1.0, 0.9997904442581727, 1.0, 1.0, 1.0], "local_test_accs": [0.9941109852774632, 1.0, 0.996978149697815, 1.0, 1.0, 0.9937354988399072, 1.0, 1.0, 1.0, 1.0, 1.0, 0.9997904442581727, 1.0, 1.0, 1.0], "Uniform ensemble (Train acc)": 0.9547333333333333, "Uniform ensemble (Test acc)": 0.9544, "FedAvg (Train acc)": 0.12531666666666666, "FedAvg (Test acc)": 0.1267, "pdm_KL (Train acc)": 0.9143666666666667, "pdm_KL (Test acc)": 0.9119}, "comm 3": {"training timing": 360, "local_train_accs": [1.0, 1.0, 0.999767549976755, 1.0, 1.0, 1.0, 1.0, 0.9971704786606932, 1.0, 1.0, 1.0, 1.0, 1.0, 0.9996439380452199, 1.0], "local_test_accs": [1.0, 1.0, 0.999767549976755, 1.0, 1.0, 1.0, 1.0, 0.9971704786606932, 1.0, 1.0, 1.0, 1.0, 1.0, 0.9996439380452199, 1.0], "Uniform ensemble (Train acc)": 0.9558666666666666, "Uniform ensemble (Test acc)": 0.9527, "FedAvg (Train acc)": 0.1445, "FedAvg (Test acc)": 0.1429, "pdm_KL (Train acc)": 0.9179166666666667, "pdm_KL (Test acc)": 0.9163}, "comm 4": {"training timing": 382, "local_train_accs": [1.0, 1.0, 1.0, 1.0, 0.9988797610156833, 1.0, 1.0, 0.9995284131101155, 1.0, 0.9985906986108315, 1.0, 1.0, 1.0, 0.9969734733843689, 1.0], "local_test_accs": [1.0, 1.0, 1.0, 1.0, 0.9988797610156833, 1.0, 1.0, 0.9995284131101155, 1.0, 0.9985906986108315, 1.0, 1.0, 1.0, 0.9969734733843689, 1.0], "Uniform ensemble (Train acc)": 0.9583, "Uniform ensemble (Test acc)": 0.9561, "FedAvg (Train acc)": 0.17411666666666667, "FedAvg (Test acc)": 0.1759, "pdm_KL (Train acc)": 0.9407166666666666, "pdm_KL (Test acc)": 0.9375}, "comm 5": {"training timing": 363, "local_train_accs": [1.0, 1.0, 1.0, 1.0, 0.9996265870052278, 1.0, 1.0, 1.0, 1.0, 1.0, 1.0, 0.9997904442581727, 1.0, 1.0, 0.9997753313862053], "local_test_accs": [1.0, 1.0, 1.0, 1.0, 0.9996265870052278, 1.0, 1.0, 1.0, 1.0, 1.0, 1.0, 0.9997904442581727, 1.0, 1.0, 0.9997753313862053], "Uniform ensemble (Train acc)": 0.9572, "Uniform ensemble (Test acc)": 0.954, "FedAvg (Train acc)": 0.17711666666666667, "FedAvg (Test acc)": 0.178, "pdm_KL (Train acc)": 0.95035, "pdm_KL (Test acc)": 0.9483}, "comm 6": {"training timing": 365, "local_train_accs": [1.0, 0.999001198561726, 1.0, 1.0, 1.0, 1.0, 1.0, 1.0, 1.0, 1.0, 1.0, 1.0, 1.0, 1.0, 0.9973039766344641], "local_test_accs": [1.0, 0.999001198561726, 1.0, 1.0, 1.0, 1.0, 1.0, 1.0, 1.0, 1.0, 1.0, 1.0, 1.0, 1.0, 0.9973039766344641], "Uniform ensemble (Train acc)": 0.9577833333333333, "Uniform ensemble (Test acc)": 0.9565, "FedAvg (Train acc)": 0.17671666666666666, "FedAvg (Test acc)": 0.1752, "pdm_KL (Train acc)": 0.9501666666666667, "pdm_KL (Test acc)": 0.947}, "comm 7": {"training timing": 360, "local_train_accs": [1.0, 0.999001198561726, 1.0, 1.0, 1.0, 0.9990719257540603, 1.0, 1.0, 1.0, 0.9995973424602376, 1.0, 0.9997904442581727, 1.0, 1.0, 1.0], "local_test_accs": [1.0, 0.999001198561726, 1.0, 1.0, 1.0, 0.9990719257540603, 1.0, 1.0, 1.0, 0.9995973424602376, 1.0, 0.9997904442581727, 1.0, 1.0, 1.0], "Uniform ensemble (Train acc)": 0.95825, "Uniform ensemble (Test acc)": 0.9566, "FedAvg (Train acc)": 0.17461666666666667, "FedAvg (Test acc)": 0.1733, "pdm_KL (Train acc)": 0.95335, "pdm_KL (Test acc)": 0.9502}, "comm 8": {"training timing": 362, "local_train_accs": [1.0, 0.9986016779864163, 1.0, 1.0, 1.0, 1.0, 1.0, 1.0, 1.0, 1.0, 1.0, 0.9991617770326907, 1.0, 1.0, 1.0], "local_test_accs": [1.0, 0.9986016779864163, 1.0, 1.0, 1.0, 1.0, 1.0, 1.0, 1.0, 1.0, 1.0, 0.9991617770326907, 1.0, 1.0, 1.0], "Uniform ensemble (Train acc)": 0.9583, "Uniform ensemble (Test acc)": 0.9579, "FedAvg (Train acc)": 0.17606666666666668, "FedAvg (Test acc)": 0.174, "pdm_KL (Train acc)": 0.9567666666666667, "pdm_KL (Test acc)": 0.9537}, "comm 9": {"training timing": 386, "local_train_accs": [1.0, 1.0, 1.0, 1.0, 1.0, 1.0, 1.0, 0.9988210327752889, 1.0, 1.0, 1.0, 1.0, 0.9995925020374898, 1.0, 1.0], "local_test_accs": [1.0, 1.0, 1.0, 1.0, 1.0, 1.0, 1.0, 0.9988210327752889, 1.0, 1.0, 1.0, 1.0, 0.9995925020374898, 1.0, 1.0], "Uniform ensemble (Train acc)": 0.9586, "Uniform ensemble (Test acc)": 0.9577, "FedAvg (Train acc)": 0.17718333333333333, "FedAvg (Test acc)": 0.1768, "pdm_KL (Train acc)": 0.9561833333333334, "pdm_KL (Test acc)": 0.9542}, "comm 10": {"training timing": 376, "local_train_accs": [1.0, 1.0, 1.0, 1.0, 1.0, 1.0, 0.9997653683716565, 0.99787785899552, 1.0, 1.0, 1.0, 1.0, 1.0, 1.0, 0.9995506627724107], "local_test_accs": [1.0, 1.0, 1.0, 1.0, 1.0, 1.0, 0.9997653683716565, 0.99787785899552, 1.0, 1.0, 1.0, 1.0, 1.0, 1.0, 0.9995506627724107], "Uniform ensemble (Train acc)": 0.9568166666666666, "Uniform ensemble (Test acc)": 0.9551, "FedAvg (Train acc)": 0.14, "FedAvg (Test acc)": 0.1365, "pdm_KL (Train acc)": 0.9604, "pdm_KL (Test acc)": 0.9563}, "comm 11": {"training timing": 354, "local_train_accs": [0.9997734994337486, 1.0, 0.998372849837285, 0.9974866478165253, 1.0, 0.9997679814385151, 1.0, 0.9997642065550578, 1.0, 0.9995973424602376, 1.0, 1.0, 1.0, 1.0, 0.9995506627724107], "local_test_accs": [0.9997734994337486, 1.0, 0.998372849837285, 0.9974866478165253, 1.0, 0.9997679814385151, 1.0, 0.9997642065550578, 1.0, 0.9995973424602376, 1.0, 1.0, 1.0, 1.0, 0.9995506627724107], "Uniform ensemble (Train acc)": 0.9573666666666667, "Uniform ensemble (Test acc)": 0.9554, "FedAvg (Train acc)": 0.18818333333333334, "FedAvg (Test acc)": 0.1864, "pdm_KL (Train acc)": 0.9638333333333333, "pdm_KL (Test acc)": 0.9597}, "comm 12": {"training timing": 357, "local_train_accs": [1.0, 0.9988014382740711, 1.0, 1.0, 1.0, 0.9988399071925754, 1.0, 1.0, 1.0, 1.0, 0.9990228013029316, 1.0, 0.9991850040749797, 0.9978636282713192, 1.0],