{"seed": 7, "Data statistics": "{0: {0: 32, 1: 868, 2: 12, 3: 983, 4: 1346, 5: 131, 6: 713}, 1: {0: 104, 1: 70, 3: 466, 4: 133, 5: 356, 6: 21, 7: 117, 8: 24, 9: 3094}, 2: {0: 2939, 1: 2050}, 3: {0: 363, 1: 346, 2: 1496, 3: 62, 4: 528, 5: 39, 6: 199, 7: 185, 8: 1368}, 4: {0: 207, 1: 3, 2: 84, 3: 11, 4: 1416, 5: 120, 6: 4, 7: 68, 8: 1, 9: 1174}, 5: {0: 88, 1: 108, 2: 23, 3: 73, 4: 146, 5: 817, 6: 47, 7: 293, 8: 2502}, 6: {0: 515, 1: 655, 2: 345, 3: 56, 4: 941, 5: 10, 6: 1164, 7: 15, 8: 175, 9: 339}, 7: {0: 89, 1: 804, 2: 2322, 3: 456, 4: 385}, 8: {0: 84, 1: 1155, 2: 749, 3: 136, 5: 249, 6: 38, 7: 2430}, 9: {0: 432, 1: 44, 2: 549, 3: 151, 4: 17, 5: 181, 6: 1754, 7: 712, 8: 431}, 10: {0: 210, 1: 4, 2: 2, 3: 204, 4: 207, 5: 41, 6: 21, 7: 215, 8: 34, 9: 221}, 11: {0: 593, 1: 64, 2: 23, 3: 773, 4: 1, 5: 1163, 6: 6, 8: 175, 9: 922}, 12: {0: 17, 1: 294, 2: 348, 3: 233, 4: 199, 5: 19, 6: 1066, 7: 1335, 8: 1118}, 13: {1: 109, 2: 2, 3: 144, 4: 409, 5: 510, 6: 884, 7: 895, 8: 22, 9: 199}, 14: {0: 250, 1: 168, 2: 3, 3: 2383, 4: 114, 5: 1785, 6: 1, 8: 1}}", "comm 0": {"training timing": 270, "local_train_accs": [1.0, 0.9968072976054732, 1.0, 1.0, 1.0, 1.0, 1.0, 1.0, 1.0, 0.9997658627955982, 1.0, 1.0, 0.9997839706200043, 1.0, 1.0], "local_test_accs": [1.0, 0.9968072976054732, 1.0, 1.0, 1.0, 1.0, 1.0, 1.0, 1.0, 0.9997658627955982, 1.0, 1.0, 0.9997839706200043, 1.0, 1.0], "Uniform ensemble (Train acc)": 0.9258333333333333, "Uniform ensemble (Test acc)": 0.9246, "FedAvg (Train acc)": 0.11688333333333334, "FedAvg (Test acc)": 0.1151, "pdm_KL (Train acc)": 0.6943666666666667, "pdm_KL (Test acc)": 0.7042}, "comm 1": {"training timing": 365, "local_train_accs": [1.0, 1.0, 1.0, 1.0, 1.0, 1.0, 0.9947805456702253, 1.0, 0.999793431109275, 1.0, 1.0, 1.0, 1.0, 1.0, 1.0], "local_test_accs": [1.0, 1.0, 1.0, 1.0, 1.0, 1.0, 0.9947805456702253, 1.0, 0.999793431109275, 1.0, 1.0, 1.0, 1.0, 1.0, 1.0], "Uniform ensemble (Train acc)": 0.9237833333333333, "Uniform ensemble (Test acc)": 0.9221, "FedAvg (Train acc)": 0.19903333333333334, "FedAvg (Test acc)": 0.1999, "pdm_KL (Train acc)": 0.8135333333333333, "pdm_KL (Test acc)": 0.8143}, "comm 2": {"training timing": 375, "local_train_accs": [0.9997552019583843, 1.0, 1.0, 1.0, 1.0, 1.0, 1.0, 1.0, 1.0, 1.0, 1.0, 0.9981182795698925, 1.0, 1.0, 1.0], "local_test_accs": [0.9997552019583843, 1.0, 1.0, 1.0, 1.0, 1.0, 1.0, 1.0, 1.0, 1.0, 1.0, 0.9981182795698925, 1.0, 1.0, 1.0], "Uniform ensemble (Train acc)": 0.9267333333333333, "Uniform ensemble (Test acc)": 0.924, "FedAvg (Train acc)": 0.13623333333333335, "FedAvg (Test acc)": 0.1337, "pdm_KL (Train acc)": 0.88545, "pdm_KL (Test acc)": 0.8857}, "comm 3": {"training timing": 359, "local_train_accs": [1.0, 1.0, 1.0, 1.0, 1.0, 1.0, 1.0, 1.0, 1.0, 1.0, 1.0, 0.9975806451612903, 1.0, 1.0, 1.0], "local_test_accs": [1.0, 1.0, 1.0, 1.0, 1.0, 1.0, 1.0, 1.0, 1.0, 1.0, 1.0, 0.9975806451612903, 1.0, 1.0, 1.0], "Uniform ensemble (Train acc)": 0.9304166666666667, "Uniform ensemble (Test acc)": 0.9277, "FedAvg (Train acc)": 0.0978, "FedAvg (Test acc)": 0.0951, "pdm_KL (Train acc)": 0.9090833333333334, "pdm_KL (Test acc)": 0.9054}, "comm 4": {"training timing": 365, "local_train_accs": [1.0, 1.0, 1.0, 1.0, 0.9993523316062176, 0.9985355137905785, 1.0, 1.0, 1.0, 1.0, 1.0, 1.0, 0.9991358824800173, 1.0, 1.0], "local_test_accs": [1.0, 1.0, 1.0, 1.0, 0.9993523316062176, 0.9985355137905785, 1.0, 1.0, 1.0, 1.0, 1.0, 1.0, 0.9991358824800173, 1.0, 1.0], "Uniform ensemble (Train acc)": 0.9312, "Uniform ensemble (Test acc)": 0.9278, "FedAvg (Train acc)": 0.09641666666666666, "FedAvg (Test acc)": 0.0944, "pdm_KL (Train acc)": 0.9367166666666666, "pdm_KL (Test acc)": 0.9356}, "comm 5": {"training timing": 351, "local_train_accs": [1.0, 1.0, 1.0, 1.0, 1.0, 0.9995118379301928, 1.0, 1.0, 1.0, 1.0, 1.0, 1.0, 1.0, 1.0, 1.0], "local_test_accs": [1.0, 1.0, 1.0, 1.0, 1.0, 0.9995118379301928, 1.0, 1.0, 1.0, 1.0, 1.0, 1.0, 1.0, 1.0, 1.0], "Uniform ensemble (Train acc)": 0.9297666666666666, "Uniform ensemble (Test acc)": 0.9292, "FedAvg (Train acc)": 0.18495, "FedAvg (Test acc)": 0.1843, "pdm_KL (Train acc)": 0.9368166666666666, "pdm_KL (Test acc)": 0.9334}, "comm 6": {"training timing": 351, "local_train_accs": [1.0, 1.0, 1.0, 1.0, 1.0, 1.0, 1.0, 1.0, 1.0, 0.9983610395691875, 1.0, 1.0, 1.0, 1.0, 1.0], "local_test_accs": [1.0, 1.0, 1.0, 1.0, 1.0, 1.0, 1.0, 1.0, 1.0, 0.9983610395691875, 1.0, 1.0, 1.0, 1.0, 1.0], "Uniform ensemble (Train acc)": 0.9261333333333334, "Uniform ensemble (Test acc)": 0.9219, "FedAvg (Train acc)": 0.16018333333333334, "FedAvg (Test acc)": 0.164, "pdm_KL (Train acc)": 0.94065, "pdm_KL (Test acc)": 0.9357}, "comm 7": {"training timing": 382, "local_train_accs": [1.0, 1.0, 1.0, 1.0, 1.0, 1.0, 1.0, 1.0, 1.0, 1.0, 1.0, 0.9986559139784946, 1.0, 1.0, 0.9982996811902232], "local_test_accs": [1.0, 1.0, 1.0, 1.0, 1.0, 1.0, 1.0, 1.0, 1.0, 1.0, 1.0, 0.9986559139784946, 1.0, 1.0, 0.9982996811902232], "Uniform ensemble (Train acc)": 0.9285333333333333, "Uniform ensemble (Test acc)": 0.9246, "FedAvg (Train acc)": 0.17921666666666666, "FedAvg (Test acc)": 0.184, "pdm_KL (Train acc)": 0.9465666666666667, "pdm_KL (Test acc)": 0.9429}, "comm 8": {"training timing": 364, "local_train_accs": [1.0, 1.0, 1.0, 1.0, 1.0, 1.0, 1.0, 1.0, 1.0, 1.0, 1.0, 1.0, 1.0, 1.0, 1.0], "local_test_accs": [1.0, 1.0, 1.0, 1.0, 1.0, 1.0, 1.0, 1.0, 1.0, 1.0, 1.0, 1.0, 1.0, 1.0, 1.0], "Uniform ensemble (Train acc)": 0.9292166666666667, "Uniform ensemble (Test acc)": 0.9242, "FedAvg (Train acc)": 0.16835, "FedAvg (Test acc)": 0.1698, "pdm_KL (Train acc)": 0.9498333333333333, "pdm_KL (Test acc)": 0.9456}, "comm 9": {"training timing": 365, "local_train_accs": [1.0, 1.0, 1.0, 1.0, 0.9993523316062176, 1.0, 1.0, 1.0, 0.999793431109275, 1.0, 1.0, 0.9991935483870967, 0.9997839706200043, 1.0, 1.0], "local_test_accs": [1.0, 1.0, 1.0, 1.0, 0.9993523316062176, 1.0, 1.0, 1.0, 0.999793431109275, 1.0, 1.0, 0.9991935483870967, 0.9997839706200043, 1.0, 1.0], "Uniform ensemble (Train acc)": 0.9282333333333334, "Uniform ensemble (Test acc)": 0.9236, "FedAvg (Train acc)": 0.2680666666666667, "FedAvg (Test acc)": 0.2721, "pdm_KL (Train acc)": 0.9548, "pdm_KL (Test acc)": 0.9506}, "comm 10": {"training timing": 343, "local_train_accs": [1.0, 0.9995438996579248, 1.0, 1.0, 1.0, 0.9992677568952892, 1.0, 1.0, 1.0, 1.0, 1.0, 1.0, 1.0, 1.0, 1.0], "local_test_accs": [1.0, 0.9995438996579248, 1.0, 1.0, 1.0, 0.9992677568952892, 1.0, 1.0, 1.0, 1.0, 1.0, 1.0, 1.0, 1.0, 1.0], "Uniform ensemble (Train acc)": 0.93685, "Uniform ensemble (Test acc)": 0.9357, "FedAvg (Train acc)": 0.2940833333333333, "FedAvg (Test acc)": 0.2955, "pdm_KL (Train acc)": 0.9537833333333333, "pdm_KL (Test acc)": 0.9498}, "comm 11": {"training timing": 361, "local_train_accs": [1.0, 1.0, 1.0, 0.9997819450501526, 0.9996761658031088, 1.0, 1.0, 1.0, 0.9987605866556497, 1.0, 1.0, 1.0, 0.9997839706200043, 0.9996849401386263, 1.0], "local_test_accs": [1.0, 1.0, 1.0, 0.9997819450501526, 0.9996761658031088, 1.0, 1.0, 1.0, 0.9987605866556497, 1.0, 1.0, 1.0, 0.9997839706200043, 0.9996849401386263, 1.0], "Uniform ensemble (Train acc)": 0.92915, "Uniform ensemble (Test acc)": 0.9262, "FedAvg (Train acc)": 0.2506833333333333, "FedAvg (Test acc)": 0.2524, "pdm_KL (Train acc)": 0.9567833333333333, "pdm_KL (Test acc)": 0.9502}, "comm 12": {"training timing": 356, "local_train_accs": [1.0, 0.9997719498289623, 1.0, 1.0, 1.0, 0.9978032706858677, 1.0, 1.0, 1.0, 0.9995317255911964, 1.0, 0.996505376344086, 1.0, 1.0, 1.0], "local_test_accs": [1.0, 0.9997719498289623, 1.0, 1.0, 1.0, 0.9978032706858677, 1.0, 1.0, 1.0, 0.9995317255911964, 1.0, 0.996505376344086, 1.0, 1.0, 1.0], "Uniform ensemble (Train acc)": 0.9341, "Uniform ensemble (Test acc)": 0.9313, "FedAvg (Train acc)": 0.22373333333333334, "FedAvg (Test acc)": 0.2263, "pdm_KL (Train acc)": 0.9570833333333333, "pdm_KL (Test acc)": 0.9515}, "comm 13": {"training timing": 373,