{"seed": 0, "Data statistics": "{0: {0: 1205, 1: 1379, 2: 1166, 3: 1208, 4: 1153, 5: 1075, 6: 1190, 7: 1228, 8: 1191, 9: 1205}, 1: {0: 1212, 1: 1333, 2: 1193, 3: 1219, 4: 1167, 5: 1081, 6: 1143, 7: 1273, 8: 1187, 9: 1192}, 2: {0: 1174, 1: 1343, 2: 1194, 3: 1243, 4: 1216, 5: 1095, 6: 1176, 7: 1220, 8: 1149, 9: 1190}, 3: {0: 1142, 1: 1327, 2: 1218, 3: 1215, 4: 1177, 5: 1118, 6: 1206, 7: 1299, 8: 1126, 9: 1172}, 4: {0: 1190, 1: 1360, 2: 1187, 3: 1246, 4: 1129, 5: 1052, 6: 1203, 7: 1245, 8: 1198, 9: 1190}}", "loading time": 35, "local_train_accs": [0.9071666666666667, 0.9068333333333334, 0.90575, 0.9093333333333333, 0.9078333333333334], "local_test_accs": [0.8986, 0.9067, 0.9007, 0.9102, 0.9064], "FedAvg (Train acc)": 0.5619333333333333, "FedAvg (Test acc)": 0.5646}