{"seed": 9, "Data statistics": "{0: {0: 1161, 1: 1404, 2: 1150, 3: 1219, 4: 1163, 5: 1086, 6: 1189, 7: 1273, 8: 1171, 9: 1184}, 1: {0: 1208, 1: 1356, 2: 1177, 3: 1243, 4: 1139, 5: 1083, 6: 1188, 7: 1241, 8: 1138, 9: 1227}, 2: {0: 1189, 1: 1318, 2: 1186, 3: 1252, 4: 1189, 5: 1103, 6: 1133, 7: 1260, 8: 1184, 9: 1186}, 3: {0: 1179, 1: 1352, 2: 1241, 3: 1232, 4: 1181, 5: 1024, 6: 1203, 7: 1210, 8: 1202, 9: 1176}, 4: {0: 1186, 1: 1312, 2: 1204, 3: 1185, 4: 1170, 5: 1125, 6: 1205, 7: 1281, 8: 1156, 9: 1176}}", "loading time": 34, "local_train_accs": [0.90425, 0.9084166666666667, 0.91125, 0.8935, 0.9115833333333333], "local_test_accs": [0.9014, 0.9019, 0.9063, 0.8944, 0.9047], "FedAvg (Train acc)": 0.67225, "FedAvg (Test acc)": 0.6752}