{"seed": 5, "Data statistics": "{0: {0: 506, 1: 481, 2: 527, 3: 510, 4: 480, 5: 503, 6: 521, 7: 490, 8: 497, 9: 485}, 1: {0: 490, 1: 480, 2: 474, 3: 544, 4: 490, 5: 515, 6: 471, 7: 492, 8: 512, 9: 532}, 2: {0: 505, 1: 512, 2: 489, 3: 508, 4: 493, 5: 500, 6: 500, 7: 467, 8: 510, 9: 516}, 3: {0: 470, 1: 509, 2: 507, 3: 490, 4: 510, 5: 485, 6: 495, 7: 537, 8: 511, 9: 486}, 4: {0: 521, 1: 509, 2: 461, 3: 504, 4: 533, 5: 475, 6: 501, 7: 516, 8: 493, 9: 487}, 5: {0: 553, 1: 501, 2: 514, 3: 461, 4: 516, 5: 522, 6: 476, 7: 508, 8: 473, 9: 476}, 6: {0: 515, 1: 505, 2: 504, 3: 477, 4: 491, 5: 503, 6: 506, 7: 485, 8: 477, 9: 537}, 7: {0: 479, 1: 494, 2: 525, 3: 488, 4: 488, 5: 504, 6: 543, 7: 509, 8: 506, 9: 464}, 8: {0: 450, 1: 502, 2: 468, 3: 521, 4: 484, 5: 508, 6: 509, 7: 513, 8: 528, 9: 517}, 9: {0: 511, 1: 507, 2: 531, 3: 497, 4: 515, 5: 485, 6: 478, 7: 483, 8: 493, 9: 500}}", "loading time": 26, "local_train_accs": [0.2964, 0.1974, 0.1902, 0.213, 0.2034, 0.2508, 0.3072, 0.2, 0.298, 0.1974], "local_test_accs": [0.2784, 0.1883, 0.1793, 0.2004, 0.2003, 0.2408, 0.2825, 0.1915, 0.2742, 0.192], "pdm_KL_reg 0": {"Best Result": {"Best Sigma0": 10, "Best sigma": 1, "Best gamma": 10, "Best Test accuracy": 0.1846, "Train acc": 0.18186}, "PDM log": "{(10, 1, 10): {'shapes': [(3072, 874), (874,), (874, 145), (145,), (145, 145), (145,), (145, 118), (118,), (118, 10), (10,)], 'train_accuracy': 0.18186, 'test_accuracy': 0.1846}}", "timing": 614}, "pdm_KL_reg 0.001": {"Best Result": {"Best Sigma0": 10, "Best sigma": 1, "Best gamma": 10, "Best Test accuracy": 0.1891, "Train acc": 0.18584}, "PDM log": "{(10, 1, 10): {'shapes': [(3072, 874), (874,), (874, 145), (145,), (145, 145), (145,), (145, 118), (118,), (118, 10), (10,)], 'train_accuracy': 0.18584, 'test_accuracy': 0.1891}}", "timing": 1613}, "pdm_KL_reg 0.005": {"Best Result": {"Best Sigma0": 10, "Best sigma": 1, "Best gamma": 10, "Best Test accuracy": 0.194, "Train acc": 0.19106}, "PDM log": "{(10, 1, 10): {'shapes': [(3072, 874), (874,), (874, 145), (145,), (145, 145), (145,), (145, 118), (118,), (118, 10), (10,)], 'train_accuracy': 0.19106, 'test_accuracy': 0.194}}", "timing": 1592}, "pdm_KL_reg 0.01": {"Best Result": {"Best Sigma0": 10, "Best sigma": 1, "Best gamma": 10, "Best Test accuracy": 0.179, "Train acc": 0.17736}, "PDM log": "{(10, 1, 10): {'shapes': [(3072, 873), (873,), (873, 145), (145,), (145, 145), (145,), (145, 118), (118,), (118, 10), (10,)], 'train_accuracy': 0.17736, 'test_accuracy': 0.179}}", "timing": 1609}, "pdm_KL_reg 0.05": {"Best Result": {"Best Sigma0": 10, "Best sigma": 1, "Best gamma": 10, "Best Test accuracy": 0.1812, "Train acc": 0.17938}, "PDM log": "{(10, 1, 10): {'shapes': [(3072, 871), (871,), (871, 136), (136,), (136, 145), (145,), (145, 118), (118,), (118, 10), (10,)], 'train_accuracy': 0.17938, 'test_accuracy': 0.1812}}", "timing": 1667}, "pdm_KL_reg 0.1": {"Best Result": {"Best Sigma0": 10, "Best sigma": 1, "Best gamma": 10, "Best Test accuracy": 0.2016, "Train acc": 0.19968}, "PDM log": "{(10, 1, 10): {'shapes': [(3072, 867), (867,), (867, 145), (145,), (145, 145), (145,), (145, 118), (118,), (118, 10), (10,)], 'train_accuracy': 0.19968, 'test_accuracy': 0.2016}}", "timing": 1568}, "pdm_KL_reg 0.5": {"Best Result": {"Best Sigma0": 10, "Best sigma": 1, "Best gamma": 10, "Best Test accuracy": 0.2045, "Train acc": 0.2036}, "PDM log": "{(10, 1, 10): {'shapes': [(3072, 802), (802,), (802, 136), (136,), (136, 136), (136,), (136, 127), (127,), (127, 10), (10,)], 'train_accuracy': 0.2036, 'test_accuracy': 0.2045}}", "timing": 1410}, "pdm_KL_reg 1": {"Best Result": {"Best Sigma0": 10, "Best sigma": 1, "Best gamma": 10, "Best Test accuracy": 0.1589, "Train acc": 0.15772}, "PDM log": "{(10, 1, 10): {'shapes': [(3072, 298), (298,), (298, 127), (127,), (127, 127), (127,), (127, 127), (127,), (127, 10), (10,)], 'train_accuracy': 0.15772, 'test_accuracy': 0.1589}}", "timing": 606}, "pdm_KL_reg 2": {"Best Result": {"Best Sigma0": 10, "Best sigma": 1, "Best gamma": 10, "Best Test accuracy": 0.1, "Train acc": 0.1}, "PDM log": "{(10, 1, 10): {'shapes': [(3072, 100), (100,), (100, 118), (118,), (118, 118), (118,), (118, 118), (118,), (118, 10), (10,)], 'train_accuracy': 0.1, 'test_accuracy': 0.1}}", "timing": 190}, "pdm_KL_reg 5": {"Best Result": {"Best Sigma0": 10, "Best sigma": 1, "Best gamma": 10, "Best Test accuracy": 0.1, "Train acc": 0.1}, "PDM log": "{(10, 1, 10): {'shapes': [(3072, 100), (100,), (100, 109), (109,), (109, 118), (118,), (118, 118), (118,), (118, 10), (10,)], 'train_accuracy': 0.1, 'test_accuracy': 0.1}}", "timing": 183}, "pdm_KL_reg 10": {"Best Result": {"Best Sigma0": 10, "Best sigma": 1, "Best gamma": 10, "Best Test accuracy": 0.1, "Train acc": 0.1}, "PDM log": "{(10, 1, 10): {'shapes': [(3072, 100), (100,), (100, 109), (109,), (109, 118), (118,), (118, 118), (118,), (118, 10), (10,)], 'train_accuracy': 0.1, 'test_accuracy': 0.1}}", "timing": 209}, "best_reg": 0.5}