{"seed": 2, "Data statistics": "{0: {0: 515, 1: 500, 2: 501, 3: 505, 4: 515, 5: 506, 6: 524, 7: 482, 8: 475, 9: 477}, 1: {0: 514, 1: 496, 2: 530, 3: 477, 4: 493, 5: 492, 6: 470, 7: 516, 8: 514, 9: 498}, 2: {0: 496, 1: 506, 2: 499, 3: 504, 4: 471, 5: 489, 6: 507, 7: 502, 8: 484, 9: 542}, 3: {0: 475, 1: 473, 2: 480, 3: 525, 4: 506, 5: 514, 6: 515, 7: 518, 8: 506, 9: 488}, 4: {0: 522, 1: 530, 2: 486, 3: 468, 4: 510, 5: 510, 6: 494, 7: 496, 8: 497, 9: 487}, 5: {0: 519, 1: 494, 2: 514, 3: 499, 4: 512, 5: 479, 6: 470, 7: 497, 8: 505, 9: 511}, 6: {0: 485, 1: 507, 2: 509, 3: 511, 4: 488, 5: 459, 6: 496, 7: 514, 8: 518, 9: 513}, 7: {0: 485, 1: 488, 2: 482, 3: 505, 4: 546, 5: 535, 6: 505, 7: 476, 8: 486, 9: 492}, 8: {0: 512, 1: 493, 2: 513, 3: 481, 4: 512, 5: 499, 6: 513, 7: 481, 8: 508, 9: 488}, 9: {0: 477, 1: 513, 2: 486, 3: 525, 4: 447, 5: 517, 6: 506, 7: 518, 8: 507, 9: 504}}", "loading time": 28, "local_train_accs": [0.1876, 0.2644, 0.2734, 0.196, 0.2062, 0.3016, 0.2786, 0.2398, 0.203, 0.2232], "local_test_accs": [0.1881, 0.2446, 0.271, 0.1947, 0.193, 0.2783, 0.2625, 0.226, 0.2013, 0.2042], "pdm_KL_reg 0": {"Best Result": {"Best Sigma0": 10, "Best sigma": 1, "Best gamma": 10, "Best Test accuracy": 0.1676, "Train acc": 0.16712}, "PDM log": "{(10, 1, 10): {'shapes': [(3072, 874), (874,), (874, 145), (145,), (145, 145), (145,), (145, 127), (127,), (127, 10), (10,)], 'train_accuracy': 0.16712, 'test_accuracy': 0.1676}}", "timing": 567}, "pdm_KL_reg 0.001": {"Best Result": {"Best Sigma0": 10, "Best sigma": 1, "Best gamma": 10, "Best Test accuracy": 0.194, "Train acc": 0.1909}, "PDM log": "{(10, 1, 10): {'shapes': [(3072, 873), (873,), (873, 145), (145,), (145, 145), (145,), (145, 127), (127,), (127, 10), (10,)], 'train_accuracy': 0.1909, 'test_accuracy': 0.194}}", "timing": 1622}, "pdm_KL_reg 0.005": {"Best Result": {"Best Sigma0": 10, "Best sigma": 1, "Best gamma": 10, "Best Test accuracy": 0.172, "Train acc": 0.1699}, "PDM log": "{(10, 1, 10): {'shapes': [(3072, 872), (872,), (872, 145), (145,), (145, 145), (145,), (145, 127), (127,), (127, 10), (10,)], 'train_accuracy': 0.1699, 'test_accuracy': 0.172}}", "timing": 1640}, "pdm_KL_reg 0.01": {"Best Result": {"Best Sigma0": 10, "Best sigma": 1, "Best gamma": 10, "Best Test accuracy": 0.1704, "Train acc": 0.1686}, "PDM log": "{(10, 1, 10): {'shapes': [(3072, 871), (871,), (871, 145), (145,), (145, 136), (136,), (136, 127), (127,), (127, 10), (10,)], 'train_accuracy': 0.1686, 'test_accuracy': 0.1704}}", "timing": 1580}, "pdm_KL_reg 0.05": {"Best Result": {"Best Sigma0": 10, "Best sigma": 1, "Best gamma": 10, "Best Test accuracy": 0.1771, "Train acc": 0.18176}, "PDM log": "{(10, 1, 10): {'shapes': [(3072, 869), (869,), (869, 145), (145,), (145, 145), (145,), (145, 127), (127,), (127, 10), (10,)], 'train_accuracy': 0.18176, 'test_accuracy': 0.1771}}", "timing": 1652}, "pdm_KL_reg 0.1": {"Best Result": {"Best Sigma0": 10, "Best sigma": 1, "Best gamma": 10, "Best Test accuracy": 0.1779, "Train acc": 0.1775}, "PDM log": "{(10, 1, 10): {'shapes': [(3072, 863), (863,), (863, 145), (145,), (145, 136), (136,), (136, 127), (127,), (127, 10), (10,)], 'train_accuracy': 0.1775, 'test_accuracy': 0.1779}}", "timing": 1557}, "pdm_KL_reg 0.5": {"Best Result": {"Best Sigma0": 10, "Best sigma": 1, "Best gamma": 10, "Best Test accuracy": 0.2132, "Train acc": 0.21214}, "PDM log": "{(10, 1, 10): {'shapes': [(3072, 798), (798,), (798, 136), (136,), (136, 136), (136,), (136, 127), (127,), (127, 10), (10,)], 'train_accuracy': 0.21214, 'test_accuracy': 0.2132}}", "timing": 1443}, "pdm_KL_reg 1": {"Best Result": {"Best Sigma0": 10, "Best sigma": 1, "Best gamma": 10, "Best Test accuracy": 0.1816, "Train acc": 0.18302}, "PDM log": "{(10, 1, 10): {'shapes': [(3072, 298), (298,), (298, 127), (127,), (127, 127), (127,), (127, 127), (127,), (127, 10), (10,)], 'train_accuracy': 0.18302, 'test_accuracy': 0.1816}}", "timing": 615}, "pdm_KL_reg 2": {"Best Result": {"Best Sigma0": 10, "Best sigma": 1, "Best gamma": 10, "Best Test accuracy": 0.1, "Train acc": 0.1}, "PDM log": "{(10, 1, 10): {'shapes': [(3072, 109), (109,), (109, 118), (118,), (118, 118), (118,), (118, 118), (118,), (118, 10), (10,)], 'train_accuracy': 0.1, 'test_accuracy': 0.1}}", "timing": 230}, "pdm_KL_reg 5": {"Best Result": {"Best Sigma0": 10, "Best sigma": 1, "Best gamma": 10, "Best Test accuracy": 0.1, "Train acc": 0.1}, "PDM log": "{(10, 1, 10): {'shapes': [(3072, 100), (100,), (100, 118), (118,), (118, 109), (109,), (109, 118), (118,), (118, 10), (10,)], 'train_accuracy': 0.1, 'test_accuracy': 0.1}}", "timing": 196}, "pdm_KL_reg 10": {"Best Result": {"Best Sigma0": 10, "Best sigma": 1, "Best gamma": 10, "Best Test accuracy": 0.1, "Train acc": 0.1}, "PDM log": "{(10, 1, 10): {'shapes': [(3072, 100), (100,), (100, 118), (118,), (118, 109), (109,), (109, 118), (118,), (118, 10), (10,)], 'train_accuracy': 0.1, 'test_accuracy': 0.1}}", "timing": 185}, "best_reg": 0.5}