{"seed": 8, "Data statistics": "{0: {0: 524, 1: 168, 2: 259, 3: 1157, 4: 846, 5: 351, 6: 350, 7: 125, 8: 1521}, 1: {0: 10, 1: 1310, 2: 1614, 3: 90, 4: 8, 5: 214, 6: 861, 7: 1092}, 2: {0: 419, 1: 407, 2: 225, 3: 92, 4: 239, 5: 194, 6: 1031, 7: 439, 8: 285, 9: 15}, 3: {0: 28, 1: 306, 2: 33, 3: 771, 4: 66, 5: 275, 6: 140, 7: 431, 8: 14, 9: 3014}, 4: {0: 21, 1: 95, 2: 123, 3: 552, 5: 857, 6: 67, 7: 1578, 8: 108, 9: 1722}, 5: {0: 56, 1: 317, 2: 1458, 3: 2, 4: 205, 5: 2189, 6: 1243}, 6: {0: 167, 1: 198, 2: 701, 3: 793, 4: 735, 5: 779, 6: 196, 7: 139, 8: 3050}, 7: {0: 3355, 1: 1713}, 8: {0: 395, 1: 94, 2: 284, 3: 1438, 4: 88, 5: 140, 7: 515, 8: 21, 9: 249}, 9: {0: 25, 1: 392, 2: 303, 3: 105, 4: 2813, 5: 1, 6: 1112, 7: 681, 8: 1}}", "loading time": 96, "local_train_accs": [0.47368421052631576, 0.46278130409694174, 0.41243275552898984, 0.6492713666797952, 0.5805192270154207, 0.45009140767824496, 0.5313702278780704, 0.8334648776637726, 0.446029776674938, 0.36388735505245723], "local_test_accs": [0.2048, 0.1605, 0.1901, 0.1568, 0.1971, 0.1359, 0.1757, 0.1673, 0.1, 0.1489], "Uniform ensemble (Train acc)": 0.28308, "Uniform ensemble (Test acc)": 0.2824, "FedAvg (Train acc)": 0.1, "FedAvg (Test acc)": 0.1, "pdm_KL_reg 0": {"Best Result": {"Best Sigma0": 0.5, "Best sigma": 1, "Best gamma": 10, "Best Test accuracy": 0.1, "Train acc": 0.1}, "PDM log": "{(0.5, 1, 10): {'shapes': [(3072, 248), (248,), (248, 118), (118,), (118, 118), (118,), (118, 127), (127,), (127, 118), (118,), (118, 110), (110,), (110, 10), (10,)], 'train_accuracy': 0.1, 'test_accuracy': 0.1}}", "timing": 476}, "pdm_KL_reg 0.001": {"Best Result": {"Best Sigma0": 0.5, "Best sigma": 1, "Best gamma": 10, "Best Test accuracy": 0.1, "Train acc": 0.1}, "PDM log": "{(0.5, 1, 10): {'shapes': [(3072, 252), (252,), (252, 118), (118,), (118, 118), (118,), (118, 118), (118,), (118, 118), (118,), (118, 110), (110,), (110, 10), (10,)], 'train_accuracy': 0.1, 'test_accuracy': 0.1}}", "timing": 869}, "pdm_KL_reg 0.005": {"Best Result": {"Best Sigma0": 0.5, "Best sigma": 1, "Best gamma": 10, "Best Test accuracy": 0.1, "Train acc": 0.1}, "PDM log": "{(0.5, 1, 10): {'shapes': [(3072, 250), (250,), (250, 118), (118,), (118, 118), (118,), (118, 118), (118,), (118, 118), (118,), (118, 110), (110,), (110, 10), (10,)], 'train_accuracy': 0.1, 'test_accuracy': 0.1}}", "timing": 728}, "pdm_KL_reg 0.01": {"Best Result": {"Best Sigma0": 0.5, "Best sigma": 1, "Best gamma": 10, "Best Test accuracy": 0.1, "Train acc": 0.1}, "PDM log": "{(0.5, 1, 10): {'shapes': [(3072, 251), (251,), (251, 118), (118,), (118, 118), (118,), (118, 118), (118,), (118, 118), (118,), (118, 110), (110,), (110, 10), (10,)], 'train_accuracy': 0.1, 'test_accuracy': 0.1}}", "timing": 837}, "pdm_KL_reg 0.05": {"Best Result": {"Best Sigma0": 0.5, "Best sigma": 1, "Best gamma": 10, "Best Test accuracy": 0.1, "Train acc": 0.1}, "PDM log": "{(0.5, 1, 10): {'shapes': [(3072, 258), (258,), (258, 118), (118,), (118, 118), (118,), (118, 118), (118,), (118, 118), (118,), (118, 113), (113,), (113, 10), (10,)], 'train_accuracy': 0.1, 'test_accuracy': 0.1}}", "timing": 800}, "pdm_KL_reg 0.1": {"Best Result": {"Best Sigma0": 0.5, "Best sigma": 1, "Best gamma": 10, "Best Test accuracy": 0.1, "Train acc": 0.1}, "PDM log": "{(0.5, 1, 10): {'shapes': [(3072, 263), (263,), (263, 118), (118,), (118, 127), (127,), (127, 118), (118,), (118, 118), (118,), (118, 110), (110,), (110, 10), (10,)], 'train_accuracy': 0.1, 'test_accuracy': 0.1}}", "timing": 927}, "pdm_KL_reg 0.5": {"Best Result": {"Best Sigma0": 0.5, "Best sigma": 1, "Best gamma": 10, "Best Test accuracy": 0.1, "Train acc": 0.1}, "PDM log": "{(0.5, 1, 10): {'shapes': [(3072, 308), (308,), (308, 127), (127,), (127, 127), (127,), (127, 127), (127,), (127, 118), (118,), (118, 114), (114,), (114, 10), (10,)], 'train_accuracy': 0.1, 'test_accuracy': 0.1}}", "timing": 965}, "pdm_KL_reg 1": {"Best Result": {"Best Sigma0": 0.5, "Best sigma": 1, "Best gamma": 10, "Best Test accuracy": 0.1, "Train acc": 0.1}, "PDM log": "{(0.5, 1, 10): {'shapes': [(3072, 466), (466,), (466, 127), (127,), (127, 127), (127,), (127, 127), (127,), (127, 127), (127,), (127, 118), (118,), (118, 10), (10,)], 'train_accuracy': 0.1, 'test_accuracy': 0.1}}", "timing": 1351}, "pdm_KL_reg 2": {"Best Result": {"Best Sigma0": 0.5, "Best sigma": 1, "Best gamma": 10, "Best Test accuracy": 0.1, "Train acc": 0.1}, "PDM log": "{(0.5, 1, 10): {'shapes': [(3072, 587), (587,), (587, 127), (127,), (127, 127), (127,), (127, 127), (127,), (127, 127), (127,), (127, 127), (127,), (127, 10), (10,)], 'train_accuracy': 0.1, 'test_accuracy': 0.1}}", "timing": 1516}, "pdm_KL_reg 5": {"Best Result": {"Best Sigma0": 0.5, "Best sigma": 1, "Best gamma": 10, "Best Test accuracy": 0.1, "Train acc": 0.1}, "PDM log": "{(0.5, 1, 10): {'shapes': [(3072, 609), (609,), (609, 136), (136,), (136, 127), (127,), (127, 136), (136,), (136, 127), (127,), (127, 127), (127,), (127, 10), (10,)], 'train_accuracy': 0.1, 'test_accuracy': 0.1}}", "timing": 1355}, "pdm_KL_reg 10": {"Best Result": {"Best Sigma0": 0.5, "Best sigma": 1, "Best gamma": 10, "Best Test accuracy": 0.1, "Train acc": 0.1}, "PDM log": "{(0.5, 1, 10): {'shapes': [(3072, 619), (619,), (619, 136), (136,), (136, 127), (127,), (127, 136), (136,), (136, 127), (127,), (127, 118), (118,), (118, 10), (10,)], 'train_accuracy': 0.1, 'test_accuracy': 0.1}}", "timing": 1347}, "best_reg": 0}