{"seed": 8, "Data statistics": "{0: {0: 2617, 1: 82, 2: 170, 4: 58, 5: 19, 6: 1644, 7: 1237, 8: 1455, 9: 4633}, 1: {0: 49, 1: 52, 2: 4119, 3: 158, 4: 2864, 5: 4340}, 2: {0: 2089, 1: 492, 2: 701, 3: 752, 4: 203, 5: 17, 6: 111, 7: 3697, 8: 1218, 9: 360}, 3: {0: 139, 1: 1403, 2: 9, 3: 3706, 4: 1833, 5: 13, 6: 3224}, 4: {0: 106, 1: 2971, 2: 1, 3: 384, 4: 42, 5: 611, 6: 21, 7: 66, 8: 2327, 9: 7}}", "loading time": 76, "local_train_accs": [0.6790600083927822, 0.628734242790537, 0.6116182572614108, 0.6709596204125109, 0.7631578947368421], "local_test_accs": [0.2881, 0.1755, 0.2757, 0.2694, 0.2292], "Uniform ensemble (Train acc)": 0.41714, "Uniform ensemble (Test acc)": 0.3992, "FedAvg (Train acc)": 0.1456, "FedAvg (Test acc)": 0.146, "pdm_KL_reg 0": {"Best Result": {"Best Sigma0": 0.5, "Best sigma": 1, "Best gamma": 10, "Best Test accuracy": 0.2731, "Train acc": 0.27616}, "PDM log": "{(0.5, 1, 10): {'shapes': [(3072, 298), (298,), (298, 10), (10,)], 'train_accuracy': 0.27616, 'test_accuracy': 0.2731}}", "timing": 236}, "pdm_KL_reg 0.001": {"Best Result": {"Best Sigma0": 0.5, "Best sigma": 1, "Best gamma": 10, "Best Test accuracy": 0.2716, "Train acc": 0.27412}, "PDM log": "{(0.5, 1, 10): {'shapes': [(3072, 298), (298,), (298, 10), (10,)], 'train_accuracy': 0.27412, 'test_accuracy': 0.2716}}", "timing": 456}, "pdm_KL_reg 0.005": {"Best Result": {"Best Sigma0": 0.5, "Best sigma": 1, "Best gamma": 10, "Best Test accuracy": 0.2707, "Train acc": 0.27456}, "PDM log": "{(0.5, 1, 10): {'shapes': [(3072, 297), (297,), (297, 10), (10,)], 'train_accuracy': 0.27456, 'test_accuracy': 0.2707}}", "timing": 471}, "pdm_KL_reg 0.01": {"Best Result": {"Best Sigma0": 0.5, "Best sigma": 1, "Best gamma": 10, "Best Test accuracy": 0.2722, "Train acc": 0.27418}, "PDM log": "{(0.5, 1, 10): {'shapes': [(3072, 299), (299,), (299, 10), (10,)], 'train_accuracy': 0.27418, 'test_accuracy': 0.2722}}", "timing": 472}, "pdm_KL_reg 0.05": {"Best Result": {"Best Sigma0": 0.5, "Best sigma": 1, "Best gamma": 10, "Best Test accuracy": 0.2726, "Train acc": 0.27424}, "PDM log": "{(0.5, 1, 10): {'shapes': [(3072, 297), (297,), (297, 10), (10,)], 'train_accuracy': 0.27424, 'test_accuracy': 0.2726}}", "timing": 487}, "pdm_KL_reg 0.1": {"Best Result": {"Best Sigma0": 0.5, "Best sigma": 1, "Best gamma": 10, "Best Test accuracy": 0.2747, "Train acc": 0.27634}, "PDM log": "{(0.5, 1, 10): {'shapes': [(3072, 300), (300,), (300, 10), (10,)], 'train_accuracy': 0.27634, 'test_accuracy': 0.2747}}", "timing": 466}, "pdm_KL_reg 0.5": {"Best Result": {"Best Sigma0": 0.5, "Best sigma": 1, "Best gamma": 10, "Best Test accuracy": 0.2748, "Train acc": 0.2758}, "PDM log": "{(0.5, 1, 10): {'shapes': [(3072, 309), (309,), (309, 10), (10,)], 'train_accuracy': 0.2758, 'test_accuracy': 0.2748}}", "timing": 410}, "pdm_KL_reg 1": {"Best Result": {"Best Sigma0": 0.5, "Best sigma": 1, "Best gamma": 10, "Best Test accuracy": 0.2741, "Train acc": 0.27488}, "PDM log": "{(0.5, 1, 10): {'shapes': [(3072, 332), (332,), (332, 10), (10,)], 'train_accuracy': 0.27488, 'test_accuracy': 0.2741}}", "timing": 426}, "pdm_KL_reg 2": {"Best Result": {"Best Sigma0": 0.5, "Best sigma": 1, "Best gamma": 10, "Best Test accuracy": 0.2741, "Train acc": 0.2749}, "PDM log": "{(0.5, 1, 10): {'shapes': [(3072, 368), (368,), (368, 10), (10,)], 'train_accuracy': 0.2749, 'test_accuracy': 0.2741}}", "timing": 499}, "pdm_KL_reg 5": {"Best Result": {"Best Sigma0": 0.5, "Best sigma": 1, "Best gamma": 10, "Best Test accuracy": 0.2791, "Train acc": 0.2807}, "PDM log": "{(0.5, 1, 10): {'shapes': [(3072, 380), (380,), (380, 10), (10,)], 'train_accuracy': 0.2807, 'test_accuracy': 0.2791}}", "timing": 528}, "pdm_KL_reg 10": {"Best Result": {"Best Sigma0": 0.5, "Best sigma": 1, "Best gamma": 10, "Best Test accuracy": 0.2069, "Train acc": 0.207}, "PDM log": "{(0.5, 1, 10): {'shapes': [(3072, 270), (270,), (270, 10), (10,)], 'train_accuracy': 0.207, 'test_accuracy': 0.2069}}", "timing": 481}, "best_reg": 5}