{"seed": 9, "Data statistics": "{0: {0: 1426, 1: 98, 2: 2982, 3: 52, 4: 3654, 5: 1240, 6: 4553}, 1: {0: 348, 1: 2213, 2: 104, 3: 1151, 4: 467, 5: 33, 6: 184, 7: 687, 8: 3878, 9: 2788}, 2: {0: 458, 1: 4, 2: 587, 3: 3298, 4: 857, 5: 795, 6: 12, 7: 778, 8: 429, 9: 166}, 3: {0: 1582, 1: 222, 2: 1153, 3: 6, 4: 2, 5: 1843, 6: 110, 7: 1355, 8: 468, 9: 306}, 4: {0: 1186, 1: 2463, 2: 174, 3: 493, 4: 20, 5: 1089, 6: 141, 7: 2180, 8: 225, 9: 1740}}", "loading time": 71, "local_train_accs": [0.5635844341306676, 0.6215304142411204, 0.560807150595883, 0.5792535830850007, 0.6009679744619504], "local_test_accs": [0.2566, 0.318, 0.2748, 0.31, 0.3003], "Uniform ensemble (Train acc)": 0.40036, "Uniform ensemble (Test acc)": 0.39, "FedAvg (Train acc)": 0.1662, "FedAvg (Test acc)": 0.1682, "pdm_KL_reg 0": {"Best Result": {"Best Sigma0": 0.5, "Best sigma": 1, "Best gamma": 10, "Best Test accuracy": 0.277, "Train acc": 0.28192}, "PDM log": "{(0.5, 1, 10): {'shapes': [(3072, 302), (302,), (302, 10), (10,)], 'train_accuracy': 0.28192, 'test_accuracy': 0.277}}", "timing": 238}, "pdm_KL_reg 0.001": {"Best Result": {"Best Sigma0": 0.5, "Best sigma": 1, "Best gamma": 10, "Best Test accuracy": 0.2737, "Train acc": 0.27744}, "PDM log": "{(0.5, 1, 10): {'shapes': [(3072, 300), (300,), (300, 10), (10,)], 'train_accuracy': 0.27744, 'test_accuracy': 0.2737}}", "timing": 467}, "pdm_KL_reg 0.005": {"Best Result": {"Best Sigma0": 0.5, "Best sigma": 1, "Best gamma": 10, "Best Test accuracy": 0.274, "Train acc": 0.27846}, "PDM log": "{(0.5, 1, 10): {'shapes': [(3072, 301), (301,), (301, 10), (10,)], 'train_accuracy': 0.27846, 'test_accuracy': 0.274}}", "timing": 488}, "pdm_KL_reg 0.01": {"Best Result": {"Best Sigma0": 0.5, "Best sigma": 1, "Best gamma": 10, "Best Test accuracy": 0.2749, "Train acc": 0.27846}, "PDM log": "{(0.5, 1, 10): {'shapes': [(3072, 303), (303,), (303, 10), (10,)], 'train_accuracy': 0.27846, 'test_accuracy': 0.2749}}", "timing": 474}, "pdm_KL_reg 0.05": {"Best Result": {"Best Sigma0": 0.5, "Best sigma": 1, "Best gamma": 10, "Best Test accuracy": 0.274, "Train acc": 0.27858}, "PDM log": "{(0.5, 1, 10): {'shapes': [(3072, 301), (301,), (301, 10), (10,)], 'train_accuracy': 0.27858, 'test_accuracy': 0.274}}", "timing": 437}, "pdm_KL_reg 0.1": {"Best Result": {"Best Sigma0": 0.5, "Best sigma": 1, "Best gamma": 10, "Best Test accuracy": 0.2752, "Train acc": 0.28024}, "PDM log": "{(0.5, 1, 10): {'shapes': [(3072, 307), (307,), (307, 10), (10,)], 'train_accuracy': 0.28024, 'test_accuracy': 0.2752}}", "timing": 422}, "pdm_KL_reg 0.5": {"Best Result": {"Best Sigma0": 0.5, "Best sigma": 1, "Best gamma": 10, "Best Test accuracy": 0.2779, "Train acc": 0.282}, "PDM log": "{(0.5, 1, 10): {'shapes': [(3072, 313), (313,), (313, 10), (10,)], 'train_accuracy': 0.282, 'test_accuracy': 0.2779}}", "timing": 425}, "pdm_KL_reg 1": {"Best Result": {"Best Sigma0": 0.5, "Best sigma": 1, "Best gamma": 10, "Best Test accuracy": 0.2703, "Train acc": 0.27526}, "PDM log": "{(0.5, 1, 10): {'shapes': [(3072, 333), (333,), (333, 10), (10,)], 'train_accuracy': 0.27526, 'test_accuracy': 0.2703}}", "timing": 487}, "pdm_KL_reg 2": {"Best Result": {"Best Sigma0": 0.5, "Best sigma": 1, "Best gamma": 10, "Best Test accuracy": 0.2703, "Train acc": 0.27538}, "PDM log": "{(0.5, 1, 10): {'shapes': [(3072, 376), (376,), (376, 10), (10,)], 'train_accuracy': 0.27538, 'test_accuracy': 0.2703}}", "timing": 503}, "pdm_KL_reg 5": {"Best Result": {"Best Sigma0": 0.5, "Best sigma": 1, "Best gamma": 10, "Best Test accuracy": 0.2649, "Train acc": 0.27048}, "PDM log": "{(0.5, 1, 10): {'shapes': [(3072, 396), (396,), (396, 10), (10,)], 'train_accuracy': 0.27048, 'test_accuracy': 0.2649}}", "timing": 519}, "pdm_KL_reg 10": {"Best Result": {"Best Sigma0": 0.5, "Best sigma": 1, "Best gamma": 10, "Best Test accuracy": 0.2465, "Train acc": 0.24248}, "PDM log": "{(0.5, 1, 10): {'shapes': [(3072, 267), (267,), (267, 10), (10,)], 'train_accuracy': 0.24248, 'test_accuracy': 0.2465}}", "timing": 478}, "best_reg": 0.5}