{"n_nets 10": {"local acc": 0.24948399999999998, "local std": 0.011012716467793044, "KL reg 0 acc": 0.26774999999999993, "KL reg 0 std": 0.016556403594984018, "KL reg 0.001 acc": 0.26774999999999993, "KL reg 0.001 std": 0.016556403594984018, "KL reg 0.005 acc": 0.26774999999999993, "KL reg 0.005 std": 0.016556403594984018, "KL reg 0.01 acc": 0.26774999999999993, "KL reg 0.01 std": 0.016556403594984018, "KL reg 0.05 acc": 0.26774999999999993, "KL reg 0.05 std": 0.016556403594984018, "KL reg 0.1 acc": 0.26774999999999993, "KL reg 0.1 std": 0.016556403594984018, "KL reg 0.5 acc": 0.2678, "KL reg 0.5 std": 0.01668688107466461, "KL reg 1 acc": 0.27077999999999997, "KL reg 1 std": 0.015675190588952982, "KL reg 2 acc": 0.09999, "KL reg 2 std": 0.00012206555615733563, "KL reg 5 acc": 0.10006999999999999, "KL reg 5 std": 0.00015524174696259968, "KL reg 10 acc": 0.10002, "KL reg 10 std": 5.999999999999756e-05, "KL best acc": 0.27077999999999997, "KL best std": 0.015675190588952982, "improved acc": 0.0054333333333333456}, "n_nets 15": {"local acc": 0.2452786666666667, "local std": 0.00450836437450804, "KL reg 0 acc": 0.27294000000000007, "KL reg 0 std": 0.012282849832184708, "KL reg 0.001 acc": 0.27294000000000007, "KL reg 0.001 std": 0.012282849832184708, "KL reg 0.005 acc": 0.27294000000000007, "KL reg 0.005 std": 0.012282849832184708, "KL reg 0.01 acc": 0.27294000000000007, "KL reg 0.01 std": 0.012282849832184708, "KL reg 0.05 acc": 0.27294000000000007, "KL reg 0.05 std": 0.012282849832184708, "KL reg 0.1 acc": 0.27294000000000007, "KL reg 0.1 std": 0.012282849832184708, "KL reg 0.5 acc": 0.27291000000000004, "KL reg 0.5 std": 0.012273503982156032, "KL reg 1 acc": 0.27408000000000005, "KL reg 1 std": 0.012509580328692083, "KL reg 2 acc": 0.1, "KL reg 2 std": 4.4721359549993966e-05, "KL reg 5 acc": 0.1, "KL reg 5 std": 0.0, "KL reg 10 acc": 0.1, "KL reg 10 std": 4.4721359549993966e-05, "KL best acc": 0.27509, "KL best std": 0.01164057129182241, "improved acc": 0.004366666666666648}, "n_nets 20": {"local acc": 0.23051055555555555, "local std": 0.008683000135783969, "KL reg 0 acc": 0.2666555555555556, "KL reg 0 std": 0.020827338396716896, "KL reg 0.001 acc": 0.2666777777777778, "KL reg 0.001 std": 0.02084187972850059, "KL reg 0.005 acc": 0.2666777777777778, "KL reg 0.005 std": 0.02084187972850059, "KL reg 0.01 acc": 0.2666777777777778, "KL reg 0.01 std": 0.02084187972850059, "KL reg 0.05 acc": 0.2666777777777778, "KL reg 0.05 std": 0.02084187972850059, "KL reg 0.1 acc": 0.2666777777777778, "KL reg 0.1 std": 0.02084187972850059, "KL reg 0.5 acc": 0.2667, "KL reg 0.5 std": 0.02123356881083452, "KL reg 1 acc": 0.26603333333333334, "KL reg 1 std": 0.02122508997494344, "KL reg 2 acc": 0.10007777777777778, "KL reg 2 std": 0.0004491418429201722, "KL reg 5 acc": 0.09998888888888889, "KL reg 5 std": 3.142696805273634e-05, "KL reg 10 acc": 0.1, "KL reg 10 std": 0.0, "KL best acc": 0.26745555555555556, "KL best std": 0.02118710882227478, "improved acc": 0.0}, "n_nets 25": {"local acc": 0.224776, "local std": 0.005180908955000074, "KL reg 0 acc": 0.25494, "KL reg 0 std": 0.01669665834830432, "KL reg 0.001 acc": 0.25494, "KL reg 0.001 std": 0.01669665834830432, "KL reg 0.005 acc": 0.25494, "KL reg 0.005 std": 0.01669665834830432, "KL reg 0.01 acc": 0.25494, "KL reg 0.01 std": 0.01669665834830432, "KL reg 0.05 acc": 0.25494, "KL reg 0.05 std": 0.01669665834830432, "KL reg 0.1 acc": 0.25494, "KL reg 0.1 std": 0.01669665834830432, "KL reg 0.5 acc": 0.25483999999999996, "KL reg 0.5 std": 0.016338004774145463, "KL reg 1 acc": 0.2507, "KL reg 1 std": 0.016949454268500794, "KL reg 2 acc": 0.1976, "KL reg 2 std": 0.019905376158214142, "KL reg 5 acc": 0.09998, "KL reg 5 std": 4.000000000000115e-05, "KL reg 10 acc": 0.1, "KL reg 10 std": 0.0, "KL best acc": 0.25583999999999996, "KL best std": 0.0163063913849754, "improved acc": 0.0}, "n_nets 30": {"local acc": 0.2167641666666667, "local std": 0.0023766916490038084, "KL reg 0 acc": 0.26665, "KL reg 0 std": 0.017178256605371794, "KL reg 0.001 acc": 0.26665, "KL reg 0.001 std": 0.017178256605371794, "KL reg 0.005 acc": 0.26665, "KL reg 0.005 std": 0.017178256605371794, "KL reg 0.01 acc": 0.26665, "KL reg 0.01 std": 0.017178256605371794, "KL reg 0.05 acc": 0.26665, "KL reg 0.05 std": 0.017178256605371794, "KL reg 0.1 acc": 0.26665, "KL reg 0.1 std": 0.017178256605371794, "KL reg 0.5 acc": 0.266875, "KL reg 0.5 std": 0.01808568149116864, "KL reg 1 acc": 0.25815, "KL reg 1 std": 0.02039491358157714, "KL reg 2 acc": 0.19365, "KL reg 2 std": 0.013702098379445398, "KL reg 5 acc": 0.1, "KL reg 5 std": 0.0, "KL reg 10 acc": 0.1, "KL reg 10 std": 0.0, "KL best acc": 0.267675, "KL best std": 0.01795360339876092, "improved acc": 0.0}}