{"n_nets 10": {"local acc": 0.24948399999999998, "local std": 0.011012716467793044, "KL reg 0 acc": 0.26774999999999993, "KL reg 0 std": 0.016556403594984018, "KL reg 0.001 acc": 0.26774999999999993, "KL reg 0.001 std": 0.016556403594984018, "KL reg 0.005 acc": 0.26774999999999993, "KL reg 0.005 std": 0.016556403594984018, "KL reg 0.01 acc": 0.26774999999999993, "KL reg 0.01 std": 0.016556403594984018, "KL reg 0.05 acc": 0.26774999999999993, "KL reg 0.05 std": 0.016556403594984018, "KL reg 0.1 acc": 0.26774999999999993, "KL reg 0.1 std": 0.016556403594984018, "KL reg 0.5 acc": 0.2678, "KL reg 0.5 std": 0.01668688107466461, "KL reg 1 acc": 0.27077999999999997, "KL reg 1 std": 0.015675190588952982, "KL reg 2 acc": 0.09999, "KL reg 2 std": 0.00012206555615733563, "KL reg 5 acc": 0.10006999999999999, "KL reg 5 std": 0.00015524174696259968, "KL reg 10 acc": 0.10002, "KL reg 10 std": 5.999999999999756e-05, "KL best acc": 0.27077999999999997, "KL best std": 0.015675190588952982}}