{"seed": 6, "Data statistics": "{0: {0: 590, 1: 661, 2: 587, 3: 624, 4: 613, 5: 542, 6: 623, 7: 604, 8: 557, 9: 599}, 1: {0: 561, 1: 716, 2: 606, 3: 636, 4: 568, 5: 547, 6: 552, 7: 633, 8: 614, 9: 567}, 2: {0: 606, 1: 716, 2: 582, 3: 615, 4: 579, 5: 513, 6: 583, 7: 607, 8: 571, 9: 628}, 3: {0: 589, 1: 664, 2: 553, 3: 609, 4: 561, 5: 570, 6: 620, 7: 636, 8: 604, 9: 594}, 4: {0: 592, 1: 682, 2: 656, 3: 604, 4: 573, 5: 521, 6: 594, 7: 634, 8: 569, 9: 575}, 5: {0: 572, 1: 693, 2: 589, 3: 661, 4: 560, 5: 546, 6: 572, 7: 638, 8: 589, 9: 580}, 6: {0: 626, 1: 663, 2: 593, 3: 573, 4: 615, 5: 560, 6: 604, 7: 597, 8: 566, 9: 603}, 7: {0: 617, 1: 650, 2: 594, 3: 583, 4: 591, 5: 500, 6: 617, 7: 657, 8: 579, 9: 612}, 8: {0: 578, 1: 643, 2: 592, 3: 629, 4: 581, 5: 554, 6: 571, 7: 653, 8: 588, 9: 611}, 9: {0: 592, 1: 654, 2: 606, 3: 597, 4: 601, 5: 568, 6: 582, 7: 606, 8: 614, 9: 580}}", "loading time": 20, "local_train_accs": [0.9565, 0.9633333333333334, 0.9708333333333333, 0.9768333333333333, 0.9746666666666667, 0.977, 0.9508333333333333, 0.976, 0.9658333333333333, 0.9546666666666667], "local_test_accs": [0.9235, 0.9311, 0.9285, 0.9377, 0.9386, 0.9353, 0.9128, 0.931, 0.9303, 0.9173], "Uniform ensemble (Train acc)": 0.96405, "Uniform ensemble (Test acc)": 0.962, "FedAvg (Train acc)": 0.09751666666666667, "FedAvg (Test acc)": 0.0974, "pdm_KL_reg 0": {"Best Result": {"Best Sigma0": 10, "Best sigma": 0.5, "Best gamma": 10, "Best Test accuracy": 0.9189, "Train acc": 0.9176833333333333}, "PDM log": "{(10, 0.5, 10): {'shapes': [(784, 700), (700,), (700, 638), (638,), (638, 422), (422,), (422, 284), (284,), (284, 127), (127,), (127, 10), (10,)], 'train_accuracy': 0.9176833333333333, 'test_accuracy': 0.9189}}", "timing": 517}, "pdm_KL_reg 0.001": {"Best Result": {"Best Sigma0": 10, "Best sigma": 0.5, "Best gamma": 10, "Best Test accuracy": 0.8602, "Train acc": 0.8626666666666667}, "PDM log": "{(10, 0.5, 10): {'shapes': [(784, 700), (700,), (700, 628), (628,), (628, 424), (424,), (424, 280), (280,), (280, 127), (127,), (127, 10), (10,)], 'train_accuracy': 0.8626666666666667, 'test_accuracy': 0.8602}}", "timing": 843}, "pdm_KL_reg 0.005": {"Best Result": {"Best Sigma0": 10, "Best sigma": 0.5, "Best gamma": 10, "Best Test accuracy": 0.952, "Train acc": 0.9545666666666667}, "PDM log": "{(10, 0.5, 10): {'shapes': [(784, 700), (700,), (700, 631), (631,), (631, 415), (415,), (415, 288), (288,), (288, 127), (127,), (127, 10), (10,)], 'train_accuracy': 0.9545666666666667, 'test_accuracy': 0.952}}", "timing": 832}, "pdm_KL_reg 0.01": {"Best Result": {"Best Sigma0": 10, "Best sigma": 0.5, "Best gamma": 10, "Best Test accuracy": 0.8649, "Train acc": 0.8674333333333333}, "PDM log": "{(10, 0.5, 10): {'shapes': [(784, 700), (700,), (700, 631), (631,), (631, 415), (415,), (415, 288), (288,), (288, 127), (127,), (127, 10), (10,)], 'train_accuracy': 0.8674333333333333, 'test_accuracy': 0.8649}}", "timing": 903}, "pdm_KL_reg 0.05": {"Best Result": {"Best Sigma0": 10, "Best sigma": 0.5, "Best gamma": 10, "Best Test accuracy": 0.8818, "Train acc": 0.8829833333333333}, "PDM log": "{(10, 0.5, 10): {'shapes': [(784, 700), (700,), (700, 610), (610,), (610, 411), (411,), (411, 286), (286,), (286, 127), (127,), (127, 10), (10,)], 'train_accuracy': 0.8829833333333333, 'test_accuracy': 0.8818}}", "timing": 837}, "pdm_KL_reg 0.1": {"Best Result": {"Best Sigma0": 10, "Best sigma": 0.5, "Best gamma": 10, "Best Test accuracy": 0.8823, "Train acc": 0.8887833333333334}, "PDM log": "{(10, 0.5, 10): {'shapes': [(784, 700), (700,), (700, 577), (577,), (577, 379), (379,), (379, 260), (260,), (260, 127), (127,), (127, 10), (10,)], 'train_accuracy': 0.8887833333333334, 'test_accuracy': 0.8823}}", "timing": 518}, "pdm_KL_reg 0.5": {"Best Result": {"Best Sigma0": 10, "Best sigma": 0.5, "Best gamma": 10, "Best Test accuracy": 0.8193, "Train acc": 0.81805}, "PDM log": "{(10, 0.5, 10): {'shapes': [(784, 700), (700,), (700, 314), (314,), (314, 235), (235,), (235, 198), (198,), (198, 127), (127,), (127, 10), (10,)], 'train_accuracy': 0.81805, 'test_accuracy': 0.8193}}", "timing": 409}, "pdm_KL_reg 1": {"Best Result": {"Best Sigma0": 10, "Best sigma": 0.5, "Best gamma": 10, "Best Test accuracy": 0.3695, "Train acc": 0.3662666666666667}, "PDM log": "{(10, 0.5, 10): {'shapes': [(784, 586), (586,), (586, 136), (136,), (136, 136), (136,), (136, 136), (136,), (136, 127), (127,), (127, 10), (10,)], 'train_accuracy': 0.3662666666666667, 'test_accuracy': 0.3695}}", "timing": 344}, "pdm_KL_reg 2": {"Best Result": {"Best Sigma0": 10, "Best sigma": 0.5, "Best gamma": 10, "Best Test accuracy": 0.0974, "Train acc": 0.09751666666666667}, "PDM log": "{(10, 0.5, 10): {'shapes': [(784, 100), (100,), (100, 100), (100,), (100, 109), (109,), (109, 109), (109,), (109, 118), (118,), (118, 10), (10,)], 'train_accuracy': 0.09751666666666667, 'test_accuracy': 0.0974}}", "timing": 68}, "pdm_KL_reg 5": {"Best Result": {"Best Sigma0": 10, "Best sigma": 0.5, "Best gamma": 10, "Best Test accuracy": 0.0974, "Train acc": 0.09751666666666667}, "PDM log": "{(10, 0.5, 10): {'shapes': [(784, 100), (100,), (100, 100), (100,), (100, 100), (100,), (100, 100), (100,), (100, 118), (118,), (118, 10), (10,)], 'train_accuracy': 0.09751666666666667, 'test_accuracy': 0.0974}}", "timing": 72}, "pdm_KL_reg 10": {"Best Result": {"Best Sigma0": 10, "Best sigma": 0.5, "Best gamma": 10, "Best Test accuracy": 0.0974, "Train acc": 0.09751666666666667}, "PDM log": "{(10, 0.5, 10): {'shapes': [(784, 100), (100,), (100, 100), (100,), (100, 100), (100,), (100, 100), (100,), (100, 109), (109,), (109, 10), (10,)], 'train_accuracy': 0.09751666666666667, 'test_accuracy': 0.0974}}", "timing": 86}, "best_reg": 0.005}