{"seed": 4, "Data statistics": "{0: {0: 580, 1: 694, 2: 624, 3: 614, 4: 560, 5: 523, 6: 605, 7: 625, 8: 581, 9: 594}, 1: {0: 617, 1: 648, 2: 621, 3: 611, 4: 566, 5: 565, 6: 567, 7: 655, 8: 587, 9: 563}, 2: {0: 557, 1: 697, 2: 599, 3: 597, 4: 588, 5: 541, 6: 602, 7: 606, 8: 620, 9: 593}, 3: {0: 594, 1: 659, 2: 550, 3: 623, 4: 626, 5: 545, 6: 592, 7: 603, 8: 560, 9: 648}, 4: {0: 579, 1: 706, 2: 598, 3: 652, 4: 580, 5: 547, 6: 641, 7: 616, 8: 507, 9: 574}, 5: {0: 631, 1: 658, 2: 584, 3: 617, 4: 603, 5: 526, 6: 583, 7: 609, 8: 604, 9: 585}, 6: {0: 576, 1: 686, 2: 595, 3: 601, 4: 573, 5: 535, 6: 589, 7: 678, 8: 559, 9: 608}, 7: {0: 614, 1: 663, 2: 624, 3: 600, 4: 587, 5: 528, 6: 574, 7: 610, 8: 636, 9: 564}, 8: {0: 577, 1: 690, 2: 601, 3: 589, 4: 581, 5: 550, 6: 549, 7: 641, 8: 593, 9: 629}, 9: {0: 598, 1: 641, 2: 562, 3: 627, 4: 578, 5: 561, 6: 616, 7: 622, 8: 604, 9: 591}}", "loading time": 64, "local_train_accs": [0.9635, 0.9768333333333333, 0.9723333333333334, 0.9646666666666667, 0.9651666666666666, 0.958, 0.9606666666666667, 0.9721666666666666, 0.9643333333333334, 0.9496666666666667], "local_test_accs": [0.9267, 0.9384, 0.9351, 0.9202, 0.9205, 0.9167, 0.9175, 0.9356, 0.9239, 0.9116], "Uniform ensemble (Train acc)": 0.9633, "Uniform ensemble (Test acc)": 0.9608, "FedAvg (Train acc)": 0.09751666666666667, "FedAvg (Test acc)": 0.0974, "pdm_KL_reg 0": {"Best Result": {"Best Sigma0": 10, "Best sigma": 0.5, "Best gamma": 10, "Best Test accuracy": 0.8861, "Train acc": 0.8864}, "PDM log": "{(10, 0.5, 10): {'shapes': [(784, 700), (700,), (700, 622), (622,), (622, 423), (423,), (423, 274), (274,), (274, 127), (127,), (127, 10), (10,)], 'train_accuracy': 0.8864, 'test_accuracy': 0.8861}}", "timing": 890}, "pdm_KL_reg 0.001": {"Best Result": {"Best Sigma0": 10, "Best sigma": 0.5, "Best gamma": 10, "Best Test accuracy": 0.919, "Train acc": 0.9196}, "PDM log": "{(10, 0.5, 10): {'shapes': [(784, 700), (700,), (700, 612), (612,), (612, 415), (415,), (415, 271), (271,), (271, 127), (127,), (127, 10), (10,)], 'train_accuracy': 0.9196, 'test_accuracy': 0.919}}", "timing": 1283}, "pdm_KL_reg 0.005": {"Best Result": {"Best Sigma0": 10, "Best sigma": 0.5, "Best gamma": 10, "Best Test accuracy": 0.9129, "Train acc": 0.9128666666666667}, "PDM log": "{(10, 0.5, 10): {'shapes': [(784, 700), (700,), (700, 611), (611,), (611, 405), (405,), (405, 262), (262,), (262, 127), (127,), (127, 10), (10,)], 'train_accuracy': 0.9128666666666667, 'test_accuracy': 0.9129}}", "timing": 965}, "pdm_KL_reg 0.01": {"Best Result": {"Best Sigma0": 10, "Best sigma": 0.5, "Best gamma": 10, "Best Test accuracy": 0.946, "Train acc": 0.94855}, "PDM log": "{(10, 0.5, 10): {'shapes': [(784, 700), (700,), (700, 612), (612,), (612, 420), (420,), (420, 269), (269,), (269, 127), (127,), (127, 10), (10,)], 'train_accuracy': 0.94855, 'test_accuracy': 0.946}}", "timing": 1062}, "pdm_KL_reg 0.05": {"Best Result": {"Best Sigma0": 10, "Best sigma": 0.5, "Best gamma": 10, "Best Test accuracy": 0.9285, "Train acc": 0.9317666666666666}, "PDM log": "{(10, 0.5, 10): {'shapes': [(784, 700), (700,), (700, 601), (601,), (601, 404), (404,), (404, 260), (260,), (260, 127), (127,), (127, 10), (10,)], 'train_accuracy': 0.9317666666666666, 'test_accuracy': 0.9285}}", "timing": 1042}, "pdm_KL_reg 0.1": {"Best Result": {"Best Sigma0": 10, "Best sigma": 0.5, "Best gamma": 10, "Best Test accuracy": 0.9386, "Train acc": 0.94215}, "PDM log": "{(10, 0.5, 10): {'shapes': [(784, 700), (700,), (700, 566), (566,), (566, 376), (376,), (376, 251), (251,), (251, 127), (127,), (127, 10), (10,)], 'train_accuracy': 0.94215, 'test_accuracy': 0.9386}}", "timing": 774}, "pdm_KL_reg 0.5": {"Best Result": {"Best Sigma0": 10, "Best sigma": 0.5, "Best gamma": 10, "Best Test accuracy": 0.7631, "Train acc": 0.7570833333333333}, "PDM log": "{(10, 0.5, 10): {'shapes': [(784, 700), (700,), (700, 298), (298,), (298, 226), (226,), (226, 181), (181,), (181, 127), (127,), (127, 10), (10,)], 'train_accuracy': 0.7570833333333333, 'test_accuracy': 0.7631}}", "timing": 733}, "pdm_KL_reg 1": {"Best Result": {"Best Sigma0": 10, "Best sigma": 0.5, "Best gamma": 10, "Best Test accuracy": 0.2171, "Train acc": 0.21371666666666667}, "PDM log": "{(10, 0.5, 10): {'shapes': [(784, 586), (586,), (586, 136), (136,), (136, 136), (136,), (136, 136), (136,), (136, 127), (127,), (127, 10), (10,)], 'train_accuracy': 0.21371666666666667, 'test_accuracy': 0.2171}}", "timing": 454}, "pdm_KL_reg 2": {"Best Result": {"Best Sigma0": 10, "Best sigma": 0.5, "Best gamma": 10, "Best Test accuracy": 0.0974, "Train acc": 0.09751666666666667}, "PDM log": "{(10, 0.5, 10): {'shapes': [(784, 100), (100,), (100, 109), (109,), (109, 109), (109,), (109, 109), (109,), (109, 118), (118,), (118, 10), (10,)], 'train_accuracy': 0.09751666666666667, 'test_accuracy': 0.0974}}", "timing": 144}, "pdm_KL_reg 5": {"Best Result": {"Best Sigma0": 10, "Best sigma": 0.5, "Best gamma": 10, "Best Test accuracy": 0.0974, "Train acc": 0.09751666666666667}, "PDM log": "{(10, 0.5, 10): {'shapes': [(784, 100), (100,), (100, 100), (100,), (100, 100), (100,), (100, 100), (100,), (100, 118), (118,), (118, 10), (10,)], 'train_accuracy': 0.09751666666666667, 'test_accuracy': 0.0974}}", "timing": 162}, "pdm_KL_reg 10": {"Best Result": {"Best Sigma0": 10, "Best sigma": 0.5, "Best gamma": 10, "Best Test accuracy": 0.0974, "Train acc": 0.09751666666666667}, "PDM log": "{(10, 0.5, 10): {'shapes': [(784, 100), (100,), (100, 100), (100,), (100, 100), (100,), (100, 100), (100,), (100, 109), (109,), (109, 10), (10,)], 'train_accuracy': 0.09751666666666667, 'test_accuracy': 0.0974}}", "timing": 110}, "best_reg": 0.01}