{"seed": 1, "Data statistics": "{0: {0: 247, 1: 226, 2: 265, 3: 246, 4: 264, 5: 253, 6: 243, 7: 256, 8: 249, 9: 251}, 1: {0: 263, 1: 266, 2: 250, 3: 228, 4: 266, 5: 245, 6: 258, 7: 233, 8: 232, 9: 259}, 2: {0: 251, 1: 236, 2: 249, 3: 257, 4: 241, 5: 254, 6: 244, 7: 245, 8: 258, 9: 265}, 3: {0: 225, 1: 258, 2: 274, 3: 258, 4: 236, 5: 243, 6: 242, 7: 278, 8: 239, 9: 247}, 4: {0: 251, 1: 260, 2: 254, 3: 264, 4: 242, 5: 238, 6: 256, 7: 244, 8: 257, 9: 234}, 5: {0: 252, 1: 264, 2: 247, 3: 262, 4: 229, 5: 259, 6: 282, 7: 255, 8: 225, 9: 225}, 6: {0: 241, 1: 251, 2: 238, 3: 260, 4: 245, 5: 276, 6: 255, 7: 238, 8: 243, 9: 253}, 7: {0: 243, 1: 250, 2: 276, 3: 220, 4: 242, 5: 237, 6: 274, 7: 263, 8: 237, 9: 258}, 8: {0: 250, 1: 257, 2: 222, 3: 252, 4: 243, 5: 258, 6: 263, 7: 246, 8: 251, 9: 258}, 9: {0: 256, 1: 239, 2: 256, 3: 243, 4: 249, 5: 254, 6: 257, 7: 241, 8: 239, 9: 266}, 10: {0: 255, 1: 239, 2: 254, 3: 255, 4: 271, 5: 252, 6: 225, 7: 240, 8: 251, 9: 258}, 11: {0: 262, 1: 257, 2: 218, 3: 270, 4: 225, 5: 254, 6: 233, 7: 240, 8: 252, 9: 289}, 12: {0: 264, 1: 257, 2: 240, 3: 235, 4: 250, 5: 226, 6: 236, 7: 280, 8: 280, 9: 232}, 13: {0: 227, 1: 265, 2: 252, 3: 255, 4: 256, 5: 256, 6: 256, 7: 219, 8: 277, 9: 237}, 14: {0: 241, 1: 254, 2: 261, 3: 251, 4: 257, 5: 235, 6: 241, 7: 254, 8: 264, 9: 242}, 15: {0: 275, 1: 246, 2: 238, 3: 261, 4: 266, 5: 268, 6: 227, 7: 261, 8: 229, 9: 229}, 16: {0: 253, 1: 231, 2: 257, 3: 243, 4: 230, 5: 258, 6: 243, 7: 258, 8: 263, 9: 264}, 17: {0: 250, 1: 266, 2: 241, 3: 249, 4: 254, 5: 232, 6: 266, 7: 253, 8: 243, 9: 246}, 18: {0: 229, 1: 243, 2: 262, 3: 274, 4: 277, 5: 235, 6: 242, 7: 241, 8: 244, 9: 253}, 19: {0: 265, 1: 235, 2: 246, 3: 217, 4: 257, 5: 267, 6: 257, 7: 255, 8: 267, 9: 234}}", "local_train_accs": [0.3744, 0.4304, 0.4052, 0.4156, 0.412, 0.4144, 0.3984, 0.4476, 0.3904, 0.4216, 0.4412, 0.404, 0.426, 0.3836, 0.3908, 0.4352, 0.4028, 0.448, 0.412, 0.4244], "local_test_accs": [0.3008, 0.3398, 0.3107, 0.3203, 0.3205, 0.3097, 0.3142, 0.3481, 0.326, 0.3388, 0.3397, 0.3191, 0.3405, 0.2958, 0.3152, 0.339, 0.3405, 0.3536, 0.3404, 0.331], "pdm_match": {}, "pdm_KL_match": {}, "pdm_KL2_match": {"Best Result": {"Best Sigma0": 1.0, "Best sigma": 1.0, "Best gamma": 10.0, "Best Test accuracy": 0.3914, "Train acc": 0.39504}, "PDM log": "{(1.0, 1.0, 1.0): {'shapes': [(3072, 347), (347,), (347, 10), (10,)], 'train_accuracy': 0.36292, 'test_accuracy': 0.3663}, (10.0, 1.0, 1.0): {'shapes': [(3072, 119), (119,), (119, 10), (10,)], 'train_accuracy': 0.25056, 'test_accuracy': 0.2507}, (1.0, 0.1, 1.0): {'shapes': [(3072, 700), (700,), (700, 10), (10,)], 'train_accuracy': 0.37868, 'test_accuracy': 0.3755}, (10.0, 0.1, 1.0): {'shapes': [(3072, 172), (172,), (172, 10), (10,)], 'train_accuracy': 0.23648, 'test_accuracy': 0.2305}, (1.0, 0.5, 1.0): {'shapes': [(3072, 700), (700,), (700, 10), (10,)], 'train_accuracy': 0.38816, 'test_accuracy': 0.3865}, (10.0, 0.5, 1.0): {'shapes': [(3072, 100), (100,), (100, 10), (10,)], 'train_accuracy': 0.30248, 'test_accuracy': 0.3}, (1.0, 1.0, 10.0): {'shapes': [(3072, 699), (699,), (699, 10), (10,)], 'train_accuracy': 0.39504, 'test_accuracy': 0.3914}, (10.0, 1.0, 10.0): {'shapes': [(3072, 328), (328,), (328, 10), (10,)], 'train_accuracy': 0.36282, 'test_accuracy': 0.3631}, (1.0, 0.1, 10.0): {'shapes': [(3072, 700), (700,), (700, 10), (10,)], 'train_accuracy': 0.37294, 'test_accuracy': 0.3692}, (10.0, 0.1, 10.0): {'shapes': [(3072, 313), (313,), (313, 10), (10,)], 'train_accuracy': 0.28896, 'test_accuracy': 0.2939}, (1.0, 0.5, 10.0): {'shapes': [(3072, 700), (700,), (700, 10), (10,)], 'train_accuracy': 0.3797, 'test_accuracy': 0.3746}, (10.0, 0.5, 10.0): {'shapes': [(3072, 271), (271,), (271, 10), (10,)], 'train_accuracy': 0.33618, 'test_accuracy': 0.3331}, (1.0, 1.0, 50.0): {'shapes': [(3072, 700), (700,), (700, 10), (10,)], 'train_accuracy': 0.38116, 'test_accuracy': 0.3778}, (10.0, 1.0, 50.0): {'shapes': [(3072, 357), (357,), (357, 10), (10,)], 'train_accuracy': 0.35966, 'test_accuracy': 0.3629}, (1.0, 0.1, 50.0): {'shapes': [(3072, 700), (700,), (700, 10), (10,)], 'train_accuracy': 0.3835, 'test_accuracy': 0.3803}, (10.0, 0.1, 50.0): {'shapes': [(3072, 688), (688,), (688, 10), (10,)], 'train_accuracy': 0.3891, 'test_accuracy': 0.3873}, (1.0, 0.5, 50.0): {'shapes': [(3072, 700), (700,), (700, 10), (10,)], 'train_accuracy': 0.38462, 'test_accuracy': 0.3787}, (10.0, 0.5, 50.0): {'shapes': [(3072, 485), (485,), (485, 10), (10,)], 'train_accuracy': 0.33906, 'test_accuracy': 0.3391}}"}}