{"seed": 5, "Data statistics": "{0: {0: 160, 1: 191, 2: 2146, 3: 460, 5: 1, 6: 98, 7: 491, 8: 455, 9: 624}, 1: {0: 26, 1: 1554, 2: 97, 3: 112, 4: 906, 5: 998, 6: 109, 7: 1910}, 2: {0: 329, 1: 8, 2: 65, 3: 34, 4: 1651, 5: 55, 6: 1842, 7: 465, 8: 2, 9: 15}, 3: {0: 1828, 1: 177, 2: 821, 3: 523, 4: 165, 5: 304, 6: 1230}, 4: {0: 29, 1: 76, 2: 1207, 3: 188, 4: 164, 5: 234, 6: 100, 7: 11, 8: 2266, 9: 1034}, 5: {0: 42, 1: 358, 2: 148, 3: 1909, 4: 121, 5: 105, 6: 985, 7: 503, 8: 466, 9: 2717}, 6: {0: 1553, 1: 12, 2: 282, 3: 1, 4: 1311, 5: 2405}, 7: {0: 795, 1: 736, 2: 8, 3: 7, 4: 150, 5: 523, 6: 216, 7: 1253, 8: 507, 9: 374}, 8: {0: 44, 1: 347, 2: 76, 3: 1581, 4: 14, 5: 360, 6: 22, 7: 103, 8: 1303, 9: 19}, 9: {0: 194, 1: 1541, 2: 150, 3: 185, 4: 518, 5: 15, 6: 398, 7: 264, 8: 1, 9: 217}}", "loading time": 64, "local_train_accs": [0.559662775616083, 0.6024159663865546, 0.6285266457680251, 0.5631933438985737, 0.6730080994537577, 0.46831656241501224, 0.7014737598849748, 0.3806084482381265, 0.6807960713362626, 0.49813379270743613], "local_test_accs": [0.1879, 0.2154, 0.2266, 0.1965, 0.2139, 0.1777, 0.2033, 0.1597, 0.1971, 0.1708], "pdm_KL_reg 0": {"Best Result": {"Best Sigma0": 10, "Best sigma": 1, "Best gamma": 50, "Best Test accuracy": 0.3353, "Train acc": 0.34748}, "PDM log": "{(10, 1, 50): {'shapes': [(3072, 925), (925,), (925, 10), (10,)], 'train_accuracy': 0.34748, 'test_accuracy': 0.3353}}", "timing": 559}, "best_reg": 0, "skip_pdm": {"Best Result": {"Best Sigma0": 10, "Best sigma": 1, "Best gamma": 50, "Best Test accuracy": 0.2383, "Train acc": 0.24244}, "PDM log": "{(10, 1, 50): {'shapes': [(934, 3073), (10, 934)], 'train_accuracy': 0.24244, 'test_accuracy': 0.2383}}", "timing": 521}}