{"seed": 6, "Data statistics": "{0: {0: 2528, 1: 4235, 2: 651, 3: 3428, 4: 229, 5: 400, 6: 1564}, 1: {0: 2950, 1: 2008, 2: 243, 3: 909, 4: 565, 5: 697, 6: 1938, 7: 308, 8: 112, 9: 4687}, 2: {0: 253, 1: 48, 2: 173, 3: 466, 4: 181, 5: 1108, 6: 61, 7: 5342, 8: 300, 9: 1244}, 3: {0: 29, 1: 403, 2: 2196, 3: 180, 4: 88, 5: 1403, 6: 2308, 7: 8, 8: 30, 9: 17}, 4: {0: 163, 1: 48, 2: 2695, 3: 1148, 4: 4779, 5: 1813, 6: 47, 7: 607, 8: 5409, 9: 1}}", "loading time": 15, "local_train_accs": [0.9973149213655543, 0.9899424290767843, 0.9922624237140366, 0.994145902131492, 0.985936564931179], "local_test_accs": [0.6649, 0.894, 0.9087, 0.7446, 0.8027], "pdm_pdm_it 5": {"Best Result": {"Best Sigma0": 3, "Best sigma": 0.9, "Best gamma": 1, "Best Test accuracy": 0.8834, "Train acc": 0.8861166666666667}, "PDM log": "{(3, 0.9, 1): {'shapes': [(784, 375), (375,), (375, 10), (10,)], 'train_accuracy': 0.8861166666666667, 'test_accuracy': 0.8834}}", "timing": 51}, "pdm_pdm_it 10": {"Best Result": {"Best Sigma0": 3, "Best sigma": 0.9, "Best gamma": 1, "Best Test accuracy": 0.8834, "Train acc": 0.8861166666666667}, "PDM log": "{(3, 0.9, 1): {'shapes': [(784, 375), (375,), (375, 10), (10,)], 'train_accuracy': 0.8861166666666667, 'test_accuracy': 0.8834}}", "timing": 71}, "pdm_pdm_it 15": {"Best Result": {"Best Sigma0": 3, "Best sigma": 0.9, "Best gamma": 1, "Best Test accuracy": 0.8834, "Train acc": 0.8861166666666667}, "PDM log": "{(3, 0.9, 1): {'shapes': [(784, 375), (375,), (375, 10), (10,)], 'train_accuracy': 0.8861166666666667, 'test_accuracy': 0.8834}}", "timing": 120}, "pdm_pdm_it 20": {"Best Result": {"Best Sigma0": 3, "Best sigma": 0.9, "Best gamma": 1, "Best Test accuracy": 0.8834, "Train acc": 0.8861166666666667}, "PDM log": "{(3, 0.9, 1): {'shapes': [(784, 375), (375,), (375, 10), (10,)], 'train_accuracy': 0.8861166666666667, 'test_accuracy': 0.8834}}", "timing": 161}}