{"Experiment arguments": "Namespace(alpha=0.5, communication_rounds=None, datadir='data/mnist', dataset='mnist', device=1.0, dropout_p=0.0, epochs=10, experiment=['pdm_KL'], init_seed=0, iter_epochs=5, layers=0, loaddir='saved_weights/mnist/hetero-dir', logdir='eval_pdm_iters/mnist/hetero-dir', lr=0.01, lr_decay=1.0, n=10, n_layers=1, n_nets=5, net_config=[784, 100, 10], num_pool_workers=3, partition='hetero-dir', pdm_gamma=1, pdm_sig=0.9, pdm_sig0=3, reg=1e-06, reg_fac=0.0, trials=10)", "0": {"seed": 0, "Data statistics": "{0: {0: 1337, 1: 1036, 2: 2, 3: 453, 4: 139, 5: 622, 6: 22, 7: 23, 8: 35, 9: 5300}, 1: {0: 1817, 1: 1737, 2: 1394, 3: 3964, 4: 147, 5: 207, 6: 134, 7: 121, 8: 1, 9: 205}, 2: {0: 1707, 1: 4, 2: 278, 3: 335, 4: 389, 5: 3712, 6: 5537, 7: 8, 8: 5782}, 3: {0: 528, 1: 1951, 2: 3014, 3: 473, 4: 2111, 5: 251, 6: 223, 7: 5135}, 4: {0: 534, 1: 2014, 2: 1270, 3: 906, 4: 3056, 5: 629, 6: 2, 7: 978, 8: 33, 9: 444}}", "loading time": 22, "local_train_accs": [0.9977700970007805, 0.9905417908913334, 0.9960567823343849, 0.9847289200642992, 0.9947293736063247], "local_test_accs": [0.7251, 0.8157, 0.711, 0.7559, 0.8323], "pdm_pdm_it 5": {"Best Result": {"Best Sigma0": 3, "Best sigma": 0.9, "Best gamma": 1, "Best Test accuracy": 0.8789, "Train acc": 0.8849333333333333}, "PDM log": "{(3, 0.9, 1): {'shapes': [(784, 391), (391,), (391, 10), (10,)], 'train_accuracy': 0.8849333333333333, 'test_accuracy': 0.8789}}", "timing": 61}, "pdm_pdm_it 10": {"Best Result": {"Best Sigma0": 3, "Best sigma": 0.9, "Best gamma": 1, "Best Test accuracy": 0.8789, "Train acc": 0.8849333333333333}, "PDM log": "{(3, 0.9, 1): {'shapes': [(784, 391), (391,), (391, 10), (10,)], 'train_accuracy': 0.8849333333333333, 'test_accuracy': 0.8789}}", "timing": 99}, "pdm_pdm_it 15": {"Best Result": {"Best Sigma0": 3, "Best sigma": 0.9, "Best gamma": 1, "Best Test accuracy": 0.8789, "Train acc": 0.8849333333333333}, "PDM log": "{(3, 0.9, 1): {'shapes': [(784, 391), (391,), (391, 10), (10,)], 'train_accuracy': 0.8849333333333333, 'test_accuracy': 0.8789}}", "timing": 143}, "pdm_pdm_it 20": {"Best Result": {"Best Sigma0": 3, "Best sigma": 0.9, "Best gamma": 1, "Best Test accuracy": 0.8789, "Train acc": 0.8849333333333333}, "PDM log": "{(3, 0.9, 1): {'shapes': [(784, 391), (391,), (391, 10), (10,)], 'train_accuracy': 0.8849333333333333, 'test_accuracy': 0.8789}}", "timing": 188}}, "1": {"seed": 1, "Data statistics": "{0: {0: 599, 1: 15, 2: 39, 3: 3319, 4: 116, 5: 1094, 6: 62, 7: 862, 8: 856, 9: 5211}, 1: {0: 77, 1: 1909, 2: 442, 3: 1618, 4: 672, 5: 2713, 6: 107, 7: 95, 8: 4731}, 2: {0: 4120, 1: 322, 2: 1601, 3: 508, 4: 4327, 5: 177, 6: 979}, 3: {0: 726, 1: 433, 2: 3602, 3: 282, 4: 31, 5: 1434, 6: 411, 7: 1666, 8: 264, 9: 738}, 4: {0: 401, 1: 4063, 2: 274, 3: 404, 4: 696, 5: 3, 6: 4359, 7: 3642}}", "loading time": 21, "local_train_accs": [0.9884169884169884, 0.9970883209317373, 0.9965098886488283, 0.9864399707937832, 0.9955931223811588], "local_test_accs": [0.8825, 0.8319, 0.6584, 0.8981, 0.6811], "pdm_pdm_it 5": {"Best Result": {"Best Sigma0": 3, "Best sigma": 0.9, "Best gamma": 1, "Best Test accuracy": 0.8466, "Train acc": 0.8525}, "PDM log": "{(3, 0.9, 1): {'shapes': [(784, 376), (376,), (376, 10), (10,)], 'train_accuracy': 0.8525, 'test_accuracy': 0.8466}}", "timing": 57}, "pdm_pdm_it 10": {"Best Result": {"Best Sigma0": 3, "Best sigma": 0.9, "Best gamma": 1, "Best Test accuracy": 0.8466, "Train acc": 0.8524666666666667}, "PDM log": "{(3, 0.9, 1): {'shapes': [(784, 376), (376,), (376, 10), (10,)], 'train_accuracy': 0.8524666666666667, 'test_accuracy': 0.8466}}", "timing": 90}, "pdm_pdm_it 15": {"Best Result": {"Best Sigma0": 3, "Best sigma": 0.9, "Best gamma": 1, "Best Test accuracy": 0.8466, "Train acc": 0.8525}, "PDM log": "{(3, 0.9, 1): {'shapes': [(784, 375), (375,), (375, 10), (10,)], 'train_accuracy': 0.8525, 'test_accuracy': 0.8466}}", "timing": 132}, "pdm_pdm_it 20": {"Best Result": {"Best Sigma0": 3, "Best sigma": 0.9, "Best gamma": 1, "Best Test accuracy": 0.8466, "Train acc": 0.8525}, "PDM log": "{(3, 0.9, 1): {'shapes': [(784, 377), (377,), (377, 10), (10,)], 'train_accuracy': 0.8525, 'test_accuracy': 0.8466}}", "timing": 171}}, "2": {"seed": 2, "Data statistics": "{0: {0: 2169, 1: 3297, 2: 698, 3: 615, 4: 1324, 6: 3, 7: 702, 8: 5419}, 1: {0: 353, 1: 578, 2: 1197, 3: 715, 4: 168, 5: 3592, 6: 5869}, 2: {0: 1951, 1: 69, 2: 1042, 3: 3597, 4: 991, 5: 840, 6: 26, 7: 21, 8: 430, 9: 4646}, 3: {0: 92, 1: 2187, 2: 473, 3: 327, 4: 3018, 5: 805, 6: 14, 7: 5515}, 4: {0: 1358, 1: 611, 2: 2548, 3: 877, 4: 341, 5: 184, 6: 6, 7: 27, 8: 2, 9: 1303}}", "loading time": 17, "local_train_accs": [0.9970478667322696, 0.9965522771007056, 0.9824432527730845, 0.9974257903628027, 0.9936612925451288], "local_test_accs": [0.6937, 0.6673, 0.8534, 0.734, 0.772], "pdm_pdm_it 5": {"Best Result": {"Best Sigma0": 3, "Best sigma": 0.9, "Best gamma": 1, "Best Test accuracy": 0.8167, "Train acc": 0.8171}, "PDM log": "{(3, 0.9, 1): {'shapes': [(784, 382), (382,), (382, 10), (10,)], 'train_accuracy': 0.8171, 'test_accuracy': 0.8167}}", "timing": 57}, "pdm_pdm_it 10": {"Best Result": {"Best Sigma0": 3, "Best sigma": 0.9, "Best gamma": 1, "Best Test accuracy": 0.8167, "Train acc": 0.8171}, "PDM log": "{(3, 0.9, 1): {'shapes': [(784, 382), (382,), (382, 10), (10,)], 'train_accuracy': 0.8171, 'test_accuracy': 0.8167}}", "timing": 96}, "pdm_pdm_it 15": {"Best Result": {"Best Sigma0": 3, "Best sigma": 0.9, "Best gamma": 1, "Best Test accuracy": 0.8167, "Train acc": 0.8171}, "PDM log": "{(3, 0.9, 1): {'shapes': [(784, 383), (383,), (383, 10), (10,)], 'train_accuracy': 0.8171, 'test_accuracy': 0.8167}}", "timing": 135}, "pdm_pdm_it 20": {"Best Result": {"Best Sigma0": 3, "Best sigma": 0.9, "Best gamma": 1, "Best Test accuracy": 0.8167, "Train acc": 0.8171}, "PDM log": "{(3, 0.9, 1): {'shapes': [(784, 382), (382,), (382, 10), (10,)], 'train_accuracy': 0.8171, 'test_accuracy': 0.8167}}", "timing": 179}}, "3": {"seed": 3, "Data statistics": "{0: {0: 3269, 1: 1307, 2: 42, 3: 3343, 4: 3999, 5: 301}, 1: {0: 346, 1: 2442, 2: 1985, 3: 1535, 4: 1005, 5: 4594, 6: 1047}, 2: {0: 35, 1: 483, 2: 56, 3: 227, 4: 65, 5: 9, 6: 140, 7: 2046, 8: 466, 9: 3129}, 3: {0: 405, 1: 1098, 2: 711, 3: 135, 4: 601, 5: 247, 6: 2817, 7: 3755, 8: 103, 9: 2820}, 4: {0: 1868, 1: 1412, 2: 3164, 3: 891, 4: 172, 5: 270, 6: 1914, 7: 464, 8: 5282}}", "loading time": 14, "local_train_accs": [0.9982056928472393, 0.9942102825382121, 0.9978966346153846, 0.9923573904821935, 0.9931981602643001], "local_test_accs": [0.5554, 0.6801, 0.8094, 0.9095, 0.8505], "pdm_pdm_it 5": {"Best Result": {"Best Sigma0": 3, "Best sigma": 0.9, "Best gamma": 1, "Best Test accuracy": 0.8438, "Train acc": 0.8497166666666667}, "PDM log": "{(3, 0.9, 1): {'shapes': [(784, 382), (382,), (382, 10), (10,)], 'train_accuracy': 0.8497166666666667, 'test_accuracy': 0.8438}}", "timing": 44}, "pdm_pdm_it 10": {"Best Result": {"Best Sigma0": 3, "Best sigma": 0.9, "Best gamma": 1, "Best Test accuracy": 0.8438, "Train acc": 0.8497166666666667}, "PDM log": "{(3, 0.9, 1): {'shapes': [(784, 383), (383,), (383, 10), (10,)], 'train_accuracy': 0.8497166666666667, 'test_accuracy': 0.8438}}", "timing": 83}, "pdm_pdm_it 15": {"Best Result": {"Best Sigma0": 3, "Best sigma": 0.9, "Best gamma": 1, "Best Test accuracy": 0.8438, "Train acc": 0.8497166666666667}, "PDM log": "{(3, 0.9, 1): {'shapes': [(784, 383), (383,), (383, 10), (10,)], 'train_accuracy': 0.8497166666666667, 'test_accuracy': 0.8438}}", "timing": 119}, "pdm_pdm_it 20": {"Best Result": {"Best Sigma0": 3, "Best sigma": 0.9, "Best gamma": 1, "Best Test accuracy": 0.8438, "Train acc": 0.8497166666666667}, "PDM log": "{(3, 0.9, 1): {'shapes': [(784, 383), (383,), (383, 10), (10,)], 'train_accuracy': 0.8497166666666667, 'test_accuracy': 0.8438}}", "timing": 172}}, "4": {"seed": 4,