{"seed": 2, "Data statistics": "{0: {0: 2169, 1: 3297, 2: 698, 3: 615, 4: 1324, 6: 3, 7: 702, 8: 5419}, 1: {0: 353, 1: 578, 2: 1197, 3: 715, 4: 168, 5: 3592, 6: 5869}, 2: {0: 1951, 1: 69, 2: 1042, 3: 3597, 4: 991, 5: 840, 6: 26, 7: 21, 8: 430, 9: 4646}, 3: {0: 92, 1: 2187, 2: 473, 3: 327, 4: 3018, 5: 805, 6: 14, 7: 5515}, 4: {0: 1358, 1: 611, 2: 2548, 3: 877, 4: 341, 5: 184, 6: 6, 7: 27, 8: 2, 9: 1303}}", "loading time": 17, "local_train_accs": [0.9970478667322696, 0.9965522771007056, 0.9824432527730845, 0.9974257903628027, 0.9936612925451288], "local_test_accs": [0.6937, 0.6673, 0.8534, 0.734, 0.772], "pdm_pdm_it 5": {"Best Result": {"Best Sigma0": 3, "Best sigma": 0.9, "Best gamma": 1, "Best Test accuracy": 0.8167, "Train acc": 0.8171}, "PDM log": "{(3, 0.9, 1): {'shapes': [(784, 382), (382,), (382, 10), (10,)], 'train_accuracy': 0.8171, 'test_accuracy': 0.8167}}", "timing": 57}, "pdm_pdm_it 10": {"Best Result": {"Best Sigma0": 3, "Best sigma": 0.9, "Best gamma": 1, "Best Test accuracy": 0.8167, "Train acc": 0.8171}, "PDM log": "{(3, 0.9, 1): {'shapes': [(784, 382), (382,), (382, 10), (10,)], 'train_accuracy': 0.8171, 'test_accuracy': 0.8167}}", "timing": 96}, "pdm_pdm_it 15": {"Best Result": {"Best Sigma0": 3, "Best sigma": 0.9, "Best gamma": 1, "Best Test accuracy": 0.8167, "Train acc": 0.8171}, "PDM log": "{(3, 0.9, 1): {'shapes': [(784, 383), (383,), (383, 10), (10,)], 'train_accuracy': 0.8171, 'test_accuracy': 0.8167}}", "timing": 135}, "pdm_pdm_it 20": {"Best Result": {"Best Sigma0": 3, "Best sigma": 0.9, "Best gamma": 1, "Best Test accuracy": 0.8167, "Train acc": 0.8171}, "PDM log": "{(3, 0.9, 1): {'shapes': [(784, 382), (382,), (382, 10), (10,)], 'train_accuracy': 0.8171, 'test_accuracy': 0.8167}}", "timing": 179}}