{"seed": 2, "Data statistics": "{0: {0: 20, 1: 166, 2: 805, 3: 1865, 4: 1297, 5: 1014}, 1: {0: 318, 1: 1068, 2: 10, 3: 177, 4: 73, 5: 25, 6: 630, 7: 719, 8: 206, 9: 1249}, 2: {0: 527, 1: 20, 2: 32, 3: 198, 4: 71, 5: 33, 6: 27, 7: 626, 8: 383, 9: 244}, 3: {0: 271, 1: 1707, 2: 2, 3: 229, 4: 526, 5: 372, 6: 24, 7: 175, 8: 413, 9: 1788}, 4: {0: 930, 1: 357, 2: 340, 3: 268, 4: 2215, 5: 2429}, 5: {0: 226, 1: 83, 2: 2028, 3: 461, 4: 131, 5: 293, 6: 10, 7: 3134}, 6: {0: 39, 1: 1568, 2: 691, 3: 1584, 4: 370, 5: 669, 6: 1506}, 7: {0: 1548, 1: 6, 2: 397, 3: 188, 4: 35, 5: 155, 6: 806, 7: 179, 8: 2216}, 8: {0: 1107, 1: 22, 2: 294, 3: 17, 4: 264, 6: 1214, 7: 8, 8: 749, 9: 929}, 9: {0: 14, 1: 3, 2: 401, 3: 13, 4: 18, 5: 10, 6: 783, 7: 159, 8: 1033, 9: 790}}", "loading time": 155, "local_train_accs": [0.46642152119218117, 0.52, 0.5377140212864414, 0.36281096785908845, 0.6078911148493653, 0.5884385799560163, 0.5131476583164774, 0.6088607594936709, 0.5599478714161599, 0.6550868486352357], "local_test_accs": [0.192, 0.2489, 0.2107, 0.1394, 0.2173, 0.1463, 0.2268, 0.2219, 0.2428, 0.2432], "Uniform ensemble (Train acc)": 0.36588, "Uniform ensemble (Test acc)": 0.3601, "FedAvg (Train acc)": 0.1, "FedAvg (Test acc)": 0.1, "pdm_KL_reg 0": {"Best Result": {"Best Sigma0": 0.5, "Best sigma": 1, "Best gamma": 10, "Best Test accuracy": 0.1081, "Train acc": 0.10826}, "PDM log": "{(0.5, 1, 10): {'shapes': [(3072, 273), (273,), (273, 109), (109,), (109, 10), (10,)], 'train_accuracy': 0.10826, 'test_accuracy': 0.1081}}", "timing": 581}, "pdm_KL_reg 0.001": {"Best Result": {"Best Sigma0": 0.5, "Best sigma": 1, "Best gamma": 10, "Best Test accuracy": 0.0992, "Train acc": 0.09678}, "PDM log": "{(0.5, 1, 10): {'shapes': [(3072, 267), (267,), (267, 110), (110,), (110, 10), (10,)], 'train_accuracy': 0.09678, 'test_accuracy': 0.0992}}", "timing": 997}, "pdm_KL_reg 0.005": {"Best Result": {"Best Sigma0": 0.5, "Best sigma": 1, "Best gamma": 10, "Best Test accuracy": 0.1036, "Train acc": 0.1017}, "PDM log": "{(0.5, 1, 10): {'shapes': [(3072, 274), (274,), (274, 113), (113,), (113, 10), (10,)], 'train_accuracy': 0.1017, 'test_accuracy': 0.1036}}", "timing": 1033}, "pdm_KL_reg 0.01": {"Best Result": {"Best Sigma0": 0.5, "Best sigma": 1, "Best gamma": 10, "Best Test accuracy": 0.1178, "Train acc": 0.11624}, "PDM log": "{(0.5, 1, 10): {'shapes': [(3072, 273), (273,), (273, 113), (113,), (113, 10), (10,)], 'train_accuracy': 0.11624, 'test_accuracy': 0.1178}}", "timing": 992}, "pdm_KL_reg 0.05": {"Best Result": {"Best Sigma0": 0.5, "Best sigma": 1, "Best gamma": 10, "Best Test accuracy": 0.1182, "Train acc": 0.11306}, "PDM log": "{(0.5, 1, 10): {'shapes': [(3072, 276), (276,), (276, 114), (114,), (114, 10), (10,)], 'train_accuracy': 0.11306, 'test_accuracy': 0.1182}}", "timing": 708}, "pdm_KL_reg 0.1": {"Best Result": {"Best Sigma0": 0.5, "Best sigma": 1, "Best gamma": 10, "Best Test accuracy": 0.1185, "Train acc": 0.11414}, "PDM log": "{(0.5, 1, 10): {'shapes': [(3072, 279), (279,), (279, 115), (115,), (115, 10), (10,)], 'train_accuracy': 0.11414, 'test_accuracy': 0.1185}}", "timing": 683}, "pdm_KL_reg 0.5": {"Best Result": {"Best Sigma0": 0.5, "Best sigma": 1, "Best gamma": 10, "Best Test accuracy": 0.1011, "Train acc": 0.10148}, "PDM log": "{(0.5, 1, 10): {'shapes': [(3072, 342), (342,), (342, 115), (115,), (115, 10), (10,)], 'train_accuracy': 0.10148, 'test_accuracy': 0.1011}}", "timing": 893}, "pdm_KL_reg 1": {"Best Result": {"Best Sigma0": 0.5, "Best sigma": 1, "Best gamma": 10, "Best Test accuracy": 0.1137, "Train acc": 0.11576}, "PDM log": "{(0.5, 1, 10): {'shapes': [(3072, 575), (575,), (575, 117), (117,), (117, 10), (10,)], 'train_accuracy': 0.11576, 'test_accuracy': 0.1137}}", "timing": 1551}, "pdm_KL_reg 2": {"Best Result": {"Best Sigma0": 0.5, "Best sigma": 1, "Best gamma": 10, "Best Test accuracy": 0.1133, "Train acc": 0.11206}, "PDM log": "{(0.5, 1, 10): {'shapes': [(3072, 698), (698,), (698, 127), (127,), (127, 10), (10,)], 'train_accuracy': 0.11206, 'test_accuracy': 0.1133}}", "timing": 1731}, "pdm_KL_reg 5": {"Best Result": {"Best Sigma0": 0.5, "Best sigma": 1, "Best gamma": 10, "Best Test accuracy": 0.1, "Train acc": 0.1}, "PDM log": "{(0.5, 1, 10): {'shapes': [(3072, 692), (692,), (692, 127), (127,), (127, 10), (10,)], 'train_accuracy': 0.1, 'test_accuracy': 0.1}}", "timing": 1814}, "pdm_KL_reg 10": {"Best Result": {"Best Sigma0": 0.5, "Best sigma": 1, "Best gamma": 10, "Best Test accuracy": 0.1, "Train acc": 0.1}, "PDM log": "{(0.5, 1, 10): {'shapes': [(3072, 700), (700,), (700, 127), (127,), (127, 10), (10,)], 'train_accuracy': 0.1, 'test_accuracy': 0.1}}", "timing": 1977}, "best_reg": 0.1}