{"seed": 8, "Data statistics": "{0: {0: 216, 1: 853, 2: 765, 3: 35, 4: 207}, 1: {0: 169, 1: 49, 2: 272, 3: 277, 4: 93, 5: 15, 6: 80, 7: 53, 8: 32, 9: 1152}, 2: {0: 132, 1: 54, 2: 42, 3: 62, 5: 32, 6: 111, 7: 40, 8: 877}, 3: {0: 163, 1: 77, 2: 1, 3: 1150, 4: 84, 5: 90, 6: 376, 7: 288}, 4: {0: 72, 1: 242, 2: 983, 3: 4, 4: 32, 5: 41, 7: 1658}, 5: {0: 206, 1: 478, 2: 35, 3: 259, 4: 108, 5: 46, 6: 141, 7: 31, 8: 292, 9: 254}, 6: {0: 953, 1: 341, 3: 411, 4: 297}, 7: {0: 29, 1: 18, 2: 16, 3: 81, 4: 57, 5: 377, 6: 267, 8: 553, 9: 896}, 8: {0: 177, 1: 409, 2: 29, 3: 168, 4: 118, 5: 8, 6: 39, 7: 13, 8: 5, 9: 47}, 9: {0: 56, 1: 205, 2: 41, 3: 43, 4: 111, 5: 4, 6: 44, 7: 153, 8: 9, 9: 856}, 10: {0: 68, 2: 162, 3: 83, 4: 447, 5: 3, 6: 281, 9: 116}, 11: {0: 303, 1: 1, 2: 613, 3: 418, 4: 63, 5: 84, 6: 19, 7: 16, 9: 15}, 12: {0: 54, 1: 498, 2: 442, 3: 81, 4: 166, 5: 93, 6: 979}, 13: {0: 486, 1: 258, 2: 13, 3: 4, 4: 912, 5: 1751}, 14: {0: 295, 1: 53, 3: 125, 4: 111, 5: 2, 6: 244, 7: 133, 8: 579, 9: 10}, 15: {0: 180, 1: 140, 2: 1, 3: 496, 4: 416, 5: 36, 6: 12, 7: 939}, 16: {0: 15, 1: 37, 2: 74, 3: 29, 4: 33, 5: 534, 6: 702, 7: 54, 8: 542}, 17: {0: 531, 1: 480, 3: 433, 4: 183, 5: 1380}, 18: {0: 2, 1: 194, 2: 166, 3: 256, 4: 2, 5: 2, 6: 84, 7: 429, 8: 98, 9: 1}, 19: {0: 694, 1: 109, 2: 683, 3: 164, 4: 69, 5: 47, 6: 1658}, 20: {0: 15, 1: 777, 2: 5, 3: 510, 4: 82, 6: 22, 7: 53, 9: 2}, 21: {0: 91, 1: 54, 2: 156, 3: 4, 4: 488, 5: 107, 6: 65, 7: 842, 8: 3, 9: 3}, 22: {0: 157, 1: 267, 2: 512, 3: 587, 4: 162, 5: 388}, 23: {0: 34, 1: 437, 2: 77, 3: 11, 4: 10, 5: 48, 6: 9, 7: 2, 8: 541, 9: 508}, 24: {0: 36, 2: 242, 3: 8, 4: 406, 5: 48, 6: 22, 7: 9, 8: 312, 9: 6}, 25: {0: 547, 1: 296, 2: 335, 4: 391, 5: 129, 6: 569}, 26: {0: 6, 1: 2, 2: 159, 3: 314, 4: 84, 5: 1, 6: 20, 7: 1019, 8: 749}, 27: {0: 160, 1: 7, 2: 23, 3: 12, 4: 70, 5: 90, 6: 39, 7: 279, 8: 1045, 9: 1967}, 28: {0: 74, 1: 159, 2: 15, 3: 71, 4: 639, 5: 2, 6: 39, 7: 25, 8: 192, 9: 22}, 29: {0: 2, 1: 247, 2: 96, 3: 35, 4: 1, 5: 63, 6: 96, 7: 229, 8: 22, 9: 94}}", "loading time": 65, "local_train_accs": [1.0, 1.0, 0.9992592592592593, 0.9995513683266039, 1.0, 1.0, 0.9735264735264735, 0.9986922406277245, 1.0, 1.0, 1.0, 1.0, 0.9961089494163424, 1.0, 1.0, 1.0, 1.0, 1.0, 1.0, 0.9932827102803738, 1.0, 1.0, 1.0, 1.0, 1.0, 1.0, 0.9995751911639762, 0.997020585048754, 0.9935379644588045, 1.0], "local_test_accs": [0.4888, 0.8525, 0.6996, 0.6597, 0.5752, 0.8635, 0.3896, 0.7793, 0.7596, 0.7802, 0.5607, 0.6574, 0.6417, 0.4562, 0.7113, 0.64, 0.7656, 0.4898, 0.621, 0.6169, 0.5854, 0.6869, 0.5846, 0.6959, 0.6263, 0.578, 0.6578, 0.7832, 0.7327, 0.7036], "Uniform ensemble (Train acc)": 0.8742833333333333, "Uniform ensemble (Test acc)": 0.872, "FedAvg (Train acc)": 0.12091666666666667, "FedAvg (Test acc)": 0.1241, "pdm_KL_reg 0": {"Best Result": {"Best Sigma0": 3, "Best sigma": 0.9, "Best gamma": 1, "Best Test accuracy": 0.7943, "Train acc": 0.7937666666666666}, "PDM log": "{(3, 0.9, 1): {'shapes': [(784, 700), (700,), (700, 10), (10,)], 'train_accuracy': 0.7937666666666666, 'test_accuracy': 0.7943}}", "timing": 536}, "pdm_KL_reg 0.001": {"Best Result": {"Best Sigma0": 3, "Best sigma": 0.9, "Best gamma": 1, "Best Test accuracy": 0.8057, "Train acc": 0.8085333333333333}, "PDM log": "{(3, 0.9, 1): {'shapes': [(784, 700), (700,), (700, 10), (10,)], 'train_accuracy': 0.8085333333333333, 'test_accuracy': 0.8057}}", "timing": 1041}, "pdm_KL_reg 0.005": {"Best Result": {"Best Sigma0": 3, "Best sigma": 0.9, "Best gamma": 1, "Best Test accuracy": 0.7971, "Train acc": 0.7978166666666666}, "PDM log": "{(3, 0.9, 1): {'shapes': [(784, 700), (700,), (700, 10), (10,)], 'train_accuracy': 0.7978166666666666, 'test_accuracy': 0.7971}}", "timing": 1055}, "pdm_KL_reg 0.01": {"Best Result": {"Best Sigma0": 3, "Best sigma": 0.9, "Best gamma": 1, "Best Test accuracy": 0.8004, "Train acc": 0.8026333333333333}, "PDM log": "{(3, 0.9, 1): {'shapes': [(784, 700), (700,), (700, 10), (10,)], 'train_accuracy': 0.8026333333333333, 'test_accuracy': 0.8004}}", "timing": 1024}, "pdm_KL_reg 0.05": {"Best Result": {"Best Sigma0": 3, "Best sigma": 0.9, "Best gamma": 1, "Best Test accuracy": 0.7966, "Train acc": 0.7972666666666667}, "PDM log": "{(3, 0.9, 1): {'shapes': [(784, 700), (700,), (700, 10), (10,)], 'train_accuracy': 0.7972666666666667, 'test_accuracy': 0.7966}}", "timing": 852}, "pdm_KL_reg 0.1": {"Best Result": {"Best Sigma0": 3, "Best sigma": 0.9, "Best gamma": 1, "Best Test accuracy": 0.7965, "Train acc": 0.7986666666666666}, "PDM log": "{(3, 0.9, 1): {'shapes': [(784, 691), (691,), (691, 10), (10,)], 'train_accuracy': 0.7986666666666666, 'test_accuracy': 0.7965}}", "timing": 419}, "pdm_KL_reg 0.5": {"Best Result": {"Best Sigma0": 3, "Best sigma": 0.9, "Best gamma": 1, "Best Test accuracy": 0.8113, "Train acc": 0.8138166666666666}, "PDM log": "{(3, 0.9, 1): {'shapes': [(784, 415), (415,), (415, 10), (10,)], 'train_accuracy': 0.8138166666666666, 'test_accuracy': 0.8113}}", "timing": 240}, "pdm_KL_reg 1": {"Best Result": {"Best Sigma0": 3, "Best sigma": 0.9, "Best gamma": 1, "Best Test accuracy": 0.8109, "Train acc": 0.80815}, "PDM log": "{(3, 0.9, 1): {'shapes': [(784, 137), (137,), (137, 10), (10,)], 'train_accuracy': 0.80815, 'test_accuracy': 0.8109}}", "timing": 76}, "pdm_KL_reg 2": {"Best Result": {"Best Sigma0": 3, "Best sigma": 0.9, "Best gamma": 1, "Best Test accuracy": 0.7157, "Train acc": 0.7150166666666666}, "PDM log": "{(3, 0.9, 1): {'shapes': [(784, 107), (107,), (107, 10), (10,)], 'train_accuracy': 0.7150166666666666, 'test_accuracy': 0.7157}}", "timing": 72}, "pdm_KL_reg 5": {"Best Result": {"Best Sigma0": 3, "Best sigma": 0.9, "Best gamma": 1, "Best Test accuracy": 0.0892, "Train acc": 0.09035}, "PDM log": "{(3, 0.9, 1): {'shapes': [(784, 100), (100,), (100, 10), (10,)], 'train_accuracy': 0.09035, 'test_accuracy': 0.0892}}", "timing": 49}, "pdm_KL_reg 10": {"Best Result": {"Best Sigma0": 3, "Best sigma": 0.9, "Best gamma": 1, "Best Test accuracy": 0.0892, "Train acc": 0.09035}, "PDM log": "{(3, 0.9, 1): {'shapes': [(784, 100), (100,), (100, 10), (10,)], 'train_accuracy': 0.09035, 'test_accuracy': 0.0892}}", "timing": 48}, "best_reg": 0.5}