{"seed": 0, "Data statistics": "{0: {0: 133, 1: 31, 2: 2, 3: 366, 4: 344, 5: 27, 6: 18, 7: 38, 8: 14, 9: 832}, 1: {0: 181, 1: 9, 3: 109, 4: 425, 5: 158, 6: 151, 7: 371, 8: 333, 9: 270}, 2: {0: 170, 1: 2, 2: 27, 3: 219, 4: 1082, 5: 18, 6: 36, 7: 246, 8: 425}, 3: {0: 52, 1: 2, 2: 1, 3: 277, 4: 38, 5: 91, 6: 274, 7: 67, 8: 27}, 4: {0: 54, 1: 7, 2: 75, 3: 944, 4: 130, 5: 147, 6: 660}, 5: {0: 22, 1: 25, 2: 70, 3: 319, 4: 270, 5: 106, 6: 18, 7: 102, 8: 207, 9: 14}, 6: {0: 316, 1: 20, 3: 227, 4: 6, 5: 271, 6: 214, 7: 233, 8: 123, 9: 678}, 7: {0: 123, 1: 906, 2: 77, 3: 52, 4: 226, 5: 8, 6: 55, 7: 151, 8: 52, 9: 1284}, 8: {0: 51, 1: 306, 2: 108, 3: 242, 4: 51, 5: 45, 6: 904, 7: 1, 8: 504}, 9: {0: 206, 1: 35, 2: 636, 3: 120, 4: 82, 5: 1, 6: 40, 7: 24, 8: 79, 9: 232}, 10: {0: 739, 1: 624, 2: 55, 3: 198, 4: 10, 5: 707}, 11: {0: 5, 1: 230, 2: 357, 3: 21, 4: 33, 5: 208, 6: 970, 7: 104, 8: 846}, 12: {0: 64, 1: 48, 2: 794, 3: 304, 4: 1, 5: 572, 6: 111, 7: 4, 8: 83, 9: 38}, 13: {0: 1, 1: 343, 2: 132, 3: 37, 4: 268, 5: 92, 6: 2, 7: 129, 8: 454, 9: 19}, 14: {0: 1, 1: 108, 2: 18, 3: 594, 4: 191, 5: 211, 6: 336, 7: 238, 8: 86, 9: 8}, 15: {0: 31, 1: 293, 2: 250, 3: 157, 4: 99, 5: 17, 6: 4, 7: 2, 8: 20, 9: 428}, 16: {0: 122, 1: 210, 2: 96, 3: 349, 4: 2, 5: 48, 6: 78, 7: 35, 8: 674, 9: 43}, 17: {0: 90, 1: 73, 2: 596, 3: 350, 4: 125, 5: 4, 6: 49, 7: 753}, 18: {1: 258, 2: 518, 3: 26, 4: 306, 5: 7, 6: 9, 7: 1448}, 19: {0: 4, 1: 679, 2: 468, 3: 134, 4: 16, 5: 10, 6: 1077}, 20: {0: 520, 1: 100, 2: 155, 3: 82, 4: 77, 5: 59, 6: 16, 7: 14, 8: 261, 9: 805}, 21: {1: 580, 2: 319, 3: 224, 4: 324, 5: 145, 6: 1, 7: 112, 8: 322}, 22: {0: 8, 1: 28, 2: 1, 3: 2, 4: 636, 5: 146, 6: 460, 7: 297, 8: 242, 9: 634}, 23: {0: 988, 1: 693, 2: 78, 3: 19, 4: 32, 5: 7, 6: 237}, 24: {0: 198, 1: 7, 2: 161, 3: 35, 4: 187, 5: 133, 6: 31, 7: 12, 8: 92, 9: 98}, 25: {0: 47, 1: 1, 2: 610, 3: 6, 4: 349, 5: 82, 6: 107, 7: 1626}, 26: {0: 638, 1: 53, 2: 4, 3: 23, 4: 57, 5: 32, 6: 45, 7: 177, 8: 270, 9: 566}, 27: {0: 5, 1: 11, 2: 244, 3: 14, 4: 260, 5: 1525}, 28: {0: 1132, 1: 736, 2: 64, 3: 591}, 29: {0: 22, 1: 324, 2: 42, 3: 90, 4: 215, 5: 544, 6: 15, 7: 81, 8: 737}}", "loading time": 87, "local_train_accs": [1.0, 1.0, 1.0, 1.0, 1.0, 1.0, 1.0, 0.9996591683708248, 0.9859855334538878, 1.0, 1.0, 0.9992790194664743, 1.0, 0.999322951929587, 0.9905080960357342, 1.0, 1.0, 1.0, 1.0, 1.0, 1.0, 1.0, 0.9987775061124694, 1.0, 1.0, 1.0, 1.0, 1.0, 0.996829171621086, 1.0], "local_test_accs": [0.751, 0.8081, 0.7082, 0.6588, 0.6243, 0.8205, 0.7593, 0.8361, 0.7177, 0.8023, 0.5382, 0.7472, 0.7567, 0.6966, 0.7028, 0.6981, 0.8044, 0.6899, 0.5771, 0.5408, 0.8534, 0.6703, 0.7389, 0.5898, 0.8584, 0.6056, 0.7689, 0.4535, 0.3769, 0.7897], "Uniform ensemble (Train acc)": 0.9255333333333333, "Uniform ensemble (Test acc)": 0.922, "FedAvg (Train acc)": 0.10253333333333334, "FedAvg (Test acc)": 0.1005, "pdm_KL_reg 0": {"Best Result": {"Best Sigma0": 3, "Best sigma": 0.9, "Best gamma": 1, "Best Test accuracy": 0.8816, "Train acc": 0.88175}, "PDM log": "{(3, 0.9, 1): {'shapes': [(784, 699), (699,), (699, 10), (10,)], 'train_accuracy': 0.88175, 'test_accuracy': 0.8816}}", "timing": 1586}, "pdm_KL_reg 0.001": {"Best Result": {"Best Sigma0": 3, "Best sigma": 0.9, "Best gamma": 1, "Best Test accuracy": 0.8805, "Train acc": 0.88}, "PDM log": "{(3, 0.9, 1): {'shapes': [(784, 700), (700,), (700, 10), (10,)], 'train_accuracy': 0.88, 'test_accuracy': 0.8805}}", "timing": 3154}, "pdm_KL_reg 0.005": {"Best Result": {"Best Sigma0": 3, "Best sigma": 0.9, "Best gamma": 1, "Best Test accuracy": 0.8786, "Train acc": 0.87765}, "PDM log": "{(3, 0.9, 1): {'shapes': [(784, 700), (700,), (700, 10), (10,)], 'train_accuracy': 0.87765, 'test_accuracy': 0.8786}}", "timing": 2976}, "pdm_KL_reg 0.01": {"Best Result": {"Best Sigma0": 3, "Best sigma": 0.9, "Best gamma": 1, "Best Test accuracy": 0.8785, "Train acc": 0.8774666666666666}, "PDM log": "{(3, 0.9, 1): {'shapes': [(784, 701), (701,), (701, 10), (10,)], 'train_accuracy': 0.8774666666666666, 'test_accuracy': 0.8785}}", "timing": 2990}, "pdm_KL_reg 0.05": {"Best Result": {"Best Sigma0": 3, "Best sigma": 0.9, "Best gamma": 1, "Best Test accuracy": 0.8771, "Train acc": 0.8797333333333334}, "PDM log": "{(3, 0.9, 1): {'shapes': [(784, 700), (700,), (700, 10), (10,)], 'train_accuracy': 0.8797333333333334, 'test_accuracy': 0.8771}}", "timing": 2855}, "pdm_KL_reg 0.1": {"Best Result": {"Best Sigma0": 3, "Best sigma": 0.9, "Best gamma": 1, "Best Test accuracy": 0.8799, "Train acc": 0.8778333333333334}, "PDM log": "{(3, 0.9, 1): {'shapes': [(784, 700), (700,), (700, 10), (10,)], 'train_accuracy': 0.8778333333333334, 'test_accuracy': 0.8799}}", "timing": 2219}, "pdm_KL_reg 0.5": {"Best Result": {"Best Sigma0": 3, "Best sigma": 0.9, "Best gamma": 1, "Best Test accuracy": 0.886, "Train acc": 0.8819833333333333}, "PDM log": "{(3, 0.9, 1): {'shapes': [(784, 392), (392,), (392, 10), (10,)], 'train_accuracy': 0.8819833333333333, 'test_accuracy': 0.886}}", "timing": 1439}, "pdm_KL_reg 1": {"Best Result": {"Best Sigma0": 3, "Best sigma": 0.9, "Best gamma": 1, "Best Test accuracy": 0.8082, "Train acc": 0.8060666666666667}, "PDM log": "{(3, 0.9, 1): {'shapes': [(784, 144), (144,), (144, 10), (10,)], 'train_accuracy': 0.8060666666666667, 'test_accuracy': 0.8082}}", "timing": 499}, "pdm_KL_reg 2": {"Best Result": {"Best Sigma0": 3, "Best sigma": 0.9, "Best gamma": 1, "Best Test accuracy": 0.7561, "Train acc": 0.75435}, "PDM log": "{(3, 0.9, 1): {'shapes': [(784, 109), (109,), (109, 10), (10,)], 'train_accuracy': 0.75435, 'test_accuracy': 0.7561}}", "timing": 631}, "pdm_KL_reg 5": {"Best Result": {"Best Sigma0": 3, "Best sigma": 0.9, "Best gamma": 1, "Best Test accuracy": 0.0892, "Train acc": 0.09035}, "PDM log": "{(3, 0.9, 1): {'shapes': [(784, 100), (100,), (100, 10), (10,)], 'train_accuracy': 0.09035, 'test_accuracy': 0.0892}}", "timing": 426}, "pdm_KL_reg 10": {"Best Result": {"Best Sigma0": 3, "Best sigma": 0.9, "Best gamma": 1, "Best Test accuracy": 0.0892, "Train acc": 0.09035}, "PDM log": "{(3, 0.9, 1): {'shapes': [(784, 100), (100,), (100, 10), (10,)], 'train_accuracy': 0.09035, 'test_accuracy': 0.0892}}", "timing": 419}, "best_reg": 0.5}