{"seed": 1, "Data statistics": "{0: {0: 248, 1: 83, 2: 207, 3: 99, 4: 776, 5: 380, 6: 206, 7: 350, 8: 326, 9: 117}, 1: {0: 32, 1: 787, 2: 107, 3: 76, 4: 860, 5: 388, 6: 1125, 7: 1, 8: 586, 9: 2654}, 2: {0: 1711, 1: 1222, 2: 2657, 3: 143, 4: 349}, 3: {0: 301, 1: 336, 2: 1374, 3: 1805, 4: 2026, 5: 2536}, 4: {0: 166, 1: 315, 2: 274, 3: 12, 4: 47, 5: 38, 6: 723, 7: 175, 8: 48, 9: 2474}, 5: {0: 2902, 1: 187, 3: 322, 4: 24, 5: 71, 6: 2360, 7: 2841}, 6: {0: 127, 1: 963, 2: 729, 3: 810, 4: 960, 5: 24, 6: 804, 7: 111, 8: 1703}, 7: {0: 28, 1: 1747, 2: 276, 3: 72, 4: 657, 5: 1128, 6: 668, 7: 58, 8: 457, 9: 122}, 8: {0: 4, 1: 364, 2: 138, 3: 177, 4: 45, 5: 798, 7: 2648, 8: 2247}, 9: {0: 404, 1: 738, 2: 196, 3: 2615, 4: 98, 5: 58, 6: 32, 7: 81, 8: 484, 9: 582}}", "loading time": 40, "local_train_accs": [0.9828080229226361, 0.9877569528415961, 0.9879973692864189, 0.9929577464788732, 0.9786985018726592, 0.995980245779258, 0.9879634087626384, 0.9838864377517744, 0.9925245288895811, 0.9888426626323752], "local_test_accs": [0.9057, 0.801, 0.4928, 0.5861, 0.7463, 0.6151, 0.7835, 0.8262, 0.6254, 0.8708], "Uniform ensemble (Train acc)": 0.9436666666666667, "Uniform ensemble (Test acc)": 0.9413, "FedAvg (Train acc)": 0.1023, "FedAvg (Test acc)": 0.1009, "pdm_KL_reg 0": {"Best Result": {"Best Sigma0": 0.5, "Best sigma": 1, "Best gamma": 10, "Best Test accuracy": 0.4309, "Train acc": 0.43085}, "PDM log": "{(0.5, 1, 10): {'shapes': [(784, 275), (275,), (275, 118), (118,), (118, 109), (109,), (109, 10), (10,)], 'train_accuracy': 0.43085, 'test_accuracy': 0.4309}}", "timing": 77}, "pdm_KL_reg 0.001": {"Best Result": {"Best Sigma0": 0.5, "Best sigma": 1, "Best gamma": 10, "Best Test accuracy": 0.6185, "Train acc": 0.6120666666666666}, "PDM log": "{(0.5, 1, 10): {'shapes': [(784, 268), (268,), (268, 118), (118,), (118, 109), (109,), (109, 10), (10,)], 'train_accuracy': 0.6120666666666666, 'test_accuracy': 0.6185}}", "timing": 124}, "pdm_KL_reg 0.005": {"Best Result": {"Best Sigma0": 0.5, "Best sigma": 1, "Best gamma": 10, "Best Test accuracy": 0.5677, "Train acc": 0.5634166666666667}, "PDM log": "{(0.5, 1, 10): {'shapes': [(784, 272), (272,), (272, 127), (127,), (127, 109), (109,), (109, 10), (10,)], 'train_accuracy': 0.5634166666666667, 'test_accuracy': 0.5677}}", "timing": 101}, "pdm_KL_reg 0.01": {"Best Result": {"Best Sigma0": 0.5, "Best sigma": 1, "Best gamma": 10, "Best Test accuracy": 0.4886, "Train acc": 0.4838}, "PDM log": "{(0.5, 1, 10): {'shapes': [(784, 273), (273,), (273, 118), (118,), (118, 109), (109,), (109, 10), (10,)], 'train_accuracy': 0.4838, 'test_accuracy': 0.4886}}", "timing": 114}, "pdm_KL_reg 0.05": {"Best Result": {"Best Sigma0": 0.5, "Best sigma": 1, "Best gamma": 10, "Best Test accuracy": 0.5953, "Train acc": 0.5919333333333333}, "PDM log": "{(0.5, 1, 10): {'shapes': [(784, 278), (278,), (278, 118), (118,), (118, 109), (109,), (109, 10), (10,)], 'train_accuracy': 0.5919333333333333, 'test_accuracy': 0.5953}}", "timing": 97}, "pdm_KL_reg 0.1": {"Best Result": {"Best Sigma0": 0.5, "Best sigma": 1, "Best gamma": 10, "Best Test accuracy": 0.4712, "Train acc": 0.46381666666666665}, "PDM log": "{(0.5, 1, 10): {'shapes': [(784, 282), (282,), (282, 118), (118,), (118, 109), (109,), (109, 10), (10,)], 'train_accuracy': 0.46381666666666665, 'test_accuracy': 0.4712}}", "timing": 114}, "pdm_KL_reg 0.5": {"Best Result": {"Best Sigma0": 0.5, "Best sigma": 1, "Best gamma": 10, "Best Test accuracy": 0.5105, "Train acc": 0.50495}, "PDM log": "{(0.5, 1, 10): {'shapes': [(784, 389), (389,), (389, 127), (127,), (127, 109), (109,), (109, 10), (10,)], 'train_accuracy': 0.50495, 'test_accuracy': 0.5105}}", "timing": 158}, "pdm_KL_reg 1": {"Best Result": {"Best Sigma0": 0.5, "Best sigma": 1, "Best gamma": 10, "Best Test accuracy": 0.3696, "Train acc": 0.3677666666666667}, "PDM log": "{(0.5, 1, 10): {'shapes': [(784, 535), (535,), (535, 127), (127,), (127, 118), (118,), (118, 10), (10,)], 'train_accuracy': 0.3677666666666667, 'test_accuracy': 0.3696}}", "timing": 248}, "pdm_KL_reg 2": {"Best Result": {"Best Sigma0": 0.5, "Best sigma": 1, "Best gamma": 10, "Best Test accuracy": 0.107, "Train acc": 0.10793333333333334}, "PDM log": "{(0.5, 1, 10): {'shapes': [(784, 577), (577,), (577, 145), (145,), (145, 127), (127,), (127, 10), (10,)], 'train_accuracy': 0.10793333333333334, 'test_accuracy': 0.107}}", "timing": 255}, "pdm_KL_reg 5": {"Best Result": {"Best Sigma0": 0.5, "Best sigma": 1, "Best gamma": 10, "Best Test accuracy": 0.0648, "Train acc": 0.06941666666666667}, "PDM log": "{(0.5, 1, 10): {'shapes': [(784, 315), (315,), (315, 154), (154,), (154, 127), (127,), (127, 10), (10,)], 'train_accuracy': 0.06941666666666667, 'test_accuracy': 0.0648}}", "timing": 212}, "pdm_KL_reg 10": {"Best Result": {"Best Sigma0": 0.5, "Best sigma": 1, "Best gamma": 10, "Best Test accuracy": 0.0974, "Train acc": 0.09751666666666667}, "PDM log": "{(0.5, 1, 10): {'shapes': [(784, 246), (246,), (246, 181), (181,), (181, 127), (127,), (127, 10), (10,)], 'train_accuracy': 0.09751666666666667, 'test_accuracy': 0.0974}}", "timing": 155}, "best_reg": 0.001}