{"seed": 9, "Data statistics": "{0: {0: 251, 1: 342, 2: 225, 3: 12, 4: 59, 5: 1486, 7: 17, 8: 992, 9: 515}, 1: {0: 2028, 1: 470, 2: 201, 3: 1226, 4: 192, 5: 1, 6: 1978}, 2: {0: 214, 1: 2029, 2: 634, 3: 13, 4: 480, 5: 908, 6: 383, 7: 405, 8: 682, 9: 68}, 3: {0: 401, 1: 121, 2: 45, 3: 1, 4: 537, 5: 16, 6: 263, 7: 47, 8: 1461, 9: 32}, 4: {0: 544, 1: 735, 2: 2801, 3: 44, 4: 169, 5: 636, 6: 48, 7: 1110}, 5: {0: 1374, 1: 844, 2: 661, 3: 90, 4: 363, 5: 194, 7: 3969}, 6: {0: 75, 1: 2184, 2: 333, 3: 845, 4: 2294, 5: 192, 6: 600}, 7: {0: 447, 1: 11, 2: 21, 3: 39, 5: 309, 6: 775, 7: 297, 8: 19, 9: 5334}, 8: {0: 112, 1: 5, 2: 4, 3: 3816, 4: 7, 5: 851, 6: 1183, 7: 112}, 9: {0: 477, 1: 1, 2: 1033, 3: 45, 4: 1741, 5: 828, 6: 688, 7: 308, 8: 2697}}", "loading time": 37, "local_train_accs": [0.9833290587330085, 0.9921259842519685, 0.984353507565337, 0.9829001367989056, 0.990964350254641, 0.9757171447631755, 0.9931013337421432, 0.9840044125758411, 0.9932676518883415, 0.9528012279355333], "local_test_accs": [0.7014, 0.5854, 0.849, 0.7266, 0.7136, 0.6103, 0.6517, 0.6828, 0.5219, 0.6667], "Uniform ensemble (Train acc)": 0.8969333333333334, "Uniform ensemble (Test acc)": 0.8929, "FedAvg (Train acc)": 0.0993, "FedAvg (Test acc)": 0.1032, "pdm_KL_reg 0": {"Best Result": {"Best Sigma0": 0.5, "Best sigma": 1, "Best gamma": 10, "Best Test accuracy": 0.5065, "Train acc": 0.5094666666666666}, "PDM log": "{(0.5, 1, 10): {'shapes': [(784, 263), (263,), (263, 118), (118,), (118, 114), (114,), (114, 10), (10,)], 'train_accuracy': 0.5094666666666666, 'test_accuracy': 0.5065}}", "timing": 73}, "pdm_KL_reg 0.001": {"Best Result": {"Best Sigma0": 0.5, "Best sigma": 1, "Best gamma": 10, "Best Test accuracy": 0.4988, "Train acc": 0.49015}, "PDM log": "{(0.5, 1, 10): {'shapes': [(784, 267), (267,), (267, 118), (118,), (118, 114), (114,), (114, 10), (10,)], 'train_accuracy': 0.49015, 'test_accuracy': 0.4988}}", "timing": 94}, "pdm_KL_reg 0.005": {"Best Result": {"Best Sigma0": 0.5, "Best sigma": 1, "Best gamma": 10, "Best Test accuracy": 0.5291, "Train acc": 0.5212333333333333}, "PDM log": "{(0.5, 1, 10): {'shapes': [(784, 266), (266,), (266, 118), (118,), (118, 109), (109,), (109, 10), (10,)], 'train_accuracy': 0.5212333333333333, 'test_accuracy': 0.5291}}", "timing": 154}, "pdm_KL_reg 0.01": {"Best Result": {"Best Sigma0": 0.5, "Best sigma": 1, "Best gamma": 10, "Best Test accuracy": 0.5135, "Train acc": 0.5043333333333333}, "PDM log": "{(0.5, 1, 10): {'shapes': [(784, 262), (262,), (262, 118), (118,), (118, 114), (114,), (114, 10), (10,)], 'train_accuracy': 0.5043333333333333, 'test_accuracy': 0.5135}}", "timing": 139}, "pdm_KL_reg 0.05": {"Best Result": {"Best Sigma0": 0.5, "Best sigma": 1, "Best gamma": 10, "Best Test accuracy": 0.4473, "Train acc": 0.4414666666666667}, "PDM log": "{(0.5, 1, 10): {'shapes': [(784, 273), (273,), (273, 118), (118,), (118, 114), (114,), (114, 10), (10,)], 'train_accuracy': 0.4414666666666667, 'test_accuracy': 0.4473}}", "timing": 143}, "pdm_KL_reg 0.1": {"Best Result": {"Best Sigma0": 0.5, "Best sigma": 1, "Best gamma": 10, "Best Test accuracy": 0.5504, "Train acc": 0.5432333333333333}, "PDM log": "{(0.5, 1, 10): {'shapes': [(784, 284), (284,), (284, 127), (127,), (127, 109), (109,), (109, 10), (10,)], 'train_accuracy': 0.5432333333333333, 'test_accuracy': 0.5504}}", "timing": 141}, "pdm_KL_reg 0.5": {"Best Result": {"Best Sigma0": 0.5, "Best sigma": 1, "Best gamma": 10, "Best Test accuracy": 0.4877, "Train acc": 0.48025}, "PDM log": "{(0.5, 1, 10): {'shapes': [(784, 375), (375,), (375, 127), (127,), (127, 109), (109,), (109, 10), (10,)], 'train_accuracy': 0.48025, 'test_accuracy': 0.4877}}", "timing": 172}, "pdm_KL_reg 1": {"Best Result": {"Best Sigma0": 0.5, "Best sigma": 1, "Best gamma": 10, "Best Test accuracy": 0.5649, "Train acc": 0.5609833333333333}, "PDM log": "{(0.5, 1, 10): {'shapes': [(784, 511), (511,), (511, 127), (127,), (127, 118), (118,), (118, 10), (10,)], 'train_accuracy': 0.5609833333333333, 'test_accuracy': 0.5649}}", "timing": 294}, "pdm_KL_reg 2": {"Best Result": {"Best Sigma0": 0.5, "Best sigma": 1, "Best gamma": 10, "Best Test accuracy": 0.319, "Train acc": 0.3057}, "PDM log": "{(0.5, 1, 10): {'shapes': [(784, 553), (553,), (553, 145), (145,), (145, 127), (127,), (127, 10), (10,)], 'train_accuracy': 0.3057, 'test_accuracy': 0.319}}", "timing": 374}, "pdm_KL_reg 5": {"Best Result": {"Best Sigma0": 0.5, "Best sigma": 1, "Best gamma": 10, "Best Test accuracy": 0.1109, "Train acc": 0.11173333333333334}, "PDM log": "{(0.5, 1, 10): {'shapes': [(784, 272), (272,), (272, 154), (154,), (154, 127), (127,), (127, 10), (10,)], 'train_accuracy': 0.11173333333333334, 'test_accuracy': 0.1109}}", "timing": 280}, "pdm_KL_reg 10": {"Best Result": {"Best Sigma0": 0.5, "Best sigma": 1, "Best gamma": 10, "Best Test accuracy": 0.101, "Train acc": 0.10223333333333333}, "PDM log": "{(0.5, 1, 10): {'shapes': [(784, 226), (226,), (226, 181), (181,), (181, 127), (127,), (127, 10), (10,)], 'train_accuracy': 0.10223333333333333, 'test_accuracy': 0.101}}", "timing": 150}, "best_reg": 1}