{"seed": 4, "Data statistics": "{0: {0: 321, 1: 1287, 2: 157, 3: 21, 4: 607, 5: 1592, 6: 2154}, 1: {0: 689, 1: 357, 2: 399, 3: 51, 4: 2117, 5: 62, 6: 291, 7: 1583, 8: 204, 9: 143}, 2: {0: 455, 1: 255, 2: 873, 3: 149, 4: 226, 5: 168, 7: 212, 8: 34, 9: 1895}, 3: {0: 629, 1: 1403, 2: 274, 3: 870, 4: 911, 5: 436, 6: 1, 7: 829, 8: 48, 9: 10}, 4: {0: 2, 1: 2167, 2: 2124, 3: 72, 4: 6, 5: 431, 6: 83, 7: 97, 8: 407, 9: 295}, 5: {0: 234, 1: 4, 2: 589, 3: 2311, 4: 245, 5: 329, 6: 445, 7: 448, 8: 24, 9: 2405}, 6: {0: 118, 1: 210, 2: 490, 3: 10, 4: 1, 5: 1653, 6: 1894, 7: 3, 8: 1496, 9: 178}, 7: {0: 693, 1: 224, 2: 255, 3: 789, 4: 1093, 5: 63, 6: 837, 7: 916, 8: 3239}, 8: {0: 2544, 1: 789, 2: 131, 3: 422, 4: 176, 5: 2, 6: 135, 7: 1957}, 9: {0: 238, 1: 46, 2: 666, 3: 1436, 4: 460, 5: 685, 6: 78, 7: 220, 8: 399, 9: 1023}}", "loading time": 41, "local_train_accs": [0.9899006352826193, 0.9855834464043419, 0.9800796812749004, 0.9678432822029199, 0.9903237156931738, 0.9680125106624965, 0.9866182058483397, 0.9811320754716981, 0.9917153996101364, 0.9535326604456295], "local_test_accs": [0.6182, 0.8841, 0.8015, 0.7112, 0.7114, 0.7185, 0.6818, 0.8072, 0.6531, 0.8489], "Uniform ensemble (Train acc)": 0.9575666666666667, "Uniform ensemble (Test acc)": 0.9567, "FedAvg (Train acc)": 0.09751666666666667, "FedAvg (Test acc)": 0.0974, "pdm_KL_reg 0": {"Best Result": {"Best Sigma0": 0.5, "Best sigma": 1, "Best gamma": 10, "Best Test accuracy": 0.4026, "Train acc": 0.39985}, "PDM log": "{(0.5, 1, 10): {'shapes': [(784, 268), (268,), (268, 118), (118,), (118, 117), (117,), (117, 10), (10,)], 'train_accuracy': 0.39985, 'test_accuracy': 0.4026}}", "timing": 71}, "pdm_KL_reg 0.001": {"Best Result": {"Best Sigma0": 0.5, "Best sigma": 1, "Best gamma": 10, "Best Test accuracy": 0.4781, "Train acc": 0.48145}, "PDM log": "{(0.5, 1, 10): {'shapes': [(784, 261), (261,), (261, 118), (118,), (118, 117), (117,), (117, 10), (10,)], 'train_accuracy': 0.48145, 'test_accuracy': 0.4781}}", "timing": 104}, "pdm_KL_reg 0.005": {"Best Result": {"Best Sigma0": 0.5, "Best sigma": 1, "Best gamma": 10, "Best Test accuracy": 0.4518, "Train acc": 0.44335}, "PDM log": "{(0.5, 1, 10): {'shapes': [(784, 267), (267,), (267, 126), (126,), (126, 117), (117,), (117, 10), (10,)], 'train_accuracy': 0.44335, 'test_accuracy': 0.4518}}", "timing": 141}, "pdm_KL_reg 0.01": {"Best Result": {"Best Sigma0": 0.5, "Best sigma": 1, "Best gamma": 10, "Best Test accuracy": 0.5419, "Train acc": 0.5366}, "PDM log": "{(0.5, 1, 10): {'shapes': [(784, 269), (269,), (269, 126), (126,), (126, 117), (117,), (117, 10), (10,)], 'train_accuracy': 0.5366, 'test_accuracy': 0.5419}}", "timing": 110}, "pdm_KL_reg 0.05": {"Best Result": {"Best Sigma0": 0.5, "Best sigma": 1, "Best gamma": 10, "Best Test accuracy": 0.5972, "Train acc": 0.5977333333333333}, "PDM log": "{(0.5, 1, 10): {'shapes': [(784, 278), (278,), (278, 126), (126,), (126, 117), (117,), (117, 10), (10,)], 'train_accuracy': 0.5977333333333333, 'test_accuracy': 0.5972}}", "timing": 137}, "pdm_KL_reg 0.1": {"Best Result": {"Best Sigma0": 0.5, "Best sigma": 1, "Best gamma": 10, "Best Test accuracy": 0.4431, "Train acc": 0.43556666666666666}, "PDM log": "{(0.5, 1, 10): {'shapes': [(784, 281), (281,), (281, 127), (127,), (127, 117), (117,), (117, 10), (10,)], 'train_accuracy': 0.43556666666666666, 'test_accuracy': 0.4431}}", "timing": 93}, "pdm_KL_reg 0.5": {"Best Result": {"Best Sigma0": 0.5, "Best sigma": 1, "Best gamma": 10, "Best Test accuracy": 0.4783, "Train acc": 0.4767166666666667}, "PDM log": "{(0.5, 1, 10): {'shapes': [(784, 392), (392,), (392, 127), (127,), (127, 118), (118,), (118, 10), (10,)], 'train_accuracy': 0.4767166666666667, 'test_accuracy': 0.4783}}", "timing": 161}, "pdm_KL_reg 1": {"Best Result": {"Best Sigma0": 0.5, "Best sigma": 1, "Best gamma": 10, "Best Test accuracy": 0.5753, "Train acc": 0.57065}, "PDM log": "{(0.5, 1, 10): {'shapes': [(784, 550), (550,), (550, 127), (127,), (127, 118), (118,), (118, 10), (10,)], 'train_accuracy': 0.57065, 'test_accuracy': 0.5753}}", "timing": 285}, "pdm_KL_reg 2": {"Best Result": {"Best Sigma0": 0.5, "Best sigma": 1, "Best gamma": 10, "Best Test accuracy": 0.1676, "Train acc": 0.16478333333333334}, "PDM log": "{(0.5, 1, 10): {'shapes': [(784, 590), (590,), (590, 145), (145,), (145, 127), (127,), (127, 10), (10,)], 'train_accuracy': 0.16478333333333334, 'test_accuracy': 0.1676}}", "timing": 255}, "pdm_KL_reg 5": {"Best Result": {"Best Sigma0": 0.5, "Best sigma": 1, "Best gamma": 10, "Best Test accuracy": 0.0974, "Train acc": 0.09758333333333333}, "PDM log": "{(0.5, 1, 10): {'shapes': [(784, 288), (288,), (288, 172), (172,), (172, 127), (127,), (127, 10), (10,)], 'train_accuracy': 0.09758333333333333, 'test_accuracy': 0.0974}}", "timing": 180}, "pdm_KL_reg 10": {"Best Result": {"Best Sigma0": 0.5, "Best sigma": 1, "Best gamma": 10, "Best Test accuracy": 0.0974, "Train acc": 0.09751666666666667}, "PDM log": "{(0.5, 1, 10): {'shapes': [(784, 229), (229,), (229, 190), (190,), (190, 127), (127,), (127, 10), (10,)], 'train_accuracy': 0.09751666666666667, 'test_accuracy': 0.0974}}", "timing": 154}, "best_reg": 0.05}