{"seed": 5, "Data statistics": "{0: {0: 20, 1: 4, 2: 108, 3: 162, 4: 507, 5: 480, 6: 104, 7: 120, 8: 229, 9: 100}, 1: {0: 3, 1: 225, 2: 72, 3: 1649, 4: 513, 5: 61, 6: 489, 7: 1320}, 2: {0: 41, 1: 1695, 2: 5, 4: 6, 5: 606, 6: 1, 7: 533, 8: 1, 9: 1052}, 3: {0: 229, 1: 10, 2: 141, 3: 7, 4: 1034, 5: 3, 7: 106, 8: 2109}, 4: {0: 3, 1: 827, 2: 537, 3: 1365, 4: 532, 5: 1023}, 5: {0: 6, 1: 211, 2: 660, 3: 159, 4: 824, 5: 154, 6: 46, 7: 3, 8: 234, 9: 199}, 6: {0: 194, 1: 6, 2: 65, 3: 215, 4: 177, 5: 387, 6: 439, 7: 328, 8: 169, 9: 594}, 7: {0: 99, 1: 1, 2: 31, 3: 826, 4: 209, 5: 40, 6: 1477, 7: 208, 8: 254, 9: 1927}, 8: {0: 6, 1: 440, 2: 25, 3: 231, 4: 13, 5: 574, 6: 125, 7: 183, 8: 655, 9: 61}, 9: {0: 24, 1: 48, 2: 704, 3: 19, 4: 237, 5: 192, 6: 743, 7: 1238, 8: 1, 9: 663}, 10: {0: 2, 1: 66, 2: 511, 3: 57, 4: 504, 5: 40, 6: 236, 7: 608, 9: 80}, 11: {0: 2467, 1: 452, 2: 483}, 12: {0: 343, 1: 498, 2: 1635, 3: 161, 4: 208, 5: 64, 6: 311, 7: 278}, 13: {0: 1016, 1: 53, 2: 4, 3: 17, 4: 170, 5: 563, 6: 1021, 7: 4, 8: 368, 9: 81}, 14: {0: 547, 1: 464, 2: 19, 3: 132, 4: 66, 5: 813, 6: 8, 7: 71, 8: 980, 9: 243}}", "loading time": 285, "local_train_accs": [0.5261723009814613, 0.602954755309326, 0.632741116751269, 0.8073646606210497, 0.5381385584324703, 0.5040064102564102, 0.5415695415695416, 0.6843454258675079, 0.6044098573281452, 0.6218661152752649, 0.4828897338403042, 0.7783656672545561, 0.6152086906803887, 0.5799211404306945, 0.6048459467544122], "local_test_accs": [0.2391, 0.2135, 0.2111, 0.188, 0.2364, 0.2427, 0.3156, 0.2732, 0.2626, 0.2633, 0.1891, 0.1948, 0.2394, 0.2416, 0.2743], "Uniform ensemble (Train acc)": 0.40598, "Uniform ensemble (Test acc)": 0.3939, "FedAvg (Train acc)": 0.09962, "FedAvg (Test acc)": 0.0994, "pdm_KL_reg 0": {"Best Result": {"Best Sigma0": 0.5, "Best sigma": 1, "Best gamma": 10, "Best Test accuracy": 0.2367, "Train acc": 0.2398}, "PDM log": "{(0.5, 1, 10): {'shapes': [(3072, 700), (700,), (700, 10), (10,)], 'train_accuracy': 0.2398, 'test_accuracy': 0.2367}}", "timing": 1892}, "pdm_KL_reg 0.001": {"Best Result": {"Best Sigma0": 0.5, "Best sigma": 1, "Best gamma": 10, "Best Test accuracy": 0.2791, "Train acc": 0.28418}, "PDM log": "{(0.5, 1, 10): {'shapes': [(3072, 700), (700,), (700, 10), (10,)], 'train_accuracy': 0.28418, 'test_accuracy': 0.2791}}", "timing": 4076}, "pdm_KL_reg 0.005": {"Best Result": {"Best Sigma0": 0.5, "Best sigma": 1, "Best gamma": 10, "Best Test accuracy": 0.2583, "Train acc": 0.26252}, "PDM log": "{(0.5, 1, 10): {'shapes': [(3072, 700), (700,), (700, 10), (10,)], 'train_accuracy': 0.26252, 'test_accuracy': 0.2583}}", "timing": 4064}, "pdm_KL_reg 0.01": {"Best Result": {"Best Sigma0": 0.5, "Best sigma": 1, "Best gamma": 10, "Best Test accuracy": 0.2506, "Train acc": 0.25358}, "PDM log": "{(0.5, 1, 10): {'shapes': [(3072, 700), (700,), (700, 10), (10,)], 'train_accuracy': 0.25358, 'test_accuracy': 0.2506}}", "timing": 4214}, "pdm_KL_reg 0.05": {"Best Result": {"Best Sigma0": 0.5, "Best sigma": 1, "Best gamma": 10, "Best Test accuracy": 0.2646, "Train acc": 0.27154}, "PDM log": "{(0.5, 1, 10): {'shapes': [(3072, 700), (700,), (700, 10), (10,)], 'train_accuracy': 0.27154, 'test_accuracy': 0.2646}}", "timing": 3683}, "pdm_KL_reg 0.1": {"Best Result": {"Best Sigma0": 0.5, "Best sigma": 1, "Best gamma": 10, "Best Test accuracy": 0.2676, "Train acc": 0.27596}, "PDM log": "{(0.5, 1, 10): {'shapes': [(3072, 700), (700,), (700, 10), (10,)], 'train_accuracy': 0.27596, 'test_accuracy': 0.2676}}", "timing": 4042}, "pdm_KL_reg 0.5": {"Best Result": {"Best Sigma0": 0.5, "Best sigma": 1, "Best gamma": 10, "Best Test accuracy": 0.2595, "Train acc": 0.2664}, "PDM log": "{(0.5, 1, 10): {'shapes': [(3072, 700), (700,), (700, 10), (10,)], 'train_accuracy': 0.2664, 'test_accuracy': 0.2595}}", "timing": 4063}, "pdm_KL_reg 1": {"Best Result": {"Best Sigma0": 0.5, "Best sigma": 1, "Best gamma": 10, "Best Test accuracy": 0.2572, "Train acc": 0.26278}, "PDM log": "{(0.5, 1, 10): {'shapes': [(3072, 700), (700,), (700, 10), (10,)], 'train_accuracy': 0.26278, 'test_accuracy': 0.2572}}", "timing": 4398}, "pdm_KL_reg 2": {"Best Result": {"Best Sigma0": 0.5, "Best sigma": 1, "Best gamma": 10, "Best Test accuracy": 0.2535, "Train acc": 0.2565}, "PDM log": "{(0.5, 1, 10): {'shapes': [(3072, 282), (282,), (282, 10), (10,)], 'train_accuracy': 0.2565, 'test_accuracy': 0.2535}}", "timing": 2732}, "pdm_KL_reg 5": {"Best Result": {"Best Sigma0": 0.5, "Best sigma": 1, "Best gamma": 10, "Best Test accuracy": 0.0999, "Train acc": 0.1}, "PDM log": "{(0.5, 1, 10): {'shapes': [(3072, 114), (114,), (114, 10), (10,)], 'train_accuracy': 0.1, 'test_accuracy': 0.0999}}", "timing": 1642}, "pdm_KL_reg 10": {"Best Result": {"Best Sigma0": 0.5, "Best sigma": 1, "Best gamma": 10, "Best Test accuracy": 0.1, "Train acc": 0.09996}, "PDM log": "{(0.5, 1, 10): {'shapes': [(3072, 114), (114,), (114, 10), (10,)], 'train_accuracy': 0.09996, 'test_accuracy': 0.1}}", "timing": 1667}, "best_reg": 0.001}