{"seed": 7, "Data statistics": "{0: {0: 52, 1: 603, 2: 315, 3: 412, 5: 3608, 6: 16}, 1: {0: 162, 1: 1520, 2: 51, 3: 67, 4: 978, 5: 22, 6: 467, 7: 46, 9: 76}, 2: {0: 15, 1: 17, 2: 1323, 3: 1633, 4: 80, 5: 211, 6: 2577}, 3: {0: 133, 1: 14, 2: 5, 3: 1, 4: 47, 5: 760, 6: 167, 7: 266, 8: 2296, 9: 2060}, 4: {0: 23, 1: 546, 2: 655, 3: 267, 4: 307, 5: 19, 6: 17, 7: 2045, 8: 2274}, 5: {0: 502, 1: 44, 2: 36, 3: 1384, 4: 56, 5: 169, 6: 353, 7: 78, 8: 163, 9: 1041}, 6: {0: 1081, 1: 586, 2: 261, 3: 178, 4: 3212}, 7: {0: 10, 1: 549, 2: 1142, 3: 864, 4: 131, 5: 7, 6: 967, 7: 1968}, 8: {0: 2077, 1: 24, 2: 767, 3: 109, 4: 114, 5: 34, 6: 12, 7: 596, 8: 261, 9: 602}, 9: {0: 945, 1: 1097, 2: 445, 3: 85, 4: 75, 5: 170, 6: 424, 7: 1, 8: 6, 9: 1221}}", "loading time": 25, "local_train_accs": [0.7447063523771474, 0.6302744172322219, 0.4400614754098361, 0.6750739259001566, 0.5893060295790671, 0.5776267642446419, 0.6959383226776984, 0.454239091876552, 0.5339425587467362, 0.5104050123070039], "local_test_accs": [0.1187, 0.1695, 0.1, 0.2177, 0.1631, 0.1917, 0.1646, 0.1989, 0.1762, 0.25], "Uniform ensemble (Train acc)": 0.32426, "Uniform ensemble (Test acc)": 0.3257, "FedAvg (Train acc)": 0.1, "FedAvg (Test acc)": 0.1, "pdm_KL_reg 0": {"Best Result": {"Best Sigma0": 10, "Best sigma": 1, "Best gamma": 50, "Best Test accuracy": 0.1928, "Train acc": 0.1913}, "PDM log": "{(10, 1, 50): {'shapes': [(3072, 700), (700,), (700, 289), (289,), (289, 289), (289,), (289, 280), (280,), (280, 226), (226,), (226, 10), (10,)], 'train_accuracy': 0.1913, 'test_accuracy': 0.1928}}", "timing": 764}, "pdm_KL_reg 0.001": {"Best Result": {"Best Sigma0": 10, "Best sigma": 1, "Best gamma": 50, "Best Test accuracy": 0.1913, "Train acc": 0.19102}, "PDM log": "{(10, 1, 50): {'shapes': [(3072, 700), (700,), (700, 289), (289,), (289, 289), (289,), (289, 280), (280,), (280, 226), (226,), (226, 10), (10,)], 'train_accuracy': 0.19102, 'test_accuracy': 0.1913}}", "timing": 1226}, "pdm_KL_reg 0.005": {"Best Result": {"Best Sigma0": 10, "Best sigma": 1, "Best gamma": 50, "Best Test accuracy": 0.1819, "Train acc": 0.17966}, "PDM log": "{(10, 1, 50): {'shapes': [(3072, 700), (700,), (700, 289), (289,), (289, 289), (289,), (289, 289), (289,), (289, 226), (226,), (226, 10), (10,)], 'train_accuracy': 0.17966, 'test_accuracy': 0.1819}}", "timing": 947}, "pdm_KL_reg 0.01": {"Best Result": {"Best Sigma0": 10, "Best sigma": 1, "Best gamma": 50, "Best Test accuracy": 0.1877, "Train acc": 0.18538}, "PDM log": "{(10, 1, 50): {'shapes': [(3072, 700), (700,), (700, 289), (289,), (289, 289), (289,), (289, 289), (289,), (289, 226), (226,), (226, 10), (10,)], 'train_accuracy': 0.18538, 'test_accuracy': 0.1877}}", "timing": 1398}, "pdm_KL_reg 0.05": {"Best Result": {"Best Sigma0": 10, "Best sigma": 1, "Best gamma": 50, "Best Test accuracy": 0.1826, "Train acc": 0.17968}, "PDM log": "{(10, 1, 50): {'shapes': [(3072, 700), (700,), (700, 289), (289,), (289, 280), (280,), (280, 280), (280,), (280, 226), (226,), (226, 10), (10,)], 'train_accuracy': 0.17968, 'test_accuracy': 0.1826}}", "timing": 1343}, "pdm_KL_reg 0.1": {"Best Result": {"Best Sigma0": 10, "Best sigma": 1, "Best gamma": 50, "Best Test accuracy": 0.1943, "Train acc": 0.19282}, "PDM log": "{(10, 1, 50): {'shapes': [(3072, 700), (700,), (700, 280), (280,), (280, 289), (289,), (289, 280), (280,), (280, 226), (226,), (226, 10), (10,)], 'train_accuracy': 0.19282, 'test_accuracy': 0.1943}}", "timing": 1392}, "pdm_KL_reg 0.5": {"Best Result": {"Best Sigma0": 10, "Best sigma": 1, "Best gamma": 50, "Best Test accuracy": 0.1821, "Train acc": 0.17968}, "PDM log": "{(10, 1, 50): {'shapes': [(3072, 700), (700,), (700, 262), (262,), (262, 262), (262,), (262, 262), (262,), (262, 235), (235,), (235, 10), (10,)], 'train_accuracy': 0.17968, 'test_accuracy': 0.1821}}", "timing": 1392}, "pdm_KL_reg 1": {"Best Result": {"Best Sigma0": 10, "Best sigma": 1, "Best gamma": 50, "Best Test accuracy": 0.1729, "Train acc": 0.17014}, "PDM log": "{(10, 1, 50): {'shapes': [(3072, 595), (595,), (595, 244), (244,), (244, 244), (244,), (244, 244), (244,), (244, 235), (235,), (235, 10), (10,)], 'train_accuracy': 0.17014, 'test_accuracy': 0.1729}}", "timing": 1306}, "pdm_KL_reg 2": {"Best Result": {"Best Sigma0": 10, "Best sigma": 1, "Best gamma": 50, "Best Test accuracy": 0.1, "Train acc": 0.1}, "PDM log": "{(10, 1, 50): {'shapes': [(3072, 118), (118,), (118, 199), (199,), (199, 199), (199,), (199, 199), (199,), (199, 217), (217,), (217, 10), (10,)], 'train_accuracy': 0.1, 'test_accuracy': 0.1}}", "timing": 351}, "pdm_KL_reg 5": {"Best Result": {"Best Sigma0": 10, "Best sigma": 1, "Best gamma": 50, "Best Test accuracy": 0.1, "Train acc": 0.1}, "PDM log": "{(10, 1, 50): {'shapes': [(3072, 100), (100,), (100, 154), (154,), (154, 172), (172,), (172, 154), (154,), (154, 190), (190,), (190, 10), (10,)], 'train_accuracy': 0.1, 'test_accuracy': 0.1}}", "timing": 359}, "pdm_KL_reg 10": {"Best Result": {"Best Sigma0": 10, "Best sigma": 1, "Best gamma": 50, "Best Test accuracy": 0.1, "Train acc": 0.1}, "PDM log": "{(10, 1, 50): {'shapes': [(3072, 100), (100,), (100, 136), (136,), (136, 154), (154,), (154, 145), (145,), (145, 163), (163,), (163, 10), (10,)], 'train_accuracy': 0.1, 'test_accuracy': 0.1}}", "timing": 232}, "best_reg": 0.1}