{"seed": 2, "Data statistics": "{0: {0: 6, 1: 8, 2: 61, 3: 70, 4: 110, 5: 16, 6: 157, 7: 281, 8: 320, 9: 3}, 1: {0: 104, 1: 117, 2: 2, 4: 3, 5: 55, 6: 679, 7: 40, 8: 354, 9: 358}, 2: {0: 173, 1: 400, 2: 1, 4: 43, 5: 3, 6: 425, 7: 65, 8: 56, 9: 332}, 3: {0: 89, 1: 54, 2: 420, 3: 201, 4: 27, 5: 4, 6: 85, 8: 280, 9: 684}, 4: {0: 304, 1: 15, 2: 270, 3: 23, 4: 887, 5: 45, 6: 266, 7: 936}, 5: {0: 74, 1: 351, 2: 82, 3: 81, 4: 642, 5: 513, 6: 14, 7: 249}, 6: {0: 13, 1: 3, 2: 974, 3: 15, 4: 16, 5: 23, 7: 58, 8: 188, 9: 100}, 7: {0: 507, 1: 368, 2: 30, 3: 3, 4: 172, 5: 262, 6: 806}, 8: {0: 363, 1: 1, 2: 32, 3: 189, 4: 302, 5: 1, 6: 58, 7: 241, 8: 835}, 9: {0: 4, 1: 743, 2: 1, 3: 954, 4: 110, 5: 245}, 10: {0: 261, 1: 42, 2: 513, 3: 404, 4: 49, 6: 36, 7: 20, 8: 36, 9: 677}, 11: {0: 940, 1: 730, 2: 2, 3: 78, 4: 33, 5: 1773}, 12: {0: 1, 1: 173, 2: 132, 3: 119, 4: 99, 5: 1, 6: 69, 7: 377, 8: 1184}, 13: {1: 45, 2: 189, 3: 49, 4: 12, 5: 287, 6: 2, 7: 1038, 8: 8, 9: 1}, 14: {0: 564, 1: 26, 2: 233, 4: 381, 5: 77, 6: 132, 7: 676}, 15: {0: 278, 1: 6, 2: 262, 3: 875, 4: 241, 5: 30, 7: 22, 8: 1306}, 16: {0: 72, 1: 467, 2: 12, 3: 8, 4: 15, 5: 16, 6: 210, 7: 15, 8: 179, 9: 25}, 17: {0: 142, 1: 459, 2: 3, 3: 616, 4: 2, 5: 548, 6: 542}, 18: {0: 16, 1: 222, 2: 452, 3: 80, 4: 548, 5: 261, 7: 476}, 19: {0: 163, 1: 423, 2: 221, 3: 486, 4: 377, 5: 398}, 20: {0: 235, 1: 7, 2: 33, 3: 67, 4: 138, 5: 52, 6: 837, 7: 129, 8: 47, 9: 805}, 21: {0: 251, 1: 1, 2: 65, 3: 26, 4: 176, 5: 10, 6: 210, 7: 3, 8: 73, 9: 326}, 22: {0: 75, 1: 11, 2: 194, 3: 42, 4: 267, 5: 26, 6: 17, 7: 5, 8: 89, 9: 697}, 23: {1: 127, 2: 804, 3: 551, 4: 16, 5: 208, 6: 15, 7: 13, 9: 5}, 24: {0: 365, 1: 201, 2: 12, 3: 63, 4: 334, 5: 146, 6: 440, 7: 356, 8: 45, 9: 987}}", "loading time": 434, "local_train_accs": [0.6463178294573644, 0.7120327102803738, 0.6214953271028038, 0.6149674620390455, 0.6147123088128187, 0.5767696909272183, 0.7805755395683454, 0.6904096834264432, 0.5425321463897131, 0.7496353913466213, 0.6059862610402356, 0.8020247469066367, 0.7276102088167054, 0.7394236664622931, 0.5907132599329823, 0.6963576158940398, 0.6506378802747792, 0.6150519031141869, 0.5571776155717761, 0.5309477756286267, 0.6970212765957446, 0.595968448729185, 0.6156008432888265, 0.6566992524439333, 0.5964733808070533], "local_test_accs": [0.2265, 0.248, 0.2568, 0.2343, 0.2247, 0.2395, 0.165, 0.2791, 0.2641, 0.1787, 0.2288, 0.2261, 0.213, 0.1581, 0.2067, 0.22, 0.2268, 0.2574, 0.2453, 0.2366, 0.2369, 0.2436, 0.1677, 0.1815, 0.2953], "Uniform ensemble (Train acc)": 0.3935, "Uniform ensemble (Test acc)": 0.39, "FedAvg (Train acc)": 0.1, "FedAvg (Test acc)": 0.1, "pdm_KL_reg 0": {"Best Result": {"Best Sigma0": 10, "Best sigma": 1, "Best gamma": 50, "Best Test accuracy": 0.2364, "Train acc": 0.23676}, "PDM log": "{(10, 1, 50): {'shapes': [(3072, 700), (700,), (700, 10), (10,)], 'train_accuracy': 0.23676, 'test_accuracy': 0.2364}}", "timing": 3397}, "pdm_KL_reg 0.001": {"Best Result": {"Best Sigma0": 10, "Best sigma": 1, "Best gamma": 50, "Best Test accuracy": 0.2388, "Train acc": 0.23892}, "PDM log": "{(10, 1, 50): {'shapes': [(3072, 700), (700,), (700, 10), (10,)], 'train_accuracy': 0.23892, 'test_accuracy': 0.2388}}", "timing": 7051}, "pdm_KL_reg 0.005": {"Best Result": {"Best Sigma0": 10, "Best sigma": 1, "Best gamma": 50, "Best Test accuracy": 0.2442, "Train acc": 0.243}, "PDM log": "{(10, 1, 50): {'shapes': [(3072, 700), (700,), (700, 10), (10,)], 'train_accuracy': 0.243, 'test_accuracy': 0.2442}}", "timing": 5321}, "pdm_KL_reg 0.01": {"Best Result": {"Best Sigma0": 10, "Best sigma": 1, "Best gamma": 50, "Best Test accuracy": 0.236, "Train acc": 0.23418}, "PDM log": "{(10, 1, 50): {'shapes': [(3072, 700), (700,), (700, 10), (10,)], 'train_accuracy': 0.23418, 'test_accuracy': 0.236}}", "timing": 5328}, "pdm_KL_reg 0.05": {"Best Result": {"Best Sigma0": 10, "Best sigma": 1, "Best gamma": 50, "Best Test accuracy": 0.253, "Train acc": 0.25534}, "PDM log": "{(10, 1, 50): {'shapes': [(3072, 700), (700,), (700, 10), (10,)], 'train_accuracy': 0.25534, 'test_accuracy': 0.253}}", "timing": 4263}, "pdm_KL_reg 0.1": {"Best Result": {"Best Sigma0": 10, "Best sigma": 1, "Best gamma": 50, "Best Test accuracy": 0.2592, "Train acc": 0.2596}, "PDM log": "{(10, 1, 50): {'shapes': [(3072, 700), (700,), (700, 10), (10,)], 'train_accuracy': 0.2596, 'test_accuracy': 0.2592}}", "timing": 4286}, "pdm_KL_reg 0.5": {"Best Result": {"Best Sigma0": 10, "Best sigma": 1, "Best gamma": 50, "Best Test accuracy": 0.2651, "Train acc": 0.27022}, "PDM log": "{(10, 1, 50): {'shapes': [(3072, 700), (700,), (700, 10), (10,)], 'train_accuracy': 0.27022, 'test_accuracy': 0.2651}}", "timing": 4465}, "pdm_KL_reg 1": {"Best Result": {"Best Sigma0": 10, "Best sigma": 1, "Best gamma": 50, "Best Test accuracy": 0.2313, "Train acc": 0.2332}, "PDM log": "{(10, 1, 50): {'shapes': [(3072, 423), (423,), (423, 10), (10,)], 'train_accuracy': 0.2332, 'test_accuracy': 0.2313}}", "timing": 2900}, "pdm_KL_reg 2": {"Best Result": {"Best Sigma0": 10, "Best sigma": 1, "Best gamma": 50, "Best Test accuracy": 0.1504, "Train acc": 0.14932}, "PDM log": "{(10, 1, 50): {'shapes': [(3072, 148), (148,), (148, 10), (10,)], 'train_accuracy': 0.14932, 'test_accuracy': 0.1504}}", "timing": 1191}, "pdm_KL_reg 5": {"Best Result": {"Best Sigma0": 10, "Best sigma": 1, "Best gamma": 50, "Best Test accuracy": 0.1, "Train acc": 0.1}, "PDM log": "{(10, 1, 50): {'shapes': [(3072, 128), (128,), (128, 10), (10,)], 'train_accuracy': 0.1, 'test_accuracy': 0.1}}", "timing": 960}, "pdm_KL_reg 10": {"Best Result": {"Best Sigma0": 10, "Best sigma": 1, "Best gamma": 50, "Best Test accuracy": 0.1, "Train acc": 0.1}, "PDM log": "{(10, 1, 50): {'shapes': [(3072, 125), (125,), (125, 10), (10,)], 'train_accuracy': 0.1, 'test_accuracy': 0.1}}", "timing": 817}, "best_reg": 0.5}