{"seed": 6, "Data statistics": "{0: {0: 1658, 1: 4, 2: 651, 3: 1118, 4: 124, 5: 860}, 1: {0: 1935, 1: 263, 2: 66, 3: 326, 4: 564, 5: 466, 6: 105, 7: 42, 8: 1239}, 2: {0: 166, 1: 805, 2: 513, 3: 23, 4: 1356, 5: 147, 6: 590, 7: 290, 8: 412}, 3: {0: 19, 1: 25, 2: 1040, 3: 42, 4: 4, 5: 252, 6: 1123, 7: 26, 8: 448, 9: 204}, 4: {0: 107, 1: 31, 2: 15, 3: 32, 4: 1208, 5: 380, 6: 4, 7: 22, 8: 562, 9: 317}, 5: {0: 1, 1: 5, 2: 463, 3: 83, 4: 52, 5: 7, 6: 971, 7: 1318, 8: 39, 9: 1371}, 6: {0: 858, 1: 346, 2: 351, 3: 507, 4: 370, 5: 202, 6: 1628}, 7: {0: 46, 1: 1712, 2: 826, 3: 162, 4: 15, 5: 269, 6: 341, 7: 6, 8: 331, 9: 533}, 8: {0: 191, 1: 101, 2: 29, 3: 24, 4: 61, 5: 1, 6: 199, 7: 118, 8: 44, 9: 1504}, 9: {0: 6, 1: 2, 2: 363, 3: 1024, 4: 508, 5: 403, 6: 510, 7: 64, 8: 481, 9: 1606}, 10: {0: 333, 1: 481, 2: 422, 3: 1067, 4: 280, 5: 74, 6: 8, 8: 50, 9: 355}, 11: {0: 14, 1: 1781, 2: 347, 3: 630, 4: 132, 6: 3, 7: 1, 8: 1864}, 12: {0: 109, 1: 698, 2: 168, 3: 452, 4: 163, 5: 26, 6: 19, 7: 380, 8: 381, 9: 58}, 13: {0: 15, 1: 487, 2: 691, 3: 519, 4: 712, 5: 874, 6: 378, 7: 1941}, 14: {0: 465, 1: 1, 2: 13, 3: 122, 4: 293, 5: 1460, 6: 39, 7: 2057, 9: 1}}", "comm 0": {"training timing": 283, "local_train_accs": [1.0, 1.0, 1.0, 1.0, 1.0, 1.0, 1.0, 1.0, 1.0, 1.0, 1.0, 0.998742665549036, 0.9987775061124694, 1.0, 1.0], "local_test_accs": [1.0, 1.0, 1.0, 1.0, 1.0, 1.0, 1.0, 1.0, 1.0, 1.0, 1.0, 0.998742665549036, 0.9987775061124694, 1.0, 1.0], "Uniform ensemble (Train acc)": 0.9507666666666666, "Uniform ensemble (Test acc)": 0.9484, "FedAvg (Train acc)": 0.16643333333333332, "FedAvg (Test acc)": 0.1712, "pdm_KL (Train acc)": 0.10441666666666667, "pdm_KL (Test acc)": 0.1028}, "comm 1": {"training timing": 393, "local_train_accs": [1.0, 1.0, 1.0, 1.0, 1.0, 0.9986078886310905, 1.0, 0.9995284131101155, 0.9881161971830986, 0.9742299174552044, 1.0, 1.0, 0.9995925020374898, 1.0, 1.0], "local_test_accs": [1.0, 1.0, 1.0, 1.0, 1.0, 0.9986078886310905, 1.0, 0.9995284131101155, 0.9881161971830986, 0.9742299174552044, 1.0, 1.0, 0.9995925020374898, 1.0, 1.0], "Uniform ensemble (Train acc)": 0.95155, "Uniform ensemble (Test acc)": 0.948, "FedAvg (Train acc)": 0.11886666666666666, "FedAvg (Test acc)": 0.1203, "pdm_KL (Train acc)": 0.10571666666666667, "pdm_KL (Test acc)": 0.1041}, "comm 2": {"training timing": 413, "local_train_accs": [0.9968289920724802, 1.0, 1.0, 0.9996858309770656, 1.0, 0.9988399071925754, 1.0, 1.0, 1.0, 0.9979867123011879, 1.0, 1.0, 1.0, 1.0, 1.0], "local_test_accs": [0.9968289920724802, 1.0, 1.0, 0.9996858309770656, 1.0, 0.9988399071925754, 1.0, 1.0, 1.0, 0.9979867123011879, 1.0, 1.0, 1.0, 1.0, 1.0], "Uniform ensemble (Train acc)": 0.9555333333333333, "Uniform ensemble (Test acc)": 0.9525, "FedAvg (Train acc)": 0.10701666666666666, "FedAvg (Test acc)": 0.1138, "pdm_KL (Train acc)": 0.09681666666666666, "pdm_KL (Test acc)": 0.1011}, "comm 3": {"training timing": 431, "local_train_accs": [1.0, 1.0, 1.0, 1.0, 0.9988797610156833, 1.0, 1.0, 0.9959915114359821, 1.0, 1.0, 1.0, 1.0, 1.0, 0.994481039700908, 1.0], "local_test_accs": [1.0, 1.0, 1.0, 1.0, 0.9988797610156833, 1.0, 1.0, 0.9959915114359821, 1.0, 1.0, 1.0, 1.0, 1.0, 0.994481039700908, 1.0], "Uniform ensemble (Train acc)": 0.9552333333333334, "Uniform ensemble (Test acc)": 0.9538, "FedAvg (Train acc)": 0.13396666666666668, "FedAvg (Test acc)": 0.1331, "pdm_KL (Train acc)": 0.09871666666666666, "pdm_KL (Test acc)": 0.098}, "comm 4": {"training timing": 396, "local_train_accs": [1.0, 1.0, 1.0, 1.0, 1.0, 0.9997679814385151, 1.0, 1.0, 1.0, 1.0, 0.9986970684039088, 0.9995808885163453, 1.0, 0.9964393804521987, 1.0], "local_test_accs": [1.0, 1.0, 1.0, 1.0, 1.0, 0.9997679814385151, 1.0, 1.0, 1.0, 1.0, 0.9986970684039088, 0.9995808885163453, 1.0, 0.9964393804521987, 1.0], "Uniform ensemble (Train acc)": 0.9560666666666666, "Uniform ensemble (Test acc)": 0.9545, "FedAvg (Train acc)": 0.18713333333333335, "FedAvg (Test acc)": 0.1881, "pdm_KL (Train acc)": 0.09871666666666666, "pdm_KL (Test acc)": 0.098}, "comm 5": {"training timing": 424, "local_train_accs": [1.0, 0.9976028765481423, 1.0, 1.0, 1.0, 1.0, 1.0, 1.0, 1.0, 1.0, 1.0, 1.0, 1.0, 1.0, 0.9968546394068749], "local_test_accs": [1.0, 0.9976028765481423, 1.0, 1.0, 1.0, 1.0, 1.0, 1.0, 1.0, 1.0, 1.0, 1.0, 1.0, 1.0, 0.9968546394068749], "Uniform ensemble (Train acc)": 0.9564833333333334, "Uniform ensemble (Test acc)": 0.9539, "FedAvg (Train acc)": 0.19086666666666666, "FedAvg (Test acc)": 0.1947, "pdm_KL (Train acc)": 0.09871666666666666, "pdm_KL (Test acc)": 0.098}, "comm 6": {"training timing": 407, "local_train_accs": [0.9954699886749717, 1.0, 1.0, 1.0, 1.0, 1.0, 1.0, 1.0, 1.0, 0.9997986712301188, 1.0, 1.0, 1.0, 1.0, 0.9988766569310268], "local_test_accs": [0.9954699886749717, 1.0, 1.0, 1.0, 1.0, 1.0, 1.0, 1.0, 1.0, 0.9997986712301188, 1.0, 1.0, 1.0, 1.0, 0.9988766569310268], "Uniform ensemble (Train acc)": 0.9569666666666666, "Uniform ensemble (Test acc)": 0.9562, "FedAvg (Train acc)": 0.18905, "FedAvg (Test acc)": 0.1882, "pdm_KL (Train acc)": 0.09871666666666666, "pdm_KL (Test acc)": 0.098}, "comm 7": {"training timing": 367, "local_train_accs": [0.997281993204983, 1.0, 0.997907949790795, 1.0, 1.0, 0.9965197215777262, 1.0, 1.0, 1.0, 0.9985906986108315, 0.9996742671009772, 1.0, 1.0, 0.9969734733843689, 1.0], "local_test_accs": [0.997281993204983, 1.0, 0.997907949790795, 1.0, 1.0, 0.9965197215777262, 1.0, 1.0, 1.0, 0.9985906986108315, 0.9996742671009772, 1.0, 1.0, 0.9969734733843689, 1.0], "Uniform ensemble (Train acc)": 0.9569833333333333, "Uniform ensemble (Test acc)": 0.9551, "FedAvg (Train acc)": 0.21103333333333332, "FedAvg (Test acc)": 0.2131, "pdm_KL (Train acc)": 0.09871666666666666, "pdm_KL (Test acc)": 0.098}, "comm 8": {"training timing": 380, "local_train_accs": [1.0, 1.0, 1.0, 1.0, 1.0, 1.0, 1.0, 1.0, 0.9977992957746479, 1.0, 1.0, 1.0, 1.0, 1.0, 0.9995506627724107], "local_test_accs": [1.0, 1.0, 1.0, 1.0, 1.0, 1.0, 1.0, 1.0, 0.9977992957746479, 1.0, 1.0, 1.0, 1.0, 1.0, 0.9995506627724107], "Uniform ensemble (Train acc)": 0.9583333333333334, "Uniform ensemble (Test acc)": 0.957, "FedAvg (Train acc)": 0.19073333333333334, "FedAvg (Test acc)": 0.1931, "pdm_KL (Train acc)": 0.09871666666666666, "pdm_KL (Test acc)": 0.098}, "comm 9": {"training timing": 398, "local_train_accs": [0.9997734994337486, 1.0, 1.0, 1.0, 1.0, 1.0, 1.0, 1.0, 1.0, 1.0, 0.9996742671009772, 1.0, 1.0, 1.0, 1.0], "local_test_accs": [0.9997734994337486, 1.0, 1.0, 1.0, 1.0, 1.0, 1.0, 1.0, 1.0, 1.0, 0.9996742671009772, 1.0, 1.0, 1.0, 1.0], "Uniform ensemble (Train acc)": 0.9569833333333333, "Uniform ensemble (Test acc)": 0.9538, "FedAvg (Train acc)": 0.19766666666666666, "FedAvg (Test acc)": 0.2007, "pdm_KL (Train acc)": 0.09871666666666666, "pdm_KL (Test acc)": 0.098}, "comm 10": {"training timing": 370, "local_train_accs": [1.0, 0.9998002397123452, 0.99860529986053, 0.9996858309770656, 1.0, 0.9997679814385151, 0.994838104176443, 1.0, 1.0, 1.0, 1.0, 1.0, 1.0, 1.0, 0.9991013255448213], "local_test_accs": [1.0, 0.9998002397123452, 0.99860529986053, 0.9996858309770656, 1.0, 0.9997679814385151, 0.994838104176443, 1.0, 1.0, 1.0, 1.0, 1.0, 1.0, 1.0, 0.9991013255448213], "Uniform ensemble (Train acc)": 0.9564666666666667, "Uniform ensemble (Test acc)": 0.9563, "FedAvg (Train acc)": 0.23141666666666666, "FedAvg (Test acc)": 0.2386, "pdm_KL (Train acc)": 0.09863333333333334, "pdm_KL (Test acc)": 0.0958}, "comm 11": {"training timing": 388, "local_train_accs": [1.0, 0.9998002397123452, 1.0, 1.0, 1.0, 1.0, 1.0, 1.0, 1.0, 0.9957720958324945, 1.0, 1.0, 0.9983700081499592, 1.0, 1.0], "local_test_accs": [1.0, 0.9998002397123452, 1.0, 1.0, 1.0, 1.0, 1.0, 1.0, 1.0, 0.9957720958324945, 1.0, 1.0, 0.9983700081499592, 1.0, 1.0], "Uniform ensemble (Train acc)": 0.9477666666666666, "Uniform ensemble (Test acc)": 0.9459, "FedAvg (Train acc)": 0.19418333333333335, "FedAvg (Test acc)": 0.1936, "pdm_KL (Train acc)": 0.09871666666666666, "pdm_KL (Test acc)": 0.098}, "comm 12": {"training timing": 375,