{"seed": 4, "Data statistics": "{0: {0: 169, 1: 1363, 2: 279, 3: 2663}, 1: {0: 364, 1: 238, 2: 145, 3: 5, 4: 26, 5: 835, 6: 242, 7: 1252, 8: 1642}, 2: {0: 239, 1: 1102, 2: 75, 3: 318, 4: 1934, 5: 54, 6: 14, 7: 11, 8: 294}, 3: {0: 333, 1: 63, 2: 379, 3: 192, 4: 1710, 5: 59, 6: 1772}, 4: {0: 1, 1: 560, 2: 318, 3: 451, 4: 198, 5: 844, 6: 2234}, 5: {0: 123, 1: 150, 2: 13, 3: 35, 4: 92, 5: 1268, 6: 49, 7: 210, 8: 60, 9: 48}, 6: {0: 62, 1: 154, 2: 223, 3: 59, 4: 1120, 5: 78, 6: 2, 7: 78, 8: 285, 9: 1}, 7: {0: 366, 1: 470, 2: 670, 3: 470, 4: 161, 5: 1, 6: 83, 7: 1800}, 8: {0: 1342, 1: 378, 2: 7, 3: 16, 5: 35, 6: 38, 7: 14, 8: 185, 9: 4}, 9: {0: 126, 1: 12, 2: 87, 3: 14, 4: 86, 5: 79, 7: 49, 8: 2619, 9: 5430}, 10: {0: 975, 1: 176, 2: 535, 3: 1074, 4: 300, 5: 140, 6: 38, 7: 143, 8: 60, 9: 348}, 11: {0: 681, 1: 26, 2: 803, 4: 51, 5: 45, 6: 80, 7: 84, 8: 697, 9: 75}, 12: {0: 312, 1: 3, 2: 1846, 3: 34, 5: 269, 6: 10, 7: 7, 8: 8, 9: 43}, 13: {0: 693, 1: 1976, 2: 59, 3: 331, 4: 132, 5: 1021}, 14: {0: 137, 1: 71, 2: 519, 3: 469, 4: 32, 5: 693, 6: 1356, 7: 2617, 8: 1}}", "comm 0": {"training timing": 543, "local_train_accs": [0.9930710773357175, 0.9974731522425774, 1.0, 0.9977817213842058, 1.0, 1.0, 1.0, 1.0, 1.0, 1.0, 1.0, 1.0, 1.0, 1.0, 1.0], "local_test_accs": [0.9930710773357175, 0.9974731522425774, 1.0, 0.9977817213842058, 1.0, 1.0, 1.0, 1.0, 1.0, 1.0, 1.0, 1.0, 1.0, 1.0, 1.0], "Uniform ensemble (Train acc)": 0.8990666666666667, "Uniform ensemble (Test acc)": 0.9005, "FedAvg (Train acc)": 0.23248333333333332, "FedAvg (Test acc)": 0.2345, "pdm_KL (Train acc)": 0.11235, "pdm_KL (Test acc)": 0.1135}, "comm 1": {"training timing": 978, "local_train_accs": [0.9991059454626732, 0.9941040218993472, 0.9997525365008662, 0.9991126885536823, 0.9963091619626574, 1.0, 0.9980601357904947, 0.996518279035066, 1.0, 0.9972947541754881, 1.0, 1.0, 1.0, 1.0, 0.998303647158609], "local_test_accs": [0.9991059454626732, 0.9941040218993472, 0.9997525365008662, 0.9991126885536823, 0.9963091619626574, 1.0, 0.9980601357904947, 0.996518279035066, 1.0, 0.9972947541754881, 1.0, 1.0, 1.0, 1.0, 0.998303647158609], "Uniform ensemble (Train acc)": 0.8979666666666667, "Uniform ensemble (Test acc)": 0.8969, "FedAvg (Train acc)": 0.1034, "FedAvg (Test acc)": 0.1081, "pdm_KL (Train acc)": 0.09751666666666667, "pdm_KL (Test acc)": 0.0974}, "comm 2": {"training timing": 1059, "local_train_accs": [1.0, 0.998104864181933, 0.9977728285077951, 0.9980035492457853, 0.9984802431610942, 0.99951171875, 0.9990300678952473, 1.0, 1.0, 0.9998823806163256, 1.0, 1.0, 1.0, 0.9992877492877493, 0.9957591178965225], "local_test_accs": [1.0, 0.998104864181933, 0.9977728285077951, 0.9980035492457853, 0.9984802431610942, 0.99951171875, 0.9990300678952473, 1.0, 1.0, 0.9998823806163256, 1.0, 1.0, 1.0, 0.9992877492877493, 0.9957591178965225], "Uniform ensemble (Train acc)": 0.9021333333333333, "Uniform ensemble (Test acc)": 0.9054, "FedAvg (Train acc)": 0.10876666666666666, "FedAvg (Test acc)": 0.1128, "pdm_KL (Train acc)": 0.09871666666666666, "pdm_KL (Test acc)": 0.098}, "comm 3": {"training timing": 1052, "local_train_accs": [1.0, 1.0, 0.993813412521653, 0.9997781721384206, 0.9997828918801563, 0.99609375, 1.0, 0.9995026112907237, 1.0, 0.9997647612326511, 1.0, 1.0, 1.0, 1.0, 0.9986429177268872], "local_test_accs": [1.0, 1.0, 0.993813412521653, 0.9997781721384206, 0.9997828918801563, 0.99609375, 1.0, 0.9995026112907237, 1.0, 0.9997647612326511, 1.0, 1.0, 1.0, 1.0, 0.9986429177268872], "Uniform ensemble (Train acc)": 0.8986333333333333, "Uniform ensemble (Test acc)": 0.8979, "FedAvg (Train acc)": 0.11715, "FedAvg (Test acc)": 0.1208, "pdm_KL (Train acc)": 0.09863333333333334, "pdm_KL (Test acc)": 0.0958}, "comm 4": {"training timing": 948, "local_train_accs": [1.0, 1.0, 0.9990101460034645, 1.0, 1.0, 1.0, 0.9980601357904947, 1.0, 0.9995047052996533, 0.9998823806163256, 1.0, 0.988985051140834, 1.0, 0.998338081671415, 0.9996607294317218], "local_test_accs": [1.0, 1.0, 0.9990101460034645, 1.0, 1.0, 1.0, 0.9980601357904947, 1.0, 0.9995047052996533, 0.9998823806163256, 1.0, 0.988985051140834, 1.0, 0.998338081671415, 0.9996607294317218], "Uniform ensemble (Train acc)": 0.8868833333333334, "Uniform ensemble (Test acc)": 0.885, "FedAvg (Train acc)": 0.11865, "FedAvg (Test acc)": 0.1222, "pdm_KL (Train acc)": 0.09863333333333334, "pdm_KL (Test acc)": 0.0958}, "comm 5": {"training timing": 840, "local_train_accs": [0.9995529727313366, 0.9989471467677405, 0.9995050730017322, 0.9986690328305236, 0.9969604863221885, 1.0, 0.9990300678952473, 1.0, 1.0, 0.9968242766407904, 0.9978886249670098, 0.9933123524783635, 1.0, 1.0, 0.9974554707379135], "local_test_accs": [0.9995529727313366, 0.9989471467677405, 0.9995050730017322, 0.9986690328305236, 0.9969604863221885, 1.0, 0.9990300678952473, 1.0, 1.0, 0.9968242766407904, 0.9978886249670098, 0.9933123524783635, 1.0, 1.0, 0.9974554707379135], "Uniform ensemble (Train acc)": 0.88515, "Uniform ensemble (Test acc)": 0.8852, "FedAvg (Train acc)": 0.1282, "FedAvg (Test acc)": 0.1322, "pdm_KL (Train acc)": 0.09035, "pdm_KL (Test acc)": 0.0892}, "comm 6": {"training timing": 823, "local_train_accs": [1.0, 1.0, 1.0, 0.9993345164152617, 0.9969604863221885, 0.99560546875, 0.9966052376333656, 1.0, 0.9980188211986132, 1.0, 0.9984164687252574, 1.0, 1.0, 1.0, 0.9976251060220526], "local_test_accs": [1.0, 1.0, 1.0, 0.9993345164152617, 0.9969604863221885, 0.99560546875, 0.9966052376333656, 1.0, 0.9980188211986132, 1.0, 0.9984164687252574, 1.0, 1.0, 1.0, 0.9976251060220526], "Uniform ensemble (Train acc)": 0.8863, "Uniform ensemble (Test acc)": 0.8832, "FedAvg (Train acc)": 0.10923333333333334, "FedAvg (Test acc)": 0.1105, "pdm_KL (Train acc)": 0.09871666666666666, "pdm_KL (Test acc)": 0.098}, "comm 7": {"training timing": 688, "local_train_accs": [1.0, 1.0, 0.9992576095025983, 0.998890860692103, 0.9997828918801563, 1.0, 0.9995150339476236, 1.0, 1.0, 0.9978828510938603, 0.9997360781208762, 1.0, 1.0, 0.9976258309591642, 0.999830364715861], "local_test_accs": [1.0, 1.0, 0.9992576095025983, 0.998890860692103, 0.9997828918801563, 1.0, 0.9995150339476236, 1.0, 1.0, 0.9978828510938603, 0.9997360781208762, 1.0, 1.0, 0.9976258309591642, 0.999830364715861], "Uniform ensemble (Train acc)": 0.9014833333333333, "Uniform ensemble (Test acc)": 0.9017, "FedAvg (Train acc)": 0.16183333333333333, "FedAvg (Test acc)": 0.1586, "pdm_KL (Train acc)": 0.09863333333333334, "pdm_KL (Test acc)": 0.0958}, "comm 8": {"training timing": 673, "local_train_accs": [1.0, 0.9989471467677405, 1.0, 0.9991126885536823, 1.0, 0.998046875, 0.998545101842871, 0.9987565282268093, 0.9995047052996533, 0.9958833215713949, 0.9970968593296384, 0.9996066089693155, 0.9996050552922591, 1.0, 1.0], "local_test_accs": [1.0, 0.9989471467677405, 1.0, 0.9991126885536823, 1.0, 0.998046875, 0.998545101842871, 0.9987565282268093, 0.9995047052996533, 0.9958833215713949, 0.9970968593296384, 0.9996066089693155, 0.9996050552922591, 1.0, 1.0], "Uniform ensemble (Train acc)": 0.9043166666666667, "Uniform ensemble (Test acc)": 0.9055, "FedAvg (Train acc)": 0.18733333333333332, "FedAvg (Test acc)": 0.1838, "pdm_KL (Train acc)": 0.09863333333333334, "pdm_KL (Test acc)": 0.0958}, "comm 9": {"training timing": 586, "local_train_accs": [1.0, 0.9985260054748368, 0.9799554565701559, 1.0, 1.0, 1.0, 1.0, 1.0, 1.0, 0.9982357092448836, 1.0, 0.9988198269079465, 0.9980252764612955, 1.0, 1.0], "local_test_accs": [1.0, 0.9985260054748368, 0.9799554565701559, 1.0, 1.0, 1.0, 1.0, 1.0, 1.0, 0.9982357092448836, 1.0, 0.9988198269079465, 0.9980252764612955, 1.0, 1.0], "Uniform ensemble (Train acc)": 0.89275, "Uniform ensemble (Test acc)": 0.8932, "FedAvg (Train acc)": 0.1936, "FedAvg (Test acc)": 0.191, "pdm_KL (Train acc)": 0.10218333333333333, "pdm_KL (Test acc)": 0.101}, "comm 10": {"training timing": 574, "local_train_accs": [1.0, 1.0, 1.0, 1.0, 1.0, 0.9970703125, 1.0, 0.998259139517533, 1.0, 1.0, 0.9910266561097915, 1.0, 1.0, 1.0, 0.999830364715861],