{"seed": 8, "Data statistics": "{0: {0: 336, 1: 326, 2: 342, 3: 328, 4: 359, 5: 335, 6: 338, 7: 305, 8: 320, 9: 345}, 1: {0: 364, 1: 338, 2: 304, 3: 352, 4: 335, 5: 338, 6: 353, 7: 328, 8: 281, 9: 341}, 2: {0: 340, 1: 342, 2: 347, 3: 324, 4: 320, 5: 315, 6: 341, 7: 325, 8: 331, 9: 349}, 3: {0: 309, 1: 331, 2: 321, 3: 310, 4: 333, 5: 349, 6: 336, 7: 341, 8: 368, 9: 336}, 4: {0: 330, 1: 346, 2: 314, 3: 321, 4: 330, 5: 348, 6: 317, 7: 337, 8: 344, 9: 347}, 5: {0: 327, 1: 337, 2: 345, 3: 346, 4: 338, 5: 333, 6: 331, 7: 317, 8: 334, 9: 325}, 6: {0: 324, 1: 308, 2: 345, 3: 325, 4: 342, 5: 331, 6: 326, 7: 344, 8: 364, 9: 324}, 7: {0: 324, 1: 331, 2: 312, 3: 346, 4: 346, 5: 329, 6: 324, 7: 342, 8: 349, 9: 330}, 8: {0: 328, 1: 326, 2: 331, 3: 308, 4: 343, 5: 339, 6: 353, 7: 324, 8: 323, 9: 358}, 9: {0: 324, 1: 341, 2: 345, 3: 329, 4: 358, 5: 327, 6: 326, 7: 330, 8: 340, 9: 313}, 10: {0: 337, 1: 366, 2: 348, 3: 355, 4: 306, 5: 320, 6: 315, 7: 315, 8: 343, 9: 328}, 11: {0: 317, 1: 311, 2: 355, 3: 343, 4: 329, 5: 323, 6: 341, 7: 350, 8: 346, 9: 318}, 12: {0: 327, 1: 345, 2: 312, 3: 323, 4: 338, 5: 318, 6: 345, 7: 366, 8: 329, 9: 330}, 13: {0: 349, 1: 313, 2: 314, 3: 362, 4: 303, 5: 384, 6: 329, 7: 326, 8: 302, 9: 351}, 14: {0: 364, 1: 339, 2: 365, 3: 328, 4: 320, 5: 311, 6: 325, 7: 350, 8: 326, 9: 305}}", "comm 0": {"training timing": 241, "local_train_accs": [0.42231553689262147, 0.4394121175764847, 0.45920815836832635, 0.4793041391721656, 0.45650869826034796, 0.44824482448244823, 0.41344134413441347, 0.4683468346834683, 0.46444644464446444, 0.42544254425442546, 0.49294929492949296, 0.45004500450045004, 0.46114611461146116, 0.45364536453645365, 0.45544554455445546], "local_test_accs": [0.42231553689262147, 0.4394121175764847, 0.45920815836832635, 0.4793041391721656, 0.45650869826034796, 0.44824482448244823, 0.41344134413441347, 0.4683468346834683, 0.46444644464446444, 0.42544254425442546, 0.49294929492949296, 0.45004500450045004, 0.46114611461146116, 0.45364536453645365, 0.45544554455445546], "Uniform ensemble (Train acc)": 0.41918, "Uniform ensemble (Test acc)": 0.4191, "FedAvg (Train acc)": 0.09992, "FedAvg (Test acc)": 0.1002, "pdm_KL (Train acc)": 0.2987, "pdm_KL (Test acc)": 0.2952}, "comm 1": {"training timing": 315, "local_train_accs": [0.4994001199760048, 0.5107978404319136, 0.498500299940012, 0.531493701259748, 0.5218956208758249, 0.5088508850885088, 0.49954995499549953, 0.49624962496249625, 0.525952595259526, 0.5082508250825083, 0.5196519651965197, 0.5103510351035103, 0.5211521152115212, 0.48304830483048306, 0.5193519351935193], "local_test_accs": [0.4994001199760048, 0.5107978404319136, 0.498500299940012, 0.531493701259748, 0.5218956208758249, 0.5088508850885088, 0.49954995499549953, 0.49624962496249625, 0.525952595259526, 0.5082508250825083, 0.5196519651965197, 0.5103510351035103, 0.5211521152115212, 0.48304830483048306, 0.5193519351935193], "Uniform ensemble (Train acc)": 0.4464, "Uniform ensemble (Test acc)": 0.4403, "FedAvg (Train acc)": 0.1001, "FedAvg (Test acc)": 0.1001, "pdm_KL (Train acc)": 0.37182, "pdm_KL (Test acc)": 0.3682}, "comm 2": {"training timing": 330, "local_train_accs": [0.5275944811037793, 0.5632873425314937, 0.5764847030593881, 0.5695860827834434, 0.5674865026994601, 0.5052505250525052, 0.5517551755175517, 0.5487548754875488, 0.5718571857185718, 0.5553555355535553, 0.5898589858985899, 0.5625562556255626, 0.5589558955895589, 0.51995199519952, 0.5391539153915391], "local_test_accs": [0.5275944811037793, 0.5632873425314937, 0.5764847030593881, 0.5695860827834434, 0.5674865026994601, 0.5052505250525052, 0.5517551755175517, 0.5487548754875488, 0.5718571857185718, 0.5553555355535553, 0.5898589858985899, 0.5625562556255626, 0.5589558955895589, 0.51995199519952, 0.5391539153915391], "Uniform ensemble (Train acc)": 0.46108, "Uniform ensemble (Test acc)": 0.4494, "FedAvg (Train acc)": 0.1, "FedAvg (Test acc)": 0.1001, "pdm_KL (Train acc)": 0.39886, "pdm_KL (Test acc)": 0.3956}, "comm 3": {"training timing": 341, "local_train_accs": [0.5695860827834434, 0.5947810437912417, 0.598380323935213, 0.6022795440911818, 0.6292741451709658, 0.5985598559855986, 0.6063606360636064, 0.5826582658265826, 0.5808580858085809, 0.5958595859585959, 0.6234623462346235, 0.6075607560756076, 0.651965196519652, 0.6078607860786078, 0.6072607260726073], "local_test_accs": [0.5695860827834434, 0.5947810437912417, 0.598380323935213, 0.6022795440911818, 0.6292741451709658, 0.5985598559855986, 0.6063606360636064, 0.5826582658265826, 0.5808580858085809, 0.5958595859585959, 0.6234623462346235, 0.6075607560756076, 0.651965196519652, 0.6078607860786078, 0.6072607260726073], "Uniform ensemble (Train acc)": 0.47628, "Uniform ensemble (Test acc)": 0.4597, "FedAvg (Train acc)": 0.10038, "FedAvg (Test acc)": 0.1004, "pdm_KL (Train acc)": 0.41368, "pdm_KL (Test acc)": 0.4068}, "comm 4": {"training timing": 344, "local_train_accs": [0.5980803839232154, 0.6499700059988003, 0.6631673665266946, 0.6661667666466706, 0.6823635272945411, 0.5985598559855986, 0.6411641164116412, 0.6531653165316532, 0.6624662466246625, 0.6471647164716472, 0.6627662766276627, 0.630963096309631, 0.681968196819682, 0.6315631563156315, 0.6336633663366337], "local_test_accs": [0.5980803839232154, 0.6499700059988003, 0.6631673665266946, 0.6661667666466706, 0.6823635272945411, 0.5985598559855986, 0.6411641164116412, 0.6531653165316532, 0.6624662466246625, 0.6471647164716472, 0.6627662766276627, 0.630963096309631, 0.681968196819682, 0.6315631563156315, 0.6336633663366337], "Uniform ensemble (Train acc)": 0.48852, "Uniform ensemble (Test acc)": 0.466, "FedAvg (Train acc)": 0.10042, "FedAvg (Test acc)": 0.1003, "pdm_KL (Train acc)": 0.4234, "pdm_KL (Test acc)": 0.4142}, "comm 5": {"training timing": 345, "local_train_accs": [0.6862627474505099, 0.6949610077984403, 0.676364727054589, 0.6982603479304139, 0.7018596280743852, 0.6948694869486949, 0.6768676867686768, 0.6642664266426642, 0.6912691269126913, 0.6585658565856586, 0.7116711671167116, 0.6999699969997, 0.7122712271227123, 0.6708670867086709, 0.6720672067206721], "local_test_accs": [0.6862627474505099, 0.6949610077984403, 0.676364727054589, 0.6982603479304139, 0.7018596280743852, 0.6948694869486949, 0.6768676867686768, 0.6642664266426642, 0.6912691269126913, 0.6585658565856586, 0.7116711671167116, 0.6999699969997, 0.7122712271227123, 0.6708670867086709, 0.6720672067206721], "Uniform ensemble (Train acc)": 0.50092, "Uniform ensemble (Test acc)": 0.4749, "FedAvg (Train acc)": 0.10088, "FedAvg (Test acc)": 0.1011, "pdm_KL (Train acc)": 0.43586, "pdm_KL (Test acc)": 0.4282}, "comm 6": {"training timing": 325, "local_train_accs": [0.6874625074985004, 0.7675464907018597, 0.7504499100179964, 0.7204559088182364, 0.7504499100179964, 0.7104710471047104, 0.7083708370837084, 0.7011701170117012, 0.7260726072607261, 0.735973597359736, 0.7431743174317432, 0.7245724572457246, 0.7296729672967297, 0.7047704770477048, 0.7041704170417041], "local_test_accs": [0.6874625074985004, 0.7675464907018597, 0.7504499100179964, 0.7204559088182364, 0.7504499100179964, 0.7104710471047104, 0.7083708370837084, 0.7011701170117012, 0.7260726072607261, 0.735973597359736, 0.7431743174317432, 0.7245724572457246, 0.7296729672967297, 0.7047704770477048, 0.7041704170417041], "Uniform ensemble (Train acc)": 0.5081, "Uniform ensemble (Test acc)": 0.4784, "FedAvg (Train acc)": 0.10128, "FedAvg (Test acc)": 0.1014, "pdm_KL (Train acc)": 0.44382, "pdm_KL (Test acc)": 0.4335}, "comm 7": {"training timing": 308, "local_train_accs": [0.7411517696460708, 0.7846430713857229, 0.7681463707258548, 0.794241151769646, 0.7891421715656869, 0.7110711071107111, 0.7320732073207321, 0.7800780078007801, 0.756975697569757, 0.726972697269727, 0.7926792679267927, 0.7392739273927392, 0.8004800480048004, 0.7395739573957396, 0.7038703870387039],