{"seed": 6, "Data statistics": "{0: {0: 359, 1: 323, 2: 321, 3: 326, 4: 330, 5: 334, 6: 347, 7: 334, 8: 340, 9: 320}, 1: {0: 330, 1: 341, 2: 314, 3: 324, 4: 340, 5: 319, 6: 336, 7: 313, 8: 335, 9: 382}, 2: {0: 328, 1: 343, 2: 312, 3: 343, 4: 361, 5: 346, 6: 327, 7: 316, 8: 346, 9: 312}, 3: {0: 343, 1: 324, 2: 321, 3: 348, 4: 344, 5: 324, 6: 339, 7: 313, 8: 349, 9: 329}, 4: {0: 319, 1: 327, 2: 323, 3: 328, 4: 317, 5: 354, 6: 344, 7: 355, 8: 337, 9: 330}, 5: {0: 318, 1: 307, 2: 366, 3: 331, 4: 333, 5: 346, 6: 298, 7: 324, 8: 349, 9: 361}, 6: {0: 344, 1: 323, 2: 357, 3: 335, 4: 353, 5: 302, 6: 344, 7: 328, 8: 338, 9: 309}, 7: {0: 328, 1: 331, 2: 313, 3: 347, 4: 328, 5: 321, 6: 352, 7: 344, 8: 346, 9: 323}, 8: {0: 336, 1: 330, 2: 334, 3: 349, 4: 319, 5: 350, 6: 352, 7: 305, 8: 325, 9: 333}, 9: {0: 311, 1: 337, 2: 343, 3: 330, 4: 299, 5: 360, 6: 339, 7: 352, 8: 330, 9: 332}, 10: {0: 347, 1: 324, 2: 369, 3: 328, 4: 306, 5: 312, 6: 324, 7: 357, 8: 341, 9: 325}, 11: {0: 350, 1: 358, 2: 319, 3: 300, 4: 342, 5: 339, 6: 311, 7: 339, 8: 304, 9: 371}, 12: {0: 331, 1: 333, 2: 334, 3: 358, 4: 343, 5: 327, 6: 318, 7: 341, 8: 325, 9: 323}, 13: {0: 341, 1: 332, 2: 324, 3: 321, 4: 343, 5: 336, 6: 344, 7: 349, 8: 318, 9: 325}, 14: {0: 315, 1: 367, 2: 350, 3: 332, 4: 342, 5: 330, 6: 325, 7: 330, 8: 317, 9: 325}}", "comm 0": {"training timing": 329, "local_train_accs": [0.4433113377324535, 0.47450509898020393, 0.4610077984403119, 0.4430113977204559, 0.46220755848830236, 0.48814881488148815, 0.4446444644464446, 0.4746474647464746, 0.44914491449144917, 0.44044404440444046, 0.45034503450345037, 0.44794479447944796, 0.46624662466246625, 0.47764776477647763, 0.41794179417941796], "local_test_accs": [0.4433113377324535, 0.47450509898020393, 0.4610077984403119, 0.4430113977204559, 0.46220755848830236, 0.48814881488148815, 0.4446444644464446, 0.4746474647464746, 0.44914491449144917, 0.44044404440444046, 0.45034503450345037, 0.44794479447944796, 0.46624662466246625, 0.47764776477647763, 0.41794179417941796], "Uniform ensemble (Train acc)": 0.42702, "Uniform ensemble (Test acc)": 0.4243, "FedAvg (Train acc)": 0.0991, "FedAvg (Test acc)": 0.0994, "pdm_KL (Train acc)": 0.2603, "pdm_KL (Test acc)": 0.2621}, "comm 1": {"training timing": 418, "local_train_accs": [0.4934013197360528, 0.5215956808638272, 0.5020995800839833, 0.5338932213557288, 0.5020995800839833, 0.49204920492049203, 0.47884788478847884, 0.4965496549654965, 0.5097509750975098, 0.4902490249024902, 0.5067506750675067, 0.5184518451845185, 0.5187518751875188, 0.531953195319532, 0.5229522952295229], "local_test_accs": [0.4934013197360528, 0.5215956808638272, 0.5020995800839833, 0.5338932213557288, 0.5020995800839833, 0.49204920492049203, 0.47884788478847884, 0.4965496549654965, 0.5097509750975098, 0.4902490249024902, 0.5067506750675067, 0.5184518451845185, 0.5187518751875188, 0.531953195319532, 0.5229522952295229], "Uniform ensemble (Train acc)": 0.4498, "Uniform ensemble (Test acc)": 0.4457, "FedAvg (Train acc)": 0.09972, "FedAvg (Test acc)": 0.0998, "pdm_KL (Train acc)": 0.383, "pdm_KL (Test acc)": 0.3763}, "comm 2": {"training timing": 368, "local_train_accs": [0.5425914817036592, 0.5692861427714457, 0.5758848230353929, 0.5704859028194361, 0.5356928614277144, 0.5289528952895289, 0.5511551155115512, 0.5871587158715872, 0.5706570657065707, 0.5742574257425742, 0.5418541854185418, 0.5862586258625863, 0.573057305730573, 0.5892589258925892, 0.5175517551755175], "local_test_accs": [0.5425914817036592, 0.5692861427714457, 0.5758848230353929, 0.5704859028194361, 0.5356928614277144, 0.5289528952895289, 0.5511551155115512, 0.5871587158715872, 0.5706570657065707, 0.5742574257425742, 0.5418541854185418, 0.5862586258625863, 0.573057305730573, 0.5892589258925892, 0.5175517551755175], "Uniform ensemble (Train acc)": 0.46538, "Uniform ensemble (Test acc)": 0.4506, "FedAvg (Train acc)": 0.10008, "FedAvg (Test acc)": 0.1, "pdm_KL (Train acc)": 0.41268, "pdm_KL (Test acc)": 0.4107}, "comm 3": {"training timing": 385, "local_train_accs": [0.5881823635272946, 0.6322735452909418, 0.637372525494901, 0.6349730053989202, 0.6112777444511098, 0.6396639663966397, 0.6066606660666066, 0.600960096009601, 0.6036603660366037, 0.624062406240624, 0.57995799579958, 0.6147614761476148, 0.6228622862286228, 0.606960696069607, 0.6567656765676567], "local_test_accs": [0.5881823635272946, 0.6322735452909418, 0.637372525494901, 0.6349730053989202, 0.6112777444511098, 0.6396639663966397, 0.6066606660666066, 0.600960096009601, 0.6036603660366037, 0.624062406240624, 0.57995799579958, 0.6147614761476148, 0.6228622862286228, 0.606960696069607, 0.6567656765676567], "Uniform ensemble (Train acc)": 0.4815, "Uniform ensemble (Test acc)": 0.4634, "FedAvg (Train acc)": 0.10748, "FedAvg (Test acc)": 0.1063, "pdm_KL (Train acc)": 0.43304, "pdm_KL (Test acc)": 0.4285}, "comm 4": {"training timing": 247, "local_train_accs": [0.676364727054589, 0.6790641871625674, 0.5929814037192561, 0.6589682063587282, 0.6154769046190762, 0.7005700570057005, 0.6294629462946295, 0.6564656465646564, 0.6744674467446745, 0.6201620162016201, 0.678967896789679, 0.6801680168016802, 0.6666666666666666, 0.5955595559555955, 0.6666666666666666], "local_test_accs": [0.676364727054589, 0.6790641871625674, 0.5929814037192561, 0.6589682063587282, 0.6154769046190762, 0.7005700570057005, 0.6294629462946295, 0.6564656465646564, 0.6744674467446745, 0.6201620162016201, 0.678967896789679, 0.6801680168016802, 0.6666666666666666, 0.5955595559555955, 0.6666666666666666], "Uniform ensemble (Train acc)": 0.4934, "Uniform ensemble (Test acc)": 0.4738, "FedAvg (Train acc)": 0.10668, "FedAvg (Test acc)": 0.1049, "pdm_KL (Train acc)": 0.43932, "pdm_KL (Test acc)": 0.4323}, "comm 5": {"training timing": 307, "local_train_accs": [0.7285542891421716, 0.6913617276544691, 0.6676664667066586, 0.7165566886622675, 0.6760647870425914, 0.7206720672067207, 0.681968196819682, 0.7017701770177017, 0.7041704170417041, 0.678067806780678, 0.7077707770777077, 0.7002700270027002, 0.6810681068106811, 0.6618661866186618, 0.6960696069606961], "local_test_accs": [0.7285542891421716, 0.6913617276544691, 0.6676664667066586, 0.7165566886622675, 0.6760647870425914, 0.7206720672067207, 0.681968196819682, 0.7017701770177017, 0.7041704170417041, 0.678067806780678, 0.7077707770777077, 0.7002700270027002, 0.6810681068106811, 0.6618661866186618, 0.6960696069606961], "Uniform ensemble (Train acc)": 0.50196, "Uniform ensemble (Test acc)": 0.4747, "FedAvg (Train acc)": 0.13758, "FedAvg (Test acc)": 0.1389, "pdm_KL (Train acc)": 0.45116, "pdm_KL (Test acc)": 0.4408}, "comm 6": {"training timing": 272, "local_train_accs": [0.7585482903419316, 0.7585482903419316, 0.7141571685662867, 0.7207558488302339, 0.7243551289742052, 0.7770777077707771, 0.7584758475847585, 0.7422742274227423, 0.7323732373237324, 0.7044704470447045, 0.7308730873087309, 0.7560756075607561, 0.7626762676267627, 0.7347734773477348, 0.768076807680768], "local_test_accs": [0.7585482903419316, 0.7585482903419316, 0.7141571685662867, 0.7207558488302339, 0.7243551289742052, 0.7770777077707771, 0.7584758475847585, 0.7422742274227423, 0.7323732373237324, 0.7044704470447045, 0.7308730873087309, 0.7560756075607561, 0.7626762676267627, 0.7347734773477348, 0.768076807680768], "Uniform ensemble (Train acc)": 0.51318, "Uniform ensemble (Test acc)": 0.4808, "FedAvg (Train acc)": 0.14092, "FedAvg (Test acc)": 0.1456, "pdm_KL (Train acc)": 0.46054, "pdm_KL (Test acc)": 0.4488}, "comm 7": {"training timing": 264, "local_train_accs": [0.7528494301139772, 0.8194361127774445, 0.7696460707858428, 0.7660467906418716, 0.7606478704259149, 0.8058805880588059, 0.7842784278427842, 0.774977497749775, 0.7674767476747675, 0.7743774377437744, 0.7986798679867987, 0.7974797479747975, 0.7656765676567657, 0.7704770477047704, 0.8016801680168016],