{"seed": 9, "Data statistics": "{0: {0: 850, 1: 134, 2: 1, 3: 25, 4: 72, 5: 460, 6: 154, 7: 349, 8: 2830, 9: 76}, 1: {0: 207, 1: 1494, 2: 666, 3: 1620, 4: 108, 5: 232, 6: 695}, 2: {0: 273, 1: 142, 2: 96, 3: 413, 4: 807, 5: 440, 6: 112, 7: 72, 8: 6, 9: 476}, 3: {0: 943, 1: 497, 2: 82, 3: 901, 4: 767, 5: 61, 6: 16, 7: 1049, 8: 13, 9: 18}, 4: {0: 706, 1: 124, 2: 1814, 3: 664, 4: 2594}, 5: {0: 58, 2: 452, 3: 3, 4: 95, 5: 842, 6: 14, 7: 1323, 8: 1770, 9: 199}, 6: {0: 289, 1: 63, 2: 4, 3: 214, 4: 342, 5: 1069, 6: 860, 7: 239, 9: 2287}, 7: {0: 755, 1: 464, 2: 1575, 3: 452, 4: 50, 5: 8, 6: 2365}, 8: {0: 116, 1: 1976, 2: 6, 3: 563, 4: 76, 5: 1467, 6: 95, 7: 785}, 9: {0: 803, 1: 106, 2: 304, 3: 145, 4: 89, 5: 421, 6: 689, 7: 1183, 8: 381, 9: 1944}}", "local_train_accs": [0.7212684306200767, 0.6288331342094783, 0.5326048642932676, 0.5978835978835979, 0.5799728905455778, 0.6738856181665265, 0.6811999254704677, 0.6496736637855001, 0.6902045633359559, 0.5957131079967024], "local_test_accs": [0.2548, 0.239, 0.2516, 0.2718, 0.2074, 0.2589, 0.2997, 0.2385, 0.2231, 0.3031], "pdm_match": {}, "pdm_KL_match": {}, "pdm_KL2_match": {"Best Result": {"Best Sigma0": 1.0, "Best sigma": 1.0, "Best gamma": 1.0, "Best Test accuracy": 0.2988, "Train acc": 0.3051}, "PDM log": "{(1.0, 1.0, 1.0): {'shapes': [(3072, 280), (280,), (280, 10), (10,)], 'train_accuracy': 0.3051, 'test_accuracy': 0.2988}, (10.0, 1.0, 1.0): {'shapes': [(3072, 118), (118,), (118, 10), (10,)], 'train_accuracy': 0.2468, 'test_accuracy': 0.2432}, (1.0, 0.1, 1.0): {'shapes': [(3072, 700), (700,), (700, 10), (10,)], 'train_accuracy': 0.26904, 'test_accuracy': 0.2685}, (10.0, 0.1, 1.0): {'shapes': [(3072, 127), (127,), (127, 10), (10,)], 'train_accuracy': 0.25844, 'test_accuracy': 0.2557}, (1.0, 0.5, 1.0): {'shapes': [(3072, 700), (700,), (700, 10), (10,)], 'train_accuracy': 0.26746, 'test_accuracy': 0.2666}, (10.0, 0.5, 1.0): {'shapes': [(3072, 118), (118,), (118, 10), (10,)], 'train_accuracy': 0.2415, 'test_accuracy': 0.2389}, (1.0, 1.0, 10.0): {'shapes': [(3072, 700), (700,), (700, 10), (10,)], 'train_accuracy': 0.26708, 'test_accuracy': 0.2669}, (10.0, 1.0, 10.0): {'shapes': [(3072, 271), (271,), (271, 10), (10,)], 'train_accuracy': 0.30378, 'test_accuracy': 0.2964}, (1.0, 0.1, 10.0): {'shapes': [(3072, 700), (700,), (700, 10), (10,)], 'train_accuracy': 0.28248, 'test_accuracy': 0.2825}, (10.0, 0.1, 10.0): {'shapes': [(3072, 352), (352,), (352, 10), (10,)], 'train_accuracy': 0.2925, 'test_accuracy': 0.2947}, (1.0, 0.5, 10.0): {'shapes': [(3072, 700), (700,), (700, 10), (10,)], 'train_accuracy': 0.26878, 'test_accuracy': 0.2679}, (10.0, 0.5, 10.0): {'shapes': [(3072, 307), (307,), (307, 10), (10,)], 'train_accuracy': 0.29996, 'test_accuracy': 0.2992}, (1.0, 1.0, 50.0): {'shapes': [(3072, 700), (700,), (700, 10), (10,)], 'train_accuracy': 0.26706, 'test_accuracy': 0.2669}, (10.0, 1.0, 50.0): {'shapes': [(3072, 478), (478,), (478, 10), (10,)], 'train_accuracy': 0.26992, 'test_accuracy': 0.2677}, (1.0, 0.1, 50.0): {'shapes': [(3072, 700), (700,), (700, 10), (10,)], 'train_accuracy': 0.27902, 'test_accuracy': 0.2793}, (10.0, 0.1, 50.0): {'shapes': [(3072, 469), (469,), (469, 10), (10,)], 'train_accuracy': 0.27104, 'test_accuracy': 0.2705}, (1.0, 0.5, 50.0): {'shapes': [(3072, 700), (700,), (700, 10), (10,)], 'train_accuracy': 0.26888, 'test_accuracy': 0.2679}, (10.0, 0.5, 50.0): {'shapes': [(3072, 505), (505,), (505, 10), (10,)], 'train_accuracy': 0.26942, 'test_accuracy': 0.2684}}"}}