{
  "seed" : 0,
  "Data statistics" : "{0: {0: 953, 1: 142, 2: 141, 3: 75, 4: 695, 5: 819, 7: 2482}, 1: {0: 16, 1: 43, 2: 902, 3: 1650, 4: 86, 5: 182, 7: 693, 8: 110, 9: 6}, 2: {0: 9, 1: 8, 2: 290, 3: 769, 4: 841, 5: 283, 6: 119, 7: 1044, 8: 1014, 9: 58}, 3: {0: 395, 1: 1200, 2: 48, 3: 68, 4: 896, 5: 681, 6: 90, 7: 17, 8: 1351, 9: 301}, 4: {0: 504, 1: 2917, 2: 570, 3: 721, 4: 121, 5: 356}, 5: {0: 1262, 1: 71, 2: 325, 3: 119, 4: 1560, 5: 14, 6: 1, 7: 85, 8: 366}, 6: {0: 9, 1: 273, 2: 1657, 3: 40, 4: 1, 5: 130, 6: 1911, 7: 21, 8: 1160}, 7: {0: 722, 1: 3, 2: 281, 3: 738, 4: 22, 5: 974, 6: 624, 7: 1, 8: 82, 9: 878}, 8: {0: 1127, 1: 153, 2: 680, 3: 500, 4: 698, 5: 1139, 6: 92, 7: 23, 8: 1, 9: 3665}, 9: {0: 3, 1: 190, 2: 106, 3: 320, 4: 80, 5: 422, 6: 2163, 7: 634, 8: 916, 9: 92}}",
  "local_train_accs" : [
    0.663463350292067,
    0.6182212581344902,
    0.5623449830890642,
    0.6138299980186249,
    0.728078627866641,
    0.6423875887457271,
    0.7181853133410226,
    0.5500578034682081,
    0.6208219856400099,
    0.6688997157937474
  ],
  "local_test_accs" : [
    0.2477,
    0.2123,
    0.2625,
    0.2849,
    0.2455,
    0.1763,
    0.2537,
    0.2724,
    0.2406,
    0.2676
  ],
  "pdm_match" : {},
  "pdm_KL_match" : {},
  "pdm_KL2_match" : {
    "Best Result" : {
      "Best Sigma0" : 10,
      "Best sigma" : 1,
      "Best gamma" : 10,
      "Best Test accuracy" : 0.2666,
      "Train acc" : 0.27038
    },
    "PDM log" : "{(1.0, 1.0, 1.0): {'shapes': [(3072, 271), (271,), (271, 10), (10,)], 'train_accuracy': 0.26934, 'test_accuracy': 0.2685}, (10.0, 1.0, 1.0): {'shapes': [(3072, 118), (118,), (118, 10), (10,)], 'train_accuracy': 0.22646, 'test_accuracy': 0.2249}, (1.0, 0.1, 1.0): {'shapes': [(3072, 700), (700,), (700, 10), (10,)], 'train_accuracy': 0.25884, 'test_accuracy': 0.2556}, (10.0, 0.1, 1.0): {'shapes': [(3072, 127), (127,), (127, 10), (10,)], 'train_accuracy': 0.24544, 'test_accuracy': 0.2448}, (1.0, 0.5, 1.0): {'shapes': [(3072, 700), (700,), (700, 10), (10,)], 'train_accuracy': 0.25848, 'test_accuracy': 0.2545}, (10.0, 0.5, 1.0): {'shapes': [(3072, 118), (118,), (118, 10), (10,)], 'train_accuracy': 0.22846, 'test_accuracy': 0.2264}, (1.0, 1.0, 10.0): {'shapes': [(3072, 667), (667,), (667, 10), (10,)], 'train_accuracy': 0.25802, 'test_accuracy': 0.2544}, (10.0, 1.0, 10.0): {'shapes': [(3072, 271), (271,), (271, 10), (10,)], 'train_accuracy': 0.27038, 'test_accuracy': 0.2666}, (1.0, 0.1, 10.0): {'shapes': [(3072, 700), (700,), (700, 10), (10,)], 'train_accuracy': 0.25682, 'test_accuracy': 0.2524}, (10.0, 0.1, 10.0): {'shapes': [(3072, 352), (352,), (352, 10), (10,)], 'train_accuracy': 0.26312, 'test_accuracy': 0.2598}, (1.0, 0.5, 10.0): {'shapes': [(3072, 700), (700,), (700, 10), (10,)], 'train_accuracy': 0.25848, 'test_accuracy': 0.2545}, (10.0, 0.5, 10.0): {'shapes': [(3072, 307), (307,), (307, 10), (10,)], 'train_accuracy': 0.25964, 'test_accuracy': 0.2575}, (1.0, 1.0, 50.0): {'shapes': [(3072, 700), (700,), (700, 10), (10,)], 'train_accuracy': 0.258, 'test_accuracy': 0.2545}, (10.0, 1.0, 50.0): {'shapes': [(3072, 487), (487,), (487, 10), (10,)], 'train_accuracy': 0.25932, 'test_accuracy': 0.2579}, (1.0, 0.1, 50.0): {'shapes': [(3072, 700), (700,), (700, 10), (10,)], 'train_accuracy': 0.25314, 'test_accuracy': 0.2495}, (10.0, 0.1, 50.0): {'shapes': [(3072, 568), (568,), (568, 10), (10,)], 'train_accuracy': 0.2581, 'test_accuracy': 0.2534}, (1.0, 0.5, 50.0): {'shapes': [(3072, 700), (700,), (700, 10), (10,)], 'train_accuracy': 0.25636, 'test_accuracy': 0.252}, (10.0, 0.5, 50.0): {'shapes': [(3072, 532), (532,), (532, 10), (10,)], 'train_accuracy': 0.26572, 'test_accuracy': 0.2622}}"
  }
}