{"seed": 7, "Data statistics": "{0: {0: 52, 1: 603, 2: 315, 3: 412, 5: 3608, 6: 16}, 1: {0: 162, 1: 1520, 2: 51, 3: 67, 4: 978, 5: 22, 6: 467, 7: 46, 9: 76}, 2: {0: 15, 1: 17, 2: 1323, 3: 1633, 4: 80, 5: 211, 6: 2577}, 3: {0: 133, 1: 14, 2: 5, 3: 1, 4: 47, 5: 760, 6: 167, 7: 266, 8: 2296, 9: 2060}, 4: {0: 23, 1: 546, 2: 655, 3: 267, 4: 307, 5: 19, 6: 17, 7: 2045, 8: 2274}, 5: {0: 502, 1: 44, 2: 36, 3: 1384, 4: 56, 5: 169, 6: 353, 7: 78, 8: 163, 9: 1041}, 6: {0: 1081, 1: 586, 2: 261, 3: 178, 4: 3212}, 7: {0: 10, 1: 549, 2: 1142, 3: 864, 4: 131, 5: 7, 6: 967, 7: 1968}, 8: {0: 2077, 1: 24, 2: 767, 3: 109, 4: 114, 5: 34, 6: 12, 7: 596, 8: 261, 9: 602}, 9: {0: 945, 1: 1097, 2: 445, 3: 85, 4: 75, 5: 170, 6: 424, 7: 1, 8: 6, 9: 1221}}", "local_train_accs": [0.7848581701957651, 0.6990262614340513, 0.6118510928961749, 0.7455209601669855, 0.7068096863318706, 0.6262415054887611, 0.7771718691237307, 0.628059595601277, 0.6381636205395996, 0.5876034907138062], "local_test_accs": [0.1489, 0.223, 0.1685, 0.2635, 0.2575, 0.2413, 0.2185, 0.2656, 0.241, 0.303], "pdm_match": {}, "pdm_KL_match": {}, "pdm_KL2_match": {"Best Result": {"Best Sigma0": 1.0, "Best sigma": 0.1, "Best gamma": 50.0, "Best Test accuracy": 0.2732, "Train acc": 0.27694}, "PDM log": "{(1.0, 1.0, 1.0): {'shapes': [(3072, 271), (271,), (271, 10), (10,)], 'train_accuracy': 0.22366, 'test_accuracy': 0.2263}, (10.0, 1.0, 1.0): {'shapes': [(3072, 118), (118,), (118, 10), (10,)], 'train_accuracy': 0.17356, 'test_accuracy': 0.1675}, (1.0, 0.1, 1.0): {'shapes': [(3072, 700), (700,), (700, 10), (10,)], 'train_accuracy': 0.26848, 'test_accuracy': 0.267}, (10.0, 0.1, 1.0): {'shapes': [(3072, 127), (127,), (127, 10), (10,)], 'train_accuracy': 0.163, 'test_accuracy': 0.1619}, (1.0, 0.5, 1.0): {'shapes': [(3072, 700), (700,), (700, 10), (10,)], 'train_accuracy': 0.26884, 'test_accuracy': 0.2663}, (10.0, 0.5, 1.0): {'shapes': [(3072, 118), (118,), (118, 10), (10,)], 'train_accuracy': 0.17818, 'test_accuracy': 0.175}, (1.0, 1.0, 10.0): {'shapes': [(3072, 694), (694,), (694, 10), (10,)], 'train_accuracy': 0.26856, 'test_accuracy': 0.2663}, (10.0, 1.0, 10.0): {'shapes': [(3072, 271), (271,), (271, 10), (10,)], 'train_accuracy': 0.23812, 'test_accuracy': 0.2387}, (1.0, 0.1, 10.0): {'shapes': [(3072, 700), (700,), (700, 10), (10,)], 'train_accuracy': 0.27416, 'test_accuracy': 0.2707}, (10.0, 0.1, 10.0): {'shapes': [(3072, 352), (352,), (352, 10), (10,)], 'train_accuracy': 0.24818, 'test_accuracy': 0.2458}, (1.0, 0.5, 10.0): {'shapes': [(3072, 700), (700,), (700, 10), (10,)], 'train_accuracy': 0.26862, 'test_accuracy': 0.2668}, (10.0, 0.5, 10.0): {'shapes': [(3072, 307), (307,), (307, 10), (10,)], 'train_accuracy': 0.23886, 'test_accuracy': 0.2379}, (1.0, 1.0, 50.0): {'shapes': [(3072, 700), (700,), (700, 10), (10,)], 'train_accuracy': 0.26848, 'test_accuracy': 0.2663}, (10.0, 1.0, 50.0): {'shapes': [(3072, 487), (487,), (487, 10), (10,)], 'train_accuracy': 0.2658, 'test_accuracy': 0.2651}, (1.0, 0.1, 50.0): {'shapes': [(3072, 700), (700,), (700, 10), (10,)], 'train_accuracy': 0.27694, 'test_accuracy': 0.2732}, (10.0, 0.1, 50.0): {'shapes': [(3072, 451), (451,), (451, 10), (10,)], 'train_accuracy': 0.26134, 'test_accuracy': 0.2604}, (1.0, 0.5, 50.0): {'shapes': [(3072, 700), (700,), (700, 10), (10,)], 'train_accuracy': 0.26922, 'test_accuracy': 0.2675}, (10.0, 0.5, 50.0): {'shapes': [(3072, 532), (532,), (532, 10), (10,)], 'train_accuracy': 0.26654, 'test_accuracy': 0.2657}}"}}