{"seed": 6, "Data statistics": "{0: {0: 193, 1: 210, 3: 460, 4: 26, 5: 5, 6: 126, 7: 49, 8: 874, 9: 332}, 1: {0: 1769, 1: 168, 2: 620, 3: 158, 4: 2341}, 2: {0: 346, 1: 931, 2: 26, 3: 64, 4: 636, 5: 23, 6: 462, 7: 144, 8: 1123, 9: 3145}, 3: {0: 126, 1: 415, 2: 75, 3: 2, 4: 736, 5: 57, 6: 327, 7: 3568}, 4: {1: 503, 2: 2042, 3: 114, 4: 84, 5: 81, 6: 1902, 7: 282}, 5: {0: 1, 1: 1891, 2: 88, 3: 53, 4: 33, 5: 2056, 6: 159, 7: 13, 8: 1196}, 6: {0: 1958, 1: 90, 2: 196, 3: 739, 4: 670, 5: 89, 6: 25, 7: 71, 8: 1494}, 7: {0: 147, 1: 44, 2: 165, 3: 2558, 4: 99, 5: 1075, 6: 1979}, 8: {0: 453, 1: 735, 2: 111, 3: 484, 4: 164, 5: 1328, 6: 16, 7: 565, 8: 300, 9: 1430}, 9: {0: 7, 1: 13, 2: 1677, 3: 368, 4: 211, 5: 286, 6: 4, 7: 308, 8: 13, 9: 93}}", "local_train_accs": [0.625934065934066, 0.7157832278481012, 0.612463768115942, 0.7540520165849981, 0.6669329073482428, 0.7979963570127504, 0.6354088522130532, 0.5930443382231746, 0.5648048693161475, 0.6221476510067114], "local_test_accs": [0.282, 0.2016, 0.2837, 0.2061, 0.2114, 0.2433, 0.2456, 0.1906, 0.3095, 0.2161], "pdm_match": {}, "pdm_KL_match": {}, "pdm_KL2_match": {"Best Result": {"Best Sigma0": 10.0, "Best sigma": 0.1, "Best gamma": 10.0, "Best Test accuracy": 0.2671, "Train acc": 0.26946}, "PDM log": "{(1.0, 1.0, 1.0): {'shapes': [(3072, 262), (262,), (262, 10), (10,)], 'train_accuracy': 0.24446, 'test_accuracy': 0.2443}, (10.0, 1.0, 1.0): {'shapes': [(3072, 118), (118,), (118, 10), (10,)], 'train_accuracy': 0.2125, 'test_accuracy': 0.2107}, (1.0, 0.1, 1.0): {'shapes': [(3072, 700), (700,), (700, 10), (10,)], 'train_accuracy': 0.26412, 'test_accuracy': 0.2655}, (10.0, 0.1, 1.0): {'shapes': [(3072, 127), (127,), (127, 10), (10,)], 'train_accuracy': 0.22698, 'test_accuracy': 0.2249}, (1.0, 0.5, 1.0): {'shapes': [(3072, 700), (700,), (700, 10), (10,)], 'train_accuracy': 0.26058, 'test_accuracy': 0.2608}, (10.0, 0.5, 1.0): {'shapes': [(3072, 118), (118,), (118, 10), (10,)], 'train_accuracy': 0.19946, 'test_accuracy': 0.1984}, (1.0, 1.0, 10.0): {'shapes': [(3072, 694), (694,), (694, 10), (10,)], 'train_accuracy': 0.25968, 'test_accuracy': 0.2596}, (10.0, 1.0, 10.0): {'shapes': [(3072, 271), (271,), (271, 10), (10,)], 'train_accuracy': 0.25646, 'test_accuracy': 0.2564}, (1.0, 0.1, 10.0): {'shapes': [(3072, 700), (700,), (700, 10), (10,)], 'train_accuracy': 0.2645, 'test_accuracy': 0.2655}, (10.0, 0.1, 10.0): {'shapes': [(3072, 352), (352,), (352, 10), (10,)], 'train_accuracy': 0.26946, 'test_accuracy': 0.2671}, (1.0, 0.5, 10.0): {'shapes': [(3072, 700), (700,), (700, 10), (10,)], 'train_accuracy': 0.26358, 'test_accuracy': 0.2651}, (10.0, 0.5, 10.0): {'shapes': [(3072, 307), (307,), (307, 10), (10,)], 'train_accuracy': 0.26652, 'test_accuracy': 0.2669}, (1.0, 1.0, 50.0): {'shapes': [(3072, 700), (700,), (700, 10), (10,)], 'train_accuracy': 0.2625, 'test_accuracy': 0.2642}, (10.0, 1.0, 50.0): {'shapes': [(3072, 478), (478,), (478, 10), (10,)], 'train_accuracy': 0.26182, 'test_accuracy': 0.2605}, (1.0, 0.1, 50.0): {'shapes': [(3072, 700), (700,), (700, 10), (10,)], 'train_accuracy': 0.26182, 'test_accuracy': 0.2631}, (10.0, 0.1, 50.0): {'shapes': [(3072, 550), (550,), (550, 10), (10,)], 'train_accuracy': 0.26152, 'test_accuracy': 0.2623}, (1.0, 0.5, 50.0): {'shapes': [(3072, 700), (700,), (700, 10), (10,)], 'train_accuracy': 0.26378, 'test_accuracy': 0.2646}, (10.0, 0.5, 50.0): {'shapes': [(3072, 523), (523,), (523, 10), (10,)], 'train_accuracy': 0.2613, 'test_accuracy': 0.2597}}"}}