{"seed": 8, "Data statistics": "{0: {0: 524, 1: 168, 2: 259, 3: 1157, 4: 846, 5: 351, 6: 350, 7: 125, 8: 1521}, 1: {0: 10, 1: 1310, 2: 1614, 3: 90, 4: 8, 5: 214, 6: 861, 7: 1092}, 2: {0: 419, 1: 407, 2: 225, 3: 92, 4: 239, 5: 194, 6: 1031, 7: 439, 8: 285, 9: 15}, 3: {0: 28, 1: 306, 2: 33, 3: 771, 4: 66, 5: 275, 6: 140, 7: 431, 8: 14, 9: 3014}, 4: {0: 21, 1: 95, 2: 123, 3: 552, 5: 857, 6: 67, 7: 1578, 8: 108, 9: 1722}, 5: {0: 56, 1: 317, 2: 1458, 3: 2, 4: 205, 5: 2189, 6: 1243}, 6: {0: 167, 1: 198, 2: 701, 3: 793, 4: 735, 5: 779, 6: 196, 7: 139, 8: 3050}, 7: {0: 3355, 1: 1713}, 8: {0: 395, 1: 94, 2: 284, 3: 1438, 4: 88, 5: 140, 7: 515, 8: 21, 9: 249}, 9: {0: 25, 1: 392, 2: 303, 3: 105, 4: 2813, 5: 1, 6: 1112, 7: 681, 8: 1}}", "local_train_accs": [0.5289568006036597, 0.6728216964800924, 0.56664674237896, 0.709137455691217, 0.647862580519227, 0.6308957952468007, 0.6146788990825688, 0.8960142067876875, 0.6212779156327544, 0.6661144855512608], "local_test_accs": [0.2694, 0.2539, 0.3414, 0.2141, 0.2347, 0.239, 0.2511, 0.1659, 0.2508, 0.2278], "pdm_match": {}, "pdm_KL_match": {}, "pdm_KL2_match": {"Best Result": {"Best Sigma0": 10.0, "Best sigma": 0.1, "Best gamma": 10.0, "Best Test accuracy": 0.3139, "Train acc": 0.31324}, "PDM log": "{(1.0, 1.0, 1.0): {'shapes': [(3072, 271), (271,), (271, 10), (10,)], 'train_accuracy': 0.28114, 'test_accuracy': 0.2797}, (10.0, 1.0, 1.0): {'shapes': [(3072, 118), (118,), (118, 10), (10,)], 'train_accuracy': 0.2172, 'test_accuracy': 0.2132}, (1.0, 0.1, 1.0): {'shapes': [(3072, 700), (700,), (700, 10), (10,)], 'train_accuracy': 0.27296, 'test_accuracy': 0.2714}, (10.0, 0.1, 1.0): {'shapes': [(3072, 127), (127,), (127, 10), (10,)], 'train_accuracy': 0.21748, 'test_accuracy': 0.2136}, (1.0, 0.5, 1.0): {'shapes': [(3072, 700), (700,), (700, 10), (10,)], 'train_accuracy': 0.27416, 'test_accuracy': 0.2714}, (10.0, 0.5, 1.0): {'shapes': [(3072, 118), (118,), (118, 10), (10,)], 'train_accuracy': 0.21086, 'test_accuracy': 0.2093}, (1.0, 1.0, 10.0): {'shapes': [(3072, 667), (667,), (667, 10), (10,)], 'train_accuracy': 0.2732, 'test_accuracy': 0.2705}, (10.0, 1.0, 10.0): {'shapes': [(3072, 271), (271,), (271, 10), (10,)], 'train_accuracy': 0.28446, 'test_accuracy': 0.2816}, (1.0, 0.1, 10.0): {'shapes': [(3072, 700), (700,), (700, 10), (10,)], 'train_accuracy': 0.28314, 'test_accuracy': 0.2849}, (10.0, 0.1, 10.0): {'shapes': [(3072, 352), (352,), (352, 10), (10,)], 'train_accuracy': 0.31324, 'test_accuracy': 0.3139}, (1.0, 0.5, 10.0): {'shapes': [(3072, 700), (700,), (700, 10), (10,)], 'train_accuracy': 0.2724, 'test_accuracy': 0.2707}, (10.0, 0.5, 10.0): {'shapes': [(3072, 307), (307,), (307, 10), (10,)], 'train_accuracy': 0.30354, 'test_accuracy': 0.3046}, (1.0, 1.0, 50.0): {'shapes': [(3072, 700), (700,), (700, 10), (10,)], 'train_accuracy': 0.2732, 'test_accuracy': 0.2705}, (10.0, 1.0, 50.0): {'shapes': [(3072, 478), (478,), (478, 10), (10,)], 'train_accuracy': 0.28456, 'test_accuracy': 0.284}, (1.0, 0.1, 50.0): {'shapes': [(3072, 700), (700,), (700, 10), (10,)], 'train_accuracy': 0.28352, 'test_accuracy': 0.2847}, (10.0, 0.1, 50.0): {'shapes': [(3072, 442), (442,), (442, 10), (10,)], 'train_accuracy': 0.2932, 'test_accuracy': 0.2934}, (1.0, 0.5, 50.0): {'shapes': [(3072, 700), (700,), (700, 10), (10,)], 'train_accuracy': 0.28684, 'test_accuracy': 0.2882}, (10.0, 0.5, 50.0): {'shapes': [(3072, 532), (532,), (532, 10), (10,)], 'train_accuracy': 0.28618, 'test_accuracy': 0.2864}}"}}