{"seed": 4, "Data statistics": "{0: {0: 116, 1: 167, 2: 88, 3: 501, 4: 1763, 5: 100, 6: 1147, 7: 1088, 8: 101}, 1: {0: 1327, 1: 229, 2: 881, 3: 372, 4: 1411, 5: 4, 6: 263, 7: 15, 8: 830}, 2: {0: 866, 1: 225, 2: 26, 3: 5, 4: 46, 5: 576, 6: 123, 7: 66, 8: 2380, 9: 108}, 3: {0: 1036, 1: 224, 2: 53, 3: 278, 4: 529, 5: 27, 6: 210, 7: 986, 8: 945, 9: 642}, 4: {0: 177, 1: 95, 2: 97, 3: 238, 4: 1032, 5: 782, 6: 1659, 7: 18, 8: 55, 9: 19}, 5: {0: 218, 1: 12, 2: 2048, 3: 2046, 4: 22, 5: 257, 6: 1287}, 6: {0: 161, 1: 358, 2: 10, 3: 353, 4: 105, 5: 1008, 6: 3, 7: 102, 8: 192, 9: 1874}, 7: {0: 2, 1: 3399, 2: 1473, 3: 595}, 8: {0: 151, 1: 187, 2: 41, 3: 128, 4: 67, 5: 398, 6: 54, 7: 181, 8: 497, 9: 2357}, 9: {0: 946, 1: 104, 2: 283, 3: 484, 4: 25, 5: 1848, 6: 254, 7: 2544}}", "local_train_accs": [0.5529481364622363, 0.5226931732933233, 0.7215562090024882, 0.5332657200811359, 0.5805369127516778, 0.5733446519524618, 0.6507441190590495, 0.8465898701773633, 0.6944102437823196, 0.6197595561035758], "local_test_accs": [0.2722, 0.2524, 0.2503, 0.3247, 0.2373, 0.1929, 0.224, 0.2117, 0.2299, 0.2475], "pdm_match": {}, "pdm_KL_match": {}, "pdm_KL2_match": {"Best Result": {"Best Sigma0": 1.0, "Best sigma": 1.0, "Best gamma": 1.0, "Best Test accuracy": 0.2921, "Train acc": 0.28466}, "PDM log": "{(1.0, 1.0, 1.0): {'shapes': [(3072, 279), (279,), (279, 10), (10,)], 'train_accuracy': 0.28466, 'test_accuracy': 0.2921}, (10.0, 1.0, 1.0): {'shapes': [(3072, 118), (118,), (118, 10), (10,)], 'train_accuracy': 0.1798, 'test_accuracy': 0.1808}, (1.0, 0.1, 1.0): {'shapes': [(3072, 700), (700,), (700, 10), (10,)], 'train_accuracy': 0.25204, 'test_accuracy': 0.2492}, (10.0, 0.1, 1.0): {'shapes': [(3072, 127), (127,), (127, 10), (10,)], 'train_accuracy': 0.20708, 'test_accuracy': 0.2097}, (1.0, 0.5, 1.0): {'shapes': [(3072, 700), (700,), (700, 10), (10,)], 'train_accuracy': 0.25194, 'test_accuracy': 0.2487}, (10.0, 0.5, 1.0): {'shapes': [(3072, 118), (118,), (118, 10), (10,)], 'train_accuracy': 0.2039, 'test_accuracy': 0.2101}, (1.0, 1.0, 10.0): {'shapes': [(3072, 685), (685,), (685, 10), (10,)], 'train_accuracy': 0.25176, 'test_accuracy': 0.2484}, (10.0, 1.0, 10.0): {'shapes': [(3072, 271), (271,), (271, 10), (10,)], 'train_accuracy': 0.28234, 'test_accuracy': 0.288}, (1.0, 0.1, 10.0): {'shapes': [(3072, 700), (700,), (700, 10), (10,)], 'train_accuracy': 0.26504, 'test_accuracy': 0.2677}, (10.0, 0.1, 10.0): {'shapes': [(3072, 352), (352,), (352, 10), (10,)], 'train_accuracy': 0.26672, 'test_accuracy': 0.2709}, (1.0, 0.5, 10.0): {'shapes': [(3072, 700), (700,), (700, 10), (10,)], 'train_accuracy': 0.25368, 'test_accuracy': 0.2506}, (10.0, 0.5, 10.0): {'shapes': [(3072, 307), (307,), (307, 10), (10,)], 'train_accuracy': 0.27318, 'test_accuracy': 0.279}, (1.0, 1.0, 50.0): {'shapes': [(3072, 700), (700,), (700, 10), (10,)], 'train_accuracy': 0.25176, 'test_accuracy': 0.2484}, (10.0, 1.0, 50.0): {'shapes': [(3072, 478), (478,), (478, 10), (10,)], 'train_accuracy': 0.25158, 'test_accuracy': 0.2519}, (1.0, 0.1, 50.0): {'shapes': [(3072, 700), (700,), (700, 10), (10,)], 'train_accuracy': 0.2665, 'test_accuracy': 0.2716}, (10.0, 0.1, 50.0): {'shapes': [(3072, 442), (442,), (442, 10), (10,)], 'train_accuracy': 0.2664, 'test_accuracy': 0.2668}, (1.0, 0.5, 50.0): {'shapes': [(3072, 700), (700,), (700, 10), (10,)], 'train_accuracy': 0.2544, 'test_accuracy': 0.2552}, (10.0, 0.5, 50.0): {'shapes': [(3072, 532), (532,), (532, 10), (10,)], 'train_accuracy': 0.25122, 'test_accuracy': 0.2521}}"}}