{"seed": 2, "Data statistics": "{0: {0: 342, 1: 329, 2: 333, 3: 332, 4: 358, 5: 342, 6: 343, 7: 320, 8: 322, 9: 313}, 1: {0: 330, 1: 326, 2: 366, 3: 340, 4: 310, 5: 323, 6: 336, 7: 340, 8: 327, 9: 336}, 2: {0: 357, 1: 341, 2: 332, 3: 311, 4: 340, 5: 333, 6: 315, 7: 338, 8: 341, 9: 326}, 3: {0: 342, 1: 338, 2: 343, 3: 331, 4: 309, 5: 325, 6: 346, 7: 330, 8: 322, 9: 348}, 4: {0: 323, 1: 342, 2: 336, 3: 349, 4: 330, 5: 324, 6: 317, 7: 342, 8: 321, 9: 350}, 5: {0: 306, 1: 299, 2: 300, 3: 349, 4: 338, 5: 354, 6: 359, 7: 349, 8: 347, 9: 332}, 6: {0: 355, 1: 356, 2: 327, 3: 299, 4: 336, 5: 325, 6: 343, 7: 333, 8: 332, 9: 327}, 7: {0: 334, 1: 335, 2: 326, 3: 339, 4: 349, 5: 356, 6: 308, 7: 318, 8: 345, 9: 323}, 8: {0: 353, 1: 333, 2: 347, 3: 328, 4: 338, 5: 308, 6: 313, 7: 341, 8: 324, 9: 348}, 9: {0: 319, 1: 350, 2: 338, 3: 337, 4: 326, 5: 314, 6: 326, 7: 328, 8: 353, 9: 342}, 10: {0: 340, 1: 322, 2: 332, 3: 351, 4: 354, 5: 318, 6: 317, 7: 345, 8: 324, 9: 330}, 11: {0: 310, 1: 323, 2: 321, 3: 329, 4: 353, 5: 362, 6: 358, 7: 317, 8: 327, 9: 333}, 12: {0: 335, 1: 334, 2: 350, 3: 321, 4: 348, 5: 333, 6: 336, 7: 326, 8: 338, 9: 312}, 13: {0: 330, 1: 357, 2: 333, 3: 335, 4: 322, 5: 342, 6: 343, 7: 334, 8: 313, 9: 324}, 14: {0: 324, 1: 315, 2: 316, 3: 349, 4: 289, 5: 341, 6: 340, 7: 339, 8: 364, 9: 356}}", "comm 0": {"training timing": 666, "local_train_accs": [0.44631073785242953, 0.46460707858428313, 0.46010797840431916, 0.4346130773845231, 0.4616076784643071, 0.4515451545154515, 0.46564656465646564, 0.46294629462946296, 0.40984098409840986, 0.45814581458145814, 0.44824482448244823, 0.414041404140414, 0.44134413441344134, 0.4521452145214521, 0.4158415841584158], "local_test_accs": [0.44631073785242953, 0.46460707858428313, 0.46010797840431916, 0.4346130773845231, 0.4616076784643071, 0.4515451545154515, 0.46564656465646564, 0.46294629462946296, 0.40984098409840986, 0.45814581458145814, 0.44824482448244823, 0.414041404140414, 0.44134413441344134, 0.4521452145214521, 0.4158415841584158], "Uniform ensemble (Train acc)": 0.42308, "Uniform ensemble (Test acc)": 0.4213, "FedAvg (Train acc)": 0.1, "FedAvg (Test acc)": 0.1, "pdm_KL (Train acc)": 0.2797, "pdm_KL (Test acc)": 0.2771}, "comm 1": {"training timing": 1102, "local_train_accs": [0.528494301139772, 0.501499700059988, 0.5116976604679064, 0.508998200359928, 0.501499700059988, 0.49864986498649866, 0.5067506750675067, 0.5145514551455146, 0.45064506450645064, 0.47734773477347736, 0.510951095109511, 0.5226522652265226, 0.48664866486648667, 0.5223522352235224, 0.5166516651665166], "local_test_accs": [0.528494301139772, 0.501499700059988, 0.5116976604679064, 0.508998200359928, 0.501499700059988, 0.49864986498649866, 0.5067506750675067, 0.5145514551455146, 0.45064506450645064, 0.47734773477347736, 0.510951095109511, 0.5226522652265226, 0.48664866486648667, 0.5223522352235224, 0.5166516651665166], "Uniform ensemble (Train acc)": 0.44926, "Uniform ensemble (Test acc)": 0.4456, "FedAvg (Train acc)": 0.1, "FedAvg (Test acc)": 0.1, "pdm_KL (Train acc)": 0.36102, "pdm_KL (Test acc)": 0.3621}, "comm 2": {"training timing": 934, "local_train_accs": [0.5746850629874025, 0.5566886622675465, 0.5497900419916016, 0.5647870425914817, 0.5446910617876425, 0.5616561656165616, 0.5661566156615662, 0.5622562256225623, 0.5616561656165616, 0.555955595559556, 0.5610561056105611, 0.5673567356735674, 0.5445544554455446, 0.5841584158415841, 0.5727572757275727], "local_test_accs": [0.5746850629874025, 0.5566886622675465, 0.5497900419916016, 0.5647870425914817, 0.5446910617876425, 0.5616561656165616, 0.5661566156615662, 0.5622562256225623, 0.5616561656165616, 0.555955595559556, 0.5610561056105611, 0.5673567356735674, 0.5445544554455446, 0.5841584158415841, 0.5727572757275727], "Uniform ensemble (Train acc)": 0.47046, "Uniform ensemble (Test acc)": 0.4574, "FedAvg (Train acc)": 0.09998, "FedAvg (Test acc)": 0.1, "pdm_KL (Train acc)": 0.39994, "pdm_KL (Test acc)": 0.403}, "comm 3": {"training timing": 1191, "local_train_accs": [0.6157768446310737, 0.5926814637072585, 0.5872825434913017, 0.6046790641871626, 0.5761847630473905, 0.6084608460846085, 0.6501650165016502, 0.6204620462046204, 0.6165616561656165, 0.6270627062706271, 0.5997599759975998, 0.6186618661866187, 0.5928592859285928, 0.5955595559555955, 0.609060906090609], "local_test_accs": [0.6157768446310737, 0.5926814637072585, 0.5872825434913017, 0.6046790641871626, 0.5761847630473905, 0.6084608460846085, 0.6501650165016502, 0.6204620462046204, 0.6165616561656165, 0.6270627062706271, 0.5997599759975998, 0.6186618661866187, 0.5928592859285928, 0.5955595559555955, 0.609060906090609], "Uniform ensemble (Train acc)": 0.4826, "Uniform ensemble (Test acc)": 0.4677, "FedAvg (Train acc)": 0.10002, "FedAvg (Test acc)": 0.1, "pdm_KL (Train acc)": 0.41944, "pdm_KL (Test acc)": 0.4162}, "comm 4": {"training timing": 893, "local_train_accs": [0.6601679664067187, 0.6574685062987402, 0.6355728854229155, 0.6076784643071386, 0.6376724655068986, 0.6279627962796279, 0.6777677767776777, 0.6624662466246625, 0.6636663666366637, 0.6807680768076808, 0.6471647164716472, 0.6345634563456346, 0.6612661266126613, 0.639063906390639, 0.6483648364836484], "local_test_accs": [0.6601679664067187, 0.6574685062987402, 0.6355728854229155, 0.6076784643071386, 0.6376724655068986, 0.6279627962796279, 0.6777677767776777, 0.6624662466246625, 0.6636663666366637, 0.6807680768076808, 0.6471647164716472, 0.6345634563456346, 0.6612661266126613, 0.639063906390639, 0.6483648364836484], "Uniform ensemble (Train acc)": 0.49634, "Uniform ensemble (Test acc)": 0.4754, "FedAvg (Train acc)": 0.09778, "FedAvg (Test acc)": 0.0977, "pdm_KL (Train acc)": 0.43322, "pdm_KL (Test acc)": 0.4274}, "comm 5": {"training timing": 969, "local_train_accs": [0.713257348530294, 0.7039592081583683, 0.7012597480503899, 0.7021595680863827, 0.6259748050389922, 0.7023702370237024, 0.7326732673267327, 0.6906690669066907, 0.723072307230723, 0.6975697569756976, 0.6885688568856886, 0.723972397239724, 0.6558655865586559, 0.6567656765676567, 0.6801680168016802], "local_test_accs": [0.713257348530294, 0.7039592081583683, 0.7012597480503899, 0.7021595680863827, 0.6259748050389922, 0.7023702370237024, 0.7326732673267327, 0.6906690669066907, 0.723072307230723, 0.6975697569756976, 0.6885688568856886, 0.723972397239724, 0.6558655865586559, 0.6567656765676567, 0.6801680168016802], "Uniform ensemble (Train acc)": 0.50546, "Uniform ensemble (Test acc)": 0.4809, "FedAvg (Train acc)": 0.1039, "FedAvg (Test acc)": 0.103, "pdm_KL (Train acc)": 0.44482, "pdm_KL (Test acc)": 0.4319}, "comm 6": {"training timing": 1256, "local_train_accs": [0.74625074985003, 0.7264547090581883, 0.7474505098980204, 0.7204559088182364, 0.7306538692261547, 0.7653765376537653, 0.7878787878787878, 0.7485748574857486, 0.7260726072607261, 0.7641764176417641, 0.7542754275427542, 0.7035703570357036, 0.726972697269727, 0.7344734473447345, 0.7431743174317432], "local_test_accs": [0.74625074985003, 0.7264547090581883, 0.7474505098980204, 0.7204559088182364, 0.7306538692261547, 0.7653765376537653, 0.7878787878787878, 0.7485748574857486, 0.7260726072607261, 0.7641764176417641, 0.7542754275427542, 0.7035703570357036, 0.726972697269727, 0.7344734473447345, 0.7431743174317432], "Uniform ensemble (Train acc)": 0.51142, "Uniform ensemble (Test acc)": 0.4822, "FedAvg (Train acc)": 0.10022, "FedAvg (Test acc)": 0.1, "pdm_KL (Train acc)": 0.44764, "pdm_KL (Test acc)": 0.4329}, "comm 7": {"training timing": 950, "local_train_accs": [0.8041391721655669, 0.7243551289742052, 0.7735452909418117, 0.7834433113377325, 0.7369526094781044, 0.801980198019802, 0.7947794779477948, 0.75997599759976, 0.798079807980798, 0.7878787878787878, 0.7173717371737174, 0.7629762976297629, 0.744974497449745, 0.7947794779477948, 0.7944794479447945],