{"seed": 5, "Data statistics": "{0: {0: 350, 1: 328, 2: 344, 3: 333, 4: 316, 5: 338, 6: 347, 7: 321, 8: 324, 9: 333}, 1: {0: 321, 1: 314, 2: 346, 3: 349, 4: 332, 5: 329, 6: 339, 7: 325, 8: 343, 9: 336}, 2: {0: 325, 1: 319, 2: 313, 3: 372, 4: 322, 5: 351, 6: 306, 7: 336, 8: 342, 9: 348}, 3: {0: 317, 1: 363, 2: 313, 3: 344, 4: 344, 5: 327, 6: 333, 7: 313, 8: 337, 9: 343}, 4: {0: 346, 1: 330, 2: 329, 3: 325, 4: 328, 5: 343, 6: 329, 7: 331, 8: 341, 9: 332}, 5: {0: 313, 1: 329, 2: 352, 3: 329, 4: 331, 5: 316, 6: 333, 7: 360, 8: 343, 9: 327}, 6: {0: 340, 1: 351, 2: 318, 3: 343, 4: 331, 5: 327, 6: 342, 7: 336, 8: 338, 9: 307}, 7: {0: 345, 1: 323, 2: 320, 3: 317, 4: 372, 5: 316, 6: 342, 7: 337, 8: 327, 9: 334}, 8: {0: 388, 1: 335, 2: 337, 3: 307, 4: 346, 5: 353, 6: 293, 7: 351, 8: 301, 9: 322}, 9: {0: 353, 1: 340, 2: 324, 3: 333, 4: 327, 5: 335, 6: 340, 7: 320, 8: 300, 9: 361}, 10: {0: 309, 1: 321, 2: 368, 3: 292, 4: 323, 5: 326, 6: 343, 7: 351, 8: 359, 9: 341}, 11: {0: 332, 1: 338, 2: 337, 3: 338, 4: 329, 5: 346, 6: 366, 7: 323, 8: 325, 9: 299}, 12: {0: 299, 1: 318, 2: 313, 3: 354, 4: 332, 5: 333, 6: 339, 7: 352, 8: 338, 9: 355}, 13: {0: 324, 1: 357, 2: 334, 3: 324, 4: 327, 5: 347, 6: 333, 7: 313, 8: 341, 9: 333}, 14: {0: 338, 1: 334, 2: 352, 3: 340, 4: 340, 5: 313, 6: 315, 7: 331, 8: 341, 9: 329}}", "comm 0": {"training timing": 533, "local_train_accs": [0.47210557888422316, 0.46400719856028794, 0.39652069586082783, 0.471505698860228, 0.47450509898020393, 0.42034203420342037, 0.46354635463546356, 0.4608460846084608, 0.4602460246024602, 0.42724272427242727, 0.47764776477647763, 0.45814581458145814, 0.46804680468046805, 0.44014401440144013, 0.41554155415541555], "local_test_accs": [0.47210557888422316, 0.46400719856028794, 0.39652069586082783, 0.471505698860228, 0.47450509898020393, 0.42034203420342037, 0.46354635463546356, 0.4608460846084608, 0.4602460246024602, 0.42724272427242727, 0.47764776477647763, 0.45814581458145814, 0.46804680468046805, 0.44014401440144013, 0.41554155415541555], "Uniform ensemble (Train acc)": 0.42466, "Uniform ensemble (Test acc)": 0.4223, "FedAvg (Train acc)": 0.10002, "FedAvg (Test acc)": 0.0989, "pdm_KL (Train acc)": 0.30254, "pdm_KL (Test acc)": 0.3068}, "comm 1": {"training timing": 457, "local_train_accs": [0.5419916016796641, 0.4979004199160168, 0.5008998200359928, 0.510497900419916, 0.5086982603479304, 0.48754875487548754, 0.47254725472547254, 0.5565556555655565, 0.4746474647464746, 0.5157515751575158, 0.5268526852685268, 0.5196519651965197, 0.5229522952295229, 0.510951095109511, 0.5175517551755175], "local_test_accs": [0.5419916016796641, 0.4979004199160168, 0.5008998200359928, 0.510497900419916, 0.5086982603479304, 0.48754875487548754, 0.47254725472547254, 0.5565556555655565, 0.4746474647464746, 0.5157515751575158, 0.5268526852685268, 0.5196519651965197, 0.5229522952295229, 0.510951095109511, 0.5175517551755175], "Uniform ensemble (Train acc)": 0.45132, "Uniform ensemble (Test acc)": 0.4395, "FedAvg (Train acc)": 0.1, "FedAvg (Test acc)": 0.1, "pdm_KL (Train acc)": 0.376, "pdm_KL (Test acc)": 0.3718}, "comm 2": {"training timing": 573, "local_train_accs": [0.5884823035392921, 0.5716856628674265, 0.5827834433113377, 0.5653869226154769, 0.5548890221955609, 0.5766576657665766, 0.5958595859585959, 0.5532553255325533, 0.5766576657665766, 0.558055805580558, 0.5892589258925892, 0.5694569456945695, 0.5403540354035403, 0.5571557155715572, 0.54995499549955], "local_test_accs": [0.5884823035392921, 0.5716856628674265, 0.5827834433113377, 0.5653869226154769, 0.5548890221955609, 0.5766576657665766, 0.5958595859585959, 0.5532553255325533, 0.5766576657665766, 0.558055805580558, 0.5892589258925892, 0.5694569456945695, 0.5403540354035403, 0.5571557155715572, 0.54995499549955], "Uniform ensemble (Train acc)": 0.46806, "Uniform ensemble (Test acc)": 0.4539, "FedAvg (Train acc)": 0.10006, "FedAvg (Test acc)": 0.1, "pdm_KL (Train acc)": 0.40364, "pdm_KL (Test acc)": 0.3965}, "comm 3": {"training timing": 552, "local_train_accs": [0.647870425914817, 0.629874025194961, 0.6313737252549491, 0.6445710857828434, 0.6406718656268746, 0.6084608460846085, 0.5988598859885989, 0.6237623762376238, 0.5775577557755776, 0.6351635163516351, 0.618061806180618, 0.5673567356735674, 0.6093609360936093, 0.6129612961296129, 0.594059405940594], "local_test_accs": [0.647870425914817, 0.629874025194961, 0.6313737252549491, 0.6445710857828434, 0.6406718656268746, 0.6084608460846085, 0.5988598859885989, 0.6237623762376238, 0.5775577557755776, 0.6351635163516351, 0.618061806180618, 0.5673567356735674, 0.6093609360936093, 0.6129612961296129, 0.594059405940594], "Uniform ensemble (Train acc)": 0.4854, "Uniform ensemble (Test acc)": 0.4649, "FedAvg (Train acc)": 0.09996, "FedAvg (Test acc)": 0.1, "pdm_KL (Train acc)": 0.43038, "pdm_KL (Test acc)": 0.426}, "comm 4": {"training timing": 639, "local_train_accs": [0.6814637072585483, 0.6739652069586083, 0.6307738452309538, 0.6694661067786443, 0.6697660467906419, 0.6558655865586559, 0.6444644464446445, 0.6855685568556855, 0.6453645364536453, 0.6513651365136514, 0.6576657665766577, 0.6777677767776777, 0.6600660066006601, 0.6585658565856586, 0.636963696369637], "local_test_accs": [0.6814637072585483, 0.6739652069586083, 0.6307738452309538, 0.6694661067786443, 0.6697660467906419, 0.6558655865586559, 0.6444644464446445, 0.6855685568556855, 0.6453645364536453, 0.6513651365136514, 0.6576657665766577, 0.6777677767776777, 0.6600660066006601, 0.6585658565856586, 0.636963696369637], "Uniform ensemble (Train acc)": 0.49616, "Uniform ensemble (Test acc)": 0.4756, "FedAvg (Train acc)": 0.0999, "FedAvg (Test acc)": 0.0999, "pdm_KL (Train acc)": 0.44002, "pdm_KL (Test acc)": 0.4326}, "comm 5": {"training timing": 512, "local_train_accs": [0.7159568086382724, 0.7111577684463107, 0.6799640071985603, 0.7111577684463107, 0.7234553089382123, 0.6396639663966397, 0.7092709270927092, 0.7086708670867087, 0.753075307530753, 0.714971497149715, 0.7335733573357336, 0.6804680468046804, 0.6816681668166816, 0.7134713471347135, 0.6927692769276927], "local_test_accs": [0.7159568086382724, 0.7111577684463107, 0.6799640071985603, 0.7111577684463107, 0.7234553089382123, 0.6396639663966397, 0.7092709270927092, 0.7086708670867087, 0.753075307530753, 0.714971497149715, 0.7335733573357336, 0.6804680468046804, 0.6816681668166816, 0.7134713471347135, 0.6927692769276927], "Uniform ensemble (Train acc)": 0.50558, "Uniform ensemble (Test acc)": 0.4794, "FedAvg (Train acc)": 0.09482, "FedAvg (Test acc)": 0.0956, "pdm_KL (Train acc)": 0.4457, "pdm_KL (Test acc)": 0.4372}, "comm 6": {"training timing": 611, "local_train_accs": [0.7615476904619076, 0.7405518896220756, 0.7039592081583683, 0.7615476904619076, 0.7606478704259149, 0.7248724872487249, 0.7677767776777678, 0.7554755475547554, 0.75997599759976, 0.744974497449745, 0.7644764476447645, 0.7137713771377138, 0.7245724572457246, 0.7665766576657665, 0.7332733273327333], "local_test_accs": [0.7615476904619076, 0.7405518896220756, 0.7039592081583683, 0.7615476904619076, 0.7606478704259149, 0.7248724872487249, 0.7677767776777678, 0.7554755475547554, 0.75997599759976, 0.744974497449745, 0.7644764476447645, 0.7137713771377138, 0.7245724572457246, 0.7665766576657665, 0.7332733273327333], "Uniform ensemble (Train acc)": 0.51502, "Uniform ensemble (Test acc)": 0.4834, "FedAvg (Train acc)": 0.08262, "FedAvg (Test acc)": 0.0818, "pdm_KL (Train acc)": 0.45404, "pdm_KL (Test acc)": 0.4393}, "comm 7": {"training timing": 497, "local_train_accs": [0.7972405518896221, 0.785242951409718, 0.7558488302339532, 0.8089382123575285, 0.7705458908218357, 0.7731773177317732, 0.801980198019802, 0.8106810681068107, 0.7923792379237924, 0.7677767776777678, 0.7812781278127813, 0.7683768376837684, 0.7308730873087309, 0.7881788178817882, 0.7608760876087609],