{"seed": 9, "Data statistics": "{0: {0: 653, 1: 1418, 2: 3459, 3: 3985, 4: 4320, 5: 5071, 6: 568, 7: 9, 8: 5722, 9: 1049}, 1: {0: 5270, 1: 5324, 2: 2499, 3: 2146, 4: 1522, 5: 350, 6: 5350, 7: 6256, 8: 129, 9: 4900}}", "loading time": 20, "local_train_accs": [0.9923821132017978, 0.9929176791323416], "local_test_accs": [0.9113, 0.9214], "pdm_pdm_it 5": {"Best Result": {"Best Sigma0": 3, "Best sigma": 0.9, "Best gamma": 1, "Best Test accuracy": 0.9605, "Train acc": 0.97115}, "PDM log": "{(3, 0.9, 1): {'shapes': [(784, 178), (178,), (178, 10), (10,)], 'train_accuracy': 0.97115, 'test_accuracy': 0.9605}}", "timing": 23}, "pdm_pdm_it 10": {"Best Result": {"Best Sigma0": 3, "Best sigma": 0.9, "Best gamma": 1, "Best Test accuracy": 0.9605, "Train acc": 0.97115}, "PDM log": "{(3, 0.9, 1): {'shapes': [(784, 178), (178,), (178, 10), (10,)], 'train_accuracy': 0.97115, 'test_accuracy': 0.9605}}", "timing": 34}, "pdm_pdm_it 15": {"Best Result": {"Best Sigma0": 3, "Best sigma": 0.9, "Best gamma": 1, "Best Test accuracy": 0.9605, "Train acc": 0.97115}, "PDM log": "{(3, 0.9, 1): {'shapes': [(784, 178), (178,), (178, 10), (10,)], 'train_accuracy': 0.97115, 'test_accuracy': 0.9605}}", "timing": 37}, "pdm_pdm_it 20": {"Best Result": {"Best Sigma0": 3, "Best sigma": 0.9, "Best gamma": 1, "Best Test accuracy": 0.9605, "Train acc": 0.97115}, "PDM log": "{(3, 0.9, 1): {'shapes': [(784, 178), (178,), (178, 10), (10,)], 'train_accuracy': 0.97115, 'test_accuracy': 0.9605}}", "timing": 47}}