{"seed": 3, "Data statistics": "{0: {0: 5356, 1: 6212, 2: 5726, 3: 5437, 4: 225, 5: 1131, 6: 4960, 7: 3308}, 1: {0: 567, 1: 530, 2: 232, 3: 694, 4: 5617, 5: 4290, 6: 958, 7: 2957, 8: 5851, 9: 5949}}", "loading time": 19, "local_train_accs": [0.9962911451089476, 0.9885331886417074], "local_test_accs": [0.7672, 0.9464], "pdm_pdm_it 5": {"Best Result": {"Best Sigma0": 3, "Best sigma": 0.9, "Best gamma": 1, "Best Test accuracy": 0.8621, "Train acc": 0.8706166666666667}, "PDM log": "{(3, 0.9, 1): {'shapes': [(784, 177), (177,), (177, 10), (10,)], 'train_accuracy': 0.8706166666666667, 'test_accuracy': 0.8621}}", "timing": 25}, "pdm_pdm_it 10": {"Best Result": {"Best Sigma0": 3, "Best sigma": 0.9, "Best gamma": 1, "Best Test accuracy": 0.8621, "Train acc": 0.8706166666666667}, "PDM log": "{(3, 0.9, 1): {'shapes': [(784, 177), (177,), (177, 10), (10,)], 'train_accuracy': 0.8706166666666667, 'test_accuracy': 0.8621}}", "timing": 31}, "pdm_pdm_it 15": {"Best Result": {"Best Sigma0": 3, "Best sigma": 0.9, "Best gamma": 1, "Best Test accuracy": 0.8621, "Train acc": 0.8706166666666667}, "PDM log": "{(3, 0.9, 1): {'shapes': [(784, 177), (177,), (177, 10), (10,)], 'train_accuracy': 0.8706166666666667, 'test_accuracy': 0.8621}}", "timing": 23}, "pdm_pdm_it 20": {"Best Result": {"Best Sigma0": 3, "Best sigma": 0.9, "Best gamma": 1, "Best Test accuracy": 0.8621, "Train acc": 0.8706166666666667}, "PDM log": "{(3, 0.9, 1): {'shapes': [(784, 177), (177,), (177, 10), (10,)], 'train_accuracy': 0.8706166666666667, 'test_accuracy': 0.8621}}", "timing": 32}}