{"seed": 6, "Data statistics": "{0: {0: 2734, 1: 5235, 2: 5879, 3: 552, 4: 686, 5: 910, 6: 5810, 7: 956, 8: 11, 9: 5949}, 1: {0: 3189, 1: 1507, 2: 79, 3: 5579, 4: 5156, 5: 4511, 6: 108, 7: 5309, 8: 5840}}", "loading time": 16, "local_train_accs": [0.9918529350323794, 0.9947566979985932], "local_test_accs": [0.859, 0.8356], "pdm_pdm_it 5": {"Best Result": {"Best Sigma0": 3, "Best sigma": 0.9, "Best gamma": 1, "Best Test accuracy": 0.8867, "Train acc": 0.8926833333333334}, "PDM log": "{(3, 0.9, 1): {'shapes': [(784, 180), (180,), (180, 10), (10,)], 'train_accuracy': 0.8926833333333334, 'test_accuracy': 0.8867}}", "timing": 22}, "pdm_pdm_it 10": {"Best Result": {"Best Sigma0": 3, "Best sigma": 0.9, "Best gamma": 1, "Best Test accuracy": 0.8867, "Train acc": 0.8926833333333334}, "PDM log": "{(3, 0.9, 1): {'shapes': [(784, 180), (180,), (180, 10), (10,)], 'train_accuracy': 0.8926833333333334, 'test_accuracy': 0.8867}}", "timing": 29}, "pdm_pdm_it 15": {"Best Result": {"Best Sigma0": 3, "Best sigma": 0.9, "Best gamma": 1, "Best Test accuracy": 0.8867, "Train acc": 0.8926833333333334}, "PDM log": "{(3, 0.9, 1): {'shapes': [(784, 180), (180,), (180, 10), (10,)], 'train_accuracy': 0.8926833333333334, 'test_accuracy': 0.8867}}", "timing": 28}, "pdm_pdm_it 20": {"Best Result": {"Best Sigma0": 3, "Best sigma": 0.9, "Best gamma": 1, "Best Test accuracy": 0.8867, "Train acc": 0.8926833333333334}, "PDM log": "{(3, 0.9, 1): {'shapes': [(784, 180), (180,), (180, 10), (10,)], 'train_accuracy': 0.8926833333333334, 'test_accuracy': 0.8867}}", "timing": 44}}