{"seed": 6, "Data statistics": "{0: {0: 590, 1: 661, 2: 587, 3: 624, 4: 613, 5: 542, 6: 623, 7: 604, 8: 557, 9: 599}, 1: {0: 561, 1: 716, 2: 606, 3: 636, 4: 568, 5: 547, 6: 552, 7: 633, 8: 614, 9: 567}, 2: {0: 606, 1: 716, 2: 582, 3: 615, 4: 579, 5: 513, 6: 583, 7: 607, 8: 571, 9: 628}, 3: {0: 589, 1: 664, 2: 553, 3: 609, 4: 561, 5: 570, 6: 620, 7: 636, 8: 604, 9: 594}, 4: {0: 592, 1: 682, 2: 656, 3: 604, 4: 573, 5: 521, 6: 594, 7: 634, 8: 569, 9: 575}, 5: {0: 572, 1: 693, 2: 589, 3: 661, 4: 560, 5: 546, 6: 572, 7: 638, 8: 589, 9: 580}, 6: {0: 626, 1: 663, 2: 593, 3: 573, 4: 615, 5: 560, 6: 604, 7: 597, 8: 566, 9: 603}, 7: {0: 617, 1: 650, 2: 594, 3: 583, 4: 591, 5: 500, 6: 617, 7: 657, 8: 579, 9: 612}, 8: {0: 578, 1: 643, 2: 592, 3: 629, 4: 581, 5: 554, 6: 571, 7: 653, 8: 588, 9: 611}, 9: {0: 592, 1: 654, 2: 606, 3: 597, 4: 601, 5: 568, 6: 582, 7: 606, 8: 614, 9: 580}}", "loading time": 20, "local_train_accs": [0.9565, 0.9633333333333334, 0.9708333333333333, 0.9768333333333333, 0.9746666666666667, 0.977, 0.9508333333333333, 0.976, 0.9658333333333333, 0.9546666666666667], "local_test_accs": [0.9235, 0.9311, 0.9285, 0.9377, 0.9386, 0.9353, 0.9128, 0.931, 0.9303, 0.9173], "pdm_KL_reg 0": {"Best Result": {"Best Sigma0": 10, "Best sigma": 0.5, "Best gamma": 10, "Best Test accuracy": 0.8003, "Train acc": 0.80655}, "PDM log": "{(10, 0.5, 10): {'shapes': [(784, 823), (823,), (823, 631), (631,), (631, 421), (421,), (421, 283), (283,), (283, 118), (118,), (118, 10), (10,)], 'train_accuracy': 0.80655, 'test_accuracy': 0.8003}}", "timing": 389}, "best_reg": 0, "skip_pdm": {"Best Result": {"Best Sigma0": 10, "Best sigma": 0.5, "Best gamma": 10, "Best Test accuracy": 0.0974, "Train acc": 0.09751666666666667}, "PDM log": "{(10, 0.5, 10): {'shapes': [(824, 785), (101, 824), (767, 101), (101, 767), (402, 101), (10, 402)], 'train_accuracy': 0.09751666666666667, 'test_accuracy': 0.0974}}", "timing": 250}}