{"seed": 0, "Data statistics": "{0: {0: 605, 1: 688, 2: 586, 3: 583, 4: 565, 5: 518, 6: 631, 7: 625, 8: 584, 9: 615}, 1: {0: 600, 1: 691, 2: 580, 3: 625, 4: 588, 5: 557, 6: 559, 7: 603, 8: 607, 9: 590}, 2: {0: 607, 1: 691, 2: 583, 3: 639, 4: 577, 5: 516, 6: 571, 7: 641, 8: 596, 9: 579}, 3: {0: 605, 1: 642, 2: 610, 3: 580, 4: 590, 5: 565, 6: 572, 7: 632, 8: 591, 9: 613}, 4: {0: 578, 1: 653, 2: 600, 3: 593, 4: 627, 5: 556, 6: 629, 7: 608, 8: 581, 9: 575}, 5: {0: 596, 1: 690, 2: 594, 3: 650, 4: 589, 5: 539, 6: 547, 7: 612, 8: 568, 9: 615}, 6: {0: 598, 1: 645, 2: 614, 3: 624, 4: 572, 5: 556, 6: 605, 7: 605, 8: 601, 9: 580}, 7: {0: 544, 1: 682, 2: 604, 3: 591, 4: 605, 5: 562, 6: 601, 7: 694, 8: 525, 9: 592}, 8: {0: 564, 1: 665, 2: 608, 3: 647, 4: 566, 5: 520, 6: 615, 7: 613, 8: 594, 9: 608}, 9: {0: 626, 1: 695, 2: 579, 3: 599, 4: 563, 5: 532, 6: 588, 7: 632, 8: 604, 9: 582}}", "loading time": 29, "local_train_accs": [0.9736666666666667, 0.9728333333333333, 0.9665, 0.9551666666666667, 0.9508333333333333, 0.9775, 0.9695, 0.9586666666666667, 0.9641666666666666, 0.9756666666666667], "local_test_accs": [0.9348, 0.9301, 0.9313, 0.9281, 0.9114, 0.9358, 0.929, 0.9195, 0.9282, 0.9303], "pdm_KL_reg 0": {"Best Result": {"Best Sigma0": 10, "Best sigma": 0.5, "Best gamma": 10, "Best Test accuracy": 0.8396, "Train acc": 0.8430333333333333}, "PDM log": "{(10, 0.5, 10): {'shapes': [(784, 831), (831,), (831, 630), (630,), (630, 413), (413,), (413, 268), (268,), (268, 118), (118,), (118, 10), (10,)], 'train_accuracy': 0.8430333333333333, 'test_accuracy': 0.8396}}", "timing": 528}, "best_reg": 0, "skip_pdm": {"Best Result": {"Best Sigma0": 10, "Best sigma": 0.5, "Best gamma": 10, "Best Test accuracy": 0.0974, "Train acc": 0.09751666666666667}, "PDM log": "{(10, 0.5, 10): {'shapes': [(831, 785), (101, 831), (756, 101), (101, 756), (370, 101), (10, 370)], 'train_accuracy': 0.09751666666666667, 'test_accuracy': 0.0974}}", "timing": 408}}