{"seed": 7, "Data statistics": "{0: {0: 554, 1: 669, 2: 572, 3: 681, 4: 598, 5: 558, 6: 636, 7: 619, 8: 562, 9: 551}, 1: {0: 590, 1: 674, 2: 557, 3: 563, 4: 600, 5: 553, 6: 565, 7: 674, 8: 639, 9: 585}, 2: {0: 605, 1: 703, 2: 584, 3: 644, 4: 578, 5: 529, 6: 563, 7: 606, 8: 577, 9: 611}, 3: {0: 581, 1: 680, 2: 615, 3: 621, 4: 560, 5: 588, 6: 616, 7: 604, 8: 523, 9: 612}, 4: {0: 623, 1: 671, 2: 621, 3: 623, 4: 589, 5: 521, 6: 604, 7: 610, 8: 560, 9: 578}, 5: {0: 571, 1: 610, 2: 573, 3: 626, 4: 602, 5: 557, 6: 561, 7: 678, 8: 604, 9: 618}, 6: {0: 552, 1: 679, 2: 615, 3: 613, 4: 559, 5: 514, 6: 599, 7: 643, 8: 606, 9: 620}, 7: {0: 620, 1: 710, 2: 621, 3: 598, 4: 568, 5: 520, 6: 575, 7: 612, 8: 597, 9: 579}, 8: {0: 625, 1: 671, 2: 596, 3: 560, 4: 620, 5: 530, 6: 646, 7: 593, 8: 558, 9: 601}, 9: {0: 602, 1: 675, 2: 604, 3: 602, 4: 568, 5: 551, 6: 553, 7: 626, 8: 625, 9: 594}}", "loading time": 20, "local_train_accs": [0.9683333333333334, 0.9801666666666666, 0.9411666666666667, 0.9468333333333333, 0.9513333333333334, 0.9698333333333333, 0.9478333333333333, 0.9506666666666667, 0.9688333333333333, 0.9723333333333334], "local_test_accs": [0.93, 0.9405, 0.9042, 0.9148, 0.9145, 0.9329, 0.912, 0.9023, 0.927, 0.9277], "pdm_KL_reg 0": {"Best Result": {"Best Sigma0": 10, "Best sigma": 0.5, "Best gamma": 10, "Best Test accuracy": 0.8711, "Train acc": 0.8713166666666666}, "PDM log": "{(10, 0.5, 10): {'shapes': [(784, 831), (831,), (831, 608), (608,), (608, 404), (404,), (404, 270), (270,), (270, 118), (118,), (118, 10), (10,)], 'train_accuracy': 0.8713166666666666, 'test_accuracy': 0.8711}}", "timing": 314}, "best_reg": 0, "skip_pdm": {"Best Result": {"Best Sigma0": 10, "Best sigma": 0.5, "Best gamma": 10, "Best Test accuracy": 0.0974, "Train acc": 0.09751666666666667}, "PDM log": "{(10, 0.5, 10): {'shapes': [(825, 785), (101, 825), (759, 101), (101, 759), (374, 101), (10, 374)], 'train_accuracy': 0.09751666666666667, 'test_accuracy': 0.0974}}", "timing": 211}}