{"seed": 2, "Data statistics": "{0: {0: 784, 2: 922, 3: 134, 4: 62, 5: 2, 6: 138, 7: 351, 8: 327, 9: 137}, 1: {0: 128, 1: 315, 2: 87, 3: 312, 4: 540, 5: 102, 6: 88, 7: 20, 8: 45, 9: 346}, 2: {0: 705, 1: 496, 2: 69, 3: 40, 4: 399, 5: 438, 6: 372, 7: 489}, 3: {0: 33, 1: 7, 2: 10, 3: 460, 4: 122, 5: 362, 6: 111, 7: 444, 8: 208, 9: 4269}, 4: {0: 491, 1: 6, 2: 10, 3: 300, 4: 376, 5: 255, 6: 374, 7: 593, 8: 118, 9: 612}, 5: {0: 182, 1: 13, 2: 2, 3: 753, 4: 115, 5: 384, 6: 47, 7: 202, 8: 511, 9: 60}, 6: {0: 101, 1: 22, 2: 14, 3: 649, 4: 911, 5: 47, 6: 243, 7: 732, 8: 1118}, 7: {0: 1, 1: 200, 2: 116, 3: 811, 4: 6, 5: 21, 6: 141, 7: 68, 8: 109, 9: 19}, 8: {0: 488, 1: 989, 2: 115, 3: 16, 4: 62, 5: 473, 6: 15, 7: 1, 8: 840, 9: 150}, 9: {0: 1, 1: 133, 2: 3, 4: 5, 5: 595, 6: 671, 8: 341, 9: 45}, 10: {0: 45, 1: 437, 2: 7, 3: 8, 4: 34, 5: 59, 6: 154, 7: 78, 8: 52, 9: 2}, 11: {0: 192, 1: 21, 2: 964, 3: 157, 4: 9, 5: 34, 6: 1134, 7: 696}, 12: {0: 87, 1: 514, 2: 502, 3: 600, 4: 188, 5: 123, 6: 2, 7: 1878}, 13: {0: 1859, 1: 1208}, 14: {0: 572, 1: 888, 2: 10, 3: 674, 4: 836, 5: 8, 6: 1131}, 15: {0: 97, 1: 268, 2: 374, 3: 3, 4: 175, 5: 586, 6: 829, 7: 589, 8: 235}, 16: {0: 1, 1: 72, 2: 1725, 3: 158, 4: 424, 5: 1560}, 17: {0: 31, 1: 269, 2: 1, 3: 817, 4: 1395, 5: 359, 6: 150}, 18: {0: 1, 1: 754, 2: 688, 3: 3, 4: 83, 5: 5, 6: 312, 7: 39, 8: 1630}, 19: {0: 124, 1: 130, 2: 339, 3: 236, 4: 100, 5: 8, 6: 6, 7: 85, 8: 317, 9: 309}}", "local_train_accs": [0.9950997549877494, 1.0, 0.9970079787234043, 0.9980086292731497, 0.999043062200957, 0.99779638607316, 0.9992181391712275, 0.9993297587131368, 0.9892029215624007, 1.0, 1.0, 0.9909572809479265, 0.9856189008731382, 1.0, 0.9961155620296188, 1.0, 0.9878172588832488, 0.999669093315685, 0.9891891891891892, 0.9975816203143894], "local_test_accs": [0.7321, 0.869, 0.7181, 0.7925, 0.8097, 0.7869, 0.739, 0.7196, 0.7584, 0.4986, 0.752, 0.6887, 0.6475, 0.2111, 0.5443, 0.7694, 0.4566, 0.5579, 0.5596, 0.8202], "pdm_match": {}, "pdm_KL_match": {}, "pdm_KL2_match": {"Best Result": {"Best Sigma0": 1.0, "Best sigma": 0.1, "Best gamma": 10.0, "Best Test accuracy": 0.9211, "Train acc": 0.9230833333333334}, "PDM log": "{(1.0, 1.0, 1.0): {'shapes': [(784, 245), (245,), (245, 10), (10,)], 'train_accuracy': 0.8577, 'test_accuracy': 0.853}, (10.0, 1.0, 1.0): {'shapes': [(784, 116), (116,), (116, 10), (10,)], 'train_accuracy': 0.8529666666666667, 'test_accuracy': 0.8494}, (1.0, 0.1, 1.0): {'shapes': [(784, 700), (700,), (700, 10), (10,)], 'train_accuracy': 0.8974666666666666, 'test_accuracy': 0.8939}, (10.0, 0.1, 1.0): {'shapes': [(784, 185), (185,), (185, 10), (10,)], 'train_accuracy': 0.81005, 'test_accuracy': 0.8135}, (1.0, 0.5, 1.0): {'shapes': [(784, 610), (610,), (610, 10), (10,)], 'train_accuracy': 0.8577333333333333, 'test_accuracy': 0.853}, (10.0, 0.5, 1.0): {'shapes': [(784, 135), (135,), (135, 10), (10,)], 'train_accuracy': 0.8118666666666666, 'test_accuracy': 0.811}, (1.0, 1.0, 10.0): {'shapes': [(784, 531), (531,), (531, 10), (10,)], 'train_accuracy': 0.8651666666666666, 'test_accuracy': 0.8591}, (10.0, 1.0, 10.0): {'shapes': [(784, 169), (169,), (169, 10), (10,)], 'train_accuracy': 0.8165333333333333, 'test_accuracy': 0.8168}, (1.0, 0.1, 10.0): {'shapes': [(784, 700), (700,), (700, 10), (10,)], 'train_accuracy': 0.9230833333333334, 'test_accuracy': 0.9211}, (10.0, 0.1, 10.0): {'shapes': [(784, 233), (233,), (233, 10), (10,)], 'train_accuracy': 0.7614333333333333, 'test_accuracy': 0.7635}, (1.0, 0.5, 10.0): {'shapes': [(784, 700), (700,), (700, 10), (10,)], 'train_accuracy': 0.8843833333333333, 'test_accuracy': 0.8798}, (10.0, 0.5, 10.0): {'shapes': [(784, 185), (185,), (185, 10), (10,)], 'train_accuracy': 0.8112833333333334, 'test_accuracy': 0.8074}, (1.0, 1.0, 50.0): {'shapes': [(784, 700), (700,), (700, 10), (10,)], 'train_accuracy': 0.8624166666666667, 'test_accuracy': 0.857}, (10.0, 1.0, 50.0): {'shapes': [(784, 327), (327,), (327, 10), (10,)], 'train_accuracy': 0.8222833333333334, 'test_accuracy': 0.8194}, (1.0, 0.1, 50.0): {'shapes': [(784, 700), (700,), (700, 10), (10,)], 'train_accuracy': 0.8816833333333334, 'test_accuracy': 0.8785}, (10.0, 0.1, 50.0): {'shapes': [(784, 398), (398,), (398, 10), (10,)], 'train_accuracy': 0.7489666666666667, 'test_accuracy': 0.7521}, (1.0, 0.5, 50.0): {'shapes': [(784, 700), (700,), (700, 10), (10,)], 'train_accuracy': 0.8806666666666667, 'test_accuracy': 0.8774}, (10.0, 0.5, 50.0): {'shapes': [(784, 326), (326,), (326, 10), (10,)], 'train_accuracy': 0.81465, 'test_accuracy': 0.8135}}"}}