{"seed": 8, "Data statistics": "{0: {0: 266, 1: 1171, 2: 2, 3: 286, 4: 2938}, 1: {0: 209, 1: 469, 2: 213, 3: 121, 4: 85, 5: 182, 6: 63, 7: 151, 8: 449, 9: 211}, 2: {0: 163, 1: 276, 2: 36, 3: 91, 4: 6, 5: 17, 6: 249, 7: 343, 8: 12}, 3: {0: 201, 1: 193, 3: 123, 4: 27, 5: 155, 6: 45, 7: 130, 8: 838, 9: 372}, 4: {0: 89, 1: 119, 2: 371, 3: 243, 4: 58, 5: 71, 6: 139, 7: 79, 8: 2036}, 5: {0: 254, 1: 827, 2: 1564, 3: 401}, 6: {0: 1175, 1: 531, 2: 69, 3: 720, 4: 38, 5: 131, 6: 936}, 7: {0: 37, 1: 789, 2: 513, 3: 100, 4: 100, 5: 309, 6: 414, 7: 2423}, 8: {0: 218, 1: 12, 2: 16, 3: 437, 4: 47, 5: 4, 6: 184, 7: 393, 8: 821, 9: 12}, 9: {0: 69, 1: 454, 2: 2, 3: 131, 4: 4, 5: 311, 6: 169, 7: 205, 8: 40, 9: 388}, 10: {0: 83, 1: 102, 2: 29, 3: 10, 4: 83, 5: 658, 6: 1764, 7: 51, 8: 774}, 11: {0: 375, 1: 6, 2: 295, 3: 59, 4: 98, 5: 261, 6: 122, 7: 894, 8: 7, 9: 68}, 12: {0: 66, 1: 55, 2: 259, 3: 535, 4: 29, 5: 399, 6: 504, 7: 19, 8: 438, 9: 48}, 13: {0: 600, 1: 212, 2: 38, 3: 408, 4: 1480, 5: 767}, 14: {0: 363, 1: 39, 2: 225, 3: 421, 4: 1, 5: 381, 6: 76, 7: 4, 8: 202, 9: 1162}, 15: {0: 222, 1: 13, 2: 1578, 3: 15, 4: 181, 5: 438, 6: 819}, 16: {0: 19, 1: 242, 2: 11, 3: 268, 4: 177, 5: 1015, 6: 24, 7: 65, 8: 230, 9: 1573}, 17: {0: 655, 1: 463, 2: 50, 3: 939, 4: 415, 6: 402, 7: 810}, 18: {0: 2, 1: 482, 2: 618, 3: 472, 4: 71, 5: 265, 6: 5, 7: 552, 8: 3, 9: 813}, 19: {0: 857, 1: 287, 2: 69, 3: 351, 4: 4, 5: 57, 6: 3, 7: 146, 8: 1, 9: 1302}}", "local_train_accs": [0.9997855457859747, 1.0, 0.9974853310980721, 1.0, 0.9975039001560062, 0.9885095206828628, 1.0, 0.991889007470651, 1.0, 1.0, 1.0, 0.994508009153318, 0.9991496598639455, 1.0, 0.9874739039665971, 1.0, 0.9997240618101545, 0.9823245848955544, 0.9783734389278099, 1.0], "local_test_accs": [0.4145, 0.9154, 0.7087, 0.786, 0.8218, 0.4045, 0.6455, 0.7094, 0.7518, 0.7326, 0.765, 0.814, 0.8652, 0.5649, 0.7745, 0.6123, 0.828, 0.6569, 0.6898, 0.6943], "pdm_match": {}, "pdm_KL_match": {}, "pdm_KL2_match": {"Best Result": {"Best Sigma0": 1.0, "Best sigma": 0.5, "Best gamma": 10.0, "Best Test accuracy": 0.8362, "Train acc": 0.8400333333333333}, "PDM log": "{(1.0, 1.0, 1.0): {'shapes': [(784, 236), (236,), (236, 10), (10,)], 'train_accuracy': 0.7954166666666667, 'test_accuracy': 0.7959}, (10.0, 1.0, 1.0): {'shapes': [(784, 112), (112,), (112, 10), (10,)], 'train_accuracy': 0.7524666666666666, 'test_accuracy': 0.7515}, (1.0, 0.1, 1.0): {'shapes': [(784, 700), (700,), (700, 10), (10,)], 'train_accuracy': 0.81755, 'test_accuracy': 0.8167}, (10.0, 0.1, 1.0): {'shapes': [(784, 165), (165,), (165, 10), (10,)], 'train_accuracy': 0.7544833333333333, 'test_accuracy': 0.7516}, (1.0, 0.5, 1.0): {'shapes': [(784, 647), (647,), (647, 10), (10,)], 'train_accuracy': 0.8265166666666667, 'test_accuracy': 0.8249}, (10.0, 0.5, 1.0): {'shapes': [(784, 131), (131,), (131, 10), (10,)], 'train_accuracy': 0.7837833333333334, 'test_accuracy': 0.7852}, (1.0, 1.0, 10.0): {'shapes': [(784, 580), (580,), (580, 10), (10,)], 'train_accuracy': 0.8364333333333334, 'test_accuracy': 0.8381}, (10.0, 1.0, 10.0): {'shapes': [(784, 181), (181,), (181, 10), (10,)], 'train_accuracy': 0.8391, 'test_accuracy': 0.8425}, (1.0, 0.1, 10.0): {'shapes': [(784, 700), (700,), (700, 10), (10,)], 'train_accuracy': 0.8034333333333333, 'test_accuracy': 0.8029}, (10.0, 0.1, 10.0): {'shapes': [(784, 213), (213,), (213, 10), (10,)], 'train_accuracy': 0.7272166666666666, 'test_accuracy': 0.7217}, (1.0, 0.5, 10.0): {'shapes': [(784, 700), (700,), (700, 10), (10,)], 'train_accuracy': 0.8400333333333333, 'test_accuracy': 0.8362}, (10.0, 0.5, 10.0): {'shapes': [(784, 191), (191,), (191, 10), (10,)], 'train_accuracy': 0.8030833333333334, 'test_accuracy': 0.8004}, (1.0, 1.0, 50.0): {'shapes': [(784, 700), (700,), (700, 10), (10,)], 'train_accuracy': 0.8132666666666667, 'test_accuracy': 0.8126}, (10.0, 1.0, 50.0): {'shapes': [(784, 381), (381,), (381, 10), (10,)], 'train_accuracy': 0.81195, 'test_accuracy': 0.8143}, (1.0, 0.1, 50.0): {'shapes': [(784, 700), (700,), (700, 10), (10,)], 'train_accuracy': 0.8236166666666667, 'test_accuracy': 0.8239}, (10.0, 0.1, 50.0): {'shapes': [(784, 367), (367,), (367, 10), (10,)], 'train_accuracy': 0.74415, 'test_accuracy': 0.7435}, (1.0, 0.5, 50.0): {'shapes': [(784, 700), (700,), (700, 10), (10,)], 'train_accuracy': 0.8232, 'test_accuracy': 0.8223}, (10.0, 0.5, 50.0): {'shapes': [(784, 361), (361,), (361, 10), (10,)], 'train_accuracy': 0.7836166666666666, 'test_accuracy': 0.7842}}"}}