{"seed": 4, "Data statistics": "{0: {0: 154, 1: 1189, 2: 216, 3: 307, 4: 146, 5: 151, 6: 637, 7: 673}, 1: {0: 332, 1: 208, 2: 695, 3: 567, 5: 313, 6: 1264}, 2: {0: 218, 1: 961, 2: 42, 3: 36, 4: 1224, 5: 526}, 3: {0: 303, 1: 55, 2: 14, 3: 59, 4: 330, 5: 40, 6: 66, 7: 215, 8: 142, 9: 3}, 4: {1: 489, 2: 11, 3: 6, 4: 11, 5: 1346, 6: 82, 7: 1036, 8: 2045}, 5: {0: 113, 1: 130, 2: 64, 3: 13, 4: 1, 5: 544, 6: 184, 7: 120, 8: 48, 9: 121}, 6: {0: 57, 1: 135, 2: 141, 3: 333, 4: 641, 5: 172, 6: 187, 7: 11, 8: 563, 9: 248}, 7: {0: 333, 1: 410, 2: 207, 3: 173, 4: 27, 5: 84, 6: 534, 7: 993, 8: 483}, 8: {0: 1223, 1: 330, 2: 123, 3: 536, 4: 225, 5: 102, 6: 157, 7: 160, 8: 15, 9: 27}, 9: {0: 114, 1: 10, 2: 63, 3: 4, 4: 323, 5: 40, 6: 52, 7: 193, 8: 115, 9: 32}, 10: {0: 889, 1: 154, 2: 180, 3: 116, 4: 418, 5: 9, 6: 441, 7: 25, 8: 681, 9: 12}, 11: {0: 621, 1: 22, 2: 105, 3: 297, 4: 549, 6: 1179, 7: 350}, 12: {0: 284, 1: 3, 2: 6, 3: 1660, 4: 543, 5: 721}, 13: {0: 632, 1: 1724, 2: 3165}, 14: {0: 124, 1: 61, 2: 17, 4: 38, 5: 320, 6: 8, 8: 22, 9: 28}, 15: {0: 58, 1: 17, 2: 68, 3: 391, 4: 18, 5: 520, 6: 278, 7: 1303, 8: 1318}, 16: {0: 72, 1: 365, 2: 49, 3: 12, 4: 256, 5: 123, 6: 84, 7: 35, 8: 153, 9: 2592}, 17: {0: 192, 1: 4, 2: 645, 3: 631, 4: 490, 5: 3, 6: 610, 7: 624}, 18: {0: 203, 1: 374, 2: 95, 3: 336, 4: 517, 5: 241, 6: 56, 7: 1, 8: 247, 9: 2774}, 19: {0: 1, 1: 101, 2: 52, 3: 654, 4: 85, 5: 166, 6: 99, 7: 526, 8: 19, 9: 112}}", "local_train_accs": [0.996832709473078, 0.9973364900858243, 1.0, 1.0, 0.9996020692399522, 1.0, 0.9742765273311897, 0.9944512946979038, 1.0, 1.0, 1.0, 1.0, 1.0, 1.0, 1.0, 0.993704356585243, 0.9962576851109329, 0.9921850578305721, 0.999793559042114, 1.0], "local_test_accs": [0.7548, 0.5817, 0.5522, 0.7848, 0.6108, 0.7877, 0.8574, 0.7777, 0.8582, 0.781, 0.7996, 0.6688, 0.4553, 0.3129, 0.659, 0.7872, 0.7893, 0.6622, 0.8312, 0.7895], "pdm_match": {}, "pdm_KL_match": {}, "pdm_KL2_match": {"Best Result": {"Best Sigma0": 1.0, "Best sigma": 1.0, "Best gamma": 10.0, "Best Test accuracy": 0.8576, "Train acc": 0.8607166666666667}, "PDM log": "{(1.0, 1.0, 1.0): {'shapes': [(784, 233), (233,), (233, 10), (10,)], 'train_accuracy': 0.8556833333333334, 'test_accuracy': 0.8529}, (10.0, 1.0, 1.0): {'shapes': [(784, 112), (112,), (112, 10), (10,)], 'train_accuracy': 0.7486333333333334, 'test_accuracy': 0.7505}, (1.0, 0.1, 1.0): {'shapes': [(784, 700), (700,), (700, 10), (10,)], 'train_accuracy': 0.8586, 'test_accuracy': 0.8559}, (10.0, 0.1, 1.0): {'shapes': [(784, 174), (174,), (174, 10), (10,)], 'train_accuracy': 0.78765, 'test_accuracy': 0.7893}, (1.0, 0.5, 1.0): {'shapes': [(784, 582), (582,), (582, 10), (10,)], 'train_accuracy': 0.8592833333333333, 'test_accuracy': 0.8563}, (10.0, 0.5, 1.0): {'shapes': [(784, 132), (132,), (132, 10), (10,)], 'train_accuracy': 0.7542333333333333, 'test_accuracy': 0.7566}, (1.0, 1.0, 10.0): {'shapes': [(784, 521), (521,), (521, 10), (10,)], 'train_accuracy': 0.8607166666666667, 'test_accuracy': 0.8576}, (10.0, 1.0, 10.0): {'shapes': [(784, 170), (170,), (170, 10), (10,)], 'train_accuracy': 0.7897666666666666, 'test_accuracy': 0.7886}, (1.0, 0.1, 10.0): {'shapes': [(784, 700), (700,), (700, 10), (10,)], 'train_accuracy': 0.8588333333333333, 'test_accuracy': 0.8547}, (10.0, 0.1, 10.0): {'shapes': [(784, 231), (231,), (231, 10), (10,)], 'train_accuracy': 0.7438666666666667, 'test_accuracy': 0.7444}, (1.0, 0.5, 10.0): {'shapes': [(784, 700), (700,), (700, 10), (10,)], 'train_accuracy': 0.8575, 'test_accuracy': 0.8551}, (10.0, 0.5, 10.0): {'shapes': [(784, 186), (186,), (186, 10), (10,)], 'train_accuracy': 0.6718, 'test_accuracy': 0.6702}, (1.0, 1.0, 50.0): {'shapes': [(784, 700), (700,), (700, 10), (10,)], 'train_accuracy': 0.8581833333333333, 'test_accuracy': 0.8543}, (10.0, 1.0, 50.0): {'shapes': [(784, 357), (357,), (357, 10), (10,)], 'train_accuracy': 0.7562166666666666, 'test_accuracy': 0.7576}, (1.0, 0.1, 50.0): {'shapes': [(784, 700), (700,), (700, 10), (10,)], 'train_accuracy': 0.8566, 'test_accuracy': 0.8544}, (10.0, 0.1, 50.0): {'shapes': [(784, 376), (376,), (376, 10), (10,)], 'train_accuracy': 0.7307166666666667, 'test_accuracy': 0.7296}, (1.0, 0.5, 50.0): {'shapes': [(784, 700), (700,), (700, 10), (10,)], 'train_accuracy': 0.8588833333333333, 'test_accuracy': 0.856}, (10.0, 0.5, 50.0): {'shapes': [(784, 331), (331,), (331, 10), (10,)], 'train_accuracy': 0.6998333333333333, 'test_accuracy': 0.7001}}"}}