{"seed": 6, "Data statistics": "{0: {0: 525, 1: 492, 2: 476, 3: 486, 4: 508, 5: 495, 6: 524, 7: 481, 8: 510, 9: 503}, 1: {0: 492, 1: 515, 2: 471, 3: 507, 4: 523, 5: 503, 6: 486, 7: 482, 8: 510, 9: 511}, 2: {0: 513, 1: 485, 2: 481, 3: 511, 4: 480, 5: 511, 6: 512, 7: 479, 8: 516, 9: 512}, 3: {0: 467, 1: 473, 2: 526, 3: 496, 4: 514, 5: 514, 6: 469, 7: 513, 8: 520, 9: 508}, 4: {0: 500, 1: 492, 2: 499, 3: 519, 4: 534, 5: 460, 6: 525, 7: 485, 8: 514, 9: 472}, 5: {0: 508, 1: 492, 2: 507, 3: 512, 4: 466, 5: 513, 6: 523, 7: 492, 8: 494, 9: 493}, 6: {0: 468, 1: 508, 2: 533, 3: 506, 4: 439, 5: 510, 6: 510, 7: 519, 8: 501, 9: 506}, 7: {0: 540, 1: 511, 2: 499, 3: 452, 4: 508, 5: 501, 6: 464, 7: 529, 8: 474, 9: 522}, 8: {0: 497, 1: 497, 2: 496, 3: 517, 4: 511, 5: 497, 6: 493, 7: 509, 8: 497, 9: 486}, 9: {0: 490, 1: 535, 2: 512, 3: 494, 4: 517, 5: 496, 6: 494, 7: 511, 8: 464, 9: 487}}", "loading time": 250, "local_train_accs": [0.207, 0.1142, 0.3026, 0.2712, 0.179, 0.1912, 0.1608, 0.2586, 0.257, 0.236], "local_test_accs": [0.2041, 0.1114, 0.2729, 0.2569, 0.169, 0.1854, 0.1592, 0.2422, 0.2513, 0.2353], "Uniform ensemble (Train acc)": 0.2946, "Uniform ensemble (Test acc)": 0.2869, "FedAvg (Train acc)": 0.1, "FedAvg (Test acc)": 0.1, "pdm_KL_reg 0": {"Best Result": {"Best Sigma0": 0.5, "Best sigma": 1, "Best gamma": 10, "Best Test accuracy": 0.1726, "Train acc": 0.16474}, "PDM log": "{(0.5, 1, 10): {'shapes': [(3072, 250), (250,), (250, 118), (118,), (118, 118), (118,), (118, 118), (118,), (118, 10), (10,)], 'train_accuracy': 0.16474, 'test_accuracy': 0.1726}}", "timing": 820}, "pdm_KL_reg 0.001": {"Best Result": {"Best Sigma0": 0.5, "Best sigma": 1, "Best gamma": 10, "Best Test accuracy": 0.1193, "Train acc": 0.11724}, "PDM log": "{(0.5, 1, 10): {'shapes': [(3072, 250), (250,), (250, 118), (118,), (118, 118), (118,), (118, 118), (118,), (118, 10), (10,)], 'train_accuracy': 0.11724, 'test_accuracy': 0.1193}}", "timing": 1600}, "pdm_KL_reg 0.005": {"Best Result": {"Best Sigma0": 0.5, "Best sigma": 1, "Best gamma": 10, "Best Test accuracy": 0.1613, "Train acc": 0.15742}, "PDM log": "{(0.5, 1, 10): {'shapes': [(3072, 250), (250,), (250, 127), (127,), (127, 118), (118,), (118, 118), (118,), (118, 10), (10,)], 'train_accuracy': 0.15742, 'test_accuracy': 0.1613}}", "timing": 1567}, "pdm_KL_reg 0.01": {"Best Result": {"Best Sigma0": 0.5, "Best sigma": 1, "Best gamma": 10, "Best Test accuracy": 0.1466, "Train acc": 0.14234}, "PDM log": "{(0.5, 1, 10): {'shapes': [(3072, 251), (251,), (251, 118), (118,), (118, 118), (118,), (118, 118), (118,), (118, 10), (10,)], 'train_accuracy': 0.14234, 'test_accuracy': 0.1466}}", "timing": 1520}, "pdm_KL_reg 0.05": {"Best Result": {"Best Sigma0": 0.5, "Best sigma": 1, "Best gamma": 10, "Best Test accuracy": 0.1717, "Train acc": 0.16632}, "PDM log": "{(0.5, 1, 10): {'shapes': [(3072, 251), (251,), (251, 118), (118,), (118, 118), (118,), (118, 118), (118,), (118, 10), (10,)], 'train_accuracy': 0.16632, 'test_accuracy': 0.1717}}", "timing": 1690}, "pdm_KL_reg 0.1": {"Best Result": {"Best Sigma0": 0.5, "Best sigma": 1, "Best gamma": 10, "Best Test accuracy": 0.1484, "Train acc": 0.14418}, "PDM log": "{(0.5, 1, 10): {'shapes': [(3072, 256), (256,), (256, 118), (118,), (118, 118), (118,), (118, 118), (118,), (118, 10), (10,)], 'train_accuracy': 0.14418, 'test_accuracy': 0.1484}}", "timing": 1550}, "pdm_KL_reg 0.5": {"Best Result": {"Best Sigma0": 0.5, "Best sigma": 1, "Best gamma": 10, "Best Test accuracy": 0.1381, "Train acc": 0.1367}, "PDM log": "{(0.5, 1, 10): {'shapes': [(3072, 326), (326,), (326, 118), (118,), (118, 127), (127,), (127, 118), (118,), (118, 10), (10,)], 'train_accuracy': 0.1367, 'test_accuracy': 0.1381}}", "timing": 1833}, "pdm_KL_reg 1": {"Best Result": {"Best Sigma0": 0.5, "Best sigma": 1, "Best gamma": 10, "Best Test accuracy": 0.1207, "Train acc": 0.12098}, "PDM log": "{(0.5, 1, 10): {'shapes': [(3072, 491), (491,), (491, 127), (127,), (127, 127), (127,), (127, 118), (118,), (118, 10), (10,)], 'train_accuracy': 0.12098, 'test_accuracy': 0.1207}}", "timing": 2721}, "pdm_KL_reg 2": {"Best Result": {"Best Sigma0": 0.5, "Best sigma": 1, "Best gamma": 10, "Best Test accuracy": 0.1, "Train acc": 0.1}, "PDM log": "{(0.5, 1, 10): {'shapes': [(3072, 640), (640,), (640, 127), (127,), (127, 127), (127,), (127, 127), (127,), (127, 10), (10,)], 'train_accuracy': 0.1, 'test_accuracy': 0.1}}", "timing": 3007}, "pdm_KL_reg 5": {"Best Result": {"Best Sigma0": 0.5, "Best sigma": 1, "Best gamma": 10, "Best Test accuracy": 0.1, "Train acc": 0.1}, "PDM log": "{(0.5, 1, 10): {'shapes': [(3072, 642), (642,), (642, 136), (136,), (136, 136), (136,), (136, 118), (118,), (118, 10), (10,)], 'train_accuracy': 0.1, 'test_accuracy': 0.1}}", "timing": 2911}, "pdm_KL_reg 10": {"Best Result": {"Best Sigma0": 0.5, "Best sigma": 1, "Best gamma": 10, "Best Test accuracy": 0.1, "Train acc": 0.1}, "PDM log": "{(0.5, 1, 10): {'shapes': [(3072, 672), (672,), (672, 136), (136,), (136, 127), (127,), (127, 127), (127,), (127, 10), (10,)], 'train_accuracy': 0.1, 'test_accuracy': 0.1}}", "timing": 3388}, "best_reg": 0}