{"seed": 1, "Data statistics": "{0: {0: 510, 1: 492, 2: 515, 3: 474, 4: 530, 5: 498, 6: 501, 7: 489, 8: 481, 9: 510}, 1: {0: 476, 1: 494, 2: 523, 3: 515, 4: 477, 5: 497, 6: 486, 7: 523, 8: 497, 9: 512}, 2: {0: 503, 1: 524, 2: 501, 3: 526, 4: 471, 5: 497, 6: 538, 7: 499, 8: 482, 9: 459}, 3: {0: 484, 1: 501, 2: 514, 3: 480, 4: 487, 5: 513, 6: 529, 7: 501, 8: 480, 9: 511}, 4: {0: 506, 1: 496, 2: 478, 3: 495, 4: 492, 5: 512, 6: 520, 7: 487, 8: 490, 9: 524}, 5: {0: 517, 1: 496, 2: 472, 3: 525, 4: 496, 5: 506, 6: 458, 7: 480, 8: 503, 9: 547}, 6: {0: 491, 1: 522, 2: 492, 3: 490, 4: 506, 5: 482, 6: 492, 7: 499, 8: 557, 9: 469}, 7: {0: 516, 1: 500, 2: 499, 3: 512, 4: 523, 5: 503, 6: 468, 7: 515, 8: 493, 9: 471}, 8: {0: 503, 1: 497, 2: 498, 3: 492, 4: 484, 5: 490, 6: 509, 7: 511, 8: 506, 9: 510}, 9: {0: 494, 1: 478, 2: 508, 3: 491, 4: 534, 5: 502, 6: 499, 7: 496, 8: 511, 9: 487}}", "loading time": 120, "local_train_accs": [0.187, 0.2252, 0.2712, 0.2242, 0.2658, 0.268, 0.3064, 0.2152, 0.2064, 0.2304], "local_test_accs": [0.1814, 0.2082, 0.2397, 0.2074, 0.2531, 0.2516, 0.2819, 0.209, 0.1914, 0.2203], "Uniform ensemble (Train acc)": 0.30662, "Uniform ensemble (Test acc)": 0.297, "FedAvg (Train acc)": 0.1, "FedAvg (Test acc)": 0.1, "pdm_KL_reg 0": {"Best Result": {"Best Sigma0": 0.5, "Best sigma": 1, "Best gamma": 10, "Best Test accuracy": 0.1328, "Train acc": 0.1271}, "PDM log": "{(0.5, 1, 10): {'shapes': [(3072, 255), (255,), (255, 118), (118,), (118, 118), (118,), (118, 118), (118,), (118, 10), (10,)], 'train_accuracy': 0.1271, 'test_accuracy': 0.1328}}", "timing": 439}, "pdm_KL_reg 0.001": {"Best Result": {"Best Sigma0": 0.5, "Best sigma": 1, "Best gamma": 10, "Best Test accuracy": 0.1276, "Train acc": 0.12562}, "PDM log": "{(0.5, 1, 10): {'shapes': [(3072, 253), (253,), (253, 118), (118,), (118, 118), (118,), (118, 118), (118,), (118, 10), (10,)], 'train_accuracy': 0.12562, 'test_accuracy': 0.1276}}", "timing": 732}, "pdm_KL_reg 0.005": {"Best Result": {"Best Sigma0": 0.5, "Best sigma": 1, "Best gamma": 10, "Best Test accuracy": 0.1155, "Train acc": 0.11556}, "PDM log": "{(0.5, 1, 10): {'shapes': [(3072, 259), (259,), (259, 118), (118,), (118, 118), (118,), (118, 118), (118,), (118, 10), (10,)], 'train_accuracy': 0.11556, 'test_accuracy': 0.1155}}", "timing": 752}, "pdm_KL_reg 0.01": {"Best Result": {"Best Sigma0": 0.5, "Best sigma": 1, "Best gamma": 10, "Best Test accuracy": 0.1688, "Train acc": 0.1648}, "PDM log": "{(0.5, 1, 10): {'shapes': [(3072, 258), (258,), (258, 118), (118,), (118, 118), (118,), (118, 118), (118,), (118, 10), (10,)], 'train_accuracy': 0.1648, 'test_accuracy': 0.1688}}", "timing": 810}, "pdm_KL_reg 0.05": {"Best Result": {"Best Sigma0": 0.5, "Best sigma": 1, "Best gamma": 10, "Best Test accuracy": 0.1462, "Train acc": 0.1401}, "PDM log": "{(0.5, 1, 10): {'shapes': [(3072, 258), (258,), (258, 118), (118,), (118, 118), (118,), (118, 118), (118,), (118, 10), (10,)], 'train_accuracy': 0.1401, 'test_accuracy': 0.1462}}", "timing": 789}, "pdm_KL_reg 0.1": {"Best Result": {"Best Sigma0": 0.5, "Best sigma": 1, "Best gamma": 10, "Best Test accuracy": 0.1291, "Train acc": 0.12794}, "PDM log": "{(0.5, 1, 10): {'shapes': [(3072, 259), (259,), (259, 118), (118,), (118, 118), (118,), (118, 118), (118,), (118, 10), (10,)], 'train_accuracy': 0.12794, 'test_accuracy': 0.1291}}", "timing": 738}, "pdm_KL_reg 0.5": {"Best Result": {"Best Sigma0": 0.5, "Best sigma": 1, "Best gamma": 10, "Best Test accuracy": 0.1466, "Train acc": 0.14424}, "PDM log": "{(0.5, 1, 10): {'shapes': [(3072, 325), (325,), (325, 127), (127,), (127, 127), (127,), (127, 118), (118,), (118, 10), (10,)], 'train_accuracy': 0.14424, 'test_accuracy': 0.1466}}", "timing": 801}, "pdm_KL_reg 1": {"Best Result": {"Best Sigma0": 0.5, "Best sigma": 1, "Best gamma": 10, "Best Test accuracy": 0.1191, "Train acc": 0.11578}, "PDM log": "{(0.5, 1, 10): {'shapes': [(3072, 508), (508,), (508, 127), (127,), (127, 127), (127,), (127, 118), (118,), (118, 10), (10,)], 'train_accuracy': 0.11578, 'test_accuracy': 0.1191}}", "timing": 1121}, "pdm_KL_reg 2": {"Best Result": {"Best Sigma0": 0.5, "Best sigma": 1, "Best gamma": 10, "Best Test accuracy": 0.1, "Train acc": 0.1}, "PDM log": "{(0.5, 1, 10): {'shapes': [(3072, 655), (655,), (655, 127), (127,), (127, 127), (127,), (127, 127), (127,), (127, 10), (10,)], 'train_accuracy': 0.1, 'test_accuracy': 0.1}}", "timing": 1341}, "pdm_KL_reg 5": {"Best Result": {"Best Sigma0": 0.5, "Best sigma": 1, "Best gamma": 10, "Best Test accuracy": 0.1, "Train acc": 0.1}, "PDM log": "{(0.5, 1, 10): {'shapes': [(3072, 628), (628,), (628, 136), (136,), (136, 136), (136,), (136, 118), (118,), (118, 10), (10,)], 'train_accuracy': 0.1, 'test_accuracy': 0.1}}", "timing": 1376}, "pdm_KL_reg 10": {"Best Result": {"Best Sigma0": 0.5, "Best sigma": 1, "Best gamma": 10, "Best Test accuracy": 0.1, "Train acc": 0.1}, "PDM log": "{(0.5, 1, 10): {'shapes': [(3072, 656), (656,), (656, 136), (136,), (136, 136), (136,), (136, 127), (127,), (127, 10), (10,)], 'train_accuracy': 0.1, 'test_accuracy': 0.1}}", "timing": 1301}, "best_reg": 0.01}