{"seed": 9, "Data statistics": "{0: {0: 490, 1: 482, 2: 496, 3: 501, 4: 516, 5: 513, 6: 508, 7: 486, 8: 504, 9: 504}, 1: {0: 513, 1: 502, 2: 507, 3: 476, 4: 496, 5: 476, 6: 494, 7: 502, 8: 507, 9: 527}, 2: {0: 522, 1: 476, 2: 517, 3: 485, 4: 499, 5: 500, 6: 520, 7: 481, 8: 499, 9: 501}, 3: {0: 496, 1: 502, 2: 519, 3: 490, 4: 472, 5: 502, 6: 500, 7: 536, 8: 496, 9: 487}, 4: {0: 507, 1: 522, 2: 514, 3: 506, 4: 531, 5: 481, 6: 497, 7: 507, 8: 465, 9: 470}, 5: {0: 497, 1: 510, 2: 499, 3: 467, 4: 539, 5: 520, 6: 494, 7: 468, 8: 484, 9: 522}, 6: {0: 478, 1: 569, 2: 478, 3: 535, 4: 485, 5: 492, 6: 487, 7: 498, 8: 510, 9: 468}, 7: {0: 486, 1: 459, 2: 494, 3: 516, 4: 492, 5: 497, 6: 510, 7: 517, 8: 524, 9: 505}, 8: {0: 511, 1: 495, 2: 478, 3: 538, 4: 463, 5: 513, 6: 470, 7: 511, 8: 499, 9: 522}, 9: {0: 500, 1: 483, 2: 498, 3: 486, 4: 507, 5: 506, 6: 520, 7: 494, 8: 512, 9: 494}}", "loading time": 155, "local_train_accs": [0.1746, 0.2824, 0.295, 0.2654, 0.276, 0.1924, 0.2654, 0.227, 0.2722, 0.1882], "local_test_accs": [0.1667, 0.2544, 0.2807, 0.2564, 0.2671, 0.1846, 0.2579, 0.2084, 0.2628, 0.1816], "Uniform ensemble (Train acc)": 0.28798, "Uniform ensemble (Test acc)": 0.286, "FedAvg (Train acc)": 0.1, "FedAvg (Test acc)": 0.1, "pdm_KL_reg 0": {"Best Result": {"Best Sigma0": 0.5, "Best sigma": 1, "Best gamma": 10, "Best Test accuracy": 0.1566, "Train acc": 0.1495}, "PDM log": "{(0.5, 1, 10): {'shapes': [(3072, 240), (240,), (240, 118), (118,), (118, 118), (118,), (118, 118), (118,), (118, 10), (10,)], 'train_accuracy': 0.1495, 'test_accuracy': 0.1566}}", "timing": 686}, "pdm_KL_reg 0.001": {"Best Result": {"Best Sigma0": 0.5, "Best sigma": 1, "Best gamma": 10, "Best Test accuracy": 0.1631, "Train acc": 0.15622}, "PDM log": "{(0.5, 1, 10): {'shapes': [(3072, 245), (245,), (245, 118), (118,), (118, 118), (118,), (118, 118), (118,), (118, 10), (10,)], 'train_accuracy': 0.15622, 'test_accuracy': 0.1631}}", "timing": 1180}, "pdm_KL_reg 0.005": {"Best Result": {"Best Sigma0": 0.5, "Best sigma": 1, "Best gamma": 10, "Best Test accuracy": 0.16, "Train acc": 0.15768}, "PDM log": "{(0.5, 1, 10): {'shapes': [(3072, 246), (246,), (246, 118), (118,), (118, 127), (127,), (127, 118), (118,), (118, 10), (10,)], 'train_accuracy': 0.15768, 'test_accuracy': 0.16}}", "timing": 1304}, "pdm_KL_reg 0.01": {"Best Result": {"Best Sigma0": 0.5, "Best sigma": 1, "Best gamma": 10, "Best Test accuracy": 0.1335, "Train acc": 0.1322}, "PDM log": "{(0.5, 1, 10): {'shapes': [(3072, 242), (242,), (242, 118), (118,), (118, 127), (127,), (127, 118), (118,), (118, 10), (10,)], 'train_accuracy': 0.1322, 'test_accuracy': 0.1335}}", "timing": 1138}, "pdm_KL_reg 0.05": {"Best Result": {"Best Sigma0": 0.5, "Best sigma": 1, "Best gamma": 10, "Best Test accuracy": 0.1613, "Train acc": 0.15834}, "PDM log": "{(0.5, 1, 10): {'shapes': [(3072, 251), (251,), (251, 118), (118,), (118, 118), (118,), (118, 118), (118,), (118, 10), (10,)], 'train_accuracy': 0.15834, 'test_accuracy': 0.1613}}", "timing": 1032}, "pdm_KL_reg 0.1": {"Best Result": {"Best Sigma0": 0.5, "Best sigma": 1, "Best gamma": 10, "Best Test accuracy": 0.1413, "Train acc": 0.13566}, "PDM log": "{(0.5, 1, 10): {'shapes': [(3072, 254), (254,), (254, 118), (118,), (118, 127), (127,), (127, 118), (118,), (118, 10), (10,)], 'train_accuracy': 0.13566, 'test_accuracy': 0.1413}}", "timing": 881}, "pdm_KL_reg 0.5": {"Best Result": {"Best Sigma0": 0.5, "Best sigma": 1, "Best gamma": 10, "Best Test accuracy": 0.1742, "Train acc": 0.17592}, "PDM log": "{(0.5, 1, 10): {'shapes': [(3072, 333), (333,), (333, 127), (127,), (127, 127), (127,), (127, 118), (118,), (118, 10), (10,)], 'train_accuracy': 0.17592, 'test_accuracy': 0.1742}}", "timing": 1018}, "pdm_KL_reg 1": {"Best Result": {"Best Sigma0": 0.5, "Best sigma": 1, "Best gamma": 10, "Best Test accuracy": 0.144, "Train acc": 0.13962}, "PDM log": "{(0.5, 1, 10): {'shapes': [(3072, 514), (514,), (514, 127), (127,), (127, 127), (127,), (127, 118), (118,), (118, 10), (10,)], 'train_accuracy': 0.13962, 'test_accuracy': 0.144}}", "timing": 1354}, "pdm_KL_reg 2": {"Best Result": {"Best Sigma0": 0.5, "Best sigma": 1, "Best gamma": 10, "Best Test accuracy": 0.1066, "Train acc": 0.10612}, "PDM log": "{(0.5, 1, 10): {'shapes': [(3072, 659), (659,), (659, 127), (127,), (127, 127), (127,), (127, 127), (127,), (127, 10), (10,)], 'train_accuracy': 0.10612, 'test_accuracy': 0.1066}}", "timing": 1320}, "pdm_KL_reg 5": {"Best Result": {"Best Sigma0": 0.5, "Best sigma": 1, "Best gamma": 10, "Best Test accuracy": 0.1, "Train acc": 0.1}, "PDM log": "{(0.5, 1, 10): {'shapes': [(3072, 637), (637,), (637, 136), (136,), (136, 127), (127,), (127, 118), (118,), (118, 10), (10,)], 'train_accuracy': 0.1, 'test_accuracy': 0.1}}", "timing": 1168}, "pdm_KL_reg 10": {"Best Result": {"Best Sigma0": 0.5, "Best sigma": 1, "Best gamma": 10, "Best Test accuracy": 0.1, "Train acc": 0.1}, "PDM log": "{(0.5, 1, 10): {'shapes': [(3072, 663), (663,), (663, 136), (136,), (136, 127), (127,), (127, 127), (127,), (127, 10), (10,)], 'train_accuracy': 0.1, 'test_accuracy': 0.1}}", "timing": 1285}, "best_reg": 0.5}