{"seed": 7, "Data statistics": "{0: {0: 233, 1: 252, 2: 269, 3: 279, 4: 225, 5: 245, 6: 269, 7: 237, 8: 253, 9: 238}, 1: {0: 249, 1: 269, 2: 266, 3: 243, 4: 242, 5: 256, 6: 257, 7: 234, 8: 236, 9: 248}, 2: {0: 263, 1: 254, 2: 233, 3: 270, 4: 245, 5: 219, 6: 244, 7: 245, 8: 280, 9: 247}, 3: {0: 264, 1: 224, 2: 245, 3: 255, 4: 262, 5: 244, 6: 263, 7: 254, 8: 240, 9: 249}, 4: {0: 265, 1: 247, 2: 251, 3: 248, 4: 249, 5: 267, 6: 239, 7: 247, 8: 238, 9: 249}, 5: {0: 224, 1: 223, 2: 242, 3: 226, 4: 256, 5: 272, 6: 237, 7: 269, 8: 281, 9: 270}, 6: {0: 234, 1: 253, 2: 242, 3: 261, 4: 232, 5: 247, 6: 243, 7: 263, 8: 261, 9: 264}, 7: {0: 255, 1: 236, 2: 243, 3: 258, 4: 242, 5: 258, 6: 240, 7: 254, 8: 254, 9: 260}, 8: {0: 244, 1: 250, 2: 250, 3: 256, 4: 255, 5: 265, 6: 244, 7: 250, 8: 235, 9: 251}, 9: {0: 272, 1: 242, 2: 264, 3: 245, 4: 235, 5: 248, 6: 253, 7: 236, 8: 265, 9: 240}, 10: {0: 244, 1: 271, 2: 239, 3: 249, 4: 253, 5: 252, 6: 241, 7: 250, 8: 245, 9: 256}, 11: {0: 263, 1: 240, 2: 269, 3: 240, 4: 259, 5: 239, 6: 221, 7: 248, 8: 258, 9: 263}, 12: {0: 261, 1: 261, 2: 235, 3: 235, 4: 242, 5: 270, 6: 260, 7: 222, 8: 277, 9: 237}, 13: {0: 226, 1: 236, 2: 246, 3: 242, 4: 252, 5: 261, 6: 274, 7: 262, 8: 262, 9: 239}, 14: {0: 236, 1: 243, 2: 269, 3: 247, 4: 277, 5: 233, 6: 245, 7: 297, 8: 223, 9: 230}, 15: {0: 276, 1: 254, 2: 224, 3: 249, 4: 260, 5: 229, 6: 265, 7: 265, 8: 237, 9: 241}, 16: {0: 261, 1: 267, 2: 240, 3: 239, 4: 256, 5: 252, 6: 252, 7: 228, 8: 222, 9: 283}, 17: {0: 266, 1: 269, 2: 269, 3: 235, 4: 248, 5: 248, 6: 234, 7: 236, 8: 246, 9: 249}, 18: {0: 222, 1: 251, 2: 253, 3: 272, 4: 260, 5: 235, 6: 262, 7: 251, 8: 256, 9: 238}, 19: {0: 242, 1: 258, 2: 251, 3: 251, 4: 250, 5: 260, 6: 257, 7: 252, 8: 231, 9: 248}}", "loading time": 48, "local_train_accs": [0.4052, 0.39, 0.4392, 0.382, 0.4028, 0.3516, 0.4528, 0.4476, 0.4032, 0.4032, 0.4308, 0.4276, 0.4044, 0.42, 0.4396, 0.4308, 0.3964, 0.4256, 0.4268, 0.4152], "local_test_accs": [0.3406, 0.32, 0.3374, 0.3085, 0.3372, 0.2874, 0.3565, 0.3351, 0.3317, 0.3259, 0.3468, 0.3346, 0.3096, 0.3385, 0.3663, 0.3426, 0.3263, 0.3328, 0.3476, 0.3258], "pdm_KL_reg 0": {"Best Result": {"Best Sigma0": 10, "Best sigma": 1, "Best gamma": 10, "Best Test accuracy": 0.392, "Train acc": 0.39668}, "PDM log": "{(10, 1, 10): {'shapes': [(3072, 1901), (1901,), (1901, 10), (10,)], 'train_accuracy': 0.39668, 'test_accuracy': 0.392}}", "timing": 1412}, "pdm_KL_reg 0.001": {"Best Result": {"Best Sigma0": 10, "Best sigma": 1, "Best gamma": 10, "Best Test accuracy": 0.392, "Train acc": 0.39668}, "PDM log": "{(10, 1, 10): {'shapes': [(3072, 1901), (1901,), (1901, 10), (10,)], 'train_accuracy': 0.39668, 'test_accuracy': 0.392}}", "timing": 3123}, "pdm_KL_reg 0.005": {"Best Result": {"Best Sigma0": 10, "Best sigma": 1, "Best gamma": 10, "Best Test accuracy": 0.392, "Train acc": 0.39668}, "PDM log": "{(10, 1, 10): {'shapes': [(3072, 1901), (1901,), (1901, 10), (10,)], 'train_accuracy': 0.39668, 'test_accuracy': 0.392}}", "timing": 3148}, "pdm_KL_reg 0.01": {"Best Result": {"Best Sigma0": 10, "Best sigma": 1, "Best gamma": 10, "Best Test accuracy": 0.392, "Train acc": 0.39668}, "PDM log": "{(10, 1, 10): {'shapes': [(3072, 1901), (1901,), (1901, 10), (10,)], 'train_accuracy': 0.39668, 'test_accuracy': 0.392}}", "timing": 3098}, "pdm_KL_reg 0.05": {"Best Result": {"Best Sigma0": 10, "Best sigma": 1, "Best gamma": 10, "Best Test accuracy": 0.3929, "Train acc": 0.39664}, "PDM log": "{(10, 1, 10): {'shapes': [(3072, 1897), (1897,), (1897, 10), (10,)], 'train_accuracy': 0.39664, 'test_accuracy': 0.3929}}", "timing": 3016}, "pdm_KL_reg 0.1": {"Best Result": {"Best Sigma0": 10, "Best sigma": 1, "Best gamma": 10, "Best Test accuracy": 0.3929, "Train acc": 0.39664}, "PDM log": "{(10, 1, 10): {'shapes': [(3072, 1883), (1883,), (1883, 10), (10,)], 'train_accuracy': 0.39664, 'test_accuracy': 0.3929}}", "timing": 3043}, "pdm_KL_reg 0.5": {"Best Result": {"Best Sigma0": 10, "Best sigma": 1, "Best gamma": 10, "Best Test accuracy": 0.3925, "Train acc": 0.39642}, "PDM log": "{(10, 1, 10): {'shapes': [(3072, 1806), (1806,), (1806, 10), (10,)], 'train_accuracy': 0.39642, 'test_accuracy': 0.3925}}", "timing": 2994}, "pdm_KL_reg 1": {"Best Result": {"Best Sigma0": 10, "Best sigma": 1, "Best gamma": 10, "Best Test accuracy": 0.3564, "Train acc": 0.35738}, "PDM log": "{(10, 1, 10): {'shapes': [(3072, 328), (328,), (328, 10), (10,)], 'train_accuracy': 0.35738, 'test_accuracy': 0.3564}}", "timing": 442}, "pdm_KL_reg 2": {"Best Result": {"Best Sigma0": 10, "Best sigma": 1, "Best gamma": 10, "Best Test accuracy": 0.1, "Train acc": 0.1}, "PDM log": "{(10, 1, 10): {'shapes': [(3072, 100), (100,), (100, 10), (10,)], 'train_accuracy': 0.1, 'test_accuracy': 0.1}}", "timing": 132}, "pdm_KL_reg 5": {"Best Result": {"Best Sigma0": 10, "Best sigma": 1, "Best gamma": 10, "Best Test accuracy": 0.1, "Train acc": 0.09998}, "PDM log": "{(10, 1, 10): {'shapes': [(3072, 100), (100,), (100, 10), (10,)], 'train_accuracy': 0.09998, 'test_accuracy': 0.1}}", "timing": 116}, "pdm_KL_reg 10": {"Best Result": {"Best Sigma0": 10, "Best sigma": 1, "Best gamma": 10, "Best Test accuracy": 0.1, "Train acc": 0.1}, "PDM log": "{(10, 1, 10): {'shapes': [(3072, 100), (100,), (100, 10), (10,)], 'train_accuracy': 0.1, 'test_accuracy': 0.1}}", "timing": 114}, "best_reg": 0.05}