{"seed": 6, "Data statistics": "{0: {0: 275, 1: 232, 2: 235, 3: 250, 4: 249, 5: 249, 6: 256, 7: 253, 8: 259, 9: 242}, 1: {0: 250, 1: 260, 2: 241, 3: 236, 4: 259, 5: 246, 6: 268, 7: 228, 8: 251, 9: 261}, 2: {0: 243, 1: 265, 2: 241, 3: 241, 4: 256, 5: 232, 6: 256, 7: 247, 8: 235, 9: 284}, 3: {0: 249, 1: 250, 2: 230, 3: 266, 4: 267, 5: 271, 6: 230, 7: 235, 8: 275, 9: 227}, 4: {0: 251, 1: 243, 2: 242, 3: 257, 4: 269, 5: 256, 6: 255, 7: 226, 8: 255, 9: 246}, 5: {0: 262, 1: 242, 2: 239, 3: 254, 4: 211, 5: 255, 6: 257, 7: 253, 8: 261, 9: 266}, 6: {0: 225, 1: 260, 2: 255, 3: 242, 4: 270, 5: 253, 6: 251, 7: 271, 8: 258, 9: 215}, 7: {0: 242, 1: 213, 2: 271, 3: 254, 4: 244, 5: 261, 6: 218, 7: 242, 8: 262, 9: 293}, 8: {0: 270, 1: 245, 2: 267, 3: 250, 4: 255, 5: 224, 6: 258, 7: 248, 8: 249, 9: 234}, 9: {0: 230, 1: 247, 2: 232, 3: 269, 4: 279, 5: 236, 6: 267, 7: 237, 8: 265, 9: 238}, 10: {0: 259, 1: 256, 2: 265, 3: 248, 4: 230, 5: 249, 6: 254, 7: 251, 8: 248, 9: 240}, 11: {0: 249, 1: 236, 2: 242, 3: 264, 4: 236, 5: 264, 6: 269, 7: 241, 8: 246, 9: 253}, 12: {0: 232, 1: 241, 2: 252, 3: 252, 4: 225, 5: 258, 6: 257, 7: 269, 8: 265, 9: 249}, 13: {0: 236, 1: 267, 2: 281, 3: 254, 4: 214, 5: 252, 6: 253, 7: 250, 8: 236, 9: 257}, 14: {0: 267, 1: 251, 2: 264, 3: 218, 4: 246, 5: 241, 6: 241, 7: 271, 8: 265, 9: 236}, 15: {0: 273, 1: 260, 2: 235, 3: 234, 4: 262, 5: 260, 6: 223, 7: 258, 8: 209, 9: 286}, 16: {0: 257, 1: 252, 2: 254, 3: 266, 4: 255, 5: 247, 6: 219, 7: 261, 8: 256, 9: 233}, 17: {0: 240, 1: 245, 2: 242, 3: 251, 4: 256, 5: 250, 6: 274, 7: 248, 8: 241, 9: 253}, 18: {0: 248, 1: 256, 2: 244, 3: 251, 4: 271, 5: 244, 6: 256, 7: 253, 8: 226, 9: 251}, 19: {0: 242, 1: 279, 2: 268, 3: 243, 4: 246, 5: 252, 6: 238, 7: 258, 8: 238, 9: 236}}", "loading time": 181, "local_train_accs": [0.4044, 0.3664, 0.3852, 0.4, 0.4084, 0.3984, 0.3776, 0.3968, 0.404, 0.4144, 0.4056, 0.4176, 0.4128, 0.4164, 0.402, 0.4596, 0.4124, 0.4628, 0.4264, 0.384], "local_test_accs": [0.3183, 0.2986, 0.3294, 0.3176, 0.3185, 0.3076, 0.3186, 0.321, 0.3341, 0.3226, 0.3284, 0.3329, 0.3406, 0.3447, 0.3283, 0.3528, 0.3333, 0.3464, 0.3417, 0.3189], "Uniform ensemble (Train acc)": 0.39872, "Uniform ensemble (Test acc)": 0.3959, "FedAvg (Train acc)": 0.1, "FedAvg (Test acc)": 0.1, "pdm_KL_reg 0": {"Best Result": {"Best Sigma0": 0.5, "Best sigma": 1, "Best gamma": 10, "Best Test accuracy": 0.3533, "Train acc": 0.35968}, "PDM log": "{(0.5, 1, 10): {'shapes': [(3072, 801), (801,), (801, 10), (10,)], 'train_accuracy': 0.35968, 'test_accuracy': 0.3533}}", "timing": 1290}, "pdm_KL_reg 0.001": {"Best Result": {"Best Sigma0": 0.5, "Best sigma": 1, "Best gamma": 10, "Best Test accuracy": 0.3595, "Train acc": 0.36078}, "PDM log": "{(0.5, 1, 10): {'shapes': [(3072, 801), (801,), (801, 10), (10,)], 'train_accuracy': 0.36078, 'test_accuracy': 0.3595}}", "timing": 2973}, "pdm_KL_reg 0.005": {"Best Result": {"Best Sigma0": 0.5, "Best sigma": 1, "Best gamma": 10, "Best Test accuracy": 0.3647, "Train acc": 0.36566}, "PDM log": "{(0.5, 1, 10): {'shapes': [(3072, 801), (801,), (801, 10), (10,)], 'train_accuracy': 0.36566, 'test_accuracy': 0.3647}}", "timing": 2939}, "pdm_KL_reg 0.01": {"Best Result": {"Best Sigma0": 0.5, "Best sigma": 1, "Best gamma": 10, "Best Test accuracy": 0.3609, "Train acc": 0.36406}, "PDM log": "{(0.5, 1, 10): {'shapes': [(3072, 800), (800,), (800, 10), (10,)], 'train_accuracy': 0.36406, 'test_accuracy': 0.3609}}", "timing": 2709}, "pdm_KL_reg 0.05": {"Best Result": {"Best Sigma0": 0.5, "Best sigma": 1, "Best gamma": 10, "Best Test accuracy": 0.3713, "Train acc": 0.36922}, "PDM log": "{(0.5, 1, 10): {'shapes': [(3072, 801), (801,), (801, 10), (10,)], 'train_accuracy': 0.36922, 'test_accuracy': 0.3713}}", "timing": 2859}, "pdm_KL_reg 0.1": {"Best Result": {"Best Sigma0": 0.5, "Best sigma": 1, "Best gamma": 10, "Best Test accuracy": 0.363, "Train acc": 0.37028}, "PDM log": "{(0.5, 1, 10): {'shapes': [(3072, 800), (800,), (800, 10), (10,)], 'train_accuracy': 0.37028, 'test_accuracy': 0.363}}", "timing": 3116}, "pdm_KL_reg 0.5": {"Best Result": {"Best Sigma0": 0.5, "Best sigma": 1, "Best gamma": 10, "Best Test accuracy": 0.3517, "Train acc": 0.35646}, "PDM log": "{(0.5, 1, 10): {'shapes': [(3072, 802), (802,), (802, 10), (10,)], 'train_accuracy': 0.35646, 'test_accuracy': 0.3517}}", "timing": 3088}, "pdm_KL_reg 1": {"Best Result": {"Best Sigma0": 0.5, "Best sigma": 1, "Best gamma": 10, "Best Test accuracy": 0.3792, "Train acc": 0.381}, "PDM log": "{(0.5, 1, 10): {'shapes': [(3072, 700), (700,), (700, 10), (10,)], 'train_accuracy': 0.381, 'test_accuracy': 0.3792}}", "timing": 2985}, "pdm_KL_reg 2": {"Best Result": {"Best Sigma0": 0.5, "Best sigma": 1, "Best gamma": 10, "Best Test accuracy": 0.3508, "Train acc": 0.35572}, "PDM log": "{(0.5, 1, 10): {'shapes': [(3072, 216), (216,), (216, 10), (10,)], 'train_accuracy': 0.35572, 'test_accuracy': 0.3508}}", "timing": 1661}, "pdm_KL_reg 5": {"Best Result": {"Best Sigma0": 0.5, "Best sigma": 1, "Best gamma": 10, "Best Test accuracy": 0.1, "Train acc": 0.10004}, "PDM log": "{(0.5, 1, 10): {'shapes': [(3072, 119), (119,), (119, 10), (10,)], 'train_accuracy': 0.10004, 'test_accuracy': 0.1}}", "timing": 1092}, "pdm_KL_reg 10": {"Best Result": {"Best Sigma0": 0.5, "Best sigma": 1, "Best gamma": 10, "Best Test accuracy": 0.1, "Train acc": 0.10004}, "PDM log": "{(0.5, 1, 10): {'shapes': [(3072, 119), (119,), (119, 10), (10,)], 'train_accuracy': 0.10004, 'test_accuracy': 0.1}}", "timing": 1051}, "best_reg": 1}