{"seed": 1, "Data statistics": "{0: {0: 510, 1: 492, 2: 515, 3: 474, 4: 530, 5: 498, 6: 501, 7: 489, 8: 481, 9: 510}, 1: {0: 476, 1: 494, 2: 523, 3: 515, 4: 477, 5: 497, 6: 486, 7: 523, 8: 497, 9: 512}, 2: {0: 503, 1: 524, 2: 501, 3: 526, 4: 471, 5: 497, 6: 538, 7: 499, 8: 482, 9: 459}, 3: {0: 484, 1: 501, 2: 514, 3: 480, 4: 487, 5: 513, 6: 529, 7: 501, 8: 480, 9: 511}, 4: {0: 506, 1: 496, 2: 478, 3: 495, 4: 492, 5: 512, 6: 520, 7: 487, 8: 490, 9: 524}, 5: {0: 517, 1: 496, 2: 472, 3: 525, 4: 496, 5: 506, 6: 458, 7: 480, 8: 503, 9: 547}, 6: {0: 491, 1: 522, 2: 492, 3: 490, 4: 506, 5: 482, 6: 492, 7: 499, 8: 557, 9: 469}, 7: {0: 516, 1: 500, 2: 499, 3: 512, 4: 523, 5: 503, 6: 468, 7: 515, 8: 493, 9: 471}, 8: {0: 503, 1: 497, 2: 498, 3: 492, 4: 484, 5: 490, 6: 509, 7: 511, 8: 506, 9: 510}, 9: {0: 494, 1: 478, 2: 508, 3: 491, 4: 534, 5: 502, 6: 499, 7: 496, 8: 511, 9: 487}}", "loading time": 96, "local_train_accs": [0.187, 0.2252, 0.2712, 0.2242, 0.2658, 0.268, 0.3064, 0.2152, 0.2064, 0.2304], "local_test_accs": [0.1814, 0.2082, 0.2397, 0.2074, 0.2531, 0.2516, 0.2819, 0.209, 0.1914, 0.2203], "Uniform ensemble (Train acc)": 0.30662, "Uniform ensemble (Test acc)": 0.297, "FedAvg (Train acc)": 0.1, "FedAvg (Test acc)": 0.1, "pdm_KL_reg 0": {"Best Result": {"Best Sigma0": 10, "Best sigma": 1, "Best gamma": 10, "Best Test accuracy": 0.1785, "Train acc": 0.18402}, "PDM log": "{(10, 1, 10): {'shapes': [(3072, 700), (700,), (700, 145), (145,), (145, 145), (145,), (145, 118), (118,), (118, 10), (10,)], 'train_accuracy': 0.18402, 'test_accuracy': 0.1785}}", "timing": 908}, "pdm_KL_reg 0.001": {"Best Result": {"Best Sigma0": 10, "Best sigma": 1, "Best gamma": 10, "Best Test accuracy": 0.1703, "Train acc": 0.17478}, "PDM log": "{(10, 1, 10): {'shapes': [(3072, 700), (700,), (700, 145), (145,), (145, 145), (145,), (145, 118), (118,), (118, 10), (10,)], 'train_accuracy': 0.17478, 'test_accuracy': 0.1703}}", "timing": 2094}, "pdm_KL_reg 0.005": {"Best Result": {"Best Sigma0": 10, "Best sigma": 1, "Best gamma": 10, "Best Test accuracy": 0.1718, "Train acc": 0.17598}, "PDM log": "{(10, 1, 10): {'shapes': [(3072, 700), (700,), (700, 145), (145,), (145, 145), (145,), (145, 118), (118,), (118, 10), (10,)], 'train_accuracy': 0.17598, 'test_accuracy': 0.1718}}", "timing": 2199}, "pdm_KL_reg 0.01": {"Best Result": {"Best Sigma0": 10, "Best sigma": 1, "Best gamma": 10, "Best Test accuracy": 0.1801, "Train acc": 0.18324}, "PDM log": "{(10, 1, 10): {'shapes': [(3072, 700), (700,), (700, 145), (145,), (145, 145), (145,), (145, 118), (118,), (118, 10), (10,)], 'train_accuracy': 0.18324, 'test_accuracy': 0.1801}}", "timing": 2207}, "pdm_KL_reg 0.05": {"Best Result": {"Best Sigma0": 10, "Best sigma": 1, "Best gamma": 10, "Best Test accuracy": 0.1767, "Train acc": 0.1819}, "PDM log": "{(10, 1, 10): {'shapes': [(3072, 700), (700,), (700, 136), (136,), (136, 145), (145,), (145, 118), (118,), (118, 10), (10,)], 'train_accuracy': 0.1819, 'test_accuracy': 0.1767}}", "timing": 2208}, "pdm_KL_reg 0.1": {"Best Result": {"Best Sigma0": 10, "Best sigma": 1, "Best gamma": 10, "Best Test accuracy": 0.1713, "Train acc": 0.17426}, "PDM log": "{(10, 1, 10): {'shapes': [(3072, 700), (700,), (700, 136), (136,), (136, 145), (145,), (145, 118), (118,), (118, 10), (10,)], 'train_accuracy': 0.17426, 'test_accuracy': 0.1713}}", "timing": 2093}, "pdm_KL_reg 0.5": {"Best Result": {"Best Sigma0": 10, "Best sigma": 1, "Best gamma": 10, "Best Test accuracy": 0.1942, "Train acc": 0.19732}, "PDM log": "{(10, 1, 10): {'shapes': [(3072, 700), (700,), (700, 136), (136,), (136, 136), (136,), (136, 127), (127,), (127, 10), (10,)], 'train_accuracy': 0.19732, 'test_accuracy': 0.1942}}", "timing": 1896}, "pdm_KL_reg 1": {"Best Result": {"Best Sigma0": 10, "Best sigma": 1, "Best gamma": 10, "Best Test accuracy": 0.1534, "Train acc": 0.16006}, "PDM log": "{(10, 1, 10): {'shapes': [(3072, 298), (298,), (298, 127), (127,), (127, 127), (127,), (127, 127), (127,), (127, 10), (10,)], 'train_accuracy': 0.16006, 'test_accuracy': 0.1534}}", "timing": 1158}, "pdm_KL_reg 2": {"Best Result": {"Best Sigma0": 10, "Best sigma": 1, "Best gamma": 10, "Best Test accuracy": 0.1, "Train acc": 0.1}, "PDM log": "{(10, 1, 10): {'shapes': [(3072, 100), (100,), (100, 118), (118,), (118, 118), (118,), (118, 118), (118,), (118, 10), (10,)], 'train_accuracy': 0.1, 'test_accuracy': 0.1}}", "timing": 551}, "pdm_KL_reg 5": {"Best Result": {"Best Sigma0": 10, "Best sigma": 1, "Best gamma": 10, "Best Test accuracy": 0.1, "Train acc": 0.1}, "PDM log": "{(10, 1, 10): {'shapes': [(3072, 100), (100,), (100, 118), (118,), (118, 118), (118,), (118, 118), (118,), (118, 10), (10,)], 'train_accuracy': 0.1, 'test_accuracy': 0.1}}", "timing": 573}, "pdm_KL_reg 10": {"Best Result": {"Best Sigma0": 10, "Best sigma": 1, "Best gamma": 10, "Best Test accuracy": 0.1, "Train acc": 0.1}, "PDM log": "{(10, 1, 10): {'shapes': [(3072, 100), (100,), (100, 109), (109,), (109, 109), (109,), (109, 118), (118,), (118, 10), (10,)], 'train_accuracy': 0.1, 'test_accuracy': 0.1}}", "timing": 553}, "best_reg": 0.5}