{"seed": 6, "Data statistics": "{0: {0: 525, 1: 492, 2: 476, 3: 486, 4: 508, 5: 495, 6: 524, 7: 481, 8: 510, 9: 503}, 1: {0: 492, 1: 515, 2: 471, 3: 507, 4: 523, 5: 503, 6: 486, 7: 482, 8: 510, 9: 511}, 2: {0: 513, 1: 485, 2: 481, 3: 511, 4: 480, 5: 511, 6: 512, 7: 479, 8: 516, 9: 512}, 3: {0: 467, 1: 473, 2: 526, 3: 496, 4: 514, 5: 514, 6: 469, 7: 513, 8: 520, 9: 508}, 4: {0: 500, 1: 492, 2: 499, 3: 519, 4: 534, 5: 460, 6: 525, 7: 485, 8: 514, 9: 472}, 5: {0: 508, 1: 492, 2: 507, 3: 512, 4: 466, 5: 513, 6: 523, 7: 492, 8: 494, 9: 493}, 6: {0: 468, 1: 508, 2: 533, 3: 506, 4: 439, 5: 510, 6: 510, 7: 519, 8: 501, 9: 506}, 7: {0: 540, 1: 511, 2: 499, 3: 452, 4: 508, 5: 501, 6: 464, 7: 529, 8: 474, 9: 522}, 8: {0: 497, 1: 497, 2: 496, 3: 517, 4: 511, 5: 497, 6: 493, 7: 509, 8: 497, 9: 486}, 9: {0: 490, 1: 535, 2: 512, 3: 494, 4: 517, 5: 496, 6: 494, 7: 511, 8: 464, 9: 487}}", "loading time": 128, "local_train_accs": [0.207, 0.1142, 0.3026, 0.2712, 0.179, 0.1912, 0.1608, 0.2586, 0.257, 0.236], "local_test_accs": [0.2041, 0.1114, 0.2729, 0.2569, 0.169, 0.1854, 0.1592, 0.2422, 0.2513, 0.2353], "Uniform ensemble (Train acc)": 0.2946, "Uniform ensemble (Test acc)": 0.2869, "FedAvg (Train acc)": 0.1, "FedAvg (Test acc)": 0.1, "pdm_KL_reg 0": {"Best Result": {"Best Sigma0": 10, "Best sigma": 1, "Best gamma": 10, "Best Test accuracy": 0.2524, "Train acc": 0.2506}, "PDM log": "{(10, 1, 10): {'shapes': [(3072, 700), (700,), (700, 136), (136,), (136, 145), (145,), (145, 118), (118,), (118, 10), (10,)], 'train_accuracy': 0.2506, 'test_accuracy': 0.2524}}", "timing": 1089}, "pdm_KL_reg 0.001": {"Best Result": {"Best Sigma0": 10, "Best sigma": 1, "Best gamma": 10, "Best Test accuracy": 0.1923, "Train acc": 0.18862}, "PDM log": "{(10, 1, 10): {'shapes': [(3072, 700), (700,), (700, 127), (127,), (127, 145), (145,), (145, 118), (118,), (118, 10), (10,)], 'train_accuracy': 0.18862, 'test_accuracy': 0.1923}}", "timing": 2068}, "pdm_KL_reg 0.005": {"Best Result": {"Best Sigma0": 10, "Best sigma": 1, "Best gamma": 10, "Best Test accuracy": 0.2092, "Train acc": 0.2104}, "PDM log": "{(10, 1, 10): {'shapes': [(3072, 700), (700,), (700, 136), (136,), (136, 145), (145,), (145, 118), (118,), (118, 10), (10,)], 'train_accuracy': 0.2104, 'test_accuracy': 0.2092}}", "timing": 1852}, "pdm_KL_reg 0.01": {"Best Result": {"Best Sigma0": 10, "Best sigma": 1, "Best gamma": 10, "Best Test accuracy": 0.2404, "Train acc": 0.24718}, "PDM log": "{(10, 1, 10): {'shapes': [(3072, 700), (700,), (700, 136), (136,), (136, 145), (145,), (145, 118), (118,), (118, 10), (10,)], 'train_accuracy': 0.24718, 'test_accuracy': 0.2404}}", "timing": 1830}, "pdm_KL_reg 0.05": {"Best Result": {"Best Sigma0": 10, "Best sigma": 1, "Best gamma": 10, "Best Test accuracy": 0.2042, "Train acc": 0.2042}, "PDM log": "{(10, 1, 10): {'shapes': [(3072, 700), (700,), (700, 136), (136,), (136, 145), (145,), (145, 118), (118,), (118, 10), (10,)], 'train_accuracy': 0.2042, 'test_accuracy': 0.2042}}", "timing": 1926}, "pdm_KL_reg 0.1": {"Best Result": {"Best Sigma0": 10, "Best sigma": 1, "Best gamma": 10, "Best Test accuracy": 0.2378, "Train acc": 0.235}, "PDM log": "{(10, 1, 10): {'shapes': [(3072, 700), (700,), (700, 136), (136,), (136, 136), (136,), (136, 118), (118,), (118, 10), (10,)], 'train_accuracy': 0.235, 'test_accuracy': 0.2378}}", "timing": 1920}, "pdm_KL_reg 0.5": {"Best Result": {"Best Sigma0": 10, "Best sigma": 1, "Best gamma": 10, "Best Test accuracy": 0.1396, "Train acc": 0.1381}, "PDM log": "{(10, 1, 10): {'shapes': [(3072, 700), (700,), (700, 127), (127,), (127, 136), (136,), (136, 127), (127,), (127, 10), (10,)], 'train_accuracy': 0.1381, 'test_accuracy': 0.1396}}", "timing": 1784}, "pdm_KL_reg 1": {"Best Result": {"Best Sigma0": 10, "Best sigma": 1, "Best gamma": 10, "Best Test accuracy": 0.1246, "Train acc": 0.1245}, "PDM log": "{(10, 1, 10): {'shapes': [(3072, 271), (271,), (271, 127), (127,), (127, 127), (127,), (127, 127), (127,), (127, 10), (10,)], 'train_accuracy': 0.1245, 'test_accuracy': 0.1246}}", "timing": 1312}, "pdm_KL_reg 2": {"Best Result": {"Best Sigma0": 10, "Best sigma": 1, "Best gamma": 10, "Best Test accuracy": 0.1, "Train acc": 0.1}, "PDM log": "{(10, 1, 10): {'shapes': [(3072, 108), (108,), (108, 118), (118,), (118, 118), (118,), (118, 118), (118,), (118, 10), (10,)], 'train_accuracy': 0.1, 'test_accuracy': 0.1}}", "timing": 715}, "pdm_KL_reg 5": {"Best Result": {"Best Sigma0": 10, "Best sigma": 1, "Best gamma": 10, "Best Test accuracy": 0.1, "Train acc": 0.1}, "PDM log": "{(10, 1, 10): {'shapes': [(3072, 100), (100,), (100, 118), (118,), (118, 118), (118,), (118, 118), (118,), (118, 10), (10,)], 'train_accuracy': 0.1, 'test_accuracy': 0.1}}", "timing": 731}, "pdm_KL_reg 10": {"Best Result": {"Best Sigma0": 10, "Best sigma": 1, "Best gamma": 10, "Best Test accuracy": 0.1, "Train acc": 0.1}, "PDM log": "{(10, 1, 10): {'shapes': [(3072, 100), (100,), (100, 109), (109,), (109, 118), (118,), (118, 118), (118,), (118, 10), (10,)], 'train_accuracy': 0.1, 'test_accuracy': 0.1}}", "timing": 686}, "best_reg": 0}