{"seed": 9, "Data statistics": "{0: {0: 598, 1: 728, 2: 564, 3: 603, 4: 586, 5: 530, 6: 612, 7: 624, 8: 566, 9: 589}, 1: {0: 563, 1: 676, 2: 586, 3: 616, 4: 577, 5: 556, 6: 577, 7: 649, 8: 605, 9: 595}, 2: {0: 620, 1: 667, 2: 583, 3: 639, 4: 578, 5: 532, 6: 603, 7: 583, 8: 558, 9: 637}, 3: {0: 588, 1: 689, 2: 594, 3: 604, 4: 561, 5: 551, 6: 585, 7: 658, 8: 580, 9: 590}, 4: {0: 601, 1: 679, 2: 570, 3: 626, 4: 610, 5: 558, 6: 563, 7: 634, 8: 591, 9: 568}, 5: {0: 588, 1: 639, 2: 616, 3: 626, 4: 579, 5: 545, 6: 570, 7: 626, 8: 593, 9: 618}, 6: {0: 589, 1: 685, 2: 623, 3: 599, 4: 599, 5: 526, 6: 599, 7: 614, 8: 608, 9: 558}, 7: {0: 590, 1: 667, 2: 618, 3: 633, 4: 582, 5: 498, 6: 604, 7: 596, 8: 594, 9: 618}, 8: {0: 586, 1: 666, 2: 650, 3: 570, 4: 599, 5: 533, 6: 573, 7: 660, 8: 563, 9: 600}, 9: {0: 600, 1: 646, 2: 554, 3: 615, 4: 571, 5: 592, 6: 632, 7: 621, 8: 593, 9: 576}}", "loading time": 19, "local_train_accs": [0.97, 0.9543333333333334, 0.9748333333333333, 0.9816666666666667, 0.9453333333333334, 0.9738333333333333, 0.9786666666666667, 0.9735, 0.981, 0.9583333333333334], "local_test_accs": [0.9294, 0.9211, 0.9268, 0.9381, 0.9084, 0.9347, 0.9418, 0.9348, 0.9353, 0.9198], "pdm_KL_reg 0": {"Best Result": {"Best Sigma0": 10, "Best sigma": 0.5, "Best gamma": 10, "Best Test accuracy": 0.9576, "Train acc": 0.9583833333333334}, "PDM log": "{(10, 0.5, 10): {'shapes': [(784, 805), (805,), (805, 587), (587,), (587, 397), (397,), (397, 271), (271,), (271, 127), (127,), (127, 10), (10,)], 'train_accuracy': 0.9583833333333334, 'test_accuracy': 0.9576}}", "timing": 501}, "pdm_KL_reg 0.001": {"Best Result": {"Best Sigma0": 10, "Best sigma": 0.5, "Best gamma": 10, "Best Test accuracy": 0.9455, "Train acc": 0.9448333333333333}, "PDM log": "{(10, 0.5, 10): {'shapes': [(784, 802), (802,), (802, 594), (594,), (594, 414), (414,), (414, 271), (271,), (271, 127), (127,), (127, 10), (10,)], 'train_accuracy': 0.9448333333333333, 'test_accuracy': 0.9455}}", "timing": 1127}, "pdm_KL_reg 0.005": {"Best Result": {"Best Sigma0": 10, "Best sigma": 0.5, "Best gamma": 10, "Best Test accuracy": 0.9118, "Train acc": 0.9115}, "PDM log": "{(10, 0.5, 10): {'shapes': [(784, 811), (811,), (811, 601), (601,), (601, 405), (405,), (405, 268), (268,), (268, 127), (127,), (127, 10), (10,)], 'train_accuracy': 0.9115, 'test_accuracy': 0.9118}}", "timing": 1131}, "pdm_KL_reg 0.01": {"Best Result": {"Best Sigma0": 10, "Best sigma": 0.5, "Best gamma": 10, "Best Test accuracy": 0.9509, "Train acc": 0.9520833333333333}, "PDM log": "{(10, 0.5, 10): {'shapes': [(784, 803), (803,), (803, 586), (586,), (586, 395), (395,), (395, 269), (269,), (269, 127), (127,), (127, 10), (10,)], 'train_accuracy': 0.9520833333333333, 'test_accuracy': 0.9509}}", "timing": 1033}, "pdm_KL_reg 0.05": {"Best Result": {"Best Sigma0": 10, "Best sigma": 0.5, "Best gamma": 10, "Best Test accuracy": 0.8684, "Train acc": 0.8667166666666667}, "PDM log": "{(10, 0.5, 10): {'shapes': [(784, 802), (802,), (802, 558), (558,), (558, 377), (377,), (377, 262), (262,), (262, 127), (127,), (127, 10), (10,)], 'train_accuracy': 0.8667166666666667, 'test_accuracy': 0.8684}}", "timing": 1006}, "pdm_KL_reg 0.1": {"Best Result": {"Best Sigma0": 10, "Best sigma": 0.5, "Best gamma": 10, "Best Test accuracy": 0.9449, "Train acc": 0.9451166666666667}, "PDM log": "{(10, 0.5, 10): {'shapes': [(784, 784), (784,), (784, 550), (550,), (550, 361), (361,), (361, 251), (251,), (251, 127), (127,), (127, 10), (10,)], 'train_accuracy': 0.9451166666666667, 'test_accuracy': 0.9449}}", "timing": 978}, "pdm_KL_reg 0.5": {"Best Result": {"Best Sigma0": 10, "Best sigma": 0.5, "Best gamma": 10, "Best Test accuracy": 0.7689, "Train acc": 0.76785}, "PDM log": "{(10, 0.5, 10): {'shapes': [(784, 711), (711,), (711, 307), (307,), (307, 226), (226,), (226, 181), (181,), (181, 127), (127,), (127, 10), (10,)], 'train_accuracy': 0.76785, 'test_accuracy': 0.7689}}", "timing": 716}, "pdm_KL_reg 1": {"Best Result": {"Best Sigma0": 10, "Best sigma": 0.5, "Best gamma": 10, "Best Test accuracy": 0.3068, "Train acc": 0.3065333333333333}, "PDM log": "{(10, 0.5, 10): {'shapes': [(784, 523), (523,), (523, 136), (136,), (136, 136), (136,), (136, 136), (136,), (136, 127), (127,), (127, 10), (10,)], 'train_accuracy': 0.3065333333333333, 'test_accuracy': 0.3068}}", "timing": 397}, "pdm_KL_reg 2": {"Best Result": {"Best Sigma0": 10, "Best sigma": 0.5, "Best gamma": 10, "Best Test accuracy": 0.0974, "Train acc": 0.09751666666666667}, "PDM log": "{(10, 0.5, 10): {'shapes': [(784, 100), (100,), (100, 100), (100,), (100, 109), (109,), (109, 109), (109,), (109, 118), (118,), (118, 10), (10,)], 'train_accuracy': 0.09751666666666667, 'test_accuracy': 0.0974}}", "timing": 70}, "pdm_KL_reg 5": {"Best Result": {"Best Sigma0": 10, "Best sigma": 0.5, "Best gamma": 10, "Best Test accuracy": 0.0974, "Train acc": 0.09751666666666667}, "PDM log": "{(10, 0.5, 10): {'shapes': [(784, 100), (100,), (100, 100), (100,), (100, 100), (100,), (100, 100), (100,), (100, 118), (118,), (118, 10), (10,)], 'train_accuracy': 0.09751666666666667, 'test_accuracy': 0.0974}}", "timing": 70}, "pdm_KL_reg 10": {"Best Result": {"Best Sigma0": 10, "Best sigma": 0.5, "Best gamma": 10, "Best Test accuracy": 0.0974, "Train acc": 0.09751666666666667}, "PDM log": "{(10, 0.5, 10): {'shapes': [(784, 100), (100,), (100, 100), (100,), (100, 100), (100,), (100, 100), (100,), (100, 109), (109,), (109, 10), (10,)], 'train_accuracy': 0.09751666666666667, 'test_accuracy': 0.0974}}", "timing": 68}, "best_reg": 0}