{"seed": 3, "Data statistics": "{0: {0: 536, 1: 3685, 2: 262, 3: 570, 4: 148, 5: 412, 6: 182, 7: 233, 8: 635, 9: 1927}, 1: {0: 1500, 1: 139, 2: 1011, 3: 145, 5: 1294, 6: 2190, 7: 22, 8: 346, 9: 3010}, 2: {0: 631, 1: 208, 2: 690, 3: 1864, 4: 1, 5: 2973, 6: 1966, 7: 1391, 8: 4016}, 3: {0: 11, 1: 1, 2: 2300, 3: 2402, 4: 4196, 5: 311, 6: 9, 7: 1079}, 4: {0: 2322, 1: 967, 2: 737, 3: 19, 4: 655, 5: 10, 6: 653, 7: 2275, 8: 3, 9: 63}}", "loading time": 120, "local_train_accs": [0.60093131548312, 0.630009319664492, 0.5958515283842795, 0.5761955572800466, 0.631619937694704], "local_test_accs": [0.2996, 0.2922, 0.3028, 0.1977, 0.2972], "Uniform ensemble (Train acc)": 0.433, "Uniform ensemble (Test acc)": 0.4292, "FedAvg (Train acc)": 0.10354, "FedAvg (Test acc)": 0.1038, "pdm_KL_reg 0": {"Best Result": {"Best Sigma0": 10, "Best sigma": 1, "Best gamma": 50, "Best Test accuracy": 0.307, "Train acc": 0.31256}, "PDM log": "{(10, 1, 50): {'shapes': [(3072, 467), (467,), (467, 10), (10,)], 'train_accuracy': 0.31256, 'test_accuracy': 0.307}}", "timing": 514}, "pdm_KL_reg 0.001": {"Best Result": {"Best Sigma0": 10, "Best sigma": 1, "Best gamma": 50, "Best Test accuracy": 0.307, "Train acc": 0.31256}, "PDM log": "{(10, 1, 50): {'shapes': [(3072, 467), (467,), (467, 10), (10,)], 'train_accuracy': 0.31256, 'test_accuracy': 0.307}}", "timing": 1083}, "pdm_KL_reg 0.005": {"Best Result": {"Best Sigma0": 10, "Best sigma": 1, "Best gamma": 50, "Best Test accuracy": 0.307, "Train acc": 0.31256}, "PDM log": "{(10, 1, 50): {'shapes': [(3072, 467), (467,), (467, 10), (10,)], 'train_accuracy': 0.31256, 'test_accuracy': 0.307}}", "timing": 1049}, "pdm_KL_reg 0.01": {"Best Result": {"Best Sigma0": 10, "Best sigma": 1, "Best gamma": 50, "Best Test accuracy": 0.307, "Train acc": 0.31256}, "PDM log": "{(10, 1, 50): {'shapes': [(3072, 467), (467,), (467, 10), (10,)], 'train_accuracy': 0.31256, 'test_accuracy': 0.307}}", "timing": 1047}, "pdm_KL_reg 0.05": {"Best Result": {"Best Sigma0": 10, "Best sigma": 1, "Best gamma": 50, "Best Test accuracy": 0.307, "Train acc": 0.31256}, "PDM log": "{(10, 1, 50): {'shapes': [(3072, 465), (465,), (465, 10), (10,)], 'train_accuracy': 0.31256, 'test_accuracy': 0.307}}", "timing": 1050}, "pdm_KL_reg 0.1": {"Best Result": {"Best Sigma0": 10, "Best sigma": 1, "Best gamma": 50, "Best Test accuracy": 0.307, "Train acc": 0.31256}, "PDM log": "{(10, 1, 50): {'shapes': [(3072, 465), (465,), (465, 10), (10,)], 'train_accuracy': 0.31256, 'test_accuracy': 0.307}}", "timing": 1044}, "pdm_KL_reg 0.5": {"Best Result": {"Best Sigma0": 10, "Best sigma": 1, "Best gamma": 50, "Best Test accuracy": 0.307, "Train acc": 0.31256}, "PDM log": "{(10, 1, 50): {'shapes': [(3072, 460), (460,), (460, 10), (10,)], 'train_accuracy': 0.31256, 'test_accuracy': 0.307}}", "timing": 1051}, "pdm_KL_reg 1": {"Best Result": {"Best Sigma0": 10, "Best sigma": 1, "Best gamma": 50, "Best Test accuracy": 0.3045, "Train acc": 0.31054}, "PDM log": "{(10, 1, 50): {'shapes': [(3072, 404), (404,), (404, 10), (10,)], 'train_accuracy': 0.31054, 'test_accuracy': 0.3045}}", "timing": 936}, "pdm_KL_reg 2": {"Best Result": {"Best Sigma0": 10, "Best sigma": 1, "Best gamma": 50, "Best Test accuracy": 0.1011, "Train acc": 0.09974}, "PDM log": "{(10, 1, 50): {'shapes': [(3072, 120), (120,), (120, 10), (10,)], 'train_accuracy': 0.09974, 'test_accuracy': 0.1011}}", "timing": 428}, "pdm_KL_reg 5": {"Best Result": {"Best Sigma0": 10, "Best sigma": 1, "Best gamma": 50, "Best Test accuracy": 0.0974, "Train acc": 0.09686}, "PDM log": "{(10, 1, 50): {'shapes': [(3072, 108), (108,), (108, 10), (10,)], 'train_accuracy': 0.09686, 'test_accuracy': 0.0974}}", "timing": 409}, "pdm_KL_reg 10": {"Best Result": {"Best Sigma0": 10, "Best sigma": 1, "Best gamma": 50, "Best Test accuracy": 0.1067, "Train acc": 0.10634}, "PDM log": "{(10, 1, 50): {'shapes': [(3072, 107), (107,), (107, 10), (10,)], 'train_accuracy': 0.10634, 'test_accuracy': 0.1067}}", "timing": 387}, "best_reg": 0}