{"seed": 4, "Data statistics": "{0: {0: 165, 1: 893, 2: 384, 3: 21, 4: 407, 5: 4896, 6: 190, 7: 3589}, 1: {0: 1884, 1: 1215, 2: 3846, 3: 20, 4: 2492, 5: 72, 6: 3167}, 2: {0: 1229, 1: 1195, 2: 112, 3: 983, 4: 1357, 5: 9, 6: 725, 7: 505, 8: 4640}, 3: {0: 1470, 1: 1190, 2: 234, 3: 220, 4: 99, 5: 22, 6: 340, 7: 774, 8: 205, 9: 131}, 4: {0: 252, 1: 507, 2: 424, 3: 3756, 4: 645, 5: 1, 6: 578, 7: 132, 8: 155, 9: 4869}}", "loading time": 128, "local_train_accs": [0.6982456140350877, 0.5956206679269062, 0.6525337052533705, 0.6392742796157951, 0.6957328385899815], "local_test_accs": [0.2105, 0.2815, 0.3155, 0.3003, 0.2378], "Uniform ensemble (Train acc)": 0.39686, "Uniform ensemble (Test acc)": 0.3859, "FedAvg (Train acc)": 0.11184, "FedAvg (Test acc)": 0.1095, "pdm_KL_reg 0": {"Best Result": {"Best Sigma0": 10, "Best sigma": 1, "Best gamma": 50, "Best Test accuracy": 0.2997, "Train acc": 0.30064}, "PDM log": "{(10, 1, 50): {'shapes': [(3072, 479), (479,), (479, 10), (10,)], 'train_accuracy': 0.30064, 'test_accuracy': 0.2997}}", "timing": 547}, "pdm_KL_reg 0.001": {"Best Result": {"Best Sigma0": 10, "Best sigma": 1, "Best gamma": 50, "Best Test accuracy": 0.2997, "Train acc": 0.30064}, "PDM log": "{(10, 1, 50): {'shapes': [(3072, 479), (479,), (479, 10), (10,)], 'train_accuracy': 0.30064, 'test_accuracy': 0.2997}}", "timing": 1035}, "pdm_KL_reg 0.005": {"Best Result": {"Best Sigma0": 10, "Best sigma": 1, "Best gamma": 50, "Best Test accuracy": 0.2997, "Train acc": 0.30064}, "PDM log": "{(10, 1, 50): {'shapes': [(3072, 479), (479,), (479, 10), (10,)], 'train_accuracy': 0.30064, 'test_accuracy': 0.2997}}", "timing": 1022}, "pdm_KL_reg 0.01": {"Best Result": {"Best Sigma0": 10, "Best sigma": 1, "Best gamma": 50, "Best Test accuracy": 0.2997, "Train acc": 0.30064}, "PDM log": "{(10, 1, 50): {'shapes': [(3072, 479), (479,), (479, 10), (10,)], 'train_accuracy': 0.30064, 'test_accuracy': 0.2997}}", "timing": 956}, "pdm_KL_reg 0.05": {"Best Result": {"Best Sigma0": 10, "Best sigma": 1, "Best gamma": 50, "Best Test accuracy": 0.2997, "Train acc": 0.30064}, "PDM log": "{(10, 1, 50): {'shapes': [(3072, 479), (479,), (479, 10), (10,)], 'train_accuracy': 0.30064, 'test_accuracy': 0.2997}}", "timing": 1006}, "pdm_KL_reg 0.1": {"Best Result": {"Best Sigma0": 10, "Best sigma": 1, "Best gamma": 50, "Best Test accuracy": 0.2997, "Train acc": 0.30064}, "PDM log": "{(10, 1, 50): {'shapes': [(3072, 478), (478,), (478, 10), (10,)], 'train_accuracy': 0.30064, 'test_accuracy': 0.2997}}", "timing": 982}, "pdm_KL_reg 0.5": {"Best Result": {"Best Sigma0": 10, "Best sigma": 1, "Best gamma": 50, "Best Test accuracy": 0.2997, "Train acc": 0.30064}, "PDM log": "{(10, 1, 50): {'shapes': [(3072, 471), (471,), (471, 10), (10,)], 'train_accuracy': 0.30064, 'test_accuracy': 0.2997}}", "timing": 1057}, "pdm_KL_reg 1": {"Best Result": {"Best Sigma0": 10, "Best sigma": 1, "Best gamma": 50, "Best Test accuracy": 0.2999, "Train acc": 0.29992}, "PDM log": "{(10, 1, 50): {'shapes': [(3072, 404), (404,), (404, 10), (10,)], 'train_accuracy': 0.29992, 'test_accuracy': 0.2999}}", "timing": 957}, "pdm_KL_reg 2": {"Best Result": {"Best Sigma0": 10, "Best sigma": 1, "Best gamma": 50, "Best Test accuracy": 0.1044, "Train acc": 0.10794}, "PDM log": "{(10, 1, 50): {'shapes': [(3072, 112), (112,), (112, 10), (10,)], 'train_accuracy': 0.10794, 'test_accuracy': 0.1044}}", "timing": 423}, "pdm_KL_reg 5": {"Best Result": {"Best Sigma0": 10, "Best sigma": 1, "Best gamma": 50, "Best Test accuracy": 0.1032, "Train acc": 0.10336}, "PDM log": "{(10, 1, 50): {'shapes': [(3072, 104), (104,), (104, 10), (10,)], 'train_accuracy': 0.10336, 'test_accuracy': 0.1032}}", "timing": 404}, "pdm_KL_reg 10": {"Best Result": {"Best Sigma0": 10, "Best sigma": 1, "Best gamma": 50, "Best Test accuracy": 0.1118, "Train acc": 0.11402}, "PDM log": "{(10, 1, 50): {'shapes': [(3072, 104), (104,), (104, 10), (10,)], 'train_accuracy': 0.11402, 'test_accuracy': 0.1118}}", "timing": 409}, "best_reg": 1}