{"seed": 1, "Data statistics": "{0: {0: 64, 1: 306, 2: 78, 3: 575, 4: 153, 5: 1405, 6: 540, 7: 346, 8: 1359, 9: 1110}, 1: {0: 727, 1: 1165, 2: 328, 3: 541, 4: 88, 5: 2, 6: 289, 7: 5, 8: 96, 9: 963}, 2: {0: 97, 1: 6, 2: 449, 3: 1188, 4: 884, 5: 1983, 6: 1198}, 3: {0: 1155, 1: 249, 2: 41, 3: 844, 4: 1354, 5: 27, 6: 2, 7: 612, 8: 1013}, 4: {0: 11, 1: 434, 2: 412, 3: 239, 4: 1707, 5: 740, 6: 107, 7: 830, 8: 236, 9: 272}, 5: {0: 2048, 1: 1819, 2: 716, 3: 194, 4: 566}, 6: {0: 12, 1: 682, 2: 1563, 3: 2, 4: 108, 5: 36, 6: 1697, 7: 811, 8: 52, 9: 2532}, 7: {0: 381, 1: 270, 2: 1103, 3: 250, 4: 16, 5: 214, 6: 381, 7: 1715, 8: 828}, 8: {0: 231, 1: 5, 3: 617, 4: 123, 5: 326, 6: 2, 8: 664, 9: 12}, 9: {0: 274, 1: 64, 2: 310, 3: 550, 4: 1, 5: 267, 6: 784, 7: 681, 8: 752, 9: 111}}", "loading time": 78, "local_train_accs": [0.49898921832884097, 0.39866793529971456, 0.39155900086132644, 0.5033037568434963, 0.4490777866880513, 0.6217480816020962, 0.5625083388925951, 0.43369523070957733, 0.5626262626262626, 0.466789667896679], "local_test_accs": [0.2182, 0.2023, 0.1514, 0.2188, 0.238, 0.2019, 0.2121, 0.1603, 0.1908, 0.231], "Uniform ensemble (Train acc)": 0.36226, "Uniform ensemble (Test acc)": 0.3585, "FedAvg (Train acc)": 0.1, "FedAvg (Test acc)": 0.1, "pdm_KL_reg 0": {"Best Result": {"Best Sigma0": 0.5, "Best sigma": 1, "Best gamma": 10, "Best Test accuracy": 0.1881, "Train acc": 0.19238}, "PDM log": "{(0.5, 1, 10): {'shapes': [(3072, 294), (294,), (294, 10), (10,)], 'train_accuracy': 0.19238, 'test_accuracy': 0.1881}}", "timing": 243}, "pdm_KL_reg 0.001": {"Best Result": {"Best Sigma0": 0.5, "Best sigma": 1, "Best gamma": 10, "Best Test accuracy": 0.1881, "Train acc": 0.19238}, "PDM log": "{(0.5, 1, 10): {'shapes': [(3072, 291), (291,), (291, 10), (10,)], 'train_accuracy': 0.19238, 'test_accuracy': 0.1881}}", "timing": 519}, "pdm_KL_reg 0.005": {"Best Result": {"Best Sigma0": 0.5, "Best sigma": 1, "Best gamma": 10, "Best Test accuracy": 0.1881, "Train acc": 0.19238}, "PDM log": "{(0.5, 1, 10): {'shapes': [(3072, 292), (292,), (292, 10), (10,)], 'train_accuracy': 0.19238, 'test_accuracy': 0.1881}}", "timing": 494}, "pdm_KL_reg 0.01": {"Best Result": {"Best Sigma0": 0.5, "Best sigma": 1, "Best gamma": 10, "Best Test accuracy": 0.1881, "Train acc": 0.19238}, "PDM log": "{(0.5, 1, 10): {'shapes': [(3072, 296), (296,), (296, 10), (10,)], 'train_accuracy': 0.19238, 'test_accuracy': 0.1881}}", "timing": 435}, "pdm_KL_reg 0.05": {"Best Result": {"Best Sigma0": 0.5, "Best sigma": 1, "Best gamma": 10, "Best Test accuracy": 0.1905, "Train acc": 0.19442}, "PDM log": "{(0.5, 1, 10): {'shapes': [(3072, 298), (298,), (298, 10), (10,)], 'train_accuracy': 0.19442, 'test_accuracy': 0.1905}}", "timing": 459}, "pdm_KL_reg 0.1": {"Best Result": {"Best Sigma0": 0.5, "Best sigma": 1, "Best gamma": 10, "Best Test accuracy": 0.1945, "Train acc": 0.19982}, "PDM log": "{(0.5, 1, 10): {'shapes': [(3072, 304), (304,), (304, 10), (10,)], 'train_accuracy': 0.19982, 'test_accuracy': 0.1945}}", "timing": 496}, "pdm_KL_reg 0.5": {"Best Result": {"Best Sigma0": 0.5, "Best sigma": 1, "Best gamma": 10, "Best Test accuracy": 0.2034, "Train acc": 0.20266}, "PDM log": "{(0.5, 1, 10): {'shapes': [(3072, 347), (347,), (347, 10), (10,)], 'train_accuracy': 0.20266, 'test_accuracy': 0.2034}}", "timing": 524}, "pdm_KL_reg 1": {"Best Result": {"Best Sigma0": 0.5, "Best sigma": 1, "Best gamma": 10, "Best Test accuracy": 0.2013, "Train acc": 0.20304}, "PDM log": "{(0.5, 1, 10): {'shapes': [(3072, 570), (570,), (570, 10), (10,)], 'train_accuracy': 0.20304, 'test_accuracy': 0.2013}}", "timing": 789}, "pdm_KL_reg 2": {"Best Result": {"Best Sigma0": 0.5, "Best sigma": 1, "Best gamma": 10, "Best Test accuracy": 0.212, "Train acc": 0.21448}, "PDM log": "{(0.5, 1, 10): {'shapes': [(3072, 674), (674,), (674, 10), (10,)], 'train_accuracy': 0.21448, 'test_accuracy': 0.212}}", "timing": 960}, "pdm_KL_reg 5": {"Best Result": {"Best Sigma0": 0.5, "Best sigma": 1, "Best gamma": 10, "Best Test accuracy": 0.1, "Train acc": 0.1}, "PDM log": "{(0.5, 1, 10): {'shapes': [(3072, 664), (664,), (664, 10), (10,)], 'train_accuracy': 0.1, 'test_accuracy': 0.1}}", "timing": 914}, "pdm_KL_reg 10": {"Best Result": {"Best Sigma0": 0.5, "Best sigma": 1, "Best gamma": 10, "Best Test accuracy": 0.1, "Train acc": 0.1}, "PDM log": "{(0.5, 1, 10): {'shapes': [(3072, 693), (693,), (693, 10), (10,)], 'train_accuracy': 0.1, 'test_accuracy': 0.1}}", "timing": 1752}, "best_reg": 2}