{"seed": 9, "Data statistics": "{0: {0: 130, 1: 7, 2: 704, 3: 6, 4: 846, 5: 4, 6: 121, 7: 1365}, 1: {0: 1053, 1: 66, 2: 82, 3: 88, 4: 256, 5: 8, 6: 3, 7: 274, 8: 3235}, 2: {0: 111, 1: 1173, 2: 25, 3: 1200, 4: 451, 5: 166}, 3: {0: 208, 1: 5, 2: 62, 3: 712, 4: 909, 5: 75, 6: 114, 7: 64, 9: 45}, 4: {0: 282, 1: 2, 2: 74, 3: 156, 4: 187, 5: 1, 6: 166, 7: 61, 8: 74, 9: 2364}, 5: {0: 714, 1: 1718, 2: 3, 3: 88, 4: 9, 5: 15, 6: 318, 7: 307}, 6: {0: 38, 1: 526, 2: 7, 3: 42, 4: 1, 5: 94, 6: 352, 7: 818, 8: 159, 9: 342}, 7: {0: 232, 1: 542, 2: 736, 4: 439, 5: 125, 6: 773, 7: 749}, 8: {0: 59, 1: 293, 2: 121, 3: 65, 4: 259, 5: 127, 6: 1, 7: 378, 8: 319, 9: 1926}, 9: {0: 247, 1: 96, 2: 143, 3: 168, 4: 633, 5: 468, 6: 12, 7: 728, 8: 309, 9: 463}, 10: {0: 9, 1: 1136, 2: 7, 3: 95, 4: 12, 6: 157, 7: 324, 8: 54, 9: 343}, 11: {0: 70, 2: 550, 3: 145, 4: 252, 5: 935, 6: 189, 7: 3, 8: 14, 9: 153}, 12: {0: 426, 1: 6, 2: 511, 3: 228, 4: 85, 5: 10, 6: 264, 7: 835, 8: 290, 9: 84}, 13: {0: 248, 1: 118, 2: 38, 3: 2, 4: 79, 5: 312, 6: 67, 7: 259, 8: 33, 9: 10}, 14: {0: 982, 1: 214, 2: 399, 3: 712, 4: 591, 5: 48, 6: 114}, 15: {0: 208, 1: 7, 2: 352, 3: 1124, 4: 260, 5: 48, 6: 17, 7: 40, 8: 35, 9: 81}, 16: {0: 591, 1: 118, 2: 782, 3: 366, 4: 236, 5: 234, 6: 2007}, 17: {0: 18, 1: 198, 2: 29, 3: 430, 4: 104, 5: 2344}, 18: {0: 106, 1: 463, 2: 270, 3: 2, 4: 46, 5: 104, 6: 1164, 7: 25, 8: 1078}, 19: {0: 191, 1: 54, 2: 1063, 3: 502, 4: 187, 5: 303, 6: 79, 7: 35, 8: 251, 9: 138}}", "loading time": 34, "local_train_accs": [1.0, 0.9950641658440277, 1.0, 0.9936189608021878, 0.9994059994059994, 0.9962168978562421, 1.0, 1.0, 0.9974633596392334, 0.9935720844811754, 1.0, 1.0, 1.0, 1.0, 1.0, 1.0, 0.9974619289340102, 1.0, 0.9892572130141191, 0.9982161969318587], "local_test_accs": [0.6535, 0.6797, 0.5466, 0.735, 0.7312, 0.6214, 0.7627, 0.6743, 0.8242, 0.89, 0.715, 0.7107, 0.8419, 0.7656, 0.6578, 0.8475, 0.6695, 0.5268, 0.6918, 0.9024], "pdm_KL_reg 0": {"Best Result": {"Best Sigma0": 3, "Best sigma": 0.9, "Best gamma": 1, "Best Test accuracy": 0.847, "Train acc": 0.8515166666666667}, "PDM log": "{(3, 0.9, 1): {'shapes': [(784, 996), (996,), (996, 10), (10,)], 'train_accuracy': 0.8515166666666667, 'test_accuracy': 0.847}}", "timing": 457}, "pdm_KL_reg 0.001": {"Best Result": {"Best Sigma0": 3, "Best sigma": 0.9, "Best gamma": 1, "Best Test accuracy": 0.8488, "Train acc": 0.85255}, "PDM log": "{(3, 0.9, 1): {'shapes': [(784, 998), (998,), (998, 10), (10,)], 'train_accuracy': 0.85255, 'test_accuracy': 0.8488}}", "timing": 931}, "pdm_KL_reg 0.005": {"Best Result": {"Best Sigma0": 3, "Best sigma": 0.9, "Best gamma": 1, "Best Test accuracy": 0.8481, "Train acc": 0.8523166666666666}, "PDM log": "{(3, 0.9, 1): {'shapes': [(784, 991), (991,), (991, 10), (10,)], 'train_accuracy': 0.8523166666666666, 'test_accuracy': 0.8481}}", "timing": 911}, "pdm_KL_reg 0.01": {"Best Result": {"Best Sigma0": 3, "Best sigma": 0.9, "Best gamma": 1, "Best Test accuracy": 0.8488, "Train acc": 0.85345}, "PDM log": "{(3, 0.9, 1): {'shapes': [(784, 1000), (1000,), (1000, 10), (10,)], 'train_accuracy': 0.85345, 'test_accuracy': 0.8488}}", "timing": 899}, "pdm_KL_reg 0.05": {"Best Result": {"Best Sigma0": 3, "Best sigma": 0.9, "Best gamma": 1, "Best Test accuracy": 0.8483, "Train acc": 0.8523}, "PDM log": "{(3, 0.9, 1): {'shapes': [(784, 980), (980,), (980, 10), (10,)], 'train_accuracy': 0.8523, 'test_accuracy': 0.8483}}", "timing": 837}, "pdm_KL_reg 0.1": {"Best Result": {"Best Sigma0": 3, "Best sigma": 0.9, "Best gamma": 1, "Best Test accuracy": 0.8466, "Train acc": 0.85115}, "PDM log": "{(3, 0.9, 1): {'shapes': [(784, 952), (952,), (952, 10), (10,)], 'train_accuracy': 0.85115, 'test_accuracy': 0.8466}}", "timing": 806}, "pdm_KL_reg 0.5": {"Best Result": {"Best Sigma0": 3, "Best sigma": 0.9, "Best gamma": 1, "Best Test accuracy": 0.8461, "Train acc": 0.8509}, "PDM log": "{(3, 0.9, 1): {'shapes': [(784, 587), (587,), (587, 10), (10,)], 'train_accuracy': 0.8509, 'test_accuracy': 0.8461}}", "timing": 446}, "pdm_KL_reg 1": {"Best Result": {"Best Sigma0": 3, "Best sigma": 0.9, "Best gamma": 1, "Best Test accuracy": 0.8483, "Train acc": 0.8482333333333333}, "PDM log": "{(3, 0.9, 1): {'shapes': [(784, 143), (143,), (143, 10), (10,)], 'train_accuracy': 0.8482333333333333, 'test_accuracy': 0.8483}}", "timing": 70}, "pdm_KL_reg 2": {"Best Result": {"Best Sigma0": 3, "Best sigma": 0.9, "Best gamma": 1, "Best Test accuracy": 0.0974, "Train acc": 0.09751666666666667}, "PDM log": "{(3, 0.9, 1): {'shapes': [(784, 100), (100,), (100, 10), (10,)], 'train_accuracy': 0.09751666666666667, 'test_accuracy': 0.0974}}", "timing": 47}, "pdm_KL_reg 5": {"Best Result": {"Best Sigma0": 3, "Best sigma": 0.9, "Best gamma": 1, "Best Test accuracy": 0.0974, "Train acc": 0.09751666666666667}, "PDM log": "{(3, 0.9, 1): {'shapes': [(784, 100), (100,), (100, 10), (10,)], 'train_accuracy': 0.09751666666666667, 'test_accuracy': 0.0974}}", "timing": 39}, "pdm_KL_reg 10": {"Best Result": {"Best Sigma0": 3, "Best sigma": 0.9, "Best gamma": 1, "Best Test accuracy": 0.0974, "Train acc": 0.09751666666666667}, "PDM log": "{(3, 0.9, 1): {'shapes': [(784, 100), (100,), (100, 10), (10,)], 'train_accuracy': 0.09751666666666667, 'test_accuracy': 0.0974}}", "timing": 38}, "best_reg": 0.001}