{"seed": 3, "Data statistics": "{0: {0: 221, 1: 286, 2: 265, 3: 226, 4: 223, 5: 210, 6: 237, 7: 263, 8: 253, 9: 216}, 1: {0: 218, 1: 285, 2: 232, 3: 254, 4: 220, 5: 229, 6: 220, 7: 269, 8: 237, 9: 236}, 2: {0: 264, 1: 290, 2: 234, 3: 243, 4: 240, 5: 214, 6: 221, 7: 248, 8: 205, 9: 241}, 3: {0: 255, 1: 254, 2: 230, 3: 231, 4: 234, 5: 207, 6: 233, 7: 271, 8: 243, 9: 242}, 4: {0: 220, 1: 267, 2: 240, 3: 245, 4: 240, 5: 244, 6: 247, 7: 234, 8: 229, 9: 234}, 5: {0: 236, 1: 259, 2: 238, 3: 250, 4: 254, 5: 216, 6: 218, 7: 245, 8: 236, 9: 248}, 6: {0: 214, 1: 271, 2: 235, 3: 259, 4: 224, 5: 211, 6: 236, 7: 258, 8: 254, 9: 238}, 7: {0: 209, 1: 278, 2: 243, 3: 236, 4: 269, 5: 214, 6: 227, 7: 255, 8: 225, 9: 244}, 8: {0: 239, 1: 281, 2: 254, 3: 250, 4: 222, 5: 216, 6: 234, 7: 212, 8: 254, 9: 238}, 9: {0: 233, 1: 251, 2: 239, 3: 278, 4: 221, 5: 196, 6: 228, 7: 251, 8: 243, 9: 260}, 10: {0: 220, 1: 272, 2: 215, 3: 253, 4: 240, 5: 234, 6: 241, 7: 240, 8: 236, 9: 249}, 11: {0: 230, 1: 272, 2: 238, 3: 240, 4: 237, 5: 202, 6: 260, 7: 259, 8: 233, 9: 229}, 12: {0: 242, 1: 259, 2: 256, 3: 281, 4: 235, 5: 194, 6: 222, 7: 235, 8: 228, 9: 248}, 13: {0: 226, 1: 277, 2: 235, 3: 250, 4: 236, 5: 228, 6: 257, 7: 223, 8: 208, 9: 260}, 14: {0: 241, 1: 279, 2: 246, 3: 243, 4: 239, 5: 205, 6: 219, 7: 265, 8: 227, 9: 236}, 15: {0: 252, 1: 269, 2: 246, 3: 249, 4: 197, 5: 233, 6: 248, 7: 248, 8: 227, 9: 231}, 16: {0: 249, 1: 292, 2: 208, 3: 234, 4: 248, 5: 216, 6: 244, 7: 234, 8: 242, 9: 233}, 17: {0: 244, 1: 253, 2: 254, 3: 231, 4: 230, 5: 208, 6: 234, 7: 279, 8: 248, 9: 219}, 18: {0: 239, 1: 274, 2: 226, 3: 254, 4: 217, 5: 206, 6: 239, 7: 274, 8: 236, 9: 235}, 19: {0: 255, 1: 268, 2: 240, 3: 217, 4: 226, 5: 221, 6: 240, 7: 243, 8: 250, 9: 240}, 20: {0: 245, 1: 274, 2: 228, 3: 265, 4: 230, 5: 207, 6: 224, 7: 249, 8: 245, 9: 233}, 21: {0: 239, 1: 268, 2: 248, 3: 216, 4: 237, 5: 238, 6: 246, 7: 247, 8: 214, 9: 247}, 22: {0: 265, 1: 271, 2: 225, 3: 271, 4: 223, 5: 235, 6: 237, 7: 248, 8: 208, 9: 217}, 23: {0: 232, 1: 231, 2: 237, 3: 213, 4: 263, 5: 223, 6: 252, 7: 266, 8: 245, 9: 238}, 24: {0: 235, 1: 261, 2: 246, 3: 242, 4: 237, 5: 214, 6: 254, 7: 249, 8: 225, 9: 237}}", "loading time": 38, "local_train_accs": [0.9991666666666666, 0.9979166666666667, 0.99125, 1.0, 0.9975, 1.0, 1.0, 1.0, 0.995, 0.9970833333333333, 1.0, 1.0, 0.9958333333333333, 1.0, 0.98, 0.9954166666666666, 0.9966666666666667, 1.0, 0.9995833333333334, 1.0, 1.0, 1.0, 0.9920833333333333, 0.9958333333333333, 1.0], "local_test_accs": [0.9283, 0.9296, 0.9157, 0.9319, 0.9259, 0.937, 0.9358, 0.9343, 0.9223, 0.9324, 0.9348, 0.9315, 0.9261, 0.9352, 0.9055, 0.9214, 0.9241, 0.9303, 0.9218, 0.9334, 0.9366, 0.9312, 0.9176, 0.9274, 0.9358], "pdm_KL_reg 0": {"Best Result": {"Best Sigma0": 10, "Best sigma": 0.5, "Best gamma": 10, "Best Test accuracy": 0.9552, "Train acc": 0.9558166666666666}, "PDM log": "{(10, 0.5, 10): {'shapes': [(784, 2228), (2228,), (2228, 10), (10,)], 'train_accuracy': 0.9558166666666666, 'test_accuracy': 0.9552}}", "timing": 3339}, "pdm_KL_reg 0.001": {"Best Result": {"Best Sigma0": 10, "Best sigma": 0.5, "Best gamma": 10, "Best Test accuracy": 0.9552, "Train acc": 0.9558166666666666}, "PDM log": "{(10, 0.5, 10): {'shapes': [(784, 2219), (2219,), (2219, 10), (10,)], 'train_accuracy': 0.9558166666666666, 'test_accuracy': 0.9552}}", "timing": 5896}, "pdm_KL_reg 0.005": {"Best Result": {"Best Sigma0": 10, "Best sigma": 0.5, "Best gamma": 10, "Best Test accuracy": 0.9552, "Train acc": 0.9558166666666666}, "PDM log": "{(10, 0.5, 10): {'shapes': [(784, 2217), (2217,), (2217, 10), (10,)], 'train_accuracy': 0.9558166666666666, 'test_accuracy': 0.9552}}", "timing": 5527}, "pdm_KL_reg 0.01": {"Best Result": {"Best Sigma0": 10, "Best sigma": 0.5, "Best gamma": 10, "Best Test accuracy": 0.9552, "Train acc": 0.9558166666666666}, "PDM log": "{(10, 0.5, 10): {'shapes': [(784, 2216), (2216,), (2216, 10), (10,)], 'train_accuracy': 0.9558166666666666, 'test_accuracy': 0.9552}}", "timing": 5153}, "pdm_KL_reg 0.05": {"Best Result": {"Best Sigma0": 10, "Best sigma": 0.5, "Best gamma": 10, "Best Test accuracy": 0.9552, "Train acc": 0.9558166666666666}, "PDM log": "{(10, 0.5, 10): {'shapes': [(784, 2196), (2196,), (2196, 10), (10,)], 'train_accuracy': 0.9558166666666666, 'test_accuracy': 0.9552}}", "timing": 4538}, "pdm_KL_reg 0.1": {"Best Result": {"Best Sigma0": 10, "Best sigma": 0.5, "Best gamma": 10, "Best Test accuracy": 0.9553, "Train acc": 0.9558166666666666}, "PDM log": "{(10, 0.5, 10): {'shapes': [(784, 2180), (2180,), (2180, 10), (10,)], 'train_accuracy': 0.9558166666666666, 'test_accuracy': 0.9553}}", "timing": 4283}, "pdm_KL_reg 0.5": {"Best Result": {"Best Sigma0": 10, "Best sigma": 0.5, "Best gamma": 10, "Best Test accuracy": 0.9554, "Train acc": 0.95595}, "PDM log": "{(10, 0.5, 10): {'shapes': [(784, 2073), (2073,), (2073, 10), (10,)], 'train_accuracy': 0.95595, 'test_accuracy': 0.9554}}", "timing": 4198}, "pdm_KL_reg 1": {"Best Result": {"Best Sigma0": 10, "Best sigma": 0.5, "Best gamma": 10, "Best Test accuracy": 0.8791, "Train acc": 0.8764333333333333}, "PDM log": "{(10, 0.5, 10): {'shapes': [(784, 183), (183,), (183, 10), (10,)], 'train_accuracy': 0.8764333333333333, 'test_accuracy': 0.8791}}", "timing": 131}, "pdm_KL_reg 2": {"Best Result": {"Best Sigma0": 10, "Best sigma": 0.5, "Best gamma": 10, "Best Test accuracy": 0.6524, "Train acc": 0.6460333333333333}, "PDM log": "{(10, 0.5, 10): {'shapes': [(784, 128), (128,), (128, 10), (10,)], 'train_accuracy': 0.6460333333333333, 'test_accuracy': 0.6524}}", "timing": 79}, "pdm_KL_reg 5": {"Best Result": {"Best Sigma0": 10, "Best sigma": 0.5, "Best gamma": 10, "Best Test accuracy": 0.0892, "Train acc": 0.09035}, "PDM log": "{(10, 0.5, 10): {'shapes': [(784, 100), (100,), (100, 10), (10,)], 'train_accuracy': 0.09035, 'test_accuracy': 0.0892}}", "timing": 41}, "pdm_KL_reg 10": {"Best Result": {"Best Sigma0": 10, "Best sigma": 0.5, "Best gamma": 10, "Best Test accuracy": 0.0892, "Train acc": 0.09035}, "PDM log": "{(10, 0.5, 10): {'shapes': [(784, 100), (100,), (100, 10), (10,)], 'train_accuracy': 0.09035, 'test_accuracy': 0.0892}}", "timing": 43}, "best_reg": 0.5}