{"seed": 4, "Data statistics": "{0: {0: 321, 1: 1287, 2: 157, 3: 21, 4: 607, 5: 1592, 6: 2154}, 1: {0: 689, 1: 357, 2: 399, 3: 51, 4: 2117, 5: 62, 6: 291, 7: 1583, 8: 204, 9: 143}, 2: {0: 455, 1: 255, 2: 873, 3: 149, 4: 226, 5: 168, 7: 212, 8: 34, 9: 1895}, 3: {0: 629, 1: 1403, 2: 274, 3: 870, 4: 911, 5: 436, 6: 1, 7: 829, 8: 48, 9: 10}, 4: {0: 2, 1: 2167, 2: 2124, 3: 72, 4: 6, 5: 431, 6: 83, 7: 97, 8: 407, 9: 295}, 5: {0: 234, 1: 4, 2: 589, 3: 2311, 4: 245, 5: 329, 6: 445, 7: 448, 8: 24, 9: 2405}, 6: {0: 118, 1: 210, 2: 490, 3: 10, 4: 1, 5: 1653, 6: 1894, 7: 3, 8: 1496, 9: 178}, 7: {0: 693, 1: 224, 2: 255, 3: 789, 4: 1093, 5: 63, 6: 837, 7: 916, 8: 3239}, 8: {0: 2544, 1: 789, 2: 131, 3: 422, 4: 176, 5: 2, 6: 135, 7: 1957}, 9: {0: 238, 1: 46, 2: 666, 3: 1436, 4: 460, 5: 685, 6: 78, 7: 220, 8: 399, 9: 1023}}", "loading time": 59, "local_train_accs": [0.9864798827170549, 0.9730325644504749, 0.981251464729318, 0.9587876547773055, 0.9836382828993666, 0.9702871765709411, 0.9852965471666942, 0.9843383894438279, 0.9793697205977908, 0.9809560083793563], "local_test_accs": [0.5735, 0.8381, 0.7759, 0.6792, 0.7031, 0.7148, 0.6389, 0.8063, 0.6413, 0.9103], "Uniform ensemble (Train acc)": 0.9548666666666666, "Uniform ensemble (Test acc)": 0.9541, "FedAvg (Train acc)": 0.0993, "FedAvg (Test acc)": 0.1032, "pdm_KL_reg 0": {"Best Result": {"Best Sigma0": 3, "Best sigma": 0.9, "Best gamma": 1, "Best Test accuracy": 0.1169, "Train acc": 0.11798333333333333}, "PDM log": "{(3, 0.9, 1): {'shapes': [(784, 618), (618,), (618, 122), (122,), (122, 109), (109,), (109, 109), (109,), (109, 102), (102,), (102, 10), (10,)], 'train_accuracy': 0.11798333333333333, 'test_accuracy': 0.1169}}", "timing": 488}, "pdm_KL_reg 0.001": {"Best Result": {"Best Sigma0": 3, "Best sigma": 0.9, "Best gamma": 1, "Best Test accuracy": 0.2738, "Train acc": 0.27113333333333334}, "PDM log": "{(3, 0.9, 1): {'shapes': [(784, 618), (618,), (618, 118), (118,), (118, 108), (108,), (108, 109), (109,), (109, 102), (102,), (102, 10), (10,)], 'train_accuracy': 0.27113333333333334, 'test_accuracy': 0.2738}}", "timing": 719}, "pdm_KL_reg 0.005": {"Best Result": {"Best Sigma0": 3, "Best sigma": 0.9, "Best gamma": 1, "Best Test accuracy": 0.1903, "Train acc": 0.19238333333333332}, "PDM log": "{(3, 0.9, 1): {'shapes': [(784, 616), (616,), (616, 116), (116,), (116, 109), (109,), (109, 109), (109,), (109, 102), (102,), (102, 10), (10,)], 'train_accuracy': 0.19238333333333332, 'test_accuracy': 0.1903}}", "timing": 753}, "pdm_KL_reg 0.01": {"Best Result": {"Best Sigma0": 3, "Best sigma": 0.9, "Best gamma": 1, "Best Test accuracy": 0.1829, "Train acc": 0.18748333333333334}, "PDM log": "{(3, 0.9, 1): {'shapes': [(784, 616), (616,), (616, 117), (117,), (117, 109), (109,), (109, 109), (109,), (109, 102), (102,), (102, 10), (10,)], 'train_accuracy': 0.18748333333333334, 'test_accuracy': 0.1829}}", "timing": 826}, "pdm_KL_reg 0.05": {"Best Result": {"Best Sigma0": 3, "Best sigma": 0.9, "Best gamma": 1, "Best Test accuracy": 0.2825, "Train acc": 0.292}, "PDM log": "{(3, 0.9, 1): {'shapes': [(784, 615), (615,), (615, 116), (116,), (116, 109), (109,), (109, 109), (109,), (109, 102), (102,), (102, 10), (10,)], 'train_accuracy': 0.292, 'test_accuracy': 0.2825}}", "timing": 855}, "pdm_KL_reg 0.1": {"Best Result": {"Best Sigma0": 3, "Best sigma": 0.9, "Best gamma": 1, "Best Test accuracy": 0.1654, "Train acc": 0.16505}, "PDM log": "{(3, 0.9, 1): {'shapes': [(784, 613), (613,), (613, 118), (118,), (118, 109), (109,), (109, 109), (109,), (109, 102), (102,), (102, 10), (10,)], 'train_accuracy': 0.16505, 'test_accuracy': 0.1654}}", "timing": 814}, "pdm_KL_reg 0.5": {"Best Result": {"Best Sigma0": 3, "Best sigma": 0.9, "Best gamma": 1, "Best Test accuracy": 0.1468, "Train acc": 0.14075}, "PDM log": "{(3, 0.9, 1): {'shapes': [(784, 582), (582,), (582, 109), (109,), (109, 100), (100,), (100, 109), (109,), (109, 101), (101,), (101, 10), (10,)], 'train_accuracy': 0.14075, 'test_accuracy': 0.1468}}", "timing": 752}, "pdm_KL_reg 1": {"Best Result": {"Best Sigma0": 3, "Best sigma": 0.9, "Best gamma": 1, "Best Test accuracy": 0.106, "Train acc": 0.10993333333333333}, "PDM log": "{(3, 0.9, 1): {'shapes': [(784, 471), (471,), (471, 100), (100,), (100, 100), (100,), (100, 100), (100,), (100, 100), (100,), (100, 10), (10,)], 'train_accuracy': 0.10993333333333333, 'test_accuracy': 0.106}}", "timing": 723}, "pdm_KL_reg 2": {"Best Result": {"Best Sigma0": 3, "Best sigma": 0.9, "Best gamma": 1, "Best Test accuracy": 0.1032, "Train acc": 0.0993}, "PDM log": "{(3, 0.9, 1): {'shapes': [(784, 100), (100,), (100, 100), (100,), (100, 100), (100,), (100, 100), (100,), (100, 100), (100,), (100, 10), (10,)], 'train_accuracy': 0.0993, 'test_accuracy': 0.1032}}", "timing": 267}, "pdm_KL_reg 5": {"Best Result": {"Best Sigma0": 3, "Best sigma": 0.9, "Best gamma": 1, "Best Test accuracy": 0.1032, "Train acc": 0.0993}, "PDM log": "{(3, 0.9, 1): {'shapes': [(784, 100), (100,), (100, 100), (100,), (100, 100), (100,), (100, 100), (100,), (100, 100), (100,), (100, 10), (10,)], 'train_accuracy': 0.0993, 'test_accuracy': 0.1032}}", "timing": 353}, "pdm_KL_reg 10": {"Best Result": {"Best Sigma0": 3, "Best sigma": 0.9, "Best gamma": 1, "Best Test accuracy": 0.1032, "Train acc": 0.0993}, "PDM log": "{(3, 0.9, 1): {'shapes': [(784, 100), (100,), (100, 100), (100,), (100, 100), (100,), (100, 100), (100,), (100, 100), (100,), (100, 10), (10,)], 'train_accuracy': 0.0993, 'test_accuracy': 0.1032}}", "timing": 318}, "best_reg": 0.05}