{"seed": 5, "Data statistics": "{0: {0: 565, 1: 648, 2: 579, 3: 636, 4: 604, 5: 509, 6: 611, 7: 660, 8: 602, 9: 586}, 1: {0: 633, 1: 675, 2: 592, 3: 613, 4: 571, 5: 505, 6: 594, 7: 640, 8: 580, 9: 597}, 2: {0: 603, 1: 699, 2: 564, 3: 589, 4: 573, 5: 546, 6: 576, 7: 621, 8: 593, 9: 636}, 3: {0: 626, 1: 652, 2: 608, 3: 607, 4: 574, 5: 563, 6: 581, 7: 634, 8: 552, 9: 603}, 4: {0: 579, 1: 684, 2: 592, 3: 631, 4: 561, 5: 548, 6: 565, 7: 626, 8: 637, 9: 577}, 5: {0: 579, 1: 672, 2: 616, 3: 629, 4: 575, 5: 552, 6: 588, 7: 647, 8: 559, 9: 583}, 6: {0: 579, 1: 664, 2: 607, 3: 607, 4: 628, 5: 580, 6: 564, 7: 592, 8: 565, 9: 614}, 7: {0: 572, 1: 678, 2: 612, 3: 616, 4: 591, 5: 535, 6: 626, 7: 624, 8: 557, 9: 589}, 8: {0: 603, 1: 683, 2: 591, 3: 628, 4: 582, 5: 559, 6: 610, 7: 611, 8: 571, 9: 562}, 9: {0: 584, 1: 687, 2: 597, 3: 575, 4: 583, 5: 524, 6: 603, 7: 610, 8: 635, 9: 602}}", "loading time": 23, "local_train_accs": [0.969, 0.9711666666666666, 0.9503333333333334, 0.9753333333333334, 0.942, 0.9281666666666667, 0.9708333333333333, 0.962, 0.9613333333333334, 0.9571666666666667], "local_test_accs": [0.9325, 0.9331, 0.9182, 0.9377, 0.906, 0.9034, 0.9302, 0.9214, 0.9183, 0.924], "pdm_KL_reg 0": {"Best Result": {"Best Sigma0": 10, "Best sigma": 0.5, "Best gamma": 10, "Best Test accuracy": 0.8526, "Train acc": 0.85035}, "PDM log": "{(10, 0.5, 10): {'shapes': [(784, 782), (782,), (782, 667), (667,), (667, 476), (476,), (476, 343), (343,), (343, 268), (268,), (268, 118), (118,), (118, 10), (10,)], 'train_accuracy': 0.85035, 'test_accuracy': 0.8526}}", "timing": 380}, "best_reg": 0, "skip_pdm": {"Best Result": {"Best Sigma0": 10, "Best sigma": 0.5, "Best gamma": 10, "Best Test accuracy": 0.0974, "Train acc": 0.09751666666666667}, "PDM log": "{(10, 0.5, 10): {'shapes': [(787, 785), (101, 787), (777, 101), (101, 777), (618, 101), (101, 618), (10, 101)], 'train_accuracy': 0.09751666666666667, 'test_accuracy': 0.0974}}", "timing": 319}}