{"seed": 7, "Data statistics": "{0: {0: 52, 1: 603, 2: 315, 3: 412, 5: 3608, 6: 16}, 1: {0: 162, 1: 1520, 2: 51, 3: 67, 4: 978, 5: 22, 6: 467, 7: 46, 9: 76}, 2: {0: 15, 1: 17, 2: 1323, 3: 1633, 4: 80, 5: 211, 6: 2577}, 3: {0: 133, 1: 14, 2: 5, 3: 1, 4: 47, 5: 760, 6: 167, 7: 266, 8: 2296, 9: 2060}, 4: {0: 23, 1: 546, 2: 655, 3: 267, 4: 307, 5: 19, 6: 17, 7: 2045, 8: 2274}, 5: {0: 502, 1: 44, 2: 36, 3: 1384, 4: 56, 5: 169, 6: 353, 7: 78, 8: 163, 9: 1041}, 6: {0: 1081, 1: 586, 2: 261, 3: 178, 4: 3212}, 7: {0: 10, 1: 549, 2: 1142, 3: 864, 4: 131, 5: 7, 6: 967, 7: 1968}, 8: {0: 2077, 1: 24, 2: 767, 3: 109, 4: 114, 5: 34, 6: 12, 7: 596, 8: 261, 9: 602}, 9: {0: 945, 1: 1097, 2: 445, 3: 85, 4: 75, 5: 170, 6: 424, 7: 1, 8: 6, 9: 1221}}", "loading time": 51, "local_train_accs": [0.7854574510587295, 0.6506344054293302, 0.5756489071038251, 0.6839450339189425, 0.6520396554526248, 0.5862519602718244, 0.6756299360661903, 0.5101099680737851, 0.5733246301131418, 0.5479973148355337], "local_test_accs": [0.153, 0.1837, 0.1664, 0.2277, 0.198, 0.2104, 0.2199, 0.2375, 0.2021, 0.2662], "pdm_KL_reg 0": {"Best Result": {"Best Sigma0": 10, "Best sigma": 1, "Best gamma": 50, "Best Test accuracy": 0.257, "Train acc": 0.26156}, "PDM log": "{(10, 1, 50): {'shapes': [(3072, 907), (907,), (907, 289), (289,), (289, 217), (217,), (217, 10), (10,)], 'train_accuracy': 0.26156, 'test_accuracy': 0.257}}", "timing": 561}, "best_reg": 0, "skip_pdm": {"Best Result": {"Best Sigma0": 10, "Best sigma": 1, "Best gamma": 50, "Best Test accuracy": 0.1003, "Train acc": 0.10022}, "PDM log": "{(10, 1, 50): {'shapes': [(908, 3073), (101, 908), (296, 101), (10, 296)], 'train_accuracy': 0.10022, 'test_accuracy': 0.1003}}", "timing": 574}}