{"n_nets 2": {"local acc": 0.8543649999999999, "local std": 0.03698801866821199, "ensemble acc": 0.9496899999999998, "ensemble std": 0.013968783053652173, "fedavg acc": 0.7041999999999999, "fedavg std": 0.05260612131682016, "KL reg 0 acc": 0.8823500000000001, "KL reg 0 std": 0.04570243428965244, "KL reg 0.001 acc": 0.8823500000000001, "KL reg 0.001 std": 0.04570243428965244, "KL reg 0.005 acc": 0.8823500000000001, "KL reg 0.005 std": 0.04570243428965244, "KL reg 0.01 acc": 0.8823500000000001, "KL reg 0.01 std": 0.04570243428965244, "KL reg 0.05 acc": 0.8823500000000001, "KL reg 0.05 std": 0.04570243428965244, "KL reg 0.1 acc": 0.8823500000000001, "KL reg 0.1 std": 0.04570243428965244, "KL reg 0.5 acc": 0.8821300000000001, "KL reg 0.5 std": 0.0454409738011852, "KL reg 1 acc": 0.8820200000000001, "KL reg 1 std": 0.0454180977144574, "KL reg 2 acc": 0.28562, "KL reg 2 std": 0.05075956658601411, "KL reg 5 acc": 0.28562, "KL reg 5 std": 0.05075956658601411, "KL reg 10 acc": 0.28562, "KL reg 10 std": 0.05075956658601411, "KL best acc": 0.8823500000000001, "KL best std": 0.04570243428965244}, "n_nets 5": {"local acc": 0.7903520000000002, "local std": 0.039791815439861516, "ensemble acc": 0.9273, "ensemble std": 0.031918677917482735, "fedavg acc": 0.35364, "fedavg std": 0.0724230791944115, "KL reg 0 acc": 0.8773200000000001, "KL reg 0 std": 0.043691848209935, "KL reg 0.001 acc": 0.8773200000000001, "KL reg 0.001 std": 0.043691848209935, "KL reg 0.005 acc": 0.8773200000000001, "KL reg 0.005 std": 0.043691848209935, "KL reg 0.01 acc": 0.8773200000000001, "KL reg 0.01 std": 0.043691848209935, "KL reg 0.05 acc": 0.8773500000000001, "KL reg 0.05 std": 0.04368224467675625, "KL reg 0.1 acc": 0.8773099999999999, "KL reg 0.1 std": 0.04371938814759419, "KL reg 0.5 acc": 0.8773500000000001, "KL reg 0.5 std": 0.04367762012747489, "KL reg 1 acc": 0.87801, "KL reg 1 std": 0.04399707831208794, "KL reg 2 acc": 0.09743000000000002, "KL reg 2 std": 6.403124237433032e-05, "KL reg 5 acc": 0.09743000000000002, "KL reg 5 std": 6.403124237433032e-05, "KL reg 10 acc": 0.09744000000000001, "KL reg 10 std": 6.63324958071099e-05, "KL best acc": 0.87845, "KL best std": 0.043913329411466855}, "n_nets 10": {"local acc": 0.7392749999999999, "local std": 0.03027092705881337, "ensemble acc": 0.9356300000000001, "ensemble std": 0.02848304934518072, "fedavg acc": 0.18095999999999998, "fedavg std": 0.029840549592794034, "KL reg 0 acc": 0.8853200000000001, "KL reg 0 std": 0.04005243563130712, "KL reg 0.001 acc": 0.8854, "KL reg 0.001 std": 0.04003813182454947, "KL reg 0.005 acc": 0.88519, "KL reg 0.005 std": 0.04017433135722362, "KL reg 0.01 acc": 0.8855299999999999, "KL reg 0.01 std": 0.04032832875287545, "KL reg 0.05 acc": 0.88551, "KL reg 0.05 std": 0.04039669417167696, "KL reg 0.1 acc": 0.88555, "KL reg 0.1 std": 0.040233922254734246, "KL reg 0.5 acc": 0.8860699999999999, "KL reg 0.5 std": 0.04104872836032804, "KL reg 1 acc": 0.88279, "KL reg 1 std": 0.04373887172756061, "KL reg 2 acc": 0.09740000000000001, "KL reg 2 std": 1.3877787807814457e-17, "KL reg 5 acc": 0.09740000000000001, "KL reg 5 std": 1.3877787807814457e-17, "KL reg 10 acc": 0.09740000000000001, "KL reg 10 std": 1.3877787807814457e-17, "KL best acc": 0.8904299999999999, "KL best std": 0.03902309700677281}, "n_nets 15": {"local acc": 0.7144286666666667, "local std": 0.023017396522340815, "ensemble acc": 0.94087, "ensemble std": 0.01507780156388855, "fedavg acc": 0.16649999999999998, "fedavg std": 0.04593179726507553, "KL reg 0 acc": 0.8704000000000001, "KL reg 0 std": 0.03146909595142512, "KL reg 0.001 acc": 0.87072, "KL reg 0.001 std": 0.031450558023666295, "KL reg 0.005 acc": 0.8711599999999999, "KL reg 0.005 std": 0.03184544551423328, "KL reg 0.01 acc": 0.8693899999999999, "KL reg 0.01 std": 0.030581348891113334, "KL reg 0.05 acc": 0.8695400000000001, "KL reg 0.05 std": 0.029958277654097535, "KL reg 0.1 acc": 0.86973, "KL reg 0.1 std": 0.030590130761407347, "KL reg 0.5 acc": 0.87102, "KL reg 0.5 std": 0.03285202581272577, "KL reg 1 acc": 0.8627100000000001, "KL reg 1 std": 0.03765659172044121, "KL reg 2 acc": 0.09783, "KL reg 2 std": 0.0010507616285342749, "KL reg 5 acc": 0.09783, "KL reg 5 std": 0.0010507616285342749, "KL reg 10 acc": 0.09783, "KL reg 10 std": 0.0010507616285342749, "KL best acc": 0.87849, "KL best std": 0.032291963396486156}, "n_nets 20": {"local acc": 0.6913185000000001, "local std": 0.025413749039643888, "ensemble acc": 0.9261700000000002, "ensemble std": 0.023773895347628658, "fedavg acc": 0.11983999999999999, "fedavg std": 0.026012658456989742, "KL reg 0 acc": 0.8545999999999999, "KL reg 0 std": 0.029822038830368387, "KL reg 0.001 acc": 0.85276, "KL reg 0.001 std": 0.029392999166468196, "KL reg 0.005 acc": 0.85348, "KL reg 0.005 std": 0.02887905123095286, "KL reg 0.01 acc": 0.853, "KL reg 0.01 std": 0.029189107557443406, "KL reg 0.05 acc": 0.85555, "KL reg 0.05 std": 0.028885333648756766, "KL reg 0.1 acc": 0.85369, "KL reg 0.1 std": 0.028207709938951084, "KL reg 0.5 acc": 0.85784, "KL reg 0.5 std": 0.02903037030421761, "KL reg 1 acc": 0.8244800000000001, "KL reg 1 std": 0.03150231102633584, "KL reg 2 acc": 0.09794, "KL reg 2 std": 0.003508617961534142, "KL reg 5 acc": 0.09794, "KL reg 5 std": 0.003508617961534142, "KL reg 10 acc": 0.09794, "KL reg 10 std": 0.003508617961534142, "KL best acc": 0.86033, "KL best std": 0.02826446709209286}, "n_nets 25": {"local acc": 0.6817768000000001, "local std": 0.021014375559602037, "ensemble acc": 0.92994, "ensemble std": 0.019107024886151187, "fedavg acc": 0.15525, "fedavg std": 0.03779558836689806, "KL reg 0 acc": 0.8549, "KL reg 0 std": 0.022520390760375365, "KL reg 0.001 acc": 0.8509400000000001, "KL reg 0.001 std": 0.023223488110100936, "KL reg 0.005 acc": 0.8541699999999999, "KL reg 0.005 std": 0.025344468824577887, "KL reg 0.01 acc": 0.85282, "KL reg 0.01 std": 0.024145757391309974, "KL reg 0.05 acc": 0.85267, "KL reg 0.05 std": 0.026139167928608605, "KL reg 0.1 acc": 0.8556600000000001, "KL reg 0.1 std": 0.024348314110015916, "KL reg 0.5 acc": 0.8529899999999999, "KL reg 0.5 std": 0.03456652860788887, "KL reg 1 acc": 0.82019, "KL reg 1 std": 0.03098530135402914, "KL reg 2 acc": 0.73693, "KL reg 2 std": 0.030095316911439875, "KL reg 5 acc": 0.09305999999999999, "KL reg 5 std": 0.004987223676555925, "KL reg 10 acc": 0.09305999999999999, "KL reg 10 std": 0.004987223676555925, "KL best acc": 0.86266, "KL best std": 0.023456436216953338}, "n_nets 30": {"local acc": 0.6608600000000001, "local std": 0.026742062747664067, "ensemble acc": 0.9227800000000002, "ensemble std": 0.023768752596634097, "fedavg acc": 0.14321, "fedavg std": 0.02831841980054678, "KL reg 0 acc": 0.8548600000000001, "KL reg 0 std": 0.03705410098760999, "KL reg 0.001 acc": 0.8575000000000002, "KL reg 0.001 std": 0.03399558794902656, "KL reg 0.005 acc": 0.85578, "KL reg 0.005 std": 0.03739750793836402, "KL reg 0.01 acc": 0.8550000000000001, "KL reg 0.01 std": 0.03595330304714713, "KL reg 0.05 acc": 0.85494, "KL reg 0.05 std": 0.03657458680559496, "KL reg 0.1 acc": 0.8519, "KL reg 0.1 std": 0.0350752049174342, "KL reg 0.5 acc": 0.8575000000000002, "KL reg 0.5 std": 0.035096524044412145, "KL reg 1 acc": 0.81547, "KL reg 1 std": 0.03849852075080288, "KL reg 2 acc": 0.75526, "KL reg 2 std": 0.03291568623012437, "KL reg 5 acc": 0.08919999999999999, "KL reg 5 std": 1.3877787807814457e-17, "KL reg 10 acc": 0.08919999999999999, "KL reg 10 std": 1.3877787807814457e-17, "KL best acc": 0.8637599999999999, "KL best std": 0.035571988980095}}