{"seed": 8, "Data statistics": "{0: {0: 620, 1: 730, 2: 568, 3: 602, 4: 590, 5: 552, 6: 565, 7: 589, 8: 589, 9: 595}, 1: {0: 561, 1: 698, 2: 592, 3: 646, 4: 560, 5: 536, 6: 577, 7: 649, 8: 588, 9: 593}, 2: {0: 570, 1: 688, 2: 603, 3: 629, 4: 604, 5: 523, 6: 550, 7: 621, 8: 604, 9: 608}, 3: {0: 578, 1: 648, 2: 618, 3: 613, 4: 572, 5: 563, 6: 582, 7: 636, 8: 600, 9: 590}, 4: {0: 619, 1: 660, 2: 598, 3: 600, 4: 586, 5: 549, 6: 620, 7: 609, 8: 554, 9: 605}, 5: {0: 615, 1: 635, 2: 587, 3: 603, 4: 618, 5: 531, 6: 612, 7: 635, 8: 575, 9: 589}, 6: {0: 582, 1: 659, 2: 579, 3: 622, 4: 554, 5: 563, 6: 560, 7: 669, 8: 594, 9: 618}, 7: {0: 582, 1: 675, 2: 607, 3: 613, 4: 578, 5: 565, 6: 612, 7: 613, 8: 558, 9: 597}, 8: {0: 586, 1: 669, 2: 609, 3: 592, 4: 589, 5: 506, 6: 616, 7: 637, 8: 604, 9: 592}, 9: {0: 610, 1: 680, 2: 597, 3: 611, 4: 591, 5: 533, 6: 624, 7: 607, 8: 585, 9: 562}}", "loading time": 45, "local_train_accs": [0.9836666666666667, 0.9816666666666667, 0.9676666666666667, 0.9885, 0.9798333333333333, 0.979, 0.9786666666666667, 0.9745, 0.9868333333333333, 0.9803333333333333], "local_test_accs": [0.9362, 0.9388, 0.9204, 0.9409, 0.934, 0.9312, 0.9366, 0.9275, 0.9379, 0.928], "Uniform ensemble (Train acc)": 0.9692166666666666, "Uniform ensemble (Test acc)": 0.9665, "FedAvg (Train acc)": 0.09751666666666667, "FedAvg (Test acc)": 0.0974, "pdm_KL_reg 0": {"Best Result": {"Best Sigma0": 10, "Best sigma": 0.5, "Best gamma": 10, "Best Test accuracy": 0.9232, "Train acc": 0.9249}, "PDM log": "{(10, 0.5, 10): {'shapes': [(784, 700), (700,), (700, 118), (118,), (118, 10), (10,)], 'train_accuracy': 0.9249, 'test_accuracy': 0.9232}}", "timing": 434}, "pdm_KL_reg 0.001": {"Best Result": {"Best Sigma0": 10, "Best sigma": 0.5, "Best gamma": 10, "Best Test accuracy": 0.9321, "Train acc": 0.9324666666666667}, "PDM log": "{(10, 0.5, 10): {'shapes': [(784, 700), (700,), (700, 118), (118,), (118, 10), (10,)], 'train_accuracy': 0.9324666666666667, 'test_accuracy': 0.9321}}", "timing": 473}, "pdm_KL_reg 0.005": {"Best Result": {"Best Sigma0": 10, "Best sigma": 0.5, "Best gamma": 10, "Best Test accuracy": 0.948, "Train acc": 0.9471333333333334}, "PDM log": "{(10, 0.5, 10): {'shapes': [(784, 700), (700,), (700, 118), (118,), (118, 10), (10,)], 'train_accuracy': 0.9471333333333334, 'test_accuracy': 0.948}}", "timing": 460}, "pdm_KL_reg 0.01": {"Best Result": {"Best Sigma0": 10, "Best sigma": 0.5, "Best gamma": 10, "Best Test accuracy": 0.9231, "Train acc": 0.92425}, "PDM log": "{(10, 0.5, 10): {'shapes': [(784, 700), (700,), (700, 118), (118,), (118, 10), (10,)], 'train_accuracy': 0.92425, 'test_accuracy': 0.9231}}", "timing": 654}, "pdm_KL_reg 0.05": {"Best Result": {"Best Sigma0": 10, "Best sigma": 0.5, "Best gamma": 10, "Best Test accuracy": 0.934, "Train acc": 0.9359833333333333}, "PDM log": "{(10, 0.5, 10): {'shapes': [(784, 700), (700,), (700, 118), (118,), (118, 10), (10,)], 'train_accuracy': 0.9359833333333333, 'test_accuracy': 0.934}}", "timing": 479}, "pdm_KL_reg 0.1": {"Best Result": {"Best Sigma0": 10, "Best sigma": 0.5, "Best gamma": 10, "Best Test accuracy": 0.9181, "Train acc": 0.9192666666666667}, "PDM log": "{(10, 0.5, 10): {'shapes': [(784, 700), (700,), (700, 118), (118,), (118, 10), (10,)], 'train_accuracy': 0.9192666666666667, 'test_accuracy': 0.9181}}", "timing": 569}, "pdm_KL_reg 0.5": {"Best Result": {"Best Sigma0": 10, "Best sigma": 0.5, "Best gamma": 10, "Best Test accuracy": 0.9355, "Train acc": 0.9365333333333333}, "PDM log": "{(10, 0.5, 10): {'shapes': [(784, 700), (700,), (700, 127), (127,), (127, 10), (10,)], 'train_accuracy': 0.9365333333333333, 'test_accuracy': 0.9355}}", "timing": 477}, "pdm_KL_reg 1": {"Best Result": {"Best Sigma0": 10, "Best sigma": 0.5, "Best gamma": 10, "Best Test accuracy": 0.9482, "Train acc": 0.94905}, "PDM log": "{(10, 0.5, 10): {'shapes': [(784, 613), (613,), (613, 127), (127,), (127, 10), (10,)], 'train_accuracy': 0.94905, 'test_accuracy': 0.9482}}", "timing": 426}, "pdm_KL_reg 2": {"Best Result": {"Best Sigma0": 10, "Best sigma": 0.5, "Best gamma": 10, "Best Test accuracy": 0.0974, "Train acc": 0.09751666666666667}, "PDM log": "{(10, 0.5, 10): {'shapes': [(784, 100), (100,), (100, 118), (118,), (118, 10), (10,)], 'train_accuracy': 0.09751666666666667, 'test_accuracy': 0.0974}}", "timing": 103}, "pdm_KL_reg 5": {"Best Result": {"Best Sigma0": 10, "Best sigma": 0.5, "Best gamma": 10, "Best Test accuracy": 0.0974, "Train acc": 0.09751666666666667}, "PDM log": "{(10, 0.5, 10): {'shapes': [(784, 100), (100,), (100, 109), (109,), (109, 10), (10,)], 'train_accuracy': 0.09751666666666667, 'test_accuracy': 0.0974}}", "timing": 116}, "pdm_KL_reg 10": {"Best Result": {"Best Sigma0": 10, "Best sigma": 0.5, "Best gamma": 10, "Best Test accuracy": 0.0974, "Train acc": 0.09751666666666667}, "PDM log": "{(10, 0.5, 10): {'shapes': [(784, 100), (100,), (100, 109), (109,), (109, 10), (10,)], 'train_accuracy': 0.09751666666666667, 'test_accuracy': 0.0974}}", "timing": 118}, "best_reg": 1}