{"seed": 0, "Data statistics": "{0: {0: 605, 1: 688, 2: 586, 3: 583, 4: 565, 5: 518, 6: 631, 7: 625, 8: 584, 9: 615}, 1: {0: 600, 1: 691, 2: 580, 3: 625, 4: 588, 5: 557, 6: 559, 7: 603, 8: 607, 9: 590}, 2: {0: 607, 1: 691, 2: 583, 3: 639, 4: 577, 5: 516, 6: 571, 7: 641, 8: 596, 9: 579}, 3: {0: 605, 1: 642, 2: 610, 3: 580, 4: 590, 5: 565, 6: 572, 7: 632, 8: 591, 9: 613}, 4: {0: 578, 1: 653, 2: 600, 3: 593, 4: 627, 5: 556, 6: 629, 7: 608, 8: 581, 9: 575}, 5: {0: 596, 1: 690, 2: 594, 3: 650, 4: 589, 5: 539, 6: 547, 7: 612, 8: 568, 9: 615}, 6: {0: 598, 1: 645, 2: 614, 3: 624, 4: 572, 5: 556, 6: 605, 7: 605, 8: 601, 9: 580}, 7: {0: 544, 1: 682, 2: 604, 3: 591, 4: 605, 5: 562, 6: 601, 7: 694, 8: 525, 9: 592}, 8: {0: 564, 1: 665, 2: 608, 3: 647, 4: 566, 5: 520, 6: 615, 7: 613, 8: 594, 9: 608}, 9: {0: 626, 1: 695, 2: 579, 3: 599, 4: 563, 5: 532, 6: 588, 7: 632, 8: 604, 9: 582}}", "loading time": 29, "local_train_accs": [0.9861666666666666, 0.9868333333333333, 0.9858333333333333, 0.9766666666666667, 0.9901666666666666, 0.9781666666666666, 0.9756666666666667, 0.9716666666666667, 0.9675, 0.9925], "local_test_accs": [0.9355, 0.9371, 0.9397, 0.9305, 0.9415, 0.928, 0.9329, 0.9171, 0.9206, 0.9402], "Uniform ensemble (Train acc)": 0.9701166666666666, "Uniform ensemble (Test acc)": 0.9673, "FedAvg (Train acc)": 0.09751666666666667, "FedAvg (Test acc)": 0.0974, "pdm_KL_reg 0": {"Best Result": {"Best Sigma0": 10, "Best sigma": 0.5, "Best gamma": 10, "Best Test accuracy": 0.9458, "Train acc": 0.9523666666666667}, "PDM log": "{(10, 0.5, 10): {'shapes': [(784, 700), (700,), (700, 127), (127,), (127, 10), (10,)], 'train_accuracy': 0.9523666666666667, 'test_accuracy': 0.9458}}", "timing": 199}, "pdm_KL_reg 0.001": {"Best Result": {"Best Sigma0": 10, "Best sigma": 0.5, "Best gamma": 10, "Best Test accuracy": 0.9467, "Train acc": 0.9522833333333334}, "PDM log": "{(10, 0.5, 10): {'shapes': [(784, 700), (700,), (700, 127), (127,), (127, 10), (10,)], 'train_accuracy': 0.9522833333333334, 'test_accuracy': 0.9467}}", "timing": 562}, "pdm_KL_reg 0.005": {"Best Result": {"Best Sigma0": 10, "Best sigma": 0.5, "Best gamma": 10, "Best Test accuracy": 0.9495, "Train acc": 0.95265}, "PDM log": "{(10, 0.5, 10): {'shapes': [(784, 700), (700,), (700, 127), (127,), (127, 10), (10,)], 'train_accuracy': 0.95265, 'test_accuracy': 0.9495}}", "timing": 555}, "pdm_KL_reg 0.01": {"Best Result": {"Best Sigma0": 10, "Best sigma": 0.5, "Best gamma": 10, "Best Test accuracy": 0.9481, "Train acc": 0.9535166666666667}, "PDM log": "{(10, 0.5, 10): {'shapes': [(784, 700), (700,), (700, 127), (127,), (127, 10), (10,)], 'train_accuracy': 0.9535166666666667, 'test_accuracy': 0.9481}}", "timing": 705}, "pdm_KL_reg 0.05": {"Best Result": {"Best Sigma0": 10, "Best sigma": 0.5, "Best gamma": 10, "Best Test accuracy": 0.9507, "Train acc": 0.9563166666666667}, "PDM log": "{(10, 0.5, 10): {'shapes': [(784, 700), (700,), (700, 127), (127,), (127, 10), (10,)], 'train_accuracy': 0.9563166666666667, 'test_accuracy': 0.9507}}", "timing": 662}, "pdm_KL_reg 0.1": {"Best Result": {"Best Sigma0": 10, "Best sigma": 0.5, "Best gamma": 10, "Best Test accuracy": 0.95, "Train acc": 0.9538}, "PDM log": "{(10, 0.5, 10): {'shapes': [(784, 700), (700,), (700, 127), (127,), (127, 10), (10,)], 'train_accuracy': 0.9538, 'test_accuracy': 0.95}}", "timing": 592}, "pdm_KL_reg 0.5": {"Best Result": {"Best Sigma0": 10, "Best sigma": 0.5, "Best gamma": 10, "Best Test accuracy": 0.9542, "Train acc": 0.95595}, "PDM log": "{(10, 0.5, 10): {'shapes': [(784, 700), (700,), (700, 127), (127,), (127, 10), (10,)], 'train_accuracy': 0.95595, 'test_accuracy': 0.9542}}", "timing": 666}, "pdm_KL_reg 1": {"Best Result": {"Best Sigma0": 10, "Best sigma": 0.5, "Best gamma": 10, "Best Test accuracy": 0.9377, "Train acc": 0.9432666666666667}, "PDM log": "{(10, 0.5, 10): {'shapes': [(784, 631), (631,), (631, 127), (127,), (127, 10), (10,)], 'train_accuracy': 0.9432666666666667, 'test_accuracy': 0.9377}}", "timing": 511}, "pdm_KL_reg 2": {"Best Result": {"Best Sigma0": 10, "Best sigma": 0.5, "Best gamma": 10, "Best Test accuracy": 0.0974, "Train acc": 0.09751666666666667}, "PDM log": "{(10, 0.5, 10): {'shapes': [(784, 100), (100,), (100, 118), (118,), (118, 10), (10,)], 'train_accuracy': 0.09751666666666667, 'test_accuracy': 0.0974}}", "timing": 143}, "pdm_KL_reg 5": {"Best Result": {"Best Sigma0": 10, "Best sigma": 0.5, "Best gamma": 10, "Best Test accuracy": 0.0974, "Train acc": 0.09751666666666667}, "PDM log": "{(10, 0.5, 10): {'shapes': [(784, 100), (100,), (100, 109), (109,), (109, 10), (10,)], 'train_accuracy': 0.09751666666666667, 'test_accuracy': 0.0974}}", "timing": 131}, "pdm_KL_reg 10": {"Best Result": {"Best Sigma0": 10, "Best sigma": 0.5, "Best gamma": 10, "Best Test accuracy": 0.0974, "Train acc": 0.09751666666666667}, "PDM log": "{(10, 0.5, 10): {'shapes': [(784, 100), (100,), (100, 109), (109,), (109, 10), (10,)], 'train_accuracy': 0.09751666666666667, 'test_accuracy': 0.0974}}", "timing": 137}, "best_reg": 0.5}