{"seed": 3, "Data statistics": "{0: {0: 578, 1: 726, 2: 611, 3: 606, 4: 571, 5: 535, 6: 562, 7: 646, 8: 594, 9: 571}, 1: {0: 600, 1: 656, 2: 590, 3: 593, 4: 586, 5: 569, 6: 596, 7: 639, 8: 573, 9: 598}, 2: {0: 557, 1: 671, 2: 594, 3: 628, 4: 595, 5: 530, 6: 564, 7: 644, 8: 612, 9: 605}, 3: {0: 574, 1: 669, 2: 615, 3: 645, 4: 595, 5: 523, 6: 579, 7: 577, 8: 600, 9: 623}, 4: {0: 574, 1: 677, 2: 571, 3: 636, 4: 600, 5: 539, 6: 608, 7: 623, 8: 579, 9: 593}, 5: {0: 585, 1: 682, 2: 619, 3: 631, 4: 587, 5: 524, 6: 591, 7: 599, 8: 553, 9: 629}, 6: {0: 626, 1: 693, 2: 582, 3: 595, 4: 568, 5: 563, 6: 605, 7: 618, 8: 588, 9: 562}, 7: {0: 613, 1: 663, 2: 592, 3: 590, 4: 550, 5: 521, 6: 600, 7: 660, 8: 615, 9: 596}, 8: {0: 624, 1: 689, 2: 589, 3: 620, 4: 567, 5: 570, 6: 575, 7: 618, 8: 563, 9: 585}, 9: {0: 592, 1: 616, 2: 595, 3: 587, 4: 623, 5: 547, 6: 638, 7: 641, 8: 574, 9: 587}}", "loading time": 96, "local_train_accs": [0.9845, 0.9916666666666667, 0.9745, 0.9636666666666667, 0.9796666666666667, 0.9816666666666667, 0.9855, 0.9781666666666666, 0.978, 0.9806666666666667], "local_test_accs": [0.9378, 0.9439, 0.9264, 0.9265, 0.9293, 0.9294, 0.9426, 0.9378, 0.9357, 0.9338], "Uniform ensemble (Train acc)": 0.9698166666666667, "Uniform ensemble (Test acc)": 0.9661, "FedAvg (Train acc)": 0.09751666666666667, "FedAvg (Test acc)": 0.0974, "pdm_KL_reg 0": {"Best Result": {"Best Sigma0": 10, "Best sigma": 0.5, "Best gamma": 10, "Best Test accuracy": 0.943, "Train acc": 0.9454666666666667}, "PDM log": "{(10, 0.5, 10): {'shapes': [(784, 700), (700,), (700, 127), (127,), (127, 10), (10,)], 'train_accuracy': 0.9454666666666667, 'test_accuracy': 0.943}}", "timing": 371}, "pdm_KL_reg 0.001": {"Best Result": {"Best Sigma0": 10, "Best sigma": 0.5, "Best gamma": 10, "Best Test accuracy": 0.9506, "Train acc": 0.9514833333333333}, "PDM log": "{(10, 0.5, 10): {'shapes': [(784, 700), (700,), (700, 127), (127,), (127, 10), (10,)], 'train_accuracy': 0.9514833333333333, 'test_accuracy': 0.9506}}", "timing": 572}, "pdm_KL_reg 0.005": {"Best Result": {"Best Sigma0": 10, "Best sigma": 0.5, "Best gamma": 10, "Best Test accuracy": 0.9161, "Train acc": 0.9234666666666667}, "PDM log": "{(10, 0.5, 10): {'shapes': [(784, 700), (700,), (700, 127), (127,), (127, 10), (10,)], 'train_accuracy': 0.9234666666666667, 'test_accuracy': 0.9161}}", "timing": 734}, "pdm_KL_reg 0.01": {"Best Result": {"Best Sigma0": 10, "Best sigma": 0.5, "Best gamma": 10, "Best Test accuracy": 0.9469, "Train acc": 0.9517666666666666}, "PDM log": "{(10, 0.5, 10): {'shapes': [(784, 700), (700,), (700, 127), (127,), (127, 10), (10,)], 'train_accuracy': 0.9517666666666666, 'test_accuracy': 0.9469}}", "timing": 492}, "pdm_KL_reg 0.05": {"Best Result": {"Best Sigma0": 10, "Best sigma": 0.5, "Best gamma": 10, "Best Test accuracy": 0.9433, "Train acc": 0.94685}, "PDM log": "{(10, 0.5, 10): {'shapes': [(784, 700), (700,), (700, 127), (127,), (127, 10), (10,)], 'train_accuracy': 0.94685, 'test_accuracy': 0.9433}}", "timing": 533}, "pdm_KL_reg 0.1": {"Best Result": {"Best Sigma0": 10, "Best sigma": 0.5, "Best gamma": 10, "Best Test accuracy": 0.9334, "Train acc": 0.9367666666666666}, "PDM log": "{(10, 0.5, 10): {'shapes': [(784, 700), (700,), (700, 127), (127,), (127, 10), (10,)], 'train_accuracy': 0.9367666666666666, 'test_accuracy': 0.9334}}", "timing": 606}, "pdm_KL_reg 0.5": {"Best Result": {"Best Sigma0": 10, "Best sigma": 0.5, "Best gamma": 10, "Best Test accuracy": 0.9526, "Train acc": 0.9552166666666667}, "PDM log": "{(10, 0.5, 10): {'shapes': [(784, 700), (700,), (700, 127), (127,), (127, 10), (10,)], 'train_accuracy': 0.9552166666666667, 'test_accuracy': 0.9526}}", "timing": 593}, "pdm_KL_reg 1": {"Best Result": {"Best Sigma0": 10, "Best sigma": 0.5, "Best gamma": 10, "Best Test accuracy": 0.9464, "Train acc": 0.9503}, "PDM log": "{(10, 0.5, 10): {'shapes': [(784, 640), (640,), (640, 127), (127,), (127, 10), (10,)], 'train_accuracy': 0.9503, 'test_accuracy': 0.9464}}", "timing": 558}, "pdm_KL_reg 2": {"Best Result": {"Best Sigma0": 10, "Best sigma": 0.5, "Best gamma": 10, "Best Test accuracy": 0.0974, "Train acc": 0.09751666666666667}, "PDM log": "{(10, 0.5, 10): {'shapes': [(784, 100), (100,), (100, 118), (118,), (118, 10), (10,)], 'train_accuracy': 0.09751666666666667, 'test_accuracy': 0.0974}}", "timing": 151}, "pdm_KL_reg 5": {"Best Result": {"Best Sigma0": 10, "Best sigma": 0.5, "Best gamma": 10, "Best Test accuracy": 0.0974, "Train acc": 0.09751666666666667}, "PDM log": "{(10, 0.5, 10): {'shapes': [(784, 100), (100,), (100, 109), (109,), (109, 10), (10,)], 'train_accuracy': 0.09751666666666667, 'test_accuracy': 0.0974}}", "timing": 147}, "pdm_KL_reg 10": {"Best Result": {"Best Sigma0": 10, "Best sigma": 0.5, "Best gamma": 10, "Best Test accuracy": 0.0974, "Train acc": 0.09751666666666667}, "PDM log": "{(10, 0.5, 10): {'shapes': [(784, 100), (100,), (100, 109), (109,), (109, 10), (10,)], 'train_accuracy': 0.09751666666666667, 'test_accuracy': 0.0974}}", "timing": 157}, "best_reg": 0.5}