{"seed": 6, "Data statistics": "{0: {0: 590, 1: 661, 2: 587, 3: 624, 4: 613, 5: 542, 6: 623, 7: 604, 8: 557, 9: 599}, 1: {0: 561, 1: 716, 2: 606, 3: 636, 4: 568, 5: 547, 6: 552, 7: 633, 8: 614, 9: 567}, 2: {0: 606, 1: 716, 2: 582, 3: 615, 4: 579, 5: 513, 6: 583, 7: 607, 8: 571, 9: 628}, 3: {0: 589, 1: 664, 2: 553, 3: 609, 4: 561, 5: 570, 6: 620, 7: 636, 8: 604, 9: 594}, 4: {0: 592, 1: 682, 2: 656, 3: 604, 4: 573, 5: 521, 6: 594, 7: 634, 8: 569, 9: 575}, 5: {0: 572, 1: 693, 2: 589, 3: 661, 4: 560, 5: 546, 6: 572, 7: 638, 8: 589, 9: 580}, 6: {0: 626, 1: 663, 2: 593, 3: 573, 4: 615, 5: 560, 6: 604, 7: 597, 8: 566, 9: 603}, 7: {0: 617, 1: 650, 2: 594, 3: 583, 4: 591, 5: 500, 6: 617, 7: 657, 8: 579, 9: 612}, 8: {0: 578, 1: 643, 2: 592, 3: 629, 4: 581, 5: 554, 6: 571, 7: 653, 8: 588, 9: 611}, 9: {0: 592, 1: 654, 2: 606, 3: 597, 4: 601, 5: 568, 6: 582, 7: 606, 8: 614, 9: 580}}", "loading time": 57, "local_train_accs": [0.9863333333333333, 0.9845, 0.9781666666666666, 0.9876666666666667, 0.9856666666666667, 0.9721666666666666, 0.9808333333333333, 0.9816666666666667, 0.9855, 0.9711666666666666], "local_test_accs": [0.9338, 0.9364, 0.9274, 0.9448, 0.9456, 0.9208, 0.9282, 0.932, 0.9382, 0.9294], "Uniform ensemble (Train acc)": 0.96905, "Uniform ensemble (Test acc)": 0.9669, "FedAvg (Train acc)": 0.09751666666666667, "FedAvg (Test acc)": 0.0974, "pdm_KL_reg 0": {"Best Result": {"Best Sigma0": 10, "Best sigma": 0.5, "Best gamma": 10, "Best Test accuracy": 0.9525, "Train acc": 0.95605}, "PDM log": "{(10, 0.5, 10): {'shapes': [(784, 700), (700,), (700, 127), (127,), (127, 10), (10,)], 'train_accuracy': 0.95605, 'test_accuracy': 0.9525}}", "timing": 308}, "pdm_KL_reg 0.001": {"Best Result": {"Best Sigma0": 10, "Best sigma": 0.5, "Best gamma": 10, "Best Test accuracy": 0.9494, "Train acc": 0.9509833333333333}, "PDM log": "{(10, 0.5, 10): {'shapes': [(784, 700), (700,), (700, 127), (127,), (127, 10), (10,)], 'train_accuracy': 0.9509833333333333, 'test_accuracy': 0.9494}}", "timing": 478}, "pdm_KL_reg 0.005": {"Best Result": {"Best Sigma0": 10, "Best sigma": 0.5, "Best gamma": 10, "Best Test accuracy": 0.9437, "Train acc": 0.9471}, "PDM log": "{(10, 0.5, 10): {'shapes': [(784, 700), (700,), (700, 127), (127,), (127, 10), (10,)], 'train_accuracy': 0.9471, 'test_accuracy': 0.9437}}", "timing": 623}, "pdm_KL_reg 0.01": {"Best Result": {"Best Sigma0": 10, "Best sigma": 0.5, "Best gamma": 10, "Best Test accuracy": 0.9476, "Train acc": 0.9507833333333333}, "PDM log": "{(10, 0.5, 10): {'shapes': [(784, 700), (700,), (700, 127), (127,), (127, 10), (10,)], 'train_accuracy': 0.9507833333333333, 'test_accuracy': 0.9476}}", "timing": 598}, "pdm_KL_reg 0.05": {"Best Result": {"Best Sigma0": 10, "Best sigma": 0.5, "Best gamma": 10, "Best Test accuracy": 0.9484, "Train acc": 0.9518}, "PDM log": "{(10, 0.5, 10): {'shapes': [(784, 700), (700,), (700, 127), (127,), (127, 10), (10,)], 'train_accuracy': 0.9518, 'test_accuracy': 0.9484}}", "timing": 617}, "pdm_KL_reg 0.1": {"Best Result": {"Best Sigma0": 10, "Best sigma": 0.5, "Best gamma": 10, "Best Test accuracy": 0.9481, "Train acc": 0.9533333333333334}, "PDM log": "{(10, 0.5, 10): {'shapes': [(784, 700), (700,), (700, 127), (127,), (127, 10), (10,)], 'train_accuracy': 0.9533333333333334, 'test_accuracy': 0.9481}}", "timing": 663}, "pdm_KL_reg 0.5": {"Best Result": {"Best Sigma0": 10, "Best sigma": 0.5, "Best gamma": 10, "Best Test accuracy": 0.9491, "Train acc": 0.9498}, "PDM log": "{(10, 0.5, 10): {'shapes': [(784, 700), (700,), (700, 127), (127,), (127, 10), (10,)], 'train_accuracy': 0.9498, 'test_accuracy': 0.9491}}", "timing": 531}, "pdm_KL_reg 1": {"Best Result": {"Best Sigma0": 10, "Best sigma": 0.5, "Best gamma": 10, "Best Test accuracy": 0.9418, "Train acc": 0.9449833333333333}, "PDM log": "{(10, 0.5, 10): {'shapes': [(784, 649), (649,), (649, 127), (127,), (127, 10), (10,)], 'train_accuracy': 0.9449833333333333, 'test_accuracy': 0.9418}}", "timing": 489}, "pdm_KL_reg 2": {"Best Result": {"Best Sigma0": 10, "Best sigma": 0.5, "Best gamma": 10, "Best Test accuracy": 0.0974, "Train acc": 0.09751666666666667}, "PDM log": "{(10, 0.5, 10): {'shapes': [(784, 100), (100,), (100, 118), (118,), (118, 10), (10,)], 'train_accuracy': 0.09751666666666667, 'test_accuracy': 0.0974}}", "timing": 90}, "pdm_KL_reg 5": {"Best Result": {"Best Sigma0": 10, "Best sigma": 0.5, "Best gamma": 10, "Best Test accuracy": 0.0974, "Train acc": 0.09751666666666667}, "PDM log": "{(10, 0.5, 10): {'shapes': [(784, 100), (100,), (100, 109), (109,), (109, 10), (10,)], 'train_accuracy': 0.09751666666666667, 'test_accuracy': 0.0974}}", "timing": 78}, "pdm_KL_reg 10": {"Best Result": {"Best Sigma0": 10, "Best sigma": 0.5, "Best gamma": 10, "Best Test accuracy": 0.0974, "Train acc": 0.09751666666666667}, "PDM log": "{(10, 0.5, 10): {'shapes': [(784, 100), (100,), (100, 109), (109,), (109, 10), (10,)], 'train_accuracy': 0.09751666666666667, 'test_accuracy': 0.0974}}", "timing": 78}, "best_reg": 0}