{"seed": 2, "Data statistics": "{0: {0: 613, 1: 691, 2: 569, 3: 611, 4: 600, 5: 562, 6: 585, 7: 610, 8: 590, 9: 569}, 1: {0: 570, 1: 663, 2: 625, 3: 641, 4: 617, 5: 521, 6: 584, 7: 610, 8: 576, 9: 593}, 2: {0: 595, 1: 669, 2: 620, 3: 637, 4: 572, 5: 563, 6: 606, 7: 618, 8: 547, 9: 573}, 3: {0: 572, 1: 675, 2: 577, 3: 575, 4: 587, 5: 546, 6: 611, 7: 637, 8: 606, 9: 614}, 4: {0: 569, 1: 623, 2: 612, 3: 646, 4: 593, 5: 550, 6: 617, 7: 608, 8: 584, 9: 598}, 5: {0: 587, 1: 695, 2: 601, 3: 613, 4: 563, 5: 546, 6: 576, 7: 657, 8: 593, 9: 569}, 6: {0: 618, 1: 690, 2: 608, 3: 559, 4: 573, 5: 541, 6: 572, 7: 633, 8: 590, 9: 616}, 7: {0: 611, 1: 691, 2: 579, 3: 637, 4: 587, 5: 530, 6: 551, 7: 660, 8: 555, 9: 599}, 8: {0: 640, 1: 672, 2: 587, 3: 574, 4: 581, 5: 525, 6: 595, 7: 632, 8: 580, 9: 614}, 9: {0: 548, 1: 673, 2: 580, 3: 638, 4: 569, 5: 537, 6: 621, 7: 600, 8: 630, 9: 604}}", "loading time": 43, "local_train_accs": [0.9905, 0.9791666666666666, 0.9931666666666666, 0.9843333333333333, 0.9661666666666666, 0.971, 0.989, 0.982, 0.9885, 0.9801666666666666], "local_test_accs": [0.941, 0.9321, 0.9482, 0.935, 0.9175, 0.9286, 0.942, 0.9375, 0.9403, 0.9365], "Uniform ensemble (Train acc)": 0.96815, "Uniform ensemble (Test acc)": 0.9653, "FedAvg (Train acc)": 0.09751666666666667, "FedAvg (Test acc)": 0.0974, "pdm_KL_reg 0": {"Best Result": {"Best Sigma0": 10, "Best sigma": 0.5, "Best gamma": 10, "Best Test accuracy": 0.949, "Train acc": 0.95315}, "PDM log": "{(10, 0.5, 10): {'shapes': [(784, 700), (700,), (700, 127), (127,), (127, 10), (10,)], 'train_accuracy': 0.95315, 'test_accuracy': 0.949}}", "timing": 379}, "pdm_KL_reg 0.001": {"Best Result": {"Best Sigma0": 10, "Best sigma": 0.5, "Best gamma": 10, "Best Test accuracy": 0.9461, "Train acc": 0.9492333333333334}, "PDM log": "{(10, 0.5, 10): {'shapes': [(784, 700), (700,), (700, 127), (127,), (127, 10), (10,)], 'train_accuracy': 0.9492333333333334, 'test_accuracy': 0.9461}}", "timing": 539}, "pdm_KL_reg 0.005": {"Best Result": {"Best Sigma0": 10, "Best sigma": 0.5, "Best gamma": 10, "Best Test accuracy": 0.9464, "Train acc": 0.9507333333333333}, "PDM log": "{(10, 0.5, 10): {'shapes': [(784, 700), (700,), (700, 127), (127,), (127, 10), (10,)], 'train_accuracy': 0.9507333333333333, 'test_accuracy': 0.9464}}", "timing": 662}, "pdm_KL_reg 0.01": {"Best Result": {"Best Sigma0": 10, "Best sigma": 0.5, "Best gamma": 10, "Best Test accuracy": 0.9529, "Train acc": 0.9548333333333333}, "PDM log": "{(10, 0.5, 10): {'shapes': [(784, 700), (700,), (700, 127), (127,), (127, 10), (10,)], 'train_accuracy': 0.9548333333333333, 'test_accuracy': 0.9529}}", "timing": 520}, "pdm_KL_reg 0.05": {"Best Result": {"Best Sigma0": 10, "Best sigma": 0.5, "Best gamma": 10, "Best Test accuracy": 0.9537, "Train acc": 0.95615}, "PDM log": "{(10, 0.5, 10): {'shapes': [(784, 700), (700,), (700, 127), (127,), (127, 10), (10,)], 'train_accuracy': 0.95615, 'test_accuracy': 0.9537}}", "timing": 663}, "pdm_KL_reg 0.1": {"Best Result": {"Best Sigma0": 10, "Best sigma": 0.5, "Best gamma": 10, "Best Test accuracy": 0.9498, "Train acc": 0.9537833333333333}, "PDM log": "{(10, 0.5, 10): {'shapes': [(784, 700), (700,), (700, 127), (127,), (127, 10), (10,)], 'train_accuracy': 0.9537833333333333, 'test_accuracy': 0.9498}}", "timing": 410}, "pdm_KL_reg 0.5": {"Best Result": {"Best Sigma0": 10, "Best sigma": 0.5, "Best gamma": 10, "Best Test accuracy": 0.951, "Train acc": 0.9551666666666667}, "PDM log": "{(10, 0.5, 10): {'shapes': [(784, 700), (700,), (700, 127), (127,), (127, 10), (10,)], 'train_accuracy': 0.9551666666666667, 'test_accuracy': 0.951}}", "timing": 591}, "pdm_KL_reg 1": {"Best Result": {"Best Sigma0": 10, "Best sigma": 0.5, "Best gamma": 10, "Best Test accuracy": 0.9458, "Train acc": 0.95015}, "PDM log": "{(10, 0.5, 10): {'shapes': [(784, 622), (622,), (622, 127), (127,), (127, 10), (10,)], 'train_accuracy': 0.95015, 'test_accuracy': 0.9458}}", "timing": 432}, "pdm_KL_reg 2": {"Best Result": {"Best Sigma0": 10, "Best sigma": 0.5, "Best gamma": 10, "Best Test accuracy": 0.0974, "Train acc": 0.09751666666666667}, "PDM log": "{(10, 0.5, 10): {'shapes': [(784, 100), (100,), (100, 118), (118,), (118, 10), (10,)], 'train_accuracy': 0.09751666666666667, 'test_accuracy': 0.0974}}", "timing": 139}, "pdm_KL_reg 5": {"Best Result": {"Best Sigma0": 10, "Best sigma": 0.5, "Best gamma": 10, "Best Test accuracy": 0.0974, "Train acc": 0.09751666666666667}, "PDM log": "{(10, 0.5, 10): {'shapes': [(784, 100), (100,), (100, 118), (118,), (118, 10), (10,)], 'train_accuracy': 0.09751666666666667, 'test_accuracy': 0.0974}}", "timing": 156}, "pdm_KL_reg 10": {"Best Result": {"Best Sigma0": 10, "Best sigma": 0.5, "Best gamma": 10, "Best Test accuracy": 0.0974, "Train acc": 0.09751666666666667}, "PDM log": "{(10, 0.5, 10): {'shapes': [(784, 100), (100,), (100, 109), (109,), (109, 10), (10,)], 'train_accuracy': 0.09751666666666667, 'test_accuracy': 0.0974}}", "timing": 196}, "best_reg": 0.05}