{"seed": 9, "Data statistics": "{0: {0: 320, 1: 314, 2: 328, 3: 343, 4: 345, 5: 345, 6: 324, 7: 337, 8: 335, 9: 343}, 1: {0: 332, 1: 345, 2: 333, 3: 312, 4: 333, 5: 345, 6: 338, 7: 314, 8: 338, 9: 344}, 2: {0: 351, 1: 325, 2: 342, 3: 322, 4: 334, 5: 299, 6: 340, 7: 337, 8: 339, 9: 345}, 3: {0: 371, 1: 317, 2: 336, 3: 334, 4: 318, 5: 333, 6: 337, 7: 345, 8: 310, 9: 333}, 4: {0: 317, 1: 340, 2: 357, 3: 331, 4: 327, 5: 337, 6: 341, 7: 314, 8: 370, 9: 300}, 5: {0: 330, 1: 321, 2: 344, 3: 310, 4: 326, 5: 332, 6: 343, 7: 359, 8: 314, 9: 354}, 6: {0: 339, 1: 344, 2: 346, 3: 342, 4: 348, 5: 318, 6: 336, 7: 333, 8: 318, 9: 309}, 7: {0: 330, 1: 345, 2: 336, 3: 331, 4: 361, 5: 327, 6: 309, 7: 335, 8: 312, 9: 347}, 8: {0: 336, 1: 343, 2: 330, 3: 300, 4: 362, 5: 356, 6: 345, 7: 306, 8: 319, 9: 336}, 9: {0: 289, 1: 387, 2: 310, 3: 352, 4: 325, 5: 350, 6: 342, 7: 328, 8: 337, 9: 313}, 10: {0: 342, 1: 321, 2: 325, 3: 364, 4: 328, 5: 313, 6: 307, 7: 364, 8: 353, 9: 316}, 11: {0: 332, 1: 320, 2: 337, 3: 335, 4: 323, 5: 326, 6: 349, 7: 323, 8: 344, 9: 344}, 12: {0: 322, 1: 325, 2: 312, 3: 362, 4: 309, 5: 348, 6: 311, 7: 362, 8: 341, 9: 341}, 13: {0: 368, 1: 324, 2: 330, 3: 331, 4: 323, 5: 318, 6: 341, 7: 323, 8: 332, 9: 343}, 14: {0: 321, 1: 329, 2: 334, 3: 331, 4: 338, 5: 353, 6: 337, 7: 320, 8: 338, 9: 332}}", "comm 0": {"training timing": 556, "local_train_accs": [0.4292141571685663, 0.44841031793641273, 0.44631073785242953, 0.44421115776844633, 0.4502099580083983, 0.44884488448844884, 0.4464446444644464, 0.45184518451845185, 0.45454545454545453, 0.45304530453045305, 0.42934293429342935, 0.45034503450345037, 0.41914191419141916, 0.42064206420642064, 0.44704470447044703], "local_test_accs": [0.4292141571685663, 0.44841031793641273, 0.44631073785242953, 0.44421115776844633, 0.4502099580083983, 0.44884488448844884, 0.4464446444644464, 0.45184518451845185, 0.45454545454545453, 0.45304530453045305, 0.42934293429342935, 0.45034503450345037, 0.41914191419141916, 0.42064206420642064, 0.44704470447044703], "Uniform ensemble (Train acc)": 0.41602, "Uniform ensemble (Test acc)": 0.4166, "FedAvg (Train acc)": 0.10246, "FedAvg (Test acc)": 0.1017, "pdm_KL (Train acc)": 0.1, "pdm_KL (Test acc)": 0.1}, "comm 1": {"training timing": 576, "local_train_accs": [0.4943011397720456, 0.4958008398320336, 0.52999400119976, 0.5173965206958608, 0.49400119976004797, 0.5061506150615062, 0.49834983498349833, 0.5154515451545154, 0.5193519351935193, 0.5070507050705071, 0.48424842484248426, 0.48754875487548754, 0.5016501650165016, 0.49264926492649264, 0.4671467146714671], "local_test_accs": [0.4943011397720456, 0.4958008398320336, 0.52999400119976, 0.5173965206958608, 0.49400119976004797, 0.5061506150615062, 0.49834983498349833, 0.5154515451545154, 0.5193519351935193, 0.5070507050705071, 0.48424842484248426, 0.48754875487548754, 0.5016501650165016, 0.49264926492649264, 0.4671467146714671], "Uniform ensemble (Train acc)": 0.44252, "Uniform ensemble (Test acc)": 0.4383, "FedAvg (Train acc)": 0.09998, "FedAvg (Test acc)": 0.0997, "pdm_KL (Train acc)": 0.1, "pdm_KL (Test acc)": 0.1}, "comm 2": {"training timing": 737, "local_train_accs": [0.55248950209958, 0.5599880023995201, 0.5731853629274145, 0.5443911217756449, 0.5371925614877024, 0.558055805580558, 0.564956495649565, 0.5379537953795379, 0.5487548754875488, 0.5391539153915391, 0.5487548754875488, 0.5556555655565557, 0.5538553855385538, 0.5436543654365437, 0.5577557755775577], "local_test_accs": [0.55248950209958, 0.5599880023995201, 0.5731853629274145, 0.5443911217756449, 0.5371925614877024, 0.558055805580558, 0.564956495649565, 0.5379537953795379, 0.5487548754875488, 0.5391539153915391, 0.5487548754875488, 0.5556555655565557, 0.5538553855385538, 0.5436543654365437, 0.5577557755775577], "Uniform ensemble (Train acc)": 0.46102, "Uniform ensemble (Test acc)": 0.447, "FedAvg (Train acc)": 0.1004, "FedAvg (Test acc)": 0.1002, "pdm_KL (Train acc)": 0.1524, "pdm_KL (Test acc)": 0.1527}, "comm 3": {"training timing": 619, "local_train_accs": [0.6043791241751649, 0.5674865026994601, 0.629874025194961, 0.5920815836832634, 0.5704859028194361, 0.6165616561656165, 0.5802580258025802, 0.6096609660966097, 0.6078607860786078, 0.5928592859285928, 0.5916591659165916, 0.5694569456945695, 0.6096609660966097, 0.5865586558655865, 0.6072607260726073], "local_test_accs": [0.6043791241751649, 0.5674865026994601, 0.629874025194961, 0.5920815836832634, 0.5704859028194361, 0.6165616561656165, 0.5802580258025802, 0.6096609660966097, 0.6078607860786078, 0.5928592859285928, 0.5916591659165916, 0.5694569456945695, 0.6096609660966097, 0.5865586558655865, 0.6072607260726073], "Uniform ensemble (Train acc)": 0.47386, "Uniform ensemble (Test acc)": 0.4581, "FedAvg (Train acc)": 0.09954, "FedAvg (Test acc)": 0.0992, "pdm_KL (Train acc)": 0.11394, "pdm_KL (Test acc)": 0.1147}, "comm 4": {"training timing": 326, "local_train_accs": [0.6385722855428915, 0.6217756448710258, 0.676364727054589, 0.6439712057588483, 0.6130773845230953, 0.6324632463246325, 0.6306630663066307, 0.624062406240624, 0.6450645064506451, 0.6474647464746475, 0.6468646864686468, 0.6333633363336334, 0.6417641764176417, 0.6246624662466247, 0.6300630063006301], "local_test_accs": [0.6385722855428915, 0.6217756448710258, 0.676364727054589, 0.6439712057588483, 0.6130773845230953, 0.6324632463246325, 0.6306630663066307, 0.624062406240624, 0.6450645064506451, 0.6474647464746475, 0.6468646864686468, 0.6333633363336334, 0.6417641764176417, 0.6246624662466247, 0.6300630063006301], "Uniform ensemble (Train acc)": 0.48356, "Uniform ensemble (Test acc)": 0.4672, "FedAvg (Train acc)": 0.09984, "FedAvg (Test acc)": 0.0994, "pdm_KL (Train acc)": 0.11094, "pdm_KL (Test acc)": 0.1105}, "comm 5": {"training timing": 629, "local_train_accs": [0.6754649070185963, 0.6580683863227355, 0.70875824835033, 0.7093581283743251, 0.6886622675464907, 0.6735673567356736, 0.6972697269726973, 0.6810681068106811, 0.6873687368736874, 0.6798679867986799, 0.6855685568556855, 0.6720672067206721, 0.6711671167116712, 0.6444644464446445, 0.684068406840684], "local_test_accs": [0.6754649070185963, 0.6580683863227355, 0.70875824835033, 0.7093581283743251, 0.6886622675464907, 0.6735673567356736, 0.6972697269726973, 0.6810681068106811, 0.6873687368736874, 0.6798679867986799, 0.6855685568556855, 0.6720672067206721, 0.6711671167116712, 0.6444644464446445, 0.684068406840684], "Uniform ensemble (Train acc)": 0.49582, "Uniform ensemble (Test acc)": 0.4739, "FedAvg (Train acc)": 0.10028, "FedAvg (Test acc)": 0.0999, "pdm_KL (Train acc)": 0.1122, "pdm_KL (Test acc)": 0.1113}, "comm 6": {"training timing": 586, "local_train_accs": [0.6931613677264548, 0.7180563887222555, 0.7270545890821836, 0.7063587282543491, 0.7075584883023396, 0.7224722472247225, 0.735973597359736, 0.7098709870987099, 0.7227722772277227, 0.7314731473147315, 0.7272727272727273, 0.7212721272127213, 0.7179717971797179, 0.6492649264926492, 0.7083708370837084], "local_test_accs": [0.6931613677264548, 0.7180563887222555, 0.7270545890821836, 0.7063587282543491, 0.7075584883023396, 0.7224722472247225, 0.735973597359736, 0.7098709870987099, 0.7227722772277227, 0.7314731473147315, 0.7272727272727273, 0.7212721272127213, 0.7179717971797179, 0.6492649264926492, 0.7083708370837084], "Uniform ensemble (Train acc)": 0.50568, "Uniform ensemble (Test acc)": 0.4774, "FedAvg (Train acc)": 0.10014, "FedAvg (Test acc)": 0.1002, "pdm_KL (Train acc)": 0.11522, "pdm_KL (Test acc)": 0.1157}, "comm 7": {"training timing": 397, "local_train_accs": [0.7549490101979605, 0.6988602279544092, 0.7456508698260348, 0.7675464907018597, 0.7228554289142172, 0.7536753675367537, 0.7536753675367537, 0.7410741074107411, 0.6966696669666966, 0.7467746774677467, 0.7326732673267327, 0.741974197419742, 0.7584758475847585, 0.7263726372637264, 0.7410741074107411],