{"seed": 8, "Data statistics": "{0: {0: 378, 1: 2, 2: 448, 3: 87, 4: 480, 5: 21, 6: 442, 7: 56, 8: 1050, 9: 444}, 1: {0: 297, 1: 168, 2: 678, 3: 75, 4: 167, 5: 41, 6: 16, 7: 1757, 8: 1985}, 2: {0: 232, 1: 1211, 2: 80, 3: 846, 4: 560, 5: 20, 6: 960, 7: 239}, 3: {0: 286, 1: 76, 2: 153, 3: 751, 4: 611, 5: 971, 6: 130, 7: 23, 8: 10, 9: 270}, 4: {0: 126, 1: 207, 2: 53, 3: 141, 4: 1170, 5: 220, 6: 17, 7: 423, 9: 169}, 5: {0: 361, 1: 176, 2: 156, 3: 17, 4: 1117, 5: 222, 6: 1837, 7: 2, 8: 176}, 6: {0: 1669, 1: 90, 2: 504, 3: 13, 4: 421, 5: 30, 6: 41, 8: 28, 9: 34}, 7: {0: 53, 1: 1944, 2: 145, 3: 1905}, 8: {0: 310, 1: 111, 2: 9, 3: 202, 4: 251, 5: 260, 6: 515, 7: 1548, 8: 1962}, 9: {0: 97, 1: 123, 2: 43, 3: 82, 4: 120, 5: 433, 6: 6, 7: 318, 8: 393, 9: 219}, 10: {0: 119, 1: 175, 2: 2037, 3: 884, 4: 245, 5: 230, 6: 311}, 11: {0: 532, 1: 551, 2: 728, 3: 6, 4: 84, 5: 5, 6: 1118, 7: 1686}, 12: {0: 94, 1: 1090, 2: 231, 3: 1056, 4: 552, 5: 2052}, 13: {0: 853, 1: 776, 2: 322, 3: 4, 4: 47, 5: 480, 6: 149, 7: 87, 8: 233, 9: 209}, 14: {0: 516, 1: 42, 2: 371, 3: 62, 4: 17, 5: 436, 6: 376, 7: 126, 8: 14, 9: 4604}}", "comm 0": {"training timing": 270, "local_train_accs": [0.9985328638497653, 0.9996141975308642, 1.0, 0.9996952148735142, 1.0, 1.0, 1.0, 1.0, 0.9990325077399381, 0.9972737186477645, 0.9997500624843789, 1.0, 1.0, 0.9996835443037975, 0.9998476538695917], "local_test_accs": [0.9985328638497653, 0.9996141975308642, 1.0, 0.9996952148735142, 1.0, 1.0, 1.0, 1.0, 0.9990325077399381, 0.9972737186477645, 0.9997500624843789, 1.0, 1.0, 0.9996835443037975, 0.9998476538695917], "Uniform ensemble (Train acc)": 0.9263333333333333, "Uniform ensemble (Test acc)": 0.923, "FedAvg (Train acc)": 0.0993, "FedAvg (Test acc)": 0.1032, "pdm_KL (Train acc)": 0.10441666666666667, "pdm_KL (Test acc)": 0.1028}, "comm 1": {"training timing": 348, "local_train_accs": [1.0, 1.0, 1.0, 1.0, 1.0, 1.0, 1.0, 1.0, 1.0, 1.0, 1.0, 1.0, 1.0, 1.0, 1.0], "local_test_accs": [1.0, 1.0, 1.0, 1.0, 1.0, 1.0, 1.0, 1.0, 1.0, 1.0, 1.0, 1.0, 1.0, 1.0, 1.0], "Uniform ensemble (Train acc)": 0.9299, "Uniform ensemble (Test acc)": 0.9271, "FedAvg (Train acc)": 0.0993, "FedAvg (Test acc)": 0.1032, "pdm_KL (Train acc)": 0.10438333333333333, "pdm_KL (Test acc)": 0.1028}, "comm 2": {"training timing": 358, "local_train_accs": [1.0, 1.0, 1.0, 1.0, 1.0, 1.0, 1.0, 1.0, 1.0, 1.0, 1.0, 1.0, 1.0, 1.0, 1.0], "local_test_accs": [1.0, 1.0, 1.0, 1.0, 1.0, 1.0, 1.0, 1.0, 1.0, 1.0, 1.0, 1.0, 1.0, 1.0, 1.0], "Uniform ensemble (Train acc)": 0.9346333333333333, "Uniform ensemble (Test acc)": 0.9309, "FedAvg (Train acc)": 0.0993, "FedAvg (Test acc)": 0.1032, "pdm_KL (Train acc)": 0.13108333333333333, "pdm_KL (Test acc)": 0.1325}, "comm 3": {"training timing": 359, "local_train_accs": [1.0, 1.0, 1.0, 0.9954282231027126, 1.0, 1.0, 1.0, 1.0, 1.0, 1.0, 1.0, 1.0, 1.0, 1.0, 1.0], "local_test_accs": [1.0, 1.0, 1.0, 0.9954282231027126, 1.0, 1.0, 1.0, 1.0, 1.0, 1.0, 1.0, 1.0, 1.0, 1.0, 1.0], "Uniform ensemble (Train acc)": 0.9300666666666667, "Uniform ensemble (Test acc)": 0.9299, "FedAvg (Train acc)": 0.0993, "FedAvg (Test acc)": 0.1032, "pdm_KL (Train acc)": 0.1534, "pdm_KL (Test acc)": 0.1568}, "comm 4": {"training timing": 380, "local_train_accs": [1.0, 1.0, 1.0, 1.0, 1.0, 1.0, 1.0, 1.0, 1.0, 1.0, 1.0, 1.0, 1.0, 1.0, 1.0], "local_test_accs": [1.0, 1.0, 1.0, 1.0, 1.0, 1.0, 1.0, 1.0, 1.0, 1.0, 1.0, 1.0, 1.0, 1.0, 1.0], "Uniform ensemble (Train acc)": 0.9321333333333334, "Uniform ensemble (Test acc)": 0.93, "FedAvg (Train acc)": 0.0993, "FedAvg (Test acc)": 0.1032, "pdm_KL (Train acc)": 0.15905, "pdm_KL (Test acc)": 0.1583}, "comm 5": {"training timing": 337, "local_train_accs": [1.0, 1.0, 1.0, 1.0, 1.0, 1.0, 1.0, 1.0, 1.0, 1.0, 1.0, 1.0, 1.0, 0.9993670886075949, 1.0], "local_test_accs": [1.0, 1.0, 1.0, 1.0, 1.0, 1.0, 1.0, 1.0, 1.0, 1.0, 1.0, 1.0, 1.0, 0.9993670886075949, 1.0], "Uniform ensemble (Train acc)": 0.92595, "Uniform ensemble (Test acc)": 0.9242, "FedAvg (Train acc)": 0.0993, "FedAvg (Test acc)": 0.1032, "pdm_KL (Train acc)": 0.19841666666666666, "pdm_KL (Test acc)": 0.1977}, "comm 6": {"training timing": 356, "local_train_accs": [1.0, 1.0, 1.0, 1.0, 1.0, 1.0, 1.0, 0.9975290338522362, 1.0, 1.0, 1.0, 1.0, 1.0, 1.0, 1.0], "local_test_accs": [1.0, 1.0, 1.0, 1.0, 1.0, 1.0, 1.0, 0.9975290338522362, 1.0, 1.0, 1.0, 1.0, 1.0, 1.0, 1.0], "Uniform ensemble (Train acc)": 0.9343333333333333, "Uniform ensemble (Test acc)": 0.9325, "FedAvg (Train acc)": 0.0993, "FedAvg (Test acc)": 0.1032, "pdm_KL (Train acc)": 0.19478333333333334, "pdm_KL (Test acc)": 0.1944}, "comm 7": {"training timing": 366, "local_train_accs": [1.0, 1.0, 1.0, 1.0, 1.0, 1.0, 1.0, 1.0, 1.0, 1.0, 1.0, 1.0, 1.0, 1.0, 1.0], "local_test_accs": [1.0, 1.0, 1.0, 1.0, 1.0, 1.0, 1.0, 1.0, 1.0, 1.0, 1.0, 1.0, 1.0, 1.0, 1.0], "Uniform ensemble (Train acc)": 0.9327166666666666, "Uniform ensemble (Test acc)": 0.9332, "FedAvg (Train acc)": 0.0993, "FedAvg (Test acc)": 0.1032, "pdm_KL (Train acc)": 0.17896666666666666, "pdm_KL (Test acc)": 0.1797}, "comm 8": {"training timing": 353, "local_train_accs": [1.0, 1.0, 1.0, 1.0, 1.0, 1.0, 1.0, 1.0, 1.0, 1.0, 1.0, 1.0, 1.0, 1.0, 1.0], "local_test_accs": [1.0, 1.0, 1.0, 1.0, 1.0, 1.0, 1.0, 1.0, 1.0, 1.0, 1.0, 1.0, 1.0, 1.0, 1.0], "Uniform ensemble (Train acc)": 0.9359666666666666, "Uniform ensemble (Test acc)": 0.9343, "FedAvg (Train acc)": 0.09936666666666667, "FedAvg (Test acc)": 0.1032, "pdm_KL (Train acc)": 0.17151666666666668, "pdm_KL (Test acc)": 0.1711}, "comm 9": {"training timing": 342, "local_train_accs": [1.0, 1.0, 1.0, 1.0, 1.0, 1.0, 1.0, 1.0, 1.0, 1.0, 1.0, 0.9980891719745223, 1.0, 1.0, 1.0], "local_test_accs": [1.0, 1.0, 1.0, 1.0, 1.0, 1.0, 1.0, 1.0, 1.0, 1.0, 1.0, 0.9980891719745223, 1.0, 1.0, 1.0], "Uniform ensemble (Train acc)": 0.9364833333333333, "Uniform ensemble (Test acc)": 0.9347, "FedAvg (Train acc)": 0.10098333333333333, "FedAvg (Test acc)": 0.105, "pdm_KL (Train acc)": 0.17451666666666665, "pdm_KL (Test acc)": 0.1734}, "comm 10": {"training timing": 327, "local_train_accs": [1.0, 1.0, 1.0, 1.0, 1.0, 1.0, 1.0, 1.0, 1.0, 1.0, 1.0, 1.0, 1.0, 1.0, 1.0], "local_test_accs": [1.0, 1.0, 1.0, 1.0, 1.0, 1.0, 1.0, 1.0, 1.0, 1.0, 1.0, 1.0, 1.0, 1.0, 1.0], "Uniform ensemble (Train acc)": 0.9319, "Uniform ensemble (Test acc)": 0.9328, "FedAvg (Train acc)": 0.1, "FedAvg (Test acc)": 0.1038, "pdm_KL (Train acc)": 0.17466666666666666, "pdm_KL (Test acc)": 0.1753}, "comm 11": {"training timing": 335, "local_train_accs": [1.0, 1.0, 0.9997589199614272, 1.0, 1.0, 1.0, 1.0, 1.0, 1.0, 1.0, 1.0, 0.9997876857749469, 1.0, 1.0, 1.0], "local_test_accs": [1.0, 1.0, 0.9997589199614272, 1.0, 1.0, 1.0, 1.0, 1.0, 1.0, 1.0, 1.0, 0.9997876857749469, 1.0, 1.0, 1.0], "Uniform ensemble (Train acc)": 0.93335, "Uniform ensemble (Test acc)": 0.9344, "FedAvg (Train acc)": 0.10158333333333333, "FedAvg (Test acc)": 0.1059, "pdm_KL (Train acc)": 0.1418, "pdm_KL (Test acc)": 0.1399}, "comm 12": {"training timing": 342, "local_train_accs": [0.9964788732394366, 1.0, 1.0, 1.0, 1.0, 1.0, 1.0, 1.0, 1.0, 1.0, 1.0, 0.9993630573248408, 1.0, 1.0, 1.0], "local_test_accs": [0.9964788732394366, 1.0, 1.0, 1.0, 1.0, 1.0, 1.0, 1.0, 1.0, 1.0, 1.0, 0.9993630573248408, 1.0, 1.0, 1.0], "Uniform ensemble (Train acc)": 0.9318, "Uniform ensemble (Test acc)": 0.932, "FedAvg (Train acc)": 0.09978333333333333, "FedAvg (Test acc)": 0.1037, "pdm_KL (Train acc)": 0.1865, "pdm_KL (Test acc)": 0.1893}, "comm 13": {"training timing": 348, "local_train_accs": [1.0, 1.0, 1.0, 1.0, 1.0, 0.9970472440944882, 1.0, 1.0, 1.0, 1.0, 1.0, 1.0, 1.0, 0.9993670886075949, 1.0], "local_test_accs": [1.0, 1.0, 1.0, 1.0, 1.0, 0.9970472440944882, 1.0, 1.0, 1.0, 1.0, 1.0, 1.0, 1.0, 0.9993670886075949, 1.0], "Uniform ensemble (Train acc)": 0.93485, "Uniform ensemble (Test acc)": 0.9353, "FedAvg (Train acc)": 0.10335, "FedAvg (Test acc)": 0.1081, "pdm_KL (Train acc)": 0.18646666666666667, "pdm_KL (Test acc)": 0.1871}, "comm 14": {"training timing": 321,