{"seed": 5, "Data statistics": "{0: {0: 307, 1: 115, 2: 873, 3: 475, 4: 401, 5: 96, 6: 836, 7: 8, 8: 219, 9: 106}, 1: {0: 633, 1: 40, 2: 50, 3: 145, 4: 148, 5: 39, 6: 970, 7: 2789}, 2: {0: 224, 1: 954, 2: 438, 3: 689, 4: 21, 5: 309, 6: 1011, 7: 16, 8: 482}, 3: {0: 3, 1: 58, 2: 24, 3: 55, 4: 437, 5: 44, 6: 1, 7: 840, 8: 221, 9: 227}, 4: {0: 4, 1: 31, 2: 140, 3: 113, 4: 100, 5: 291, 6: 572, 7: 580, 8: 816, 9: 342}, 5: {0: 15, 1: 177, 3: 67, 4: 912, 5: 45, 6: 625, 7: 72, 8: 314, 9: 265}, 6: {1: 992, 2: 111, 3: 967, 4: 46, 5: 1444, 6: 752}, 7: {0: 80, 1: 1761, 2: 1041, 3: 83, 4: 1219}, 8: {0: 136, 1: 1202, 2: 232, 3: 1013, 4: 439, 5: 14, 6: 7, 7: 425, 8: 271, 9: 1333}, 9: {0: 27, 1: 358, 2: 1816, 3: 282, 4: 249, 5: 296, 6: 27, 7: 5, 8: 2659}, 10: {0: 2072, 1: 152, 2: 6, 3: 138, 4: 3, 5: 809, 6: 227, 7: 288, 8: 94, 9: 288}, 11: {0: 4, 1: 441, 2: 237, 3: 264, 4: 1, 5: 1634, 6: 468, 7: 57, 8: 352, 9: 2813}, 12: {0: 1387, 1: 141, 2: 82, 3: 12, 5: 238, 6: 245, 7: 160, 8: 24, 9: 23}, 13: {0: 818, 1: 241, 2: 688, 3: 6, 4: 110, 5: 161, 6: 176, 7: 1025, 8: 398, 9: 552}, 14: {0: 213, 1: 79, 2: 220, 3: 1822, 4: 1756, 5: 1, 6: 1, 8: 1}}", "comm 0": {"training timing": 281, "local_train_accs": [1.0, 1.0, 0.9992760617760618, 1.0, 1.0, 1.0, 1.0, 1.0, 1.0, 0.9996502885119776, 1.0, 1.0, 1.0, 1.0, 1.0], "local_test_accs": [1.0, 1.0, 0.9992760617760618, 1.0, 1.0, 1.0, 1.0, 1.0, 1.0, 0.9996502885119776, 1.0, 1.0, 1.0, 1.0, 1.0], "Uniform ensemble (Train acc)": 0.9559, "Uniform ensemble (Test acc)": 0.9542, "FedAvg (Train acc)": 0.23226666666666668, "FedAvg (Test acc)": 0.2398, "pdm_KL (Train acc)": 0.0993, "pdm_KL (Test acc)": 0.1032}, "comm 1": {"training timing": 400, "local_train_accs": [1.0, 1.0, 1.0, 1.0, 1.0, 1.0, 1.0, 1.0, 0.9911277602523659, 0.9996502885119776, 1.0, 0.9988837505979907, 1.0, 0.9997604790419161, 1.0], "local_test_accs": [1.0, 1.0, 1.0, 1.0, 1.0, 1.0, 1.0, 1.0, 0.9911277602523659, 0.9996502885119776, 1.0, 0.9988837505979907, 1.0, 0.9997604790419161, 1.0], "Uniform ensemble (Train acc)": 0.9590333333333333, "Uniform ensemble (Test acc)": 0.957, "FedAvg (Train acc)": 0.23753333333333335, "FedAvg (Test acc)": 0.2446, "pdm_KL (Train acc)": 0.09736666666666667, "pdm_KL (Test acc)": 0.0982}, "comm 2": {"training timing": 381, "local_train_accs": [1.0, 1.0, 0.9997586872586872, 1.0, 0.9963198394111743, 1.0, 0.9997680890538033, 1.0, 1.0, 0.9987760097919217, 1.0, 0.99569446659225, 1.0, 1.0, 1.0], "local_test_accs": [1.0, 1.0, 0.9997586872586872, 1.0, 0.9963198394111743, 1.0, 0.9997680890538033, 1.0, 1.0, 0.9987760097919217, 1.0, 0.99569446659225, 1.0, 1.0, 1.0], "Uniform ensemble (Train acc)": 0.95915, "Uniform ensemble (Test acc)": 0.9571, "FedAvg (Train acc)": 0.20155, "FedAvg (Test acc)": 0.2094, "pdm_KL (Train acc)": 0.0993, "pdm_KL (Test acc)": 0.1032}, "comm 3": {"training timing": 386, "local_train_accs": [0.9985448195576252, 0.9997922725384296, 1.0, 1.0, 1.0, 1.0, 1.0, 1.0, 1.0, 1.0, 1.0, 1.0, 0.9935121107266436, 1.0, 0.9995113608600049], "local_test_accs": [0.9985448195576252, 0.9997922725384296, 1.0, 1.0, 1.0, 1.0, 1.0, 1.0, 1.0, 1.0, 1.0, 1.0, 0.9935121107266436, 1.0, 0.9995113608600049], "Uniform ensemble (Train acc)": 0.9606333333333333, "Uniform ensemble (Test acc)": 0.9611, "FedAvg (Train acc)": 0.19595, "FedAvg (Test acc)": 0.198, "pdm_KL (Train acc)": 0.09871666666666666, "pdm_KL (Test acc)": 0.098}, "comm 4": {"training timing": 425, "local_train_accs": [0.9979627473806753, 1.0, 1.0, 1.0, 1.0, 0.9979935794542536, 1.0, 1.0, 0.9972397476340694, 0.9970274523518098, 0.9970566593083149, 1.0, 0.9974048442906575, 0.9968862275449102, 1.0], "local_test_accs": [0.9979627473806753, 1.0, 1.0, 1.0, 1.0, 0.9979935794542536, 1.0, 1.0, 0.9972397476340694, 0.9970274523518098, 0.9970566593083149, 1.0, 0.9974048442906575, 0.9968862275449102, 1.0], "Uniform ensemble (Train acc)": 0.9587333333333333, "Uniform ensemble (Test acc)": 0.9574, "FedAvg (Train acc)": 0.1096, "FedAvg (Test acc)": 0.109, "pdm_KL (Train acc)": 0.09871666666666666, "pdm_KL (Test acc)": 0.098}, "comm 5": {"training timing": 466, "local_train_accs": [0.9953434225844005, 1.0, 1.0, 1.0, 0.9996654399464704, 1.0, 1.0, 1.0, 0.9986198738170347, 0.9938800489596084, 1.0, 0.9995216073991389, 0.9995674740484429, 1.0, 1.0], "local_test_accs": [0.9953434225844005, 1.0, 1.0, 1.0, 0.9996654399464704, 1.0, 1.0, 1.0, 0.9986198738170347, 0.9938800489596084, 1.0, 0.9995216073991389, 0.9995674740484429, 1.0, 1.0], "Uniform ensemble (Train acc)": 0.9605333333333334, "Uniform ensemble (Test acc)": 0.9587, "FedAvg (Train acc)": 0.10945, "FedAvg (Test acc)": 0.1088, "pdm_KL (Train acc)": 0.0993, "pdm_KL (Test acc)": 0.1032}, "comm 6": {"training timing": 459, "local_train_accs": [0.9985448195576252, 0.9993768176152887, 1.0, 1.0, 1.0, 1.0, 0.9976808905380334, 1.0, 1.0, 0.9998251442559888, 1.0, 1.0, 1.0, 1.0, 1.0], "local_test_accs": [0.9985448195576252, 0.9993768176152887, 1.0, 1.0, 1.0, 1.0, 0.9976808905380334, 1.0, 1.0, 0.9998251442559888, 1.0, 1.0, 1.0, 1.0, 1.0], "Uniform ensemble (Train acc)": 0.9597166666666667, "Uniform ensemble (Test acc)": 0.9602, "FedAvg (Train acc)": 0.1524, "FedAvg (Test acc)": 0.1498, "pdm_KL (Train acc)": 0.0993, "pdm_KL (Test acc)": 0.1032}, "comm 7": {"training timing": 444, "local_train_accs": [1.0, 1.0, 0.9992760617760618, 1.0, 1.0, 0.9959871589085072, 0.9990723562152134, 1.0, 1.0, 1.0, 1.0, 0.9992026789985649, 1.0, 0.9997604790419161, 1.0], "local_test_accs": [1.0, 1.0, 0.9992760617760618, 1.0, 1.0, 0.9959871589085072, 0.9990723562152134, 1.0, 1.0, 1.0, 1.0, 0.9992026789985649, 1.0, 0.9997604790419161, 1.0], "Uniform ensemble (Train acc)": 0.9592, "Uniform ensemble (Test acc)": 0.9584, "FedAvg (Train acc)": 0.1649, "FedAvg (Test acc)": 0.1632, "pdm_KL (Train acc)": 0.0993, "pdm_KL (Test acc)": 0.1032}, "comm 8": {"training timing": 446, "local_train_accs": [1.0, 0.9995845450768591, 0.9985521235521235, 1.0, 0.9989963198394112, 0.9919743178170144, 0.9997680890538033, 1.0, 0.999211356466877, 1.0, 0.9997547216090262, 1.0, 1.0, 0.998562874251497, 1.0], "local_test_accs": [1.0, 0.9995845450768591, 0.9985521235521235, 1.0, 0.9989963198394112, 0.9919743178170144, 0.9997680890538033, 1.0, 0.999211356466877, 1.0, 0.9997547216090262, 1.0, 1.0, 0.998562874251497, 1.0], "Uniform ensemble (Train acc)": 0.9615, "Uniform ensemble (Test acc)": 0.961, "FedAvg (Train acc)": 0.17146666666666666, "FedAvg (Test acc)": 0.1701, "pdm_KL (Train acc)": 0.0993, "pdm_KL (Test acc)": 0.1032}, "comm 9": {"training timing": 463, "local_train_accs": [1.0, 1.0, 0.9987934362934363, 0.993193717277487, 0.9976580796252927, 0.9991974317817014, 0.9946660482374768, 1.0, 1.0, 1.0, 0.9995094432180525, 1.0, 1.0, 1.0, 1.0], "local_test_accs": [1.0, 1.0, 0.9987934362934363, 0.993193717277487, 0.9976580796252927, 0.9991974317817014, 0.9946660482374768, 1.0, 1.0, 1.0, 0.9995094432180525, 1.0, 1.0, 1.0, 1.0], "Uniform ensemble (Train acc)": 0.95845, "Uniform ensemble (Test acc)": 0.9563, "FedAvg (Train acc)": 0.13715, "FedAvg (Test acc)": 0.1377, "pdm_KL (Train acc)": 0.09865, "pdm_KL (Test acc)": 0.0958}, "comm 10": {"training timing": 433, "local_train_accs": [0.9991268917345751, 0.9995845450768591, 1.0, 0.993193717277487, 1.0, 1.0, 1.0, 1.0, 0.9940851735015773, 0.9994754327679665, 1.0, 1.0, 1.0, 1.0, 1.0], "local_test_accs": [0.9991268917345751, 0.9995845450768591, 1.0, 0.993193717277487, 1.0, 1.0, 1.0, 1.0, 0.9940851735015773, 0.9994754327679665, 1.0, 1.0, 1.0, 1.0, 1.0], "Uniform ensemble (Train acc)": 0.9603833333333334, "Uniform ensemble (Test acc)": 0.9588, "FedAvg (Train acc)": 0.11041666666666666, "FedAvg (Test acc)": 0.1121, "pdm_KL (Train acc)": 0.09863333333333334, "pdm_KL (Test acc)": 0.0958}, "comm 11": {"training timing": 402, "local_train_accs": [0.9976717112922002, 1.0, 1.0, 1.0, 0.9943124790899966, 0.9987961476725522, 0.99652133580705, 1.0, 1.0, 0.9998251442559888, 0.9965661025263675, 1.0, 1.0, 1.0, 1.0],