{"seed": 7, "Data statistics": "{0: {0: 32, 1: 868, 2: 12, 3: 983, 4: 1346, 5: 131, 6: 713}, 1: {0: 104, 1: 70, 3: 466, 4: 133, 5: 356, 6: 21, 7: 117, 8: 24, 9: 3094}, 2: {0: 2939, 1: 2050}, 3: {0: 363, 1: 346, 2: 1496, 3: 62, 4: 528, 5: 39, 6: 199, 7: 185, 8: 1368}, 4: {0: 207, 1: 3, 2: 84, 3: 11, 4: 1416, 5: 120, 6: 4, 7: 68, 8: 1, 9: 1174}, 5: {0: 88, 1: 108, 2: 23, 3: 73, 4: 146, 5: 817, 6: 47, 7: 293, 8: 2502}, 6: {0: 515, 1: 655, 2: 345, 3: 56, 4: 941, 5: 10, 6: 1164, 7: 15, 8: 175, 9: 339}, 7: {0: 89, 1: 804, 2: 2322, 3: 456, 4: 385}, 8: {0: 84, 1: 1155, 2: 749, 3: 136, 5: 249, 6: 38, 7: 2430}, 9: {0: 432, 1: 44, 2: 549, 3: 151, 4: 17, 5: 181, 6: 1754, 7: 712, 8: 431}, 10: {0: 210, 1: 4, 2: 2, 3: 204, 4: 207, 5: 41, 6: 21, 7: 215, 8: 34, 9: 221}, 11: {0: 593, 1: 64, 2: 23, 3: 773, 4: 1, 5: 1163, 6: 6, 8: 175, 9: 922}, 12: {0: 17, 1: 294, 2: 348, 3: 233, 4: 199, 5: 19, 6: 1066, 7: 1335, 8: 1118}, 13: {1: 109, 2: 2, 3: 144, 4: 409, 5: 510, 6: 884, 7: 895, 8: 22, 9: 199}, 14: {0: 250, 1: 168, 2: 3, 3: 2383, 4: 114, 5: 1785, 6: 1, 8: 1}}", "comm 0": {"training timing": 276, "local_train_accs": [1.0, 0.9968072976054732, 1.0, 1.0, 1.0, 1.0, 1.0, 1.0, 1.0, 0.9997658627955982, 1.0, 1.0, 0.9997839706200043, 1.0, 1.0], "local_test_accs": [1.0, 0.9968072976054732, 1.0, 1.0, 1.0, 1.0, 1.0, 1.0, 1.0, 0.9997658627955982, 1.0, 1.0, 0.9997839706200043, 1.0, 1.0], "Uniform ensemble (Train acc)": 0.9258333333333333, "Uniform ensemble (Test acc)": 0.9246, "FedAvg (Train acc)": 0.11688333333333334, "FedAvg (Test acc)": 0.1151, "pdm_KL (Train acc)": 0.09035, "pdm_KL (Test acc)": 0.0892}, "comm 1": {"training timing": 360, "local_train_accs": [1.0, 1.0, 1.0, 1.0, 1.0, 1.0, 1.0, 1.0, 1.0, 1.0, 1.0, 1.0, 1.0, 1.0, 1.0], "local_test_accs": [1.0, 1.0, 1.0, 1.0, 1.0, 1.0, 1.0, 1.0, 1.0, 1.0, 1.0, 1.0, 1.0, 1.0, 1.0], "Uniform ensemble (Train acc)": 0.9296, "Uniform ensemble (Test acc)": 0.9272, "FedAvg (Train acc)": 0.18941666666666668, "FedAvg (Test acc)": 0.1903, "pdm_KL (Train acc)": 0.0993, "pdm_KL (Test acc)": 0.1032}, "comm 2": {"training timing": 390, "local_train_accs": [1.0, 1.0, 1.0, 1.0, 1.0, 1.0, 1.0, 1.0, 0.9993802933278249, 1.0, 1.0, 1.0, 1.0, 1.0, 1.0], "local_test_accs": [1.0, 1.0, 1.0, 1.0, 1.0, 1.0, 1.0, 1.0, 0.9993802933278249, 1.0, 1.0, 1.0, 1.0, 1.0, 1.0], "Uniform ensemble (Train acc)": 0.9291833333333334, "Uniform ensemble (Test acc)": 0.927, "FedAvg (Train acc)": 0.19976666666666668, "FedAvg (Test acc)": 0.1997, "pdm_KL (Train acc)": 0.09798333333333334, "pdm_KL (Test acc)": 0.0992}, "comm 3": {"training timing": 363, "local_train_accs": [1.0, 1.0, 1.0, 1.0, 0.9987046632124352, 1.0, 1.0, 1.0, 1.0, 1.0, 1.0, 1.0, 1.0, 1.0, 1.0], "local_test_accs": [1.0, 1.0, 1.0, 1.0, 0.9987046632124352, 1.0, 1.0, 1.0, 1.0, 1.0, 1.0, 1.0, 1.0, 1.0, 1.0], "Uniform ensemble (Train acc)": 0.9261333333333334, "Uniform ensemble (Test acc)": 0.9241, "FedAvg (Train acc)": 0.24135, "FedAvg (Test acc)": 0.2392, "pdm_KL (Train acc)": 0.09365, "pdm_KL (Test acc)": 0.093}, "comm 4": {"training timing": 369, "local_train_accs": [1.0, 1.0, 1.0, 1.0, 1.0, 1.0, 1.0, 1.0, 1.0, 0.9995317255911964, 1.0, 1.0, 0.9997839706200043, 1.0, 1.0], "local_test_accs": [1.0, 1.0, 1.0, 1.0, 1.0, 1.0, 1.0, 1.0, 1.0, 0.9995317255911964, 1.0, 1.0, 0.9997839706200043, 1.0, 1.0], "Uniform ensemble (Train acc)": 0.9237333333333333, "Uniform ensemble (Test acc)": 0.9205, "FedAvg (Train acc)": 0.20308333333333334, "FedAvg (Test acc)": 0.2018, "pdm_KL (Train acc)": 0.10466666666666667, "pdm_KL (Test acc)": 0.1035}, "comm 5": {"training timing": 362, "local_train_accs": [1.0, 1.0, 1.0, 1.0, 1.0, 1.0, 1.0, 1.0, 1.0, 1.0, 1.0, 1.0, 1.0, 1.0, 0.997874601487779], "local_test_accs": [1.0, 1.0, 1.0, 1.0, 1.0, 1.0, 1.0, 1.0, 1.0, 1.0, 1.0, 1.0, 1.0, 1.0, 0.997874601487779], "Uniform ensemble (Train acc)": 0.9238166666666666, "Uniform ensemble (Test acc)": 0.9209, "FedAvg (Train acc)": 0.23236666666666667, "FedAvg (Test acc)": 0.2334, "pdm_KL (Train acc)": 0.1025, "pdm_KL (Test acc)": 0.1018}, "comm 6": {"training timing": 359, "local_train_accs": [1.0, 1.0, 1.0, 1.0, 1.0, 1.0, 1.0, 1.0, 1.0, 1.0, 1.0, 1.0, 1.0, 1.0, 1.0], "local_test_accs": [1.0, 1.0, 1.0, 1.0, 1.0, 1.0, 1.0, 1.0, 1.0, 1.0, 1.0, 1.0, 1.0, 1.0, 1.0], "Uniform ensemble (Train acc)": 0.9278166666666666, "Uniform ensemble (Test acc)": 0.9253, "FedAvg (Train acc)": 0.18518333333333334, "FedAvg (Test acc)": 0.1879, "pdm_KL (Train acc)": 0.15018333333333334, "pdm_KL (Test acc)": 0.1502}, "comm 7": {"training timing": 350, "local_train_accs": [0.9987760097919217, 1.0, 1.0, 0.9993458351504579, 1.0, 1.0, 0.999288256227758, 0.9970414201183432, 0.9993802933278249, 1.0, 1.0, 0.999731182795699, 1.0, 1.0, 1.0], "local_test_accs": [0.9987760097919217, 1.0, 1.0, 0.9993458351504579, 1.0, 1.0, 0.999288256227758, 0.9970414201183432, 0.9993802933278249, 1.0, 1.0, 0.999731182795699, 1.0, 1.0, 1.0], "Uniform ensemble (Train acc)": 0.9292333333333334, "Uniform ensemble (Test acc)": 0.9251, "FedAvg (Train acc)": 0.1607, "FedAvg (Test acc)": 0.1604, "pdm_KL (Train acc)": 0.11563333333333334, "pdm_KL (Test acc)": 0.1149}, "comm 8": {"training timing": 360, "local_train_accs": [1.0, 1.0, 1.0, 1.0, 1.0, 0.9992677568952892, 1.0, 1.0, 0.9989671555463747, 1.0, 1.0, 1.0, 1.0, 1.0, 1.0], "local_test_accs": [1.0, 1.0, 1.0, 1.0, 1.0, 0.9992677568952892, 1.0, 1.0, 0.9989671555463747, 1.0, 1.0, 1.0, 1.0, 1.0, 1.0], "Uniform ensemble (Train acc)": 0.9306833333333333, "Uniform ensemble (Test acc)": 0.9291, "FedAvg (Train acc)": 0.13176666666666667, "FedAvg (Test acc)": 0.1263, "pdm_KL (Train acc)": 0.10035, "pdm_KL (Test acc)": 0.0999}, "comm 9": {"training timing": 358, "local_train_accs": [1.0, 0.9995438996579248, 1.0, 1.0, 1.0, 1.0, 0.9997627520759194, 1.0, 1.0, 0.9985951767735893, 1.0, 1.0, 1.0, 0.9993698802772527, 0.999787460148778], "local_test_accs": [1.0, 0.9995438996579248, 1.0, 1.0, 1.0, 1.0, 0.9997627520759194, 1.0, 1.0, 0.9985951767735893, 1.0, 1.0, 1.0, 0.9993698802772527, 0.999787460148778], "Uniform ensemble (Train acc)": 0.9256666666666666, "Uniform ensemble (Test acc)": 0.9243, "FedAvg (Train acc)": 0.15438333333333334, "FedAvg (Test acc)": 0.1536, "pdm_KL (Train acc)": 0.13351666666666667, "pdm_KL (Test acc)": 0.1334}, "comm 10": {"training timing": 381, "local_train_accs": [1.0, 1.0, 1.0, 1.0, 1.0, 0.9990236758603857, 1.0, 1.0, 1.0, 1.0, 1.0, 1.0, 1.0, 1.0, 1.0], "local_test_accs": [1.0, 1.0, 1.0, 1.0, 1.0, 0.9990236758603857, 1.0, 1.0, 1.0, 1.0, 1.0, 1.0, 1.0, 1.0, 1.0], "Uniform ensemble (Train acc)": 0.9320666666666667, "Uniform ensemble (Test acc)": 0.9295, "FedAvg (Train acc)": 0.14398333333333332, "FedAvg (Test acc)": 0.1412, "pdm_KL (Train acc)": 0.14225, "pdm_KL (Test acc)": 0.1426}, "comm 11": {"training timing": 359, "local_train_accs": [1.0, 1.0, 1.0, 1.0, 1.0, 0.9997559189650964, 0.998576512455516, 1.0, 1.0, 1.0, 1.0, 1.0, 0.9997839706200043, 1.0, 0.9995749202975558], "local_test_accs": [1.0, 1.0, 1.0, 1.0, 1.0, 0.9997559189650964, 0.998576512455516, 1.0, 1.0, 1.0, 1.0, 1.0, 0.9997839706200043, 1.0, 0.9995749202975558], "Uniform ensemble (Train acc)": 0.9302666666666667, "Uniform ensemble (Test acc)": 0.9295, "FedAvg (Train acc)": 0.13618333333333332, "FedAvg (Test acc)": 0.132, "pdm_KL (Train acc)": 0.17866666666666667, "pdm_KL (Test acc)": 0.1809}, "comm 12": {"training timing": 357, "local_train_accs": [1.0, 1.0, 1.0, 1.0, 1.0, 1.0, 1.0, 1.0, 1.0, 1.0, 1.0, 1.0, 1.0, 1.0, 1.0], "local_test_accs": [1.0, 1.0, 1.0, 1.0, 1.0, 1.0, 1.0, 1.0, 1.0, 1.0, 1.0, 1.0, 1.0, 1.0, 1.0], "Uniform ensemble (Train acc)": 0.93815, "Uniform ensemble (Test acc)": 0.9368, "FedAvg (Train acc)": 0.12845, "FedAvg (Test acc)": 0.123, "pdm_KL (Train acc)": 0.10458333333333333, "pdm_KL (Test acc)": 0.1048}, "comm 13": {"training timing": 349, "local_train_accs": [1.0, 0.998175598631699, 1.0, 1.0, 1.0, 1.0, 1.0, 1.0, 1.0, 0.9997658627955982, 1.0, 1.0, 1.0, 1.0, 1.0],