{"seed": 6, "Data statistics": "{0: {0: 1969, 1: 73, 2: 724, 3: 808, 4: 281, 5: 2, 6: 905, 7: 172, 8: 491, 9: 1202}, 1: {0: 2298, 1: 612, 2: 588, 3: 1362, 4: 39, 5: 100, 6: 367, 7: 1669}, 2: {0: 198, 1: 72, 2: 874, 3: 365, 4: 552, 5: 45, 6: 805, 7: 495, 8: 27, 9: 168}, 3: {0: 22, 1: 20, 2: 513, 3: 1968, 4: 932, 5: 99, 6: 6, 7: 2975}, 4: {0: 126, 1: 1063, 2: 1297, 3: 26, 4: 1, 5: 758, 6: 3057}, 5: {0: 1, 1: 3254, 2: 807, 3: 77, 4: 49, 5: 520, 6: 70, 7: 53, 8: 596, 9: 379}, 6: {0: 1020, 1: 102, 2: 155, 3: 556, 4: 32, 5: 195, 6: 336, 7: 452, 8: 1109, 9: 4199}, 7: {0: 55, 1: 127, 2: 74, 3: 365, 4: 41, 5: 86, 6: 214, 7: 114, 8: 1004, 9: 1}, 8: {0: 226, 1: 18, 2: 156, 3: 603, 4: 2813, 5: 495, 6: 158, 7: 335, 8: 2624}, 9: {0: 8, 1: 1401, 2: 770, 3: 1, 4: 1102, 5: 3121}}", "loading time": 20, "local_train_accs": [0.9846084200995926, 0.9951670220326937, 0.968064426548181, 0.9941851568477429, 0.9977876106194691, 0.99207716155701, 0.9809955860716038, 0.996155694377703, 0.9894991922455574, 0.9970326409495549], "local_test_accs": [0.8487, 0.7251, 0.8459, 0.6625, 0.5494, 0.791, 0.8819, 0.7903, 0.8064, 0.4293], "pdm_KL_reg 0": {"Best Result": {"Best Sigma0": 3, "Best sigma": 0.9, "Best gamma": 1, "Best Test accuracy": 0.7435, "Train acc": 0.7486333333333334}, "PDM log": "{(3, 0.9, 1): {'shapes': [(784, 670), (670,), (670, 100), (100,), (100, 10), (10,)], 'train_accuracy': 0.7486333333333334, 'test_accuracy': 0.7435}}", "timing": 274}, "pdm_KL_reg 0.001": {"Best Result": {"Best Sigma0": 3, "Best sigma": 0.9, "Best gamma": 1, "Best Test accuracy": 0.7452, "Train acc": 0.7453833333333333}, "PDM log": "{(3, 0.9, 1): {'shapes': [(784, 673), (673,), (673, 100), (100,), (100, 10), (10,)], 'train_accuracy': 0.7453833333333333, 'test_accuracy': 0.7452}}", "timing": 620}, "pdm_KL_reg 0.005": {"Best Result": {"Best Sigma0": 3, "Best sigma": 0.9, "Best gamma": 1, "Best Test accuracy": 0.7368, "Train acc": 0.7386333333333334}, "PDM log": "{(3, 0.9, 1): {'shapes': [(784, 673), (673,), (673, 100), (100,), (100, 10), (10,)], 'train_accuracy': 0.7386333333333334, 'test_accuracy': 0.7368}}", "timing": 636}, "pdm_KL_reg 0.01": {"Best Result": {"Best Sigma0": 3, "Best sigma": 0.9, "Best gamma": 1, "Best Test accuracy": 0.7798, "Train acc": 0.7829833333333334}, "PDM log": "{(3, 0.9, 1): {'shapes': [(784, 670), (670,), (670, 100), (100,), (100, 10), (10,)], 'train_accuracy': 0.7829833333333334, 'test_accuracy': 0.7798}}", "timing": 654}, "pdm_KL_reg 0.05": {"Best Result": {"Best Sigma0": 3, "Best sigma": 0.9, "Best gamma": 1, "Best Test accuracy": 0.7567, "Train acc": 0.7508166666666667}, "PDM log": "{(3, 0.9, 1): {'shapes': [(784, 669), (669,), (669, 100), (100,), (100, 10), (10,)], 'train_accuracy': 0.7508166666666667, 'test_accuracy': 0.7567}}", "timing": 651}, "pdm_KL_reg 0.1": {"Best Result": {"Best Sigma0": 3, "Best sigma": 0.9, "Best gamma": 1, "Best Test accuracy": 0.741, "Train acc": 0.7396333333333334}, "PDM log": "{(3, 0.9, 1): {'shapes': [(784, 664), (664,), (664, 100), (100,), (100, 10), (10,)], 'train_accuracy': 0.7396333333333334, 'test_accuracy': 0.741}}", "timing": 670}, "pdm_KL_reg 0.5": {"Best Result": {"Best Sigma0": 3, "Best sigma": 0.9, "Best gamma": 1, "Best Test accuracy": 0.7766, "Train acc": 0.77965}, "PDM log": "{(3, 0.9, 1): {'shapes': [(784, 627), (627,), (627, 100), (100,), (100, 10), (10,)], 'train_accuracy': 0.77965, 'test_accuracy': 0.7766}}", "timing": 580}, "pdm_KL_reg 1": {"Best Result": {"Best Sigma0": 3, "Best sigma": 0.9, "Best gamma": 1, "Best Test accuracy": 0.7495, "Train acc": 0.75135}, "PDM log": "{(3, 0.9, 1): {'shapes': [(784, 460), (460,), (460, 100), (100,), (100, 10), (10,)], 'train_accuracy': 0.75135, 'test_accuracy': 0.7495}}", "timing": 374}, "pdm_KL_reg 2": {"Best Result": {"Best Sigma0": 3, "Best sigma": 0.9, "Best gamma": 1, "Best Test accuracy": 0.0974, "Train acc": 0.09751666666666667}, "PDM log": "{(3, 0.9, 1): {'shapes': [(784, 100), (100,), (100, 100), (100,), (100, 10), (10,)], 'train_accuracy': 0.09751666666666667, 'test_accuracy': 0.0974}}", "timing": 45}, "pdm_KL_reg 5": {"Best Result": {"Best Sigma0": 3, "Best sigma": 0.9, "Best gamma": 1, "Best Test accuracy": 0.0974, "Train acc": 0.09751666666666667}, "PDM log": "{(3, 0.9, 1): {'shapes': [(784, 100), (100,), (100, 100), (100,), (100, 10), (10,)], 'train_accuracy': 0.09751666666666667, 'test_accuracy': 0.0974}}", "timing": 48}, "pdm_KL_reg 10": {"Best Result": {"Best Sigma0": 3, "Best sigma": 0.9, "Best gamma": 1, "Best Test accuracy": 0.0974, "Train acc": 0.09751666666666667}, "PDM log": "{(3, 0.9, 1): {'shapes': [(784, 100), (100,), (100, 100), (100,), (100, 10), (10,)], 'train_accuracy': 0.09751666666666667, 'test_accuracy': 0.0974}}", "timing": 49}, "best_reg": 0.01}