{"seed": 0, "Data statistics": "{0: {0: 602, 2: 796, 3: 948, 4: 477, 5: 120, 6: 546, 7: 191, 8: 143, 9: 1650}, 1: {0: 820, 1: 2411, 2: 2824}, 2: {0: 770, 1: 25, 2: 669, 3: 963, 4: 2734, 5: 28, 6: 7, 7: 16, 8: 602, 9: 663}, 3: {0: 237, 1: 923, 2: 396, 3: 273, 4: 609, 5: 240, 6: 468, 7: 150, 8: 2975}, 4: {0: 241, 1: 409, 2: 58, 3: 1175, 4: 425, 5: 64, 6: 88, 7: 55, 8: 100, 9: 670}, 5: {0: 103, 1: 356, 3: 10, 4: 474, 5: 29, 6: 2121, 7: 554, 8: 888, 9: 2934}, 6: {0: 1430, 1: 2487, 2: 58, 3: 266, 4: 650, 5: 551, 6: 128, 7: 2929}, 7: {0: 554, 1: 1, 2: 160, 3: 51, 5: 1511, 6: 2451, 7: 1609}, 8: {0: 234, 1: 100, 2: 867, 3: 1177, 4: 77, 5: 2396, 6: 92, 7: 646, 8: 1133}, 9: {0: 932, 1: 30, 2: 130, 3: 1268, 4: 396, 5: 482, 6: 17, 7: 115, 8: 10, 9: 32}}", "loading time": 20, "local_train_accs": [0.9788050429380596, 0.9995045417010735, 0.9881117801451289, 0.9859671503747409, 0.9722983257229832, 0.9930378899451064, 0.9942346158371573, 0.9966861290831623, 0.9818506396905683, 0.9818288393903869], "local_test_accs": [0.7955, 0.3125, 0.7703, 0.8203, 0.8392, 0.7597, 0.7351, 0.5462, 0.8177, 0.7927], "pdm_KL_reg 0": {"Best Result": {"Best Sigma0": 3, "Best sigma": 0.9, "Best gamma": 1, "Best Test accuracy": 0.8178, "Train acc": 0.8213666666666667}, "PDM log": "{(3, 0.9, 1): {'shapes': [(784, 658), (658,), (658, 100), (100,), (100, 10), (10,)], 'train_accuracy': 0.8213666666666667, 'test_accuracy': 0.8178}}", "timing": 156}, "pdm_KL_reg 0.001": {"Best Result": {"Best Sigma0": 3, "Best sigma": 0.9, "Best gamma": 1, "Best Test accuracy": 0.8243, "Train acc": 0.8283833333333334}, "PDM log": "{(3, 0.9, 1): {'shapes': [(784, 659), (659,), (659, 100), (100,), (100, 10), (10,)], 'train_accuracy': 0.8283833333333334, 'test_accuracy': 0.8243}}", "timing": 352}, "pdm_KL_reg 0.005": {"Best Result": {"Best Sigma0": 3, "Best sigma": 0.9, "Best gamma": 1, "Best Test accuracy": 0.8582, "Train acc": 0.86225}, "PDM log": "{(3, 0.9, 1): {'shapes': [(784, 658), (658,), (658, 100), (100,), (100, 10), (10,)], 'train_accuracy': 0.86225, 'test_accuracy': 0.8582}}", "timing": 654}, "pdm_KL_reg 0.01": {"Best Result": {"Best Sigma0": 3, "Best sigma": 0.9, "Best gamma": 1, "Best Test accuracy": 0.8526, "Train acc": 0.8553833333333334}, "PDM log": "{(3, 0.9, 1): {'shapes': [(784, 658), (658,), (658, 100), (100,), (100, 10), (10,)], 'train_accuracy': 0.8553833333333334, 'test_accuracy': 0.8526}}", "timing": 609}, "pdm_KL_reg 0.05": {"Best Result": {"Best Sigma0": 3, "Best sigma": 0.9, "Best gamma": 1, "Best Test accuracy": 0.8701, "Train acc": 0.8758}, "PDM log": "{(3, 0.9, 1): {'shapes': [(784, 654), (654,), (654, 100), (100,), (100, 10), (10,)], 'train_accuracy': 0.8758, 'test_accuracy': 0.8701}}", "timing": 685}, "pdm_KL_reg 0.1": {"Best Result": {"Best Sigma0": 3, "Best sigma": 0.9, "Best gamma": 1, "Best Test accuracy": 0.853, "Train acc": 0.86055}, "PDM log": "{(3, 0.9, 1): {'shapes': [(784, 650), (650,), (650, 100), (100,), (100, 10), (10,)], 'train_accuracy': 0.86055, 'test_accuracy': 0.853}}", "timing": 648}, "pdm_KL_reg 0.5": {"Best Result": {"Best Sigma0": 3, "Best sigma": 0.9, "Best gamma": 1, "Best Test accuracy": 0.8663, "Train acc": 0.8703}, "PDM log": "{(3, 0.9, 1): {'shapes': [(784, 603), (603,), (603, 100), (100,), (100, 10), (10,)], 'train_accuracy': 0.8703, 'test_accuracy': 0.8663}}", "timing": 565}, "pdm_KL_reg 1": {"Best Result": {"Best Sigma0": 3, "Best sigma": 0.9, "Best gamma": 1, "Best Test accuracy": 0.8392, "Train acc": 0.8422}, "PDM log": "{(3, 0.9, 1): {'shapes': [(784, 452), (452,), (452, 100), (100,), (100, 10), (10,)], 'train_accuracy': 0.8422, 'test_accuracy': 0.8392}}", "timing": 356}, "pdm_KL_reg 2": {"Best Result": {"Best Sigma0": 3, "Best sigma": 0.9, "Best gamma": 1, "Best Test accuracy": 0.0974, "Train acc": 0.09751666666666667}, "PDM log": "{(3, 0.9, 1): {'shapes': [(784, 100), (100,), (100, 100), (100,), (100, 10), (10,)], 'train_accuracy': 0.09751666666666667, 'test_accuracy': 0.0974}}", "timing": 47}, "pdm_KL_reg 5": {"Best Result": {"Best Sigma0": 3, "Best sigma": 0.9, "Best gamma": 1, "Best Test accuracy": 0.0974, "Train acc": 0.09751666666666667}, "PDM log": "{(3, 0.9, 1): {'shapes': [(784, 100), (100,), (100, 100), (100,), (100, 10), (10,)], 'train_accuracy': 0.09751666666666667, 'test_accuracy': 0.0974}}", "timing": 48}, "pdm_KL_reg 10": {"Best Result": {"Best Sigma0": 3, "Best sigma": 0.9, "Best gamma": 1, "Best Test accuracy": 0.0974, "Train acc": 0.09751666666666667}, "PDM log": "{(3, 0.9, 1): {'shapes': [(784, 100), (100,), (100, 100), (100,), (100, 10), (10,)], 'train_accuracy': 0.09751666666666667, 'test_accuracy': 0.0974}}", "timing": 49}, "best_reg": 0.05}