{"Experiment arguments": "Namespace(alpha=0.5, communication_rounds=None, datadir='data/mnist', dataset='mnist', device=1.0, dropout_p=0.0, epochs=10, experiment=['pdm_KL', 'skip'], init_seed=0, iter_epochs=5, layers=1, loaddir='saved_weights/mnist/hetero-dir', logdir='skip_pdm_compare/mnist/hetero-dir', lr=0.01, lr_decay=1.0, n=6, n_layers=1, n_nets=10, net_config=[784, 100, 10], num_pool_workers=6, partition='hetero-dir', pdm_gamma=1, pdm_sig=0.9, pdm_sig0=3, reg=1e-06, reg_fac=0.0, trials=10, use_freq=True)", "0": {"seed": 0, "Data statistics": "{0: {0: 602, 2: 796, 3: 948, 4: 477, 5: 120, 6: 546, 7: 191, 8: 143, 9: 1650}, 1: {0: 820, 1: 2411, 2: 2824}, 2: {0: 770, 1: 25, 2: 669, 3: 963, 4: 2734, 5: 28, 6: 7, 7: 16, 8: 602, 9: 663}, 3: {0: 237, 1: 923, 2: 396, 3: 273, 4: 609, 5: 240, 6: 468, 7: 150, 8: 2975}, 4: {0: 241, 1: 409, 2: 58, 3: 1175, 4: 425, 5: 64, 6: 88, 7: 55, 8: 100, 9: 670}, 5: {0: 103, 1: 356, 3: 10, 4: 474, 5: 29, 6: 2121, 7: 554, 8: 888, 9: 2934}, 6: {0: 1430, 1: 2487, 2: 58, 3: 266, 4: 650, 5: 551, 6: 128, 7: 2929}, 7: {0: 554, 1: 1, 2: 160, 3: 51, 5: 1511, 6: 2451, 7: 1609}, 8: {0: 234, 1: 100, 2: 867, 3: 1177, 4: 77, 5: 2396, 6: 92, 7: 646, 8: 1133}, 9: {0: 932, 1: 30, 2: 130, 3: 1268, 4: 396, 5: 482, 6: 17, 7: 115, 8: 10, 9: 32}}", "loading time": 19, "local_train_accs": [0.9767951763201169, 1.0, 0.9976841130152848, 0.9969701801945463, 0.9996955859969558, 0.994644530727005, 0.99905871278974, 0.997632949345116, 0.9880987801249628, 0.9985345838218054], "local_test_accs": [0.7946, 0.313, 0.7792, 0.8333, 0.8831, 0.751, 0.741, 0.5409, 0.841, 0.8186], "pdm_KL_reg 0": {"Best Result": {"Best Sigma0": 3, "Best sigma": 0.9, "Best gamma": 1, "Best Test accuracy": 0.9619, "Train acc": 0.9651333333333333}, "PDM log": "{(3, 0.9, 1): {'shapes': [(784, 703), (703,), (703, 10), (10,)], 'train_accuracy': 0.9651333333333333, 'test_accuracy': 0.9619}}", "timing": 169}, "best_reg": 0, "skip_pdm": {"Best Result": {"Best Sigma0": 3, "Best sigma": 0.9, "Best gamma": 1, "Best Test accuracy": 0.9034, "Train acc": 0.90215}, "PDM log": "{(3, 0.9, 1): {'shapes': [(706, 785), (10, 706)], 'train_accuracy': 0.90215, 'test_accuracy': 0.9034}}", "timing": 217}}, "1": {"seed": 1, "Data statistics": "{0: {0: 248, 1: 83, 2: 207, 3: 99, 4: 776, 5: 380, 6: 206, 7: 350, 8: 326, 9: 117}, 1: {0: 32, 1: 787, 2: 107, 3: 76, 4: 860, 5: 388, 6: 1125, 7: 1, 8: 586, 9: 2654}, 2: {0: 1711, 1: 1222, 2: 2657, 3: 143, 4: 349}, 3: {0: 301, 1: 336, 2: 1374, 3: 1805, 4: 2026, 5: 2536}, 4: {0: 166, 1: 315, 2: 274, 3: 12, 4: 47, 5: 38, 6: 723, 7: 175, 8: 48, 9: 2474}, 5: {0: 2902, 1: 187, 3: 322, 4: 24, 5: 71, 6: 2360, 7: 2841}, 6: {0: 127, 1: 963, 2: 729, 3: 810, 4: 960, 5: 24, 6: 804, 7: 111, 8: 1703}, 7: {0: 28, 1: 1747, 2: 276, 3: 72, 4: 657, 5: 1128, 6: 668, 7: 58, 8: 457, 9: 122}, 8: {0: 4, 1: 364, 2: 138, 3: 177, 4: 45, 5: 798, 7: 2648, 8: 2247}, 9: {0: 404, 1: 738, 2: 196, 3: 2615, 4: 98, 5: 58, 6: 32, 7: 81, 8: 484, 9: 582}}", "loading time": 27, "local_train_accs": [1.0, 0.9892684401451027, 1.0, 0.9971353544998807, 0.9932116104868914, 0.9975881474675549, 0.9921360937249237, 0.9906004220218684, 0.9959507864818564, 0.9905446293494705], "local_test_accs": [0.9316, 0.8134, 0.5014, 0.5908, 0.8318, 0.6475, 0.7964, 0.8746, 0.6541, 0.8516], "pdm_KL_reg 0": {"Best Result": {"Best Sigma0": 3, "Best sigma": 0.9, "Best gamma": 1, "Best Test accuracy": 0.9485, "Train acc": 0.95145}, "PDM log": "{(3, 0.9, 1): {'shapes': [(784, 702), (702,), (702, 10), (10,)], 'train_accuracy': 0.95145, 'test_accuracy': 0.9485}}", "timing": 138}, "best_reg": 0, "skip_pdm": {"Best Result": {"Best Sigma0": 3, "Best sigma": 0.9, "Best gamma": 1, "Best Test accuracy": 0.8616, "Train acc": 0.86605}, "PDM log": "{(3, 0.9, 1): {'shapes': [(704, 785), (10, 704)], 'train_accuracy': 0.86605, 'test_accuracy': 0.8616}}", "timing": 210}}, "2": {"seed": 2, "Data statistics": "{0: {0: 1593, 1: 475, 2: 877, 3: 767, 4: 2, 5: 8, 6: 895, 7: 50, 8: 962, 9: 212}, 1: {0: 260, 1: 1498, 2: 2, 3: 84, 4: 346, 5: 957, 6: 1195, 7: 381, 8: 642, 9: 2884}, 2: {0: 1433, 1: 390, 2: 392, 3: 285, 4: 2456, 5: 192, 6: 418, 7: 586}, 3: {0: 68, 1: 2184, 2: 1, 3: 162, 4: 195, 5: 473, 6: 704, 7: 293, 8: 1474, 9: 12}, 4: {0: 997, 2: 102, 3: 259, 4: 100, 5: 1559, 6: 164, 7: 88, 8: 1216, 9: 6}, 5: {0: 371, 1: 826, 2: 1594, 3: 2116, 4: 906, 5: 127, 6: 1421}, 6: {0: 203, 1: 1300, 2: 255, 3: 53, 4: 67, 5: 54, 6: 308, 7: 900, 8: 432, 9: 455}, 7: {0: 2, 1: 19, 2: 86, 3: 846, 4: 1087, 5: 1307, 6: 694, 7: 185, 9: 519}, 8: {0: 992, 1: 15, 2: 1552, 3: 1413, 4: 514, 5: 329, 6: 99, 7: 142, 8: 660, 9: 569}, 9: {0: 4, 1: 35, 2: 1097, 3: 146, 4: 169, 5: 415, 6: 20, 7: 3640, 8: 465, 9: 1292}}", "loading time": 42, "local_train_accs": [0.98989898989899, 0.993938659231422, 0.9926853055916776, 0.9870643190801294, 0.9899799599198397, 1.0, 0.9900670474298485, 0.9911485774499473, 0.9864757358790772, 0.9978031031168475], "local_test_accs": [0.7433, 0.8201, 0.7573, 0.7717, 0.743, 0.6699, 0.876, 0.7517, 0.8767, 0.8248], "pdm_KL_reg 0": {"Best Result": {"Best Sigma0": 3, "Best sigma": 0.9, "Best gamma": 1, "Best Test accuracy": 0.9642, "Train acc": 0.9679666666666666}, "PDM log": "{(3, 0.9, 1): {'shapes': [(784, 734), (734,), (734, 10), (10,)], 'train_accuracy': 0.9679666666666666, 'test_accuracy': 0.9642}}", "timing": 151}, "best_reg": 0, "skip_pdm": {"Best Result": {"Best Sigma0": 3, "Best sigma": 0.9, "Best gamma": 1, "Best Test accuracy": 0.9545, "Train acc": 0.9555666666666667}, "PDM log": "{(3, 0.9, 1): {'shapes': [(740, 785), (10, 740)], 'train_accuracy': 0.9555666666666667, 'test_accuracy': 0.9545}}", "timing": 209}}, "3": {"seed": 3, "Data statistics": "{0: {0: 416, 1: 250, 2: 208, 3: 168, 4: 7, 5: 2127, 6: 1354, 7: 1453, 8: 272}, 1: {0: 44, 1: 656, 2: 58, 3: 207, 4: 338, 5: 859, 6: 919, 7: 1, 8: 211, 9: 4223}, 2: {0: 4, 1: 136, 2: 877, 3: 632, 4: 143, 5: 124, 6: 212, 7: 11, 9: 17}, 3: {0: 51, 1: 5, 2: 1548, 3: 15, 4: 1673, 5: 159, 6: 226, 7: 867, 8: 99, 9: 893}, 4: {0: 238, 1: 152, 2: 122, 3: 1396, 4: 18, 5: 460, 6: 246, 7: 262, 8: 1433, 9: 815}, 5: {0: 3481, 1: 2521}, 6: {0: 1409, 1: 1469, 2: 476, 3: 30, 4: 74, 5: 233, 6: 756, 7: 25, 8: 2145}, 7: {0: 22, 1: 1, 2: 57, 3: 1707, 4: 2570, 5: 136, 6: 1234, 7: 2438}, 8: {0: 89, 1: 381, 2: 2176, 3: 1701, 4: 184, 5: 174, 6: 906, 7: 223, 8: 551}, 9: {0: 169, 1: 1171, 2: 436, 3: 275, 4: 835, 5: 1149, 6: 65, 7: 985, 8: 1140, 9: 1}}", "loading time": 39, "local_train_accs": [0.9931254996003197, 0.996673762639702, 1.0, 0.9902456647398844, 0.9828860365616492, 1.0, 0.995163971588333, 0.9930189834660135, 0.9967110415035239, 0.9938965628011565], "local_test_accs": [0.7724, 0.77, 0.7091, 0.786, 0.8924, 0.2112, 0.7685, 0.6039, 0.8408, 0.834], "pdm_KL_reg 0": {"Best Result": {"Best Sigma0": 3, "Best sigma": 0.9, "Best gamma": 1, "Best Test accuracy": 0.959, "Train acc": 0.9608666666666666}, "PDM log": "{(3, 0.9, 1): {'shapes': [(784, 683), (683,), (683, 10), (10,)], 'train_accuracy': 0.9608666666666666, 'test_accuracy': 0.959}}", "timing": 176}, "best_reg": 0, "skip_pdm": {"Best Result": {"Best Sigma0": 3, "Best sigma": 0.9, "Best gamma": 1, "Best Test accuracy": 0.8789, "Train acc": 0.8797833333333334}, "PDM log": "{(3, 0.9, 1): {'shapes': [(681, 785), (10, 681)], 'train_accuracy': 0.8797833333333334, 'test_accuracy': 0.8789}}", "timing": 158}}, "4": {"seed": 4,