{"seed": 7, "Data statistics": "{0: {0: 482, 1: 521, 2: 535, 3: 522, 4: 467, 5: 501, 6: 526, 7: 471, 8: 489, 9: 486}, 1: {0: 527, 1: 478, 2: 478, 3: 525, 4: 507, 5: 463, 6: 507, 7: 499, 8: 520, 9: 496}, 2: {0: 489, 1: 470, 2: 493, 3: 474, 4: 505, 5: 539, 6: 476, 7: 516, 8: 519, 9: 519}, 3: {0: 489, 1: 489, 2: 485, 3: 519, 4: 474, 5: 505, 6: 483, 7: 517, 8: 515, 9: 524}, 4: {0: 516, 1: 492, 2: 514, 3: 501, 4: 490, 5: 513, 6: 497, 7: 486, 8: 500, 9: 491}, 5: {0: 507, 1: 511, 2: 508, 3: 489, 4: 512, 5: 491, 6: 462, 7: 498, 8: 503, 9: 519}, 6: {0: 487, 1: 497, 2: 481, 3: 477, 4: 494, 5: 531, 6: 534, 7: 484, 8: 539, 9: 476}, 7: {0: 512, 1: 497, 2: 493, 3: 496, 4: 537, 5: 462, 6: 510, 7: 562, 8: 460, 9: 471}, 8: {0: 527, 1: 536, 2: 509, 3: 474, 4: 504, 5: 500, 6: 486, 7: 464, 8: 468, 9: 532}, 9: {0: 464, 1: 509, 2: 504, 3: 523, 4: 510, 5: 495, 6: 519, 7: 503, 8: 487, 9: 486}}", "loading time": 37, "local_train_accs": [0.1758, 0.1716, 0.1078, 0.1658, 0.1026, 0.1024, 0.1078, 0.1608, 0.1466, 0.1036], "local_test_accs": [0.1738, 0.1529, 0.1, 0.1566, 0.1, 0.1001, 0.1, 0.1597, 0.1359, 0.1], "pdm_KL_reg 0": {"Best Result": {"Best Sigma0": 10, "Best sigma": 1, "Best gamma": 10, "Best Test accuracy": 0.1787, "Train acc": 0.18226}, "PDM log": "{(10, 1, 10): {'shapes': [(3072, 901), (901,), (901, 10), (10,)], 'train_accuracy': 0.18226, 'test_accuracy': 0.1787}}", "timing": 364}, "best_reg": 0, "skip_pdm": {"Best Result": {"Best Sigma0": 10, "Best sigma": 1, "Best gamma": 10, "Best Test accuracy": 0.1836, "Train acc": 0.18618}, "PDM log": "{(10, 1, 10): {'shapes': [(901, 3073), (10, 901)], 'train_accuracy': 0.18618, 'test_accuracy': 0.1836}}", "timing": 287}}