{"seed": 4, "Data statistics": "{0: {0: 493, 1: 510, 2: 503, 3: 481, 4: 493, 5: 486, 6: 511, 7: 523, 8: 478, 9: 522}, 1: {0: 540, 1: 517, 2: 471, 3: 504, 4: 472, 5: 518, 6: 509, 7: 490, 8: 482, 9: 497}, 2: {0: 488, 1: 490, 2: 482, 3: 472, 4: 540, 5: 512, 6: 512, 7: 501, 8: 519, 9: 484}, 3: {0: 532, 1: 502, 2: 528, 3: 484, 4: 490, 5: 477, 6: 569, 7: 488, 8: 466, 9: 464}, 4: {0: 475, 1: 525, 2: 514, 3: 524, 4: 516, 5: 509, 6: 467, 7: 494, 8: 487, 9: 489}, 5: {0: 512, 1: 476, 2: 518, 3: 534, 4: 464, 5: 516, 6: 458, 7: 488, 8: 538, 9: 496}, 6: {0: 471, 1: 503, 2: 487, 3: 516, 4: 493, 5: 509, 6: 500, 7: 508, 8: 497, 9: 516}, 7: {0: 518, 1: 472, 2: 488, 3: 487, 4: 525, 5: 494, 6: 479, 7: 506, 8: 501, 9: 530}, 8: {0: 494, 1: 497, 2: 489, 3: 491, 4: 514, 5: 507, 6: 476, 7: 519, 8: 524, 9: 489}, 9: {0: 477, 1: 508, 2: 520, 3: 507, 4: 493, 5: 472, 6: 519, 7: 483, 8: 508, 9: 513}}", "loading time": 32, "local_train_accs": [0.1046, 0.1036, 0.108, 0.1056, 0.1718, 0.1076, 0.258, 0.1906, 0.1038, 0.1982], "local_test_accs": [0.1, 0.1, 0.0999, 0.1, 0.1761, 0.1, 0.2366, 0.1776, 0.1, 0.1848], "pdm_KL_reg 0": {"Best Result": {"Best Sigma0": 10, "Best sigma": 1, "Best gamma": 10, "Best Test accuracy": 0.2299, "Train acc": 0.2294}, "PDM log": "{(10, 1, 10): {'shapes': [(3072, 909), (909,), (909, 10), (10,)], 'train_accuracy': 0.2294, 'test_accuracy': 0.2299}}", "timing": 316}, "best_reg": 0, "skip_pdm": {"Best Result": {"Best Sigma0": 10, "Best sigma": 1, "Best gamma": 10, "Best Test accuracy": 0.2198, "Train acc": 0.21688}, "PDM log": "{(10, 1, 10): {'shapes': [(910, 3073), (10, 910)], 'train_accuracy': 0.21688, 'test_accuracy': 0.2198}}", "timing": 326}}