{"seed": 9, "Data statistics": "{0: {0: 251, 1: 342, 2: 225, 3: 12, 4: 59, 5: 1486, 7: 17, 8: 992, 9: 515}, 1: {0: 2028, 1: 470, 2: 201, 3: 1226, 4: 192, 5: 1, 6: 1978}, 2: {0: 214, 1: 2029, 2: 634, 3: 13, 4: 480, 5: 908, 6: 383, 7: 405, 8: 682, 9: 68}, 3: {0: 401, 1: 121, 2: 45, 3: 1, 4: 537, 5: 16, 6: 263, 7: 47, 8: 1461, 9: 32}, 4: {0: 544, 1: 735, 2: 2801, 3: 44, 4: 169, 5: 636, 6: 48, 7: 1110}, 5: {0: 1374, 1: 844, 2: 661, 3: 90, 4: 363, 5: 194, 7: 3969}, 6: {0: 75, 1: 2184, 2: 333, 3: 845, 4: 2294, 5: 192, 6: 600}, 7: {0: 447, 1: 11, 2: 21, 3: 39, 5: 309, 6: 775, 7: 297, 8: 19, 9: 5334}, 8: {0: 112, 1: 5, 2: 4, 3: 3816, 4: 7, 5: 851, 6: 1183, 7: 112}, 9: {0: 477, 1: 1, 2: 1033, 3: 45, 4: 1741, 5: 828, 6: 688, 7: 308, 8: 2697}}", "loading time": 21, "local_train_accs": [0.9605026929982047, 0.9819553805774278, 0.9779917469050894, 0.966484268125855, 0.9816001314276327, 0.981320880587058, 0.9826766825080484, 0.9780750137892995, 0.9348111658456486, 0.9796623177283192], "local_test_accs": [0.5932, 0.5706, 0.8023, 0.6103, 0.6665, 0.5953, 0.6292, 0.4546, 0.4221, 0.6537], "pdm_KL_reg 0": {"Best Result": {"Best Sigma0": 3, "Best sigma": 0.9, "Best gamma": 1, "Best Test accuracy": 0.1384, "Train acc": 0.14076666666666668}, "PDM log": "{(3, 0.9, 1): {'shapes': [(784, 601), (601,), (601, 123), (123,), (123, 115), (115,), (115, 109), (109,), (109, 109), (109,), (109, 100), (100,), (100, 10), (10,)], 'train_accuracy': 0.14076666666666668, 'test_accuracy': 0.1384}}", "timing": 122}, "best_reg": 0, "skip_pdm": {"Best Result": {"Best Sigma0": 3, "Best sigma": 0.9, "Best gamma": 1, "Best Test accuracy": 0.0978, "Train acc": 0.09791666666666667}, "PDM log": "{(3, 0.9, 1): {'shapes': [(600, 785), (101, 600), (208, 101), (101, 208), (147, 101), (101, 147), (10, 101)], 'train_accuracy': 0.09791666666666667, 'test_accuracy': 0.0978}}", "timing": 109}}