{"seed": 8, "Data statistics": "{0: {0: 588, 1: 601, 2: 566, 3: 535, 4: 165, 5: 3, 6: 1215, 7: 1269, 8: 1173}, 1: {0: 461, 1: 185, 2: 96, 3: 3974, 4: 2103}, 2: {0: 361, 1: 4, 2: 3, 3: 40, 4: 50, 5: 2242, 6: 364, 7: 148, 8: 4444}, 3: {0: 445, 1: 921, 2: 1207, 3: 32, 4: 566, 5: 5, 6: 389, 7: 26, 8: 160, 9: 698}, 4: {0: 195, 1: 178, 2: 470, 3: 83, 4: 673, 5: 1991, 6: 1114, 7: 301, 8: 30, 9: 1077}, 5: {0: 562, 1: 1196, 2: 911, 3: 171, 4: 495, 5: 14, 6: 155, 7: 3853}, 6: {0: 2595, 1: 742, 2: 2407, 3: 316}, 7: {0: 81, 1: 15, 2: 169, 3: 333, 4: 1, 5: 127, 6: 293, 7: 297, 8: 26, 9: 4172}, 8: {0: 482, 1: 996, 2: 6, 3: 55, 4: 1783, 5: 935, 6: 2201}, 9: {0: 153, 1: 1904, 2: 123, 3: 592, 4: 6, 5: 104, 6: 187, 7: 371, 8: 18, 9: 2}}", "loading time": 40, "local_train_accs": [0.9666394112837285, 0.9872415310162781, 0.9592476489028213, 0.9642616318273769, 0.9649869109947644, 0.9763490553214625, 0.9948844884488449, 0.9698948132027566, 0.987147723753484, 0.9436416184971098], "local_test_accs": [0.7473, 0.4563, 0.5025, 0.7312, 0.7922, 0.6611, 0.4064, 0.593, 0.5489, 0.5785], "pdm_KL_reg 0": {"Best Result": {"Best Sigma0": 3, "Best sigma": 0.9, "Best gamma": 1, "Best Test accuracy": 0.0974, "Train acc": 0.09753333333333333}, "PDM log": "{(3, 0.9, 1): {'shapes': [(784, 567), (567,), (567, 121), (121,), (121, 109), (109,), (109, 109), (109,), (109, 109), (109,), (109, 100), (100,), (100, 10), (10,)], 'train_accuracy': 0.09753333333333333, 'test_accuracy': 0.0974}}", "timing": 190}, "best_reg": 0, "skip_pdm": {"Best Result": {"Best Sigma0": 3, "Best sigma": 0.9, "Best gamma": 1, "Best Test accuracy": 0.0958, "Train acc": 0.09606666666666666}, "PDM log": "{(3, 0.9, 1): {'shapes': [(568, 785), (101, 568), (202, 101), (101, 202), (141, 101), (101, 141), (10, 101)], 'train_accuracy': 0.09606666666666666, 'test_accuracy': 0.0958}}", "timing": 127}}