{"seed": 1, "Data statistics": "{0: {0: 248, 1: 83, 2: 207, 3: 99, 4: 776, 5: 380, 6: 206, 7: 350, 8: 326, 9: 117}, 1: {0: 32, 1: 787, 2: 107, 3: 76, 4: 860, 5: 388, 6: 1125, 7: 1, 8: 586, 9: 2654}, 2: {0: 1711, 1: 1222, 2: 2657, 3: 143, 4: 349}, 3: {0: 301, 1: 336, 2: 1374, 3: 1805, 4: 2026, 5: 2536}, 4: {0: 166, 1: 315, 2: 274, 3: 12, 4: 47, 5: 38, 6: 723, 7: 175, 8: 48, 9: 2474}, 5: {0: 2902, 1: 187, 3: 322, 4: 24, 5: 71, 6: 2360, 7: 2841}, 6: {0: 127, 1: 963, 2: 729, 3: 810, 4: 960, 5: 24, 6: 804, 7: 111, 8: 1703}, 7: {0: 28, 1: 1747, 2: 276, 3: 72, 4: 657, 5: 1128, 6: 668, 7: 58, 8: 457, 9: 122}, 8: {0: 4, 1: 364, 2: 138, 3: 177, 4: 45, 5: 798, 7: 2648, 8: 2247}, 9: {0: 404, 1: 738, 2: 196, 3: 2615, 4: 98, 5: 58, 6: 32, 7: 81, 8: 484, 9: 582}}", "loading time": 26, "local_train_accs": [0.9727793696275072, 0.9863966142684402, 0.9932587964485367, 0.9958223919789926, 0.9782303370786517, 0.9911565407143678, 0.9780131600064195, 0.9823518127757529, 0.9833359289830245, 0.9739031770045385], "local_test_accs": [0.8904, 0.7647, 0.4912, 0.5883, 0.7083, 0.5503, 0.7484, 0.8875, 0.619, 0.845], "Uniform ensemble (Train acc)": 0.95475, "Uniform ensemble (Test acc)": 0.9513, "FedAvg (Train acc)": 0.09035, "FedAvg (Test acc)": 0.0892, "pdm_KL_reg 0": {"Best Result": {"Best Sigma0": 0.5, "Best sigma": 1, "Best gamma": 10, "Best Test accuracy": 0.17, "Train acc": 0.17068333333333333}, "PDM log": "{(0.5, 1, 10): {'shapes': [(784, 273), (273,), (273, 127), (127,), (127, 118), (118,), (118, 108), (108,), (108, 10), (10,)], 'train_accuracy': 0.17068333333333333, 'test_accuracy': 0.17}}", "timing": 100}, "pdm_KL_reg 0.001": {"Best Result": {"Best Sigma0": 0.5, "Best sigma": 1, "Best gamma": 10, "Best Test accuracy": 0.1385, "Train acc": 0.13773333333333335}, "PDM log": "{(0.5, 1, 10): {'shapes': [(784, 275), (275,), (275, 127), (127,), (127, 118), (118,), (118, 108), (108,), (108, 10), (10,)], 'train_accuracy': 0.13773333333333335, 'test_accuracy': 0.1385}}", "timing": 108}, "pdm_KL_reg 0.005": {"Best Result": {"Best Sigma0": 0.5, "Best sigma": 1, "Best gamma": 10, "Best Test accuracy": 0.135, "Train acc": 0.13513333333333333}, "PDM log": "{(0.5, 1, 10): {'shapes': [(784, 277), (277,), (277, 118), (118,), (118, 118), (118,), (118, 108), (108,), (108, 10), (10,)], 'train_accuracy': 0.13513333333333333, 'test_accuracy': 0.135}}", "timing": 124}, "pdm_KL_reg 0.01": {"Best Result": {"Best Sigma0": 0.5, "Best sigma": 1, "Best gamma": 10, "Best Test accuracy": 0.1506, "Train acc": 0.15356666666666666}, "PDM log": "{(0.5, 1, 10): {'shapes': [(784, 277), (277,), (277, 118), (118,), (118, 127), (127,), (127, 116), (116,), (116, 10), (10,)], 'train_accuracy': 0.15356666666666666, 'test_accuracy': 0.1506}}", "timing": 126}, "pdm_KL_reg 0.05": {"Best Result": {"Best Sigma0": 0.5, "Best sigma": 1, "Best gamma": 10, "Best Test accuracy": 0.1461, "Train acc": 0.1446}, "PDM log": "{(0.5, 1, 10): {'shapes': [(784, 280), (280,), (280, 118), (118,), (118, 118), (118,), (118, 108), (108,), (108, 10), (10,)], 'train_accuracy': 0.1446, 'test_accuracy': 0.1461}}", "timing": 155}, "pdm_KL_reg 0.1": {"Best Result": {"Best Sigma0": 0.5, "Best sigma": 1, "Best gamma": 10, "Best Test accuracy": 0.1088, "Train acc": 0.11383333333333333}, "PDM log": "{(0.5, 1, 10): {'shapes': [(784, 291), (291,), (291, 118), (118,), (118, 118), (118,), (118, 109), (109,), (109, 10), (10,)], 'train_accuracy': 0.11383333333333333, 'test_accuracy': 0.1088}}", "timing": 150}, "pdm_KL_reg 0.5": {"Best Result": {"Best Sigma0": 0.5, "Best sigma": 1, "Best gamma": 10, "Best Test accuracy": 0.1054, "Train acc": 0.105}, "PDM log": "{(0.5, 1, 10): {'shapes': [(784, 395), (395,), (395, 127), (127,), (127, 127), (127,), (127, 109), (109,), (109, 10), (10,)], 'train_accuracy': 0.105, 'test_accuracy': 0.1054}}", "timing": 196}, "pdm_KL_reg 1": {"Best Result": {"Best Sigma0": 0.5, "Best sigma": 1, "Best gamma": 10, "Best Test accuracy": 0.128, "Train acc": 0.1296}, "PDM log": "{(0.5, 1, 10): {'shapes': [(784, 536), (536,), (536, 136), (136,), (136, 127), (127,), (127, 118), (118,), (118, 10), (10,)], 'train_accuracy': 0.1296, 'test_accuracy': 0.128}}", "timing": 314}, "pdm_KL_reg 2": {"Best Result": {"Best Sigma0": 0.5, "Best sigma": 1, "Best gamma": 10, "Best Test accuracy": 0.101, "Train acc": 0.10218333333333333}, "PDM log": "{(0.5, 1, 10): {'shapes': [(784, 563), (563,), (563, 154), (154,), (154, 136), (136,), (136, 127), (127,), (127, 10), (10,)], 'train_accuracy': 0.10218333333333333, 'test_accuracy': 0.101}}", "timing": 289}, "pdm_KL_reg 5": {"Best Result": {"Best Sigma0": 0.5, "Best sigma": 1, "Best gamma": 10, "Best Test accuracy": 0.1117, "Train acc": 0.11085}, "PDM log": "{(0.5, 1, 10): {'shapes': [(784, 276), (276,), (276, 154), (154,), (154, 154), (154,), (154, 127), (127,), (127, 10), (10,)], 'train_accuracy': 0.11085, 'test_accuracy': 0.1117}}", "timing": 223}, "pdm_KL_reg 10": {"Best Result": {"Best Sigma0": 0.5, "Best sigma": 1, "Best gamma": 10, "Best Test accuracy": 0.0974, "Train acc": 0.09751666666666667}, "PDM log": "{(0.5, 1, 10): {'shapes': [(784, 235), (235,), (235, 181), (181,), (181, 180), (180,), (180, 127), (127,), (127, 10), (10,)], 'train_accuracy': 0.09751666666666667, 'test_accuracy': 0.0974}}", "timing": 202}, "best_reg": 0}