{"seed": 8, "Data statistics": "{0: {0: 588, 1: 601, 2: 566, 3: 535, 4: 165, 5: 3, 6: 1215, 7: 1269, 8: 1173}, 1: {0: 461, 1: 185, 2: 96, 3: 3974, 4: 2103}, 2: {0: 361, 1: 4, 2: 3, 3: 40, 4: 50, 5: 2242, 6: 364, 7: 148, 8: 4444}, 3: {0: 445, 1: 921, 2: 1207, 3: 32, 4: 566, 5: 5, 6: 389, 7: 26, 8: 160, 9: 698}, 4: {0: 195, 1: 178, 2: 470, 3: 83, 4: 673, 5: 1991, 6: 1114, 7: 301, 8: 30, 9: 1077}, 5: {0: 562, 1: 1196, 2: 911, 3: 171, 4: 495, 5: 14, 6: 155, 7: 3853}, 6: {0: 2595, 1: 742, 2: 2407, 3: 316}, 7: {0: 81, 1: 15, 2: 169, 3: 333, 4: 1, 5: 127, 6: 293, 7: 297, 8: 26, 9: 4172}, 8: {0: 482, 1: 996, 2: 6, 3: 55, 4: 1783, 5: 935, 6: 2201}, 9: {0: 153, 1: 1904, 2: 123, 3: 592, 4: 6, 5: 104, 6: 187, 7: 371, 8: 18, 9: 2}}", "loading time": 30, "local_train_accs": [0.9650040883074407, 0.9948672825927556, 0.9896812957157785, 0.978422117329737, 0.9734947643979057, 0.982737528884056, 0.9986798679867986, 0.9807762060210373, 0.9868380303499535, 0.9601156069364162], "local_test_accs": [0.7531, 0.4654, 0.5903, 0.7956, 0.8565, 0.6728, 0.409, 0.6239, 0.5216, 0.5906], "Uniform ensemble (Train acc)": 0.8394833333333334, "Uniform ensemble (Test acc)": 0.8345, "FedAvg (Train acc)": 0.0993, "FedAvg (Test acc)": 0.1032, "pdm_KL_reg 0": {"Best Result": {"Best Sigma0": 0.5, "Best sigma": 1, "Best gamma": 10, "Best Test accuracy": 0.1041, "Train acc": 0.10456666666666667}, "PDM log": "{(0.5, 1, 10): {'shapes': [(784, 270), (270,), (270, 118), (118,), (118, 127), (127,), (127, 113), (113,), (113, 10), (10,)], 'train_accuracy': 0.10456666666666667, 'test_accuracy': 0.1041}}", "timing": 79}, "pdm_KL_reg 0.001": {"Best Result": {"Best Sigma0": 0.5, "Best sigma": 1, "Best gamma": 10, "Best Test accuracy": 0.101, "Train acc": 0.10218333333333333}, "PDM log": "{(0.5, 1, 10): {'shapes': [(784, 267), (267,), (267, 118), (118,), (118, 118), (118,), (118, 113), (113,), (113, 10), (10,)], 'train_accuracy': 0.10218333333333333, 'test_accuracy': 0.101}}", "timing": 170}, "pdm_KL_reg 0.005": {"Best Result": {"Best Sigma0": 0.5, "Best sigma": 1, "Best gamma": 10, "Best Test accuracy": 0.1018, "Train acc": 0.10283333333333333}, "PDM log": "{(0.5, 1, 10): {'shapes': [(784, 271), (271,), (271, 127), (127,), (127, 127), (127,), (127, 114), (114,), (114, 10), (10,)], 'train_accuracy': 0.10283333333333333, 'test_accuracy': 0.1018}}", "timing": 151}, "pdm_KL_reg 0.01": {"Best Result": {"Best Sigma0": 0.5, "Best sigma": 1, "Best gamma": 10, "Best Test accuracy": 0.1062, "Train acc": 0.10646666666666667}, "PDM log": "{(0.5, 1, 10): {'shapes': [(784, 267), (267,), (267, 127), (127,), (127, 118), (118,), (118, 114), (114,), (114, 10), (10,)], 'train_accuracy': 0.10646666666666667, 'test_accuracy': 0.1062}}", "timing": 175}, "pdm_KL_reg 0.05": {"Best Result": {"Best Sigma0": 0.5, "Best sigma": 1, "Best gamma": 10, "Best Test accuracy": 0.1019, "Train acc": 0.10273333333333333}, "PDM log": "{(0.5, 1, 10): {'shapes': [(784, 278), (278,), (278, 127), (127,), (127, 127), (127,), (127, 113), (113,), (113, 10), (10,)], 'train_accuracy': 0.10273333333333333, 'test_accuracy': 0.1019}}", "timing": 155}, "pdm_KL_reg 0.1": {"Best Result": {"Best Sigma0": 0.5, "Best sigma": 1, "Best gamma": 10, "Best Test accuracy": 0.1034, "Train acc": 0.1047}, "PDM log": "{(0.5, 1, 10): {'shapes': [(784, 280), (280,), (280, 127), (127,), (127, 118), (118,), (118, 114), (114,), (114, 10), (10,)], 'train_accuracy': 0.1047, 'test_accuracy': 0.1034}}", "timing": 183}, "pdm_KL_reg 0.5": {"Best Result": {"Best Sigma0": 0.5, "Best sigma": 1, "Best gamma": 10, "Best Test accuracy": 0.1026, "Train acc": 0.10421666666666667}, "PDM log": "{(0.5, 1, 10): {'shapes': [(784, 367), (367,), (367, 127), (127,), (127, 127), (127,), (127, 114), (114,), (114, 10), (10,)], 'train_accuracy': 0.10421666666666667, 'test_accuracy': 0.1026}}", "timing": 226}, "pdm_KL_reg 1": {"Best Result": {"Best Sigma0": 0.5, "Best sigma": 1, "Best gamma": 10, "Best Test accuracy": 0.1263, "Train acc": 0.12003333333333334}, "PDM log": "{(0.5, 1, 10): {'shapes': [(784, 492), (492,), (492, 136), (136,), (136, 127), (127,), (127, 118), (118,), (118, 10), (10,)], 'train_accuracy': 0.12003333333333334, 'test_accuracy': 0.1263}}", "timing": 388}, "pdm_KL_reg 2": {"Best Result": {"Best Sigma0": 0.5, "Best sigma": 1, "Best gamma": 10, "Best Test accuracy": 0.1052, "Train acc": 0.10101666666666667}, "PDM log": "{(0.5, 1, 10): {'shapes': [(784, 521), (521,), (521, 145), (145,), (145, 136), (136,), (136, 127), (127,), (127, 10), (10,)], 'train_accuracy': 0.10101666666666667, 'test_accuracy': 0.1052}}", "timing": 379}, "pdm_KL_reg 5": {"Best Result": {"Best Sigma0": 0.5, "Best sigma": 1, "Best gamma": 10, "Best Test accuracy": 0.101, "Train acc": 0.10218333333333333}, "PDM log": "{(0.5, 1, 10): {'shapes': [(784, 279), (279,), (279, 163), (163,), (163, 154), (154,), (154, 136), (136,), (136, 10), (10,)], 'train_accuracy': 0.10218333333333333, 'test_accuracy': 0.101}}", "timing": 197}, "pdm_KL_reg 10": {"Best Result": {"Best Sigma0": 0.5, "Best sigma": 1, "Best gamma": 10, "Best Test accuracy": 0.101, "Train acc": 0.10218333333333333}, "PDM log": "{(0.5, 1, 10): {'shapes': [(784, 249), (249,), (249, 190), (190,), (190, 188), (188,), (188, 127), (127,), (127, 10), (10,)], 'train_accuracy': 0.10218333333333333, 'test_accuracy': 0.101}}", "timing": 153}, "best_reg": 1}