{"seed": 0, "Data statistics": "{0: {0: 333, 1: 338, 2: 324, 3: 366, 4: 307, 5: 371, 6: 325, 7: 328, 8: 308, 9: 334}, 1: {0: 362, 1: 311, 2: 323, 3: 331, 4: 339, 5: 322, 6: 320, 7: 347, 8: 346, 9: 333}, 2: {0: 309, 1: 337, 2: 369, 3: 334, 4: 321, 5: 323, 6: 308, 7: 325, 8: 335, 9: 373}, 3: {0: 348, 1: 359, 2: 330, 3: 317, 4: 347, 5: 322, 6: 330, 7: 346, 8: 322, 9: 313}, 4: {0: 302, 1: 344, 2: 327, 3: 310, 4: 344, 5: 318, 6: 353, 7: 333, 8: 354, 9: 349}, 5: {0: 347, 1: 324, 2: 335, 3: 331, 4: 348, 5: 325, 6: 320, 7: 322, 8: 311, 9: 370}, 6: {0: 349, 1: 329, 2: 334, 3: 329, 4: 308, 5: 343, 6: 351, 7: 314, 8: 332, 9: 344}, 7: {0: 326, 1: 318, 2: 315, 3: 328, 4: 334, 5: 341, 6: 351, 7: 333, 8: 328, 9: 359}, 8: {0: 334, 1: 314, 2: 349, 3: 325, 4: 368, 5: 335, 6: 355, 7: 332, 8: 320, 9: 301}, 9: {0: 336, 1: 340, 2: 354, 3: 321, 4: 322, 5: 298, 6: 325, 7: 379, 8: 332, 9: 326}, 10: {0: 336, 1: 323, 2: 322, 3: 354, 4: 328, 5: 346, 6: 341, 7: 323, 8: 327, 9: 333}, 11: {0: 313, 1: 366, 2: 299, 3: 362, 4: 340, 5: 335, 6: 342, 7: 332, 8: 326, 9: 318}, 12: {0: 324, 1: 322, 2: 322, 3: 325, 4: 344, 5: 344, 6: 326, 7: 334, 8: 367, 9: 325}, 13: {0: 346, 1: 342, 2: 345, 3: 338, 4: 323, 5: 342, 6: 344, 7: 337, 8: 319, 9: 297}, 14: {0: 335, 1: 333, 2: 352, 3: 329, 4: 327, 5: 335, 6: 309, 7: 315, 8: 373, 9: 325}}", "comm 0": {"training timing": 262, "local_train_accs": [0.4475104979004199, 0.39952009598080385, 0.41631673665266944, 0.45770845830833834, 0.4406118776244751, 0.44854485448544856, 0.43204320432043203, 0.4383438343834383, 0.44044404440444046, 0.46384638463846384, 0.4083408340834083, 0.45574557455745573, 0.4458445844584458, 0.45094509450945097, 0.39063906390639064], "local_test_accs": [0.4475104979004199, 0.39952009598080385, 0.41631673665266944, 0.45770845830833834, 0.4406118776244751, 0.44854485448544856, 0.43204320432043203, 0.4383438343834383, 0.44044404440444046, 0.46384638463846384, 0.4083408340834083, 0.45574557455745573, 0.4458445844584458, 0.45094509450945097, 0.39063906390639064], "Uniform ensemble (Train acc)": 0.41596, "Uniform ensemble (Test acc)": 0.4139, "FedAvg (Train acc)": 0.09962, "FedAvg (Test acc)": 0.0995, "pdm_KL (Train acc)": 0.31132, "pdm_KL (Test acc)": 0.3103}, "comm 1": {"training timing": 497, "local_train_accs": [0.5095980803839232, 0.47000599880023997, 0.4967006598680264, 0.46550689862027594, 0.47960407918416315, 0.5055505550555055, 0.49954995499549953, 0.47584758475847583, 0.5196519651965197, 0.48724872487248727, 0.5076507650765076, 0.51005100510051, 0.5142514251425142, 0.49744974497449745, 0.4803480348034804], "local_test_accs": [0.5095980803839232, 0.47000599880023997, 0.4967006598680264, 0.46550689862027594, 0.47960407918416315, 0.5055505550555055, 0.49954995499549953, 0.47584758475847583, 0.5196519651965197, 0.48724872487248727, 0.5076507650765076, 0.51005100510051, 0.5142514251425142, 0.49744974497449745, 0.4803480348034804], "Uniform ensemble (Train acc)": 0.44434, "Uniform ensemble (Test acc)": 0.4374, "FedAvg (Train acc)": 0.07118, "FedAvg (Test acc)": 0.073, "pdm_KL (Train acc)": 0.34438, "pdm_KL (Test acc)": 0.3436}, "comm 2": {"training timing": 599, "local_train_accs": [0.5683863227354529, 0.5221955608878225, 0.5512897420515896, 0.5782843431313738, 0.5380923815236952, 0.5496549654965497, 0.5196519651965197, 0.5274527452745275, 0.561956195619562, 0.5142514251425142, 0.5295529552955296, 0.5334533453345335, 0.5454545454545454, 0.549054905490549, 0.519051905190519], "local_test_accs": [0.5683863227354529, 0.5221955608878225, 0.5512897420515896, 0.5782843431313738, 0.5380923815236952, 0.5496549654965497, 0.5196519651965197, 0.5274527452745275, 0.561956195619562, 0.5142514251425142, 0.5295529552955296, 0.5334533453345335, 0.5454545454545454, 0.549054905490549, 0.519051905190519], "Uniform ensemble (Train acc)": 0.4643, "Uniform ensemble (Test acc)": 0.4561, "FedAvg (Train acc)": 0.0712, "FedAvg (Test acc)": 0.0727, "pdm_KL (Train acc)": 0.35592, "pdm_KL (Test acc)": 0.355}, "comm 3": {"training timing": 573, "local_train_accs": [0.6010797840431914, 0.5791841631673665, 0.5995800839832034, 0.625374925014997, 0.6067786442711458, 0.594059405940594, 0.5652565256525652, 0.5841584158415841, 0.6291629162916291, 0.5853585358535853, 0.5895589558955896, 0.5997599759975998, 0.5943594359435943, 0.6147614761476148, 0.579057905790579], "local_test_accs": [0.6010797840431914, 0.5791841631673665, 0.5995800839832034, 0.625374925014997, 0.6067786442711458, 0.594059405940594, 0.5652565256525652, 0.5841584158415841, 0.6291629162916291, 0.5853585358535853, 0.5895589558955896, 0.5997599759975998, 0.5943594359435943, 0.6147614761476148, 0.579057905790579], "Uniform ensemble (Train acc)": 0.4799, "Uniform ensemble (Test acc)": 0.4662, "FedAvg (Train acc)": 0.10024, "FedAvg (Test acc)": 0.0997, "pdm_KL (Train acc)": 0.38296, "pdm_KL (Test acc)": 0.3808}, "comm 4": {"training timing": 517, "local_train_accs": [0.6574685062987402, 0.6076784643071386, 0.6394721055788842, 0.5899820035992801, 0.6442711457708459, 0.5955595559555955, 0.6606660666066607, 0.6375637563756376, 0.6504650465046504, 0.6063606360636064, 0.5802580258025802, 0.6162616261626163, 0.6531653165316532, 0.6798679867986799, 0.60996099609961], "local_test_accs": [0.6574685062987402, 0.6076784643071386, 0.6394721055788842, 0.5899820035992801, 0.6442711457708459, 0.5955595559555955, 0.6606660666066607, 0.6375637563756376, 0.6504650465046504, 0.6063606360636064, 0.5802580258025802, 0.6162616261626163, 0.6531653165316532, 0.6798679867986799, 0.60996099609961], "Uniform ensemble (Train acc)": 0.48968, "Uniform ensemble (Test acc)": 0.4717, "FedAvg (Train acc)": 0.10028, "FedAvg (Test acc)": 0.0997, "pdm_KL (Train acc)": 0.40478, "pdm_KL (Test acc)": 0.401}, "comm 5": {"training timing": 740, "local_train_accs": [0.6658668266346731, 0.6256748650269947, 0.6775644871025794, 0.6739652069586083, 0.6394721055788842, 0.6693669366936693, 0.6675667566756676, 0.6525652565256526, 0.7182718271827183, 0.6585658565856586, 0.6384638463846385, 0.603060306030603, 0.6747674767476748, 0.7041704170417041, 0.6543654365436543], "local_test_accs": [0.6658668266346731, 0.6256748650269947, 0.6775644871025794, 0.6739652069586083, 0.6394721055788842, 0.6693669366936693, 0.6675667566756676, 0.6525652565256526, 0.7182718271827183, 0.6585658565856586, 0.6384638463846385, 0.603060306030603, 0.6747674767476748, 0.7041704170417041, 0.6543654365436543], "Uniform ensemble (Train acc)": 0.49926, "Uniform ensemble (Test acc)": 0.4801, "FedAvg (Train acc)": 0.10018, "FedAvg (Test acc)": 0.0991, "pdm_KL (Train acc)": 0.40894, "pdm_KL (Test acc)": 0.4013}, "comm 6": {"training timing": 649, "local_train_accs": [0.714757048590282, 0.6865626874625075, 0.7246550689862028, 0.7189562087582484, 0.7105578884223155, 0.669066906690669, 0.7107710771077108, 0.7281728172817282, 0.6801680168016802, 0.7158715871587159, 0.6855685568556855, 0.7188718871887189, 0.7053705370537053, 0.7470747074707471, 0.6711671167116712], "local_test_accs": [0.714757048590282, 0.6865626874625075, 0.7246550689862028, 0.7189562087582484, 0.7105578884223155, 0.669066906690669, 0.7107710771077108, 0.7281728172817282, 0.6801680168016802, 0.7158715871587159, 0.6855685568556855, 0.7188718871887189, 0.7053705370537053, 0.7470747074707471, 0.6711671167116712], "Uniform ensemble (Train acc)": 0.50844, "Uniform ensemble (Test acc)": 0.4763, "FedAvg (Train acc)": 0.0977, "FedAvg (Test acc)": 0.0982, "pdm_KL (Train acc)": 0.42884, "pdm_KL (Test acc)": 0.4238}, "comm 7": {"training timing": 585, "local_train_accs": [0.7777444511097781, 0.7063587282543491, 0.7600479904019196, 0.7501499700059988, 0.7501499700059988, 0.7698769876987699, 0.6957695769576958, 0.7428742874287428, 0.744974497449745, 0.7452745274527453, 0.7458745874587459, 0.7431743174317432, 0.7464746474647465, 0.7605760576057605, 0.7524752475247525],