{"seed": 3, "Data statistics": "{0: {0: 327, 1: 339, 2: 338, 3: 324, 4: 298, 5: 340, 6: 349, 7: 348, 8: 327, 9: 344}, 1: {0: 343, 1: 315, 2: 344, 3: 333, 4: 304, 5: 336, 6: 340, 7: 348, 8: 327, 9: 344}, 2: {0: 362, 1: 297, 2: 351, 3: 338, 4: 316, 5: 330, 6: 354, 7: 344, 8: 316, 9: 326}, 3: {0: 344, 1: 345, 2: 311, 3: 355, 4: 337, 5: 335, 6: 331, 7: 342, 8: 341, 9: 293}, 4: {0: 315, 1: 341, 2: 328, 3: 340, 4: 316, 5: 354, 6: 348, 7: 342, 8: 303, 9: 347}, 5: {0: 319, 1: 345, 2: 365, 3: 337, 4: 324, 5: 298, 6: 340, 7: 334, 8: 340, 9: 331}, 6: {0: 364, 1: 341, 2: 325, 3: 311, 4: 348, 5: 337, 6: 315, 7: 331, 8: 342, 9: 319}, 7: {0: 322, 1: 341, 2: 343, 3: 341, 4: 321, 5: 331, 6: 339, 7: 294, 8: 382, 9: 319}, 8: {0: 316, 1: 331, 2: 315, 3: 325, 4: 333, 5: 372, 6: 323, 7: 323, 8: 335, 9: 360}, 9: {0: 342, 1: 339, 2: 325, 3: 325, 4: 337, 5: 361, 6: 330, 7: 298, 8: 332, 9: 344}, 10: {0: 310, 1: 352, 2: 313, 3: 363, 4: 329, 5: 339, 6: 318, 7: 348, 8: 348, 9: 313}, 11: {0: 340, 1: 333, 2: 329, 3: 333, 4: 348, 5: 319, 6: 336, 7: 324, 8: 322, 9: 349}, 12: {0: 334, 1: 356, 2: 343, 3: 291, 4: 363, 5: 312, 6: 331, 7: 331, 8: 313, 9: 359}, 13: {0: 351, 1: 318, 2: 344, 3: 352, 4: 356, 5: 316, 6: 307, 7: 337, 8: 320, 9: 332}, 14: {0: 311, 1: 307, 2: 326, 3: 332, 4: 370, 5: 320, 6: 339, 7: 356, 8: 352, 9: 320}}", "comm 0": {"training timing": 902, "local_train_accs": [0.4334133173365327, 0.47390521895620874, 0.4346130773845231, 0.46070785842831435, 0.4466106778644271, 0.44344434443444347, 0.44734473447344736, 0.4158415841584158, 0.46144614461446143, 0.4377437743774377, 0.4371437143714371, 0.4458445844584458, 0.45304530453045305, 0.44884488448844884, 0.44134413441344134], "local_test_accs": [0.4334133173365327, 0.47390521895620874, 0.4346130773845231, 0.46070785842831435, 0.4466106778644271, 0.44344434443444347, 0.44734473447344736, 0.4158415841584158, 0.46144614461446143, 0.4377437743774377, 0.4371437143714371, 0.4458445844584458, 0.45304530453045305, 0.44884488448844884, 0.44134413441344134], "Uniform ensemble (Train acc)": 0.42024, "Uniform ensemble (Test acc)": 0.4216, "FedAvg (Train acc)": 0.1, "FedAvg (Test acc)": 0.1, "pdm_KL (Train acc)": 0.2882, "pdm_KL (Test acc)": 0.2902}, "comm 1": {"training timing": 1161, "local_train_accs": [0.5332933413317337, 0.5050989802039592, 0.5023995200959808, 0.46010797840431916, 0.519496100779844, 0.4965496549654965, 0.5139513951395139, 0.49324932493249324, 0.540954095409541, 0.5124512451245125, 0.504050405040504, 0.5313531353135313, 0.516951695169517, 0.5031503150315032, 0.48364836483648366], "local_test_accs": [0.5332933413317337, 0.5050989802039592, 0.5023995200959808, 0.46010797840431916, 0.519496100779844, 0.4965496549654965, 0.5139513951395139, 0.49324932493249324, 0.540954095409541, 0.5124512451245125, 0.504050405040504, 0.5313531353135313, 0.516951695169517, 0.5031503150315032, 0.48364836483648366], "Uniform ensemble (Train acc)": 0.44796, "Uniform ensemble (Test acc)": 0.4432, "FedAvg (Train acc)": 0.1, "FedAvg (Test acc)": 0.1, "pdm_KL (Train acc)": 0.37802, "pdm_KL (Test acc)": 0.3749}, "comm 2": {"training timing": 1325, "local_train_accs": [0.5446910617876425, 0.5761847630473905, 0.5635872825434913, 0.555488902219556, 0.52999400119976, 0.5274527452745275, 0.5697569756975698, 0.5664566456645664, 0.5532553255325533, 0.5613561356135613, 0.5073507350735074, 0.5541554155415541, 0.540954095409541, 0.5661566156615662, 0.5070507050705071], "local_test_accs": [0.5446910617876425, 0.5761847630473905, 0.5635872825434913, 0.555488902219556, 0.52999400119976, 0.5274527452745275, 0.5697569756975698, 0.5664566456645664, 0.5532553255325533, 0.5613561356135613, 0.5073507350735074, 0.5541554155415541, 0.540954095409541, 0.5661566156615662, 0.5070507050705071], "Uniform ensemble (Train acc)": 0.46586, "Uniform ensemble (Test acc)": 0.4554, "FedAvg (Train acc)": 0.10002, "FedAvg (Test acc)": 0.1, "pdm_KL (Train acc)": 0.3947, "pdm_KL (Test acc)": 0.3875}, "comm 3": {"training timing": 1474, "local_train_accs": [0.6196760647870426, 0.6517696460707858, 0.598380323935213, 0.5836832633473306, 0.590881823635273, 0.5814581458145814, 0.5925592559255926, 0.6126612661266126, 0.6096609660966097, 0.6003600360036003, 0.6006600660066007, 0.5667566756675667, 0.5979597959795979, 0.6225622562256226, 0.5760576057605761], "local_test_accs": [0.6196760647870426, 0.6517696460707858, 0.598380323935213, 0.5836832633473306, 0.590881823635273, 0.5814581458145814, 0.5925592559255926, 0.6126612661266126, 0.6096609660966097, 0.6003600360036003, 0.6006600660066007, 0.5667566756675667, 0.5979597959795979, 0.6225622562256226, 0.5760576057605761], "Uniform ensemble (Train acc)": 0.48226, "Uniform ensemble (Test acc)": 0.4623, "FedAvg (Train acc)": 0.10006, "FedAvg (Test acc)": 0.1, "pdm_KL (Train acc)": 0.41322, "pdm_KL (Test acc)": 0.4031}, "comm 4": {"training timing": 1544, "local_train_accs": [0.6577684463107378, 0.6625674865026995, 0.6289742051589682, 0.6505698860227954, 0.6280743851229754, 0.624062406240624, 0.6729672967296729, 0.6246624662466247, 0.6363636363636364, 0.6747674767476748, 0.6429642964296429, 0.6375637563756376, 0.6456645664566457, 0.6282628262826283, 0.6297629762976298], "local_test_accs": [0.6577684463107378, 0.6625674865026995, 0.6289742051589682, 0.6505698860227954, 0.6280743851229754, 0.624062406240624, 0.6729672967296729, 0.6246624662466247, 0.6363636363636364, 0.6747674767476748, 0.6429642964296429, 0.6375637563756376, 0.6456645664566457, 0.6282628262826283, 0.6297629762976298], "Uniform ensemble (Train acc)": 0.49284, "Uniform ensemble (Test acc)": 0.4734, "FedAvg (Train acc)": 0.10058, "FedAvg (Test acc)": 0.1007, "pdm_KL (Train acc)": 0.41982, "pdm_KL (Test acc)": 0.4122}, "comm 5": {"training timing": 1337, "local_train_accs": [0.707258548290342, 0.7426514697060588, 0.6805638872225555, 0.6379724055188962, 0.652369526094781, 0.6498649864986499, 0.7116711671167116, 0.6810681068106811, 0.6957695769576958, 0.699069906990699, 0.7110711071107111, 0.6792679267926792, 0.6846684668466847, 0.6603660366036603, 0.6633663366336634], "local_test_accs": [0.707258548290342, 0.7426514697060588, 0.6805638872225555, 0.6379724055188962, 0.652369526094781, 0.6498649864986499, 0.7116711671167116, 0.6810681068106811, 0.6957695769576958, 0.699069906990699, 0.7110711071107111, 0.6792679267926792, 0.6846684668466847, 0.6603660366036603, 0.6633663366336634], "Uniform ensemble (Train acc)": 0.50612, "Uniform ensemble (Test acc)": 0.4789, "FedAvg (Train acc)": 0.1033, "FedAvg (Test acc)": 0.1026, "pdm_KL (Train acc)": 0.4373, "pdm_KL (Test acc)": 0.4255}, "comm 6": {"training timing": 1298, "local_train_accs": [0.6715656868626275, 0.76124775044991, 0.7078584283143371, 0.7222555488902219, 0.6775644871025794, 0.7464746474647465, 0.7575757575757576, 0.7656765676567657, 0.7584758475847585, 0.7491749174917491, 0.6996699669966997, 0.7620762076207621, 0.744074407440744, 0.6768676867686768, 0.711971197119712], "local_test_accs": [0.6715656868626275, 0.76124775044991, 0.7078584283143371, 0.7222555488902219, 0.6775644871025794, 0.7464746474647465, 0.7575757575757576, 0.7656765676567657, 0.7584758475847585, 0.7491749174917491, 0.6996699669966997, 0.7620762076207621, 0.744074407440744, 0.6768676867686768, 0.711971197119712], "Uniform ensemble (Train acc)": 0.51316, "Uniform ensemble (Test acc)": 0.4863, "FedAvg (Train acc)": 0.10298, "FedAvg (Test acc)": 0.1023, "pdm_KL (Train acc)": 0.44512, "pdm_KL (Test acc)": 0.4364}, "comm 7": {"training timing": 1286, "local_train_accs": [0.7744451109778044, 0.7909418116376725, 0.7639472105578884, 0.7693461307738453, 0.7276544691061788, 0.6999699969997, 0.8073807380738074, 0.7686768676867687, 0.735973597359736, 0.7368736873687368, 0.7806780678067807, 0.7986798679867987, 0.7422742274227423, 0.7470747074707471, 0.7503750375037503],