{"seed": 9, "Data statistics": "{0: {0: 490, 1: 482, 2: 496, 3: 501, 4: 516, 5: 513, 6: 508, 7: 486, 8: 504, 9: 504}, 1: {0: 513, 1: 502, 2: 507, 3: 476, 4: 496, 5: 476, 6: 494, 7: 502, 8: 507, 9: 527}, 2: {0: 522, 1: 476, 2: 517, 3: 485, 4: 499, 5: 500, 6: 520, 7: 481, 8: 499, 9: 501}, 3: {0: 496, 1: 502, 2: 519, 3: 490, 4: 472, 5: 502, 6: 500, 7: 536, 8: 496, 9: 487}, 4: {0: 507, 1: 522, 2: 514, 3: 506, 4: 531, 5: 481, 6: 497, 7: 507, 8: 465, 9: 470}, 5: {0: 497, 1: 510, 2: 499, 3: 467, 4: 539, 5: 520, 6: 494, 7: 468, 8: 484, 9: 522}, 6: {0: 478, 1: 569, 2: 478, 3: 535, 4: 485, 5: 492, 6: 487, 7: 498, 8: 510, 9: 468}, 7: {0: 486, 1: 459, 2: 494, 3: 516, 4: 492, 5: 497, 6: 510, 7: 517, 8: 524, 9: 505}, 8: {0: 511, 1: 495, 2: 478, 3: 538, 4: 463, 5: 513, 6: 470, 7: 511, 8: 499, 9: 522}, 9: {0: 500, 1: 483, 2: 498, 3: 486, 4: 507, 5: 506, 6: 520, 7: 494, 8: 512, 9: 494}}", "loading time": 203, "local_train_accs": [0.1008, 0.2462, 0.2812, 0.1004, 0.106, 0.1078, 0.1856, 0.1012, 0.1044, 0.1942], "local_test_accs": [0.1, 0.2317, 0.2601, 0.1, 0.0999, 0.1, 0.1754, 0.1004, 0.1, 0.1872], "Uniform ensemble (Train acc)": 0.26498, "Uniform ensemble (Test acc)": 0.2633, "FedAvg (Train acc)": 0.1, "FedAvg (Test acc)": 0.1, "pdm_KL_reg 0": {"Best Result": {"Best Sigma0": 0.5, "Best sigma": 1, "Best gamma": 10, "Best Test accuracy": 0.2009, "Train acc": 0.19834}, "PDM log": "{(0.5, 1, 10): {'shapes': [(3072, 287), (287,), (287, 10), (10,)], 'train_accuracy': 0.19834, 'test_accuracy': 0.2009}}", "timing": 729}, "pdm_KL_reg 0.001": {"Best Result": {"Best Sigma0": 0.5, "Best sigma": 1, "Best gamma": 10, "Best Test accuracy": 0.2009, "Train acc": 0.19834}, "PDM log": "{(0.5, 1, 10): {'shapes': [(3072, 295), (295,), (295, 10), (10,)], 'train_accuracy': 0.19834, 'test_accuracy': 0.2009}}", "timing": 1149}, "pdm_KL_reg 0.005": {"Best Result": {"Best Sigma0": 0.5, "Best sigma": 1, "Best gamma": 10, "Best Test accuracy": 0.2009, "Train acc": 0.19834}, "PDM log": "{(0.5, 1, 10): {'shapes': [(3072, 295), (295,), (295, 10), (10,)], 'train_accuracy': 0.19834, 'test_accuracy': 0.2009}}", "timing": 1419}, "pdm_KL_reg 0.01": {"Best Result": {"Best Sigma0": 0.5, "Best sigma": 1, "Best gamma": 10, "Best Test accuracy": 0.2009, "Train acc": 0.19834}, "PDM log": "{(0.5, 1, 10): {'shapes': [(3072, 290), (290,), (290, 10), (10,)], 'train_accuracy': 0.19834, 'test_accuracy': 0.2009}}", "timing": 1312}, "pdm_KL_reg 0.05": {"Best Result": {"Best Sigma0": 0.5, "Best sigma": 1, "Best gamma": 10, "Best Test accuracy": 0.2009, "Train acc": 0.19834}, "PDM log": "{(0.5, 1, 10): {'shapes': [(3072, 290), (290,), (290, 10), (10,)], 'train_accuracy': 0.19834, 'test_accuracy': 0.2009}}", "timing": 1475}, "pdm_KL_reg 0.1": {"Best Result": {"Best Sigma0": 0.5, "Best sigma": 1, "Best gamma": 10, "Best Test accuracy": 0.2009, "Train acc": 0.19834}, "PDM log": "{(0.5, 1, 10): {'shapes': [(3072, 300), (300,), (300, 10), (10,)], 'train_accuracy': 0.19834, 'test_accuracy': 0.2009}}", "timing": 1408}, "pdm_KL_reg 0.5": {"Best Result": {"Best Sigma0": 0.5, "Best sigma": 1, "Best gamma": 10, "Best Test accuracy": 0.2164, "Train acc": 0.21882}, "PDM log": "{(0.5, 1, 10): {'shapes': [(3072, 353), (353,), (353, 10), (10,)], 'train_accuracy': 0.21882, 'test_accuracy': 0.2164}}", "timing": 1562}, "pdm_KL_reg 1": {"Best Result": {"Best Sigma0": 0.5, "Best sigma": 1, "Best gamma": 10, "Best Test accuracy": 0.2345, "Train acc": 0.23422}, "PDM log": "{(0.5, 1, 10): {'shapes': [(3072, 590), (590,), (590, 10), (10,)], 'train_accuracy': 0.23422, 'test_accuracy': 0.2345}}", "timing": 2168}, "pdm_KL_reg 2": {"Best Result": {"Best Sigma0": 0.5, "Best sigma": 1, "Best gamma": 10, "Best Test accuracy": 0.2093, "Train acc": 0.2082}, "PDM log": "{(0.5, 1, 10): {'shapes': [(3072, 700), (700,), (700, 10), (10,)], 'train_accuracy': 0.2082, 'test_accuracy': 0.2093}}", "timing": 2637}, "pdm_KL_reg 5": {"Best Result": {"Best Sigma0": 0.5, "Best sigma": 1, "Best gamma": 10, "Best Test accuracy": 0.1, "Train acc": 0.1}, "PDM log": "{(0.5, 1, 10): {'shapes': [(3072, 700), (700,), (700, 10), (10,)], 'train_accuracy': 0.1, 'test_accuracy': 0.1}}", "timing": 2820}, "pdm_KL_reg 10": {"Best Result": {"Best Sigma0": 0.5, "Best sigma": 1, "Best gamma": 10, "Best Test accuracy": 0.1, "Train acc": 0.1}, "PDM log": "{(0.5, 1, 10): {'shapes': [(3072, 700), (700,), (700, 10), (10,)], 'train_accuracy': 0.1, 'test_accuracy': 0.1}}", "timing": 2643}, "best_reg": 1}