{"seed": 4, "Data statistics": "{0: {0: 493, 1: 510, 2: 503, 3: 481, 4: 493, 5: 486, 6: 511, 7: 523, 8: 478, 9: 522}, 1: {0: 540, 1: 517, 2: 471, 3: 504, 4: 472, 5: 518, 6: 509, 7: 490, 8: 482, 9: 497}, 2: {0: 488, 1: 490, 2: 482, 3: 472, 4: 540, 5: 512, 6: 512, 7: 501, 8: 519, 9: 484}, 3: {0: 532, 1: 502, 2: 528, 3: 484, 4: 490, 5: 477, 6: 569, 7: 488, 8: 466, 9: 464}, 4: {0: 475, 1: 525, 2: 514, 3: 524, 4: 516, 5: 509, 6: 467, 7: 494, 8: 487, 9: 489}, 5: {0: 512, 1: 476, 2: 518, 3: 534, 4: 464, 5: 516, 6: 458, 7: 488, 8: 538, 9: 496}, 6: {0: 471, 1: 503, 2: 487, 3: 516, 4: 493, 5: 509, 6: 500, 7: 508, 8: 497, 9: 516}, 7: {0: 518, 1: 472, 2: 488, 3: 487, 4: 525, 5: 494, 6: 479, 7: 506, 8: 501, 9: 530}, 8: {0: 494, 1: 497, 2: 489, 3: 491, 4: 514, 5: 507, 6: 476, 7: 519, 8: 524, 9: 489}, 9: {0: 477, 1: 508, 2: 520, 3: 507, 4: 493, 5: 472, 6: 519, 7: 483, 8: 508, 9: 513}}", "loading time": 181, "local_train_accs": [0.1046, 0.1036, 0.108, 0.1056, 0.1718, 0.1076, 0.258, 0.1906, 0.1038, 0.1982], "local_test_accs": [0.1, 0.1, 0.0999, 0.1, 0.1761, 0.1, 0.2366, 0.1776, 0.1, 0.1848], "Uniform ensemble (Train acc)": 0.23836, "Uniform ensemble (Test acc)": 0.2338, "FedAvg (Train acc)": 0.1, "FedAvg (Test acc)": 0.1, "pdm_KL_reg 0": {"Best Result": {"Best Sigma0": 0.5, "Best sigma": 1, "Best gamma": 10, "Best Test accuracy": 0.2248, "Train acc": 0.22758}, "PDM log": "{(0.5, 1, 10): {'shapes': [(3072, 259), (259,), (259, 10), (10,)], 'train_accuracy': 0.22758, 'test_accuracy': 0.2248}}", "timing": 631}, "pdm_KL_reg 0.001": {"Best Result": {"Best Sigma0": 0.5, "Best sigma": 1, "Best gamma": 10, "Best Test accuracy": 0.2248, "Train acc": 0.22758}, "PDM log": "{(0.5, 1, 10): {'shapes': [(3072, 255), (255,), (255, 10), (10,)], 'train_accuracy': 0.22758, 'test_accuracy': 0.2248}}", "timing": 1182}, "pdm_KL_reg 0.005": {"Best Result": {"Best Sigma0": 0.5, "Best sigma": 1, "Best gamma": 10, "Best Test accuracy": 0.2248, "Train acc": 0.22758}, "PDM log": "{(0.5, 1, 10): {'shapes': [(3072, 253), (253,), (253, 10), (10,)], 'train_accuracy': 0.22758, 'test_accuracy': 0.2248}}", "timing": 1483}, "pdm_KL_reg 0.01": {"Best Result": {"Best Sigma0": 0.5, "Best sigma": 1, "Best gamma": 10, "Best Test accuracy": 0.2248, "Train acc": 0.22758}, "PDM log": "{(0.5, 1, 10): {'shapes': [(3072, 249), (249,), (249, 10), (10,)], 'train_accuracy': 0.22758, 'test_accuracy': 0.2248}}", "timing": 1177}, "pdm_KL_reg 0.05": {"Best Result": {"Best Sigma0": 0.5, "Best sigma": 1, "Best gamma": 10, "Best Test accuracy": 0.2248, "Train acc": 0.22758}, "PDM log": "{(0.5, 1, 10): {'shapes': [(3072, 254), (254,), (254, 10), (10,)], 'train_accuracy': 0.22758, 'test_accuracy': 0.2248}}", "timing": 1427}, "pdm_KL_reg 0.1": {"Best Result": {"Best Sigma0": 0.5, "Best sigma": 1, "Best gamma": 10, "Best Test accuracy": 0.2247, "Train acc": 0.2276}, "PDM log": "{(0.5, 1, 10): {'shapes': [(3072, 267), (267,), (267, 10), (10,)], 'train_accuracy': 0.2276, 'test_accuracy': 0.2247}}", "timing": 1361}, "pdm_KL_reg 0.5": {"Best Result": {"Best Sigma0": 0.5, "Best sigma": 1, "Best gamma": 10, "Best Test accuracy": 0.2248, "Train acc": 0.22758}, "PDM log": "{(0.5, 1, 10): {'shapes': [(3072, 335), (335,), (335, 10), (10,)], 'train_accuracy': 0.22758, 'test_accuracy': 0.2248}}", "timing": 1493}, "pdm_KL_reg 1": {"Best Result": {"Best Sigma0": 0.5, "Best sigma": 1, "Best gamma": 10, "Best Test accuracy": 0.2327, "Train acc": 0.23338}, "PDM log": "{(0.5, 1, 10): {'shapes': [(3072, 567), (567,), (567, 10), (10,)], 'train_accuracy': 0.23338, 'test_accuracy': 0.2327}}", "timing": 2293}, "pdm_KL_reg 2": {"Best Result": {"Best Sigma0": 0.5, "Best sigma": 1, "Best gamma": 10, "Best Test accuracy": 0.2326, "Train acc": 0.23336}, "PDM log": "{(0.5, 1, 10): {'shapes': [(3072, 687), (687,), (687, 10), (10,)], 'train_accuracy': 0.23336, 'test_accuracy': 0.2326}}", "timing": 2846}, "pdm_KL_reg 5": {"Best Result": {"Best Sigma0": 0.5, "Best sigma": 1, "Best gamma": 10, "Best Test accuracy": 0.1, "Train acc": 0.1}, "PDM log": "{(0.5, 1, 10): {'shapes': [(3072, 700), (700,), (700, 10), (10,)], 'train_accuracy': 0.1, 'test_accuracy': 0.1}}", "timing": 2707}, "pdm_KL_reg 10": {"Best Result": {"Best Sigma0": 0.5, "Best sigma": 1, "Best gamma": 10, "Best Test accuracy": 0.1, "Train acc": 0.1}, "PDM log": "{(0.5, 1, 10): {'shapes': [(3072, 700), (700,), (700, 10), (10,)], 'train_accuracy': 0.1, 'test_accuracy': 0.1}}", "timing": 2806}, "best_reg": 1}