{"seed": 2, "Data statistics": "{0: {0: 613, 1: 691, 2: 569, 3: 611, 4: 600, 5: 562, 6: 585, 7: 610, 8: 590, 9: 569}, 1: {0: 570, 1: 663, 2: 625, 3: 641, 4: 617, 5: 521, 6: 584, 7: 610, 8: 576, 9: 593}, 2: {0: 595, 1: 669, 2: 620, 3: 637, 4: 572, 5: 563, 6: 606, 7: 618, 8: 547, 9: 573}, 3: {0: 572, 1: 675, 2: 577, 3: 575, 4: 587, 5: 546, 6: 611, 7: 637, 8: 606, 9: 614}, 4: {0: 569, 1: 623, 2: 612, 3: 646, 4: 593, 5: 550, 6: 617, 7: 608, 8: 584, 9: 598}, 5: {0: 587, 1: 695, 2: 601, 3: 613, 4: 563, 5: 546, 6: 576, 7: 657, 8: 593, 9: 569}, 6: {0: 618, 1: 690, 2: 608, 3: 559, 4: 573, 5: 541, 6: 572, 7: 633, 8: 590, 9: 616}, 7: {0: 611, 1: 691, 2: 579, 3: 637, 4: 587, 5: 530, 6: 551, 7: 660, 8: 555, 9: 599}, 8: {0: 640, 1: 672, 2: 587, 3: 574, 4: 581, 5: 525, 6: 595, 7: 632, 8: 580, 9: 614}, 9: {0: 548, 1: 673, 2: 580, 3: 638, 4: 569, 5: 537, 6: 621, 7: 600, 8: 630, 9: 604}}", "loading time": 46, "local_train_accs": [0.9675, 0.9788333333333333, 0.9716666666666667, 0.976, 0.9673333333333334, 0.9775, 0.9735, 0.9543333333333334, 0.9596666666666667, 0.9535], "local_test_accs": [0.9264, 0.9374, 0.9298, 0.9353, 0.9276, 0.9358, 0.9369, 0.9062, 0.9131, 0.9111], "Uniform ensemble (Train acc)": 0.9649, "Uniform ensemble (Test acc)": 0.9644, "FedAvg (Train acc)": 0.09751666666666667, "FedAvg (Test acc)": 0.0974, "pdm_KL_reg 0": {"Best Result": {"Best Sigma0": 10, "Best sigma": 0.5, "Best gamma": 10, "Best Test accuracy": 0.9509, "Train acc": 0.9543833333333334}, "PDM log": "{(10, 0.5, 10): {'shapes': [(784, 700), (700,), (700, 558), (558,), (558, 315), (315,), (315, 127), (127,), (127, 10), (10,)], 'train_accuracy': 0.9543833333333334, 'test_accuracy': 0.9509}}", "timing": 781}, "pdm_KL_reg 0.001": {"Best Result": {"Best Sigma0": 10, "Best sigma": 0.5, "Best gamma": 10, "Best Test accuracy": 0.9494, "Train acc": 0.95305}, "PDM log": "{(10, 0.5, 10): {'shapes': [(784, 700), (700,), (700, 580), (580,), (580, 319), (319,), (319, 127), (127,), (127, 10), (10,)], 'train_accuracy': 0.95305, 'test_accuracy': 0.9494}}", "timing": 1175}, "pdm_KL_reg 0.005": {"Best Result": {"Best Sigma0": 10, "Best sigma": 0.5, "Best gamma": 10, "Best Test accuracy": 0.9491, "Train acc": 0.9496833333333333}, "PDM log": "{(10, 0.5, 10): {'shapes': [(784, 700), (700,), (700, 565), (565,), (565, 314), (314,), (314, 127), (127,), (127, 10), (10,)], 'train_accuracy': 0.9496833333333333, 'test_accuracy': 0.9491}}", "timing": 972}, "pdm_KL_reg 0.01": {"Best Result": {"Best Sigma0": 10, "Best sigma": 0.5, "Best gamma": 10, "Best Test accuracy": 0.9347, "Train acc": 0.93935}, "PDM log": "{(10, 0.5, 10): {'shapes': [(784, 700), (700,), (700, 556), (556,), (556, 313), (313,), (313, 127), (127,), (127, 10), (10,)], 'train_accuracy': 0.93935, 'test_accuracy': 0.9347}}", "timing": 1033}, "pdm_KL_reg 0.05": {"Best Result": {"Best Sigma0": 10, "Best sigma": 0.5, "Best gamma": 10, "Best Test accuracy": 0.9434, "Train acc": 0.9482833333333334}, "PDM log": "{(10, 0.5, 10): {'shapes': [(784, 700), (700,), (700, 549), (549,), (549, 309), (309,), (309, 127), (127,), (127, 10), (10,)], 'train_accuracy': 0.9482833333333334, 'test_accuracy': 0.9434}}", "timing": 999}, "pdm_KL_reg 0.1": {"Best Result": {"Best Sigma0": 10, "Best sigma": 0.5, "Best gamma": 10, "Best Test accuracy": 0.8805, "Train acc": 0.8859333333333334}, "PDM log": "{(10, 0.5, 10): {'shapes': [(784, 700), (700,), (700, 522), (522,), (522, 295), (295,), (295, 127), (127,), (127, 10), (10,)], 'train_accuracy': 0.8859333333333334, 'test_accuracy': 0.8805}}", "timing": 1096}, "pdm_KL_reg 0.5": {"Best Result": {"Best Sigma0": 10, "Best sigma": 0.5, "Best gamma": 10, "Best Test accuracy": 0.8458, "Train acc": 0.8507}, "PDM log": "{(10, 0.5, 10): {'shapes': [(784, 700), (700,), (700, 298), (298,), (298, 199), (199,), (199, 118), (118,), (118, 10), (10,)], 'train_accuracy': 0.8507, 'test_accuracy': 0.8458}}", "timing": 906}, "pdm_KL_reg 1": {"Best Result": {"Best Sigma0": 10, "Best sigma": 0.5, "Best gamma": 10, "Best Test accuracy": 0.7293, "Train acc": 0.72665}, "PDM log": "{(10, 0.5, 10): {'shapes': [(784, 532), (532,), (532, 136), (136,), (136, 136), (136,), (136, 127), (127,), (127, 10), (10,)], 'train_accuracy': 0.72665, 'test_accuracy': 0.7293}}", "timing": 430}, "pdm_KL_reg 2": {"Best Result": {"Best Sigma0": 10, "Best sigma": 0.5, "Best gamma": 10, "Best Test accuracy": 0.0974, "Train acc": 0.09751666666666667}, "PDM log": "{(10, 0.5, 10): {'shapes': [(784, 100), (100,), (100, 109), (109,), (109, 109), (109,), (109, 118), (118,), (118, 10), (10,)], 'train_accuracy': 0.09751666666666667, 'test_accuracy': 0.0974}}", "timing": 266}, "pdm_KL_reg 5": {"Best Result": {"Best Sigma0": 10, "Best sigma": 0.5, "Best gamma": 10, "Best Test accuracy": 0.0974, "Train acc": 0.09751666666666667}, "PDM log": "{(10, 0.5, 10): {'shapes': [(784, 100), (100,), (100, 100), (100,), (100, 100), (100,), (100, 118), (118,), (118, 10), (10,)], 'train_accuracy': 0.09751666666666667, 'test_accuracy': 0.0974}}", "timing": 244}, "pdm_KL_reg 10": {"Best Result": {"Best Sigma0": 10, "Best sigma": 0.5, "Best gamma": 10, "Best Test accuracy": 0.0974, "Train acc": 0.09751666666666667}, "PDM log": "{(10, 0.5, 10): {'shapes': [(784, 100), (100,), (100, 100), (100,), (100, 100), (100,), (100, 109), (109,), (109, 10), (10,)], 'train_accuracy': 0.09751666666666667, 'test_accuracy': 0.0974}}", "timing": 220}, "best_reg": 0}