{"seed": 3, "Data statistics": "{0: {0: 327, 1: 339, 2: 338, 3: 324, 4: 298, 5: 340, 6: 349, 7: 348, 8: 327, 9: 344}, 1: {0: 343, 1: 315, 2: 344, 3: 333, 4: 304, 5: 336, 6: 340, 7: 348, 8: 327, 9: 344}, 2: {0: 362, 1: 297, 2: 351, 3: 338, 4: 316, 5: 330, 6: 354, 7: 344, 8: 316, 9: 326}, 3: {0: 344, 1: 345, 2: 311, 3: 355, 4: 337, 5: 335, 6: 331, 7: 342, 8: 341, 9: 293}, 4: {0: 315, 1: 341, 2: 328, 3: 340, 4: 316, 5: 354, 6: 348, 7: 342, 8: 303, 9: 347}, 5: {0: 319, 1: 345, 2: 365, 3: 337, 4: 324, 5: 298, 6: 340, 7: 334, 8: 340, 9: 331}, 6: {0: 364, 1: 341, 2: 325, 3: 311, 4: 348, 5: 337, 6: 315, 7: 331, 8: 342, 9: 319}, 7: {0: 322, 1: 341, 2: 343, 3: 341, 4: 321, 5: 331, 6: 339, 7: 294, 8: 382, 9: 319}, 8: {0: 316, 1: 331, 2: 315, 3: 325, 4: 333, 5: 372, 6: 323, 7: 323, 8: 335, 9: 360}, 9: {0: 342, 1: 339, 2: 325, 3: 325, 4: 337, 5: 361, 6: 330, 7: 298, 8: 332, 9: 344}, 10: {0: 310, 1: 352, 2: 313, 3: 363, 4: 329, 5: 339, 6: 318, 7: 348, 8: 348, 9: 313}, 11: {0: 340, 1: 333, 2: 329, 3: 333, 4: 348, 5: 319, 6: 336, 7: 324, 8: 322, 9: 349}, 12: {0: 334, 1: 356, 2: 343, 3: 291, 4: 363, 5: 312, 6: 331, 7: 331, 8: 313, 9: 359}, 13: {0: 351, 1: 318, 2: 344, 3: 352, 4: 356, 5: 316, 6: 307, 7: 337, 8: 320, 9: 332}, 14: {0: 311, 1: 307, 2: 326, 3: 332, 4: 370, 5: 320, 6: 339, 7: 356, 8: 352, 9: 320}}", "local_train_accs": [0.44211157768446313, 0.40611877624475107, 0.4469106178764247, 0.42231553689262147, 0.4376124775044991, 0.4365436543654365, 0.4239423942394239, 0.4014401440144014, 0.47164716471647167, 0.3951395139513951, 0.43744374437443745, 0.38163816381638166, 0.4221422142214221, 0.42664266426642666, 0.41554155415541555], "local_test_accs": [0.3677, 0.3329, 0.3555, 0.348, 0.3509, 0.3573, 0.3434, 0.342, 0.3663, 0.3349, 0.363, 0.3154, 0.3485, 0.3417, 0.3291], "pdm_match": {}, "pdm_KL_match": {}, "pdm_KL2_match": {"Best Result": {"Best Sigma0": 1.0, "Best sigma": 0.1, "Best gamma": 50.0, "Best Test accuracy": 0.3968, "Train acc": 0.404}, "PDM log": "{(1.0, 1.0, 1.0): {'shapes': [(3072, 310), (310,), (310, 10), (10,)], 'train_accuracy': 0.39238, 'test_accuracy': 0.3911}, (10.0, 1.0, 1.0): {'shapes': [(3072, 114), (114,), (114, 10), (10,)], 'train_accuracy': 0.3048, 'test_accuracy': 0.2975}, (1.0, 0.1, 1.0): {'shapes': [(3072, 700), (700,), (700, 10), (10,)], 'train_accuracy': 0.40084, 'test_accuracy': 0.396}, (10.0, 0.1, 1.0): {'shapes': [(3072, 128), (128,), (128, 10), (10,)], 'train_accuracy': 0.28212, 'test_accuracy': 0.2809}, (1.0, 0.5, 1.0): {'shapes': [(3072, 700), (700,), (700, 10), (10,)], 'train_accuracy': 0.40348, 'test_accuracy': 0.402}, (10.0, 0.5, 1.0): {'shapes': [(3072, 114), (114,), (114, 10), (10,)], 'train_accuracy': 0.30004, 'test_accuracy': 0.2975}, (1.0, 1.0, 10.0): {'shapes': [(3072, 632), (632,), (632, 10), (10,)], 'train_accuracy': 0.403, 'test_accuracy': 0.4008}, (10.0, 1.0, 10.0): {'shapes': [(3072, 310), (310,), (310, 10), (10,)], 'train_accuracy': 0.3467, 'test_accuracy': 0.3423}, (1.0, 0.1, 10.0): {'shapes': [(3072, 700), (700,), (700, 10), (10,)], 'train_accuracy': 0.40344, 'test_accuracy': 0.3986}, (10.0, 0.1, 10.0): {'shapes': [(3072, 219), (219,), (219, 10), (10,)], 'train_accuracy': 0.25136, 'test_accuracy': 0.2511}, (1.0, 0.5, 10.0): {'shapes': [(3072, 700), (700,), (700, 10), (10,)], 'train_accuracy': 0.39636, 'test_accuracy': 0.3928}, (10.0, 0.5, 10.0): {'shapes': [(3072, 282), (282,), (282, 10), (10,)], 'train_accuracy': 0.28724, 'test_accuracy': 0.284}, (1.0, 1.0, 50.0): {'shapes': [(3072, 700), (700,), (700, 10), (10,)], 'train_accuracy': 0.40228, 'test_accuracy': 0.3974}, (10.0, 1.0, 50.0): {'shapes': [(3072, 310), (310,), (310, 10), (10,)], 'train_accuracy': 0.3347, 'test_accuracy': 0.334}, (1.0, 0.1, 50.0): {'shapes': [(3072, 700), (700,), (700, 10), (10,)], 'train_accuracy': 0.404, 'test_accuracy': 0.3968}, (10.0, 0.1, 50.0): {'shapes': [(3072, 511), (511,), (511, 10), (10,)], 'train_accuracy': 0.3502, 'test_accuracy': 0.3476}, (1.0, 0.5, 50.0): {'shapes': [(3072, 700), (700,), (700, 10), (10,)], 'train_accuracy': 0.40172, 'test_accuracy': 0.3973}, (10.0, 0.5, 50.0): {'shapes': [(3072, 347), (347,), (347, 10), (10,)], 'train_accuracy': 0.34812, 'test_accuracy': 0.3456}}"}}