{"seed": 4, "Data statistics": "{0: {0: 580, 1: 694, 2: 624, 3: 614, 4: 560, 5: 523, 6: 605, 7: 625, 8: 581, 9: 594}, 1: {0: 617, 1: 648, 2: 621, 3: 611, 4: 566, 5: 565, 6: 567, 7: 655, 8: 587, 9: 563}, 2: {0: 557, 1: 697, 2: 599, 3: 597, 4: 588, 5: 541, 6: 602, 7: 606, 8: 620, 9: 593}, 3: {0: 594, 1: 659, 2: 550, 3: 623, 4: 626, 5: 545, 6: 592, 7: 603, 8: 560, 9: 648}, 4: {0: 579, 1: 706, 2: 598, 3: 652, 4: 580, 5: 547, 6: 641, 7: 616, 8: 507, 9: 574}, 5: {0: 631, 1: 658, 2: 584, 3: 617, 4: 603, 5: 526, 6: 583, 7: 609, 8: 604, 9: 585}, 6: {0: 576, 1: 686, 2: 595, 3: 601, 4: 573, 5: 535, 6: 589, 7: 678, 8: 559, 9: 608}, 7: {0: 614, 1: 663, 2: 624, 3: 600, 4: 587, 5: 528, 6: 574, 7: 610, 8: 636, 9: 564}, 8: {0: 577, 1: 690, 2: 601, 3: 589, 4: 581, 5: 550, 6: 549, 7: 641, 8: 593, 9: 629}, 9: {0: 598, 1: 641, 2: 562, 3: 627, 4: 578, 5: 561, 6: 616, 7: 622, 8: 604, 9: 591}}", "loading time": 40, "local_train_accs": [0.9853333333333333, 0.9878333333333333, 0.993, 0.9936666666666667, 0.9886666666666667, 0.998, 0.9918333333333333, 0.9755, 0.9845, 0.9911666666666666], "local_test_accs": [0.9392, 0.94, 0.9427, 0.9407, 0.9364, 0.951, 0.9397, 0.9225, 0.9349, 0.945], "Uniform ensemble (Train acc)": 0.9718833333333333, "Uniform ensemble (Test acc)": 0.9678, "FedAvg (Train acc)": 0.19821666666666668, "FedAvg (Test acc)": 0.2052, "pdm_KL_reg 0": {"Best Result": {"Best Sigma0": 0.5, "Best sigma": 1, "Best gamma": 10, "Best Test accuracy": 0.9611, "Train acc": 0.9647}, "PDM log": "{(0.5, 1, 10): {'shapes': [(784, 286), (286,), (286, 10), (10,)], 'train_accuracy': 0.9647, 'test_accuracy': 0.9611}}", "timing": 84}, "pdm_KL_reg 0.001": {"Best Result": {"Best Sigma0": 0.5, "Best sigma": 1, "Best gamma": 10, "Best Test accuracy": 0.9601, "Train acc": 0.9634666666666667}, "PDM log": "{(0.5, 1, 10): {'shapes': [(784, 286), (286,), (286, 10), (10,)], 'train_accuracy': 0.9634666666666667, 'test_accuracy': 0.9601}}", "timing": 129}, "pdm_KL_reg 0.005": {"Best Result": {"Best Sigma0": 0.5, "Best sigma": 1, "Best gamma": 10, "Best Test accuracy": 0.9609, "Train acc": 0.9640666666666666}, "PDM log": "{(0.5, 1, 10): {'shapes': [(784, 286), (286,), (286, 10), (10,)], 'train_accuracy': 0.9640666666666666, 'test_accuracy': 0.9609}}", "timing": 86}, "pdm_KL_reg 0.01": {"Best Result": {"Best Sigma0": 0.5, "Best sigma": 1, "Best gamma": 10, "Best Test accuracy": 0.9618, "Train acc": 0.9646333333333333}, "PDM log": "{(0.5, 1, 10): {'shapes': [(784, 288), (288,), (288, 10), (10,)], 'train_accuracy': 0.9646333333333333, 'test_accuracy': 0.9618}}", "timing": 121}, "pdm_KL_reg 0.05": {"Best Result": {"Best Sigma0": 0.5, "Best sigma": 1, "Best gamma": 10, "Best Test accuracy": 0.9605, "Train acc": 0.9641}, "PDM log": "{(0.5, 1, 10): {'shapes': [(784, 299), (299,), (299, 10), (10,)], 'train_accuracy': 0.9641, 'test_accuracy': 0.9605}}", "timing": 149}, "pdm_KL_reg 0.1": {"Best Result": {"Best Sigma0": 0.5, "Best sigma": 1, "Best gamma": 10, "Best Test accuracy": 0.9631, "Train acc": 0.9652833333333334}, "PDM log": "{(0.5, 1, 10): {'shapes': [(784, 307), (307,), (307, 10), (10,)], 'train_accuracy': 0.9652833333333334, 'test_accuracy': 0.9631}}", "timing": 123}, "pdm_KL_reg 0.5": {"Best Result": {"Best Sigma0": 0.5, "Best sigma": 1, "Best gamma": 10, "Best Test accuracy": 0.9674, "Train acc": 0.9693833333333334}, "PDM log": "{(0.5, 1, 10): {'shapes': [(784, 448), (448,), (448, 10), (10,)], 'train_accuracy': 0.9693833333333334, 'test_accuracy': 0.9674}}", "timing": 226}, "pdm_KL_reg 1": {"Best Result": {"Best Sigma0": 0.5, "Best sigma": 1, "Best gamma": 10, "Best Test accuracy": 0.9666, "Train acc": 0.9717666666666667}, "PDM log": "{(0.5, 1, 10): {'shapes': [(784, 682), (682,), (682, 10), (10,)], 'train_accuracy': 0.9717666666666667, 'test_accuracy': 0.9666}}", "timing": 410}, "pdm_KL_reg 2": {"Best Result": {"Best Sigma0": 0.5, "Best sigma": 1, "Best gamma": 10, "Best Test accuracy": 0.9677, "Train acc": 0.9721333333333333}, "PDM log": "{(0.5, 1, 10): {'shapes': [(784, 694), (694,), (694, 10), (10,)], 'train_accuracy': 0.9721333333333333, 'test_accuracy': 0.9677}}", "timing": 410}, "pdm_KL_reg 5": {"Best Result": {"Best Sigma0": 0.5, "Best sigma": 1, "Best gamma": 10, "Best Test accuracy": 0.6784, "Train acc": 0.6759666666666667}, "PDM log": "{(0.5, 1, 10): {'shapes': [(784, 210), (210,), (210, 10), (10,)], 'train_accuracy': 0.6759666666666667, 'test_accuracy': 0.6784}}", "timing": 159}, "pdm_KL_reg 10": {"Best Result": {"Best Sigma0": 0.5, "Best sigma": 1, "Best gamma": 10, "Best Test accuracy": 0.2496, "Train acc": 0.2593666666666667}, "PDM log": "{(0.5, 1, 10): {'shapes': [(784, 163), (163,), (163, 10), (10,)], 'train_accuracy': 0.2593666666666667, 'test_accuracy': 0.2496}}", "timing": 72}, "best_reg": 2}