{"seed": 0, "Data statistics": "{0: {0: 953, 1: 142, 2: 141, 3: 75, 4: 695, 5: 819, 7: 2482}, 1: {0: 16, 1: 43, 2: 902, 3: 1650, 4: 86, 5: 182, 7: 693, 8: 110, 9: 6}, 2: {0: 9, 1: 8, 2: 290, 3: 769, 4: 841, 5: 283, 6: 119, 7: 1044, 8: 1014, 9: 58}, 3: {0: 395, 1: 1200, 2: 48, 3: 68, 4: 896, 5: 681, 6: 90, 7: 17, 8: 1351, 9: 301}, 4: {0: 504, 1: 2917, 2: 570, 3: 721, 4: 121, 5: 356}, 5: {0: 1262, 1: 71, 2: 325, 3: 119, 4: 1560, 5: 14, 6: 1, 7: 85, 8: 366}, 6: {0: 9, 1: 273, 2: 1657, 3: 40, 4: 1, 5: 130, 6: 1911, 7: 21, 8: 1160}, 7: {0: 722, 1: 3, 2: 281, 3: 738, 4: 22, 5: 974, 6: 624, 7: 1, 8: 82, 9: 878}, 8: {0: 1127, 1: 153, 2: 680, 3: 500, 4: 698, 5: 1139, 6: 92, 7: 23, 8: 1, 9: 3665}, 9: {0: 3, 1: 190, 2: 106, 3: 320, 4: 80, 5: 422, 6: 2163, 7: 634, 8: 916, 9: 92}}", "local_train_accs": [0.6318070472960241, 0.6363882863340564, 0.5972942502818489, 0.6344362987913612, 0.7016766236269031, 0.6502760978175125, 0.7168396770472895, 0.572485549132948, 0.6381530081703392, 0.6861550954120991], "local_test_accs": [0.2259, 0.2273, 0.2696, 0.3015, 0.2023, 0.1923, 0.2413, 0.2854, 0.2506, 0.2708], "Uniform ensemble (Train acc)": 0.41524, "Uniform ensemble (Test acc)": 0.4059, "FedAvg (Train acc)": 0.1, "FedAvg (Test acc)": 0.1, "pdm_match": {"Best Result": {"Best Sigma0": 10.0, "Best sigma": 0.1, "Best gamma": 50.0, "Best Test accuracy": 0.2498, "Train acc": 0.25674}, "PDM log": "{(1.0, 1.0, 1.0): {'shapes': [(3072, 527), (527,), (527, 100), (100,), (100, 100), (100,), (100, 100), (100,), (100, 100), (100,), (100, 100), (100,), (100, 10), (10,)], 'train_accuracy': 0.09078, 'test_accuracy': 0.0923}, (10.0, 1.0, 1.0): {'shapes': [(3072, 700), (700,), (700, 100), (100,), (100, 100), (100,), (100, 100), (100,), (100, 100), (100,), (100, 100), (100,), (100, 10), (10,)], 'train_accuracy': 0.09834, 'test_accuracy': 0.0983}, (1.0, 0.1, 1.0): {'shapes': [(3072, 700), (700,), (700, 186), (186,), (186, 177), (177,), (177, 177), (177,), (177, 161), (161,), (161, 103), (103,), (103, 10), (10,)], 'train_accuracy': 0.10002, 'test_accuracy': 0.1}, (10.0, 0.1, 1.0): {'shapes': [(3072, 700), (700,), (700, 225), (225,), (225, 213), (213,), (213, 203), (203,), (203, 185), (185,), (185, 104), (104,), (104, 10), (10,)], 'train_accuracy': 0.1, 'test_accuracy': 0.1}, (1.0, 0.5, 1.0): {'shapes': [(3072, 700), (700,), (700, 100), (100,), (100, 100), (100,), (100, 100), (100,), (100, 100), (100,), (100, 100), (100,), (100, 10), (10,)], 'train_accuracy': 0.10692, 'test_accuracy': 0.1058}, (10.0, 0.5, 1.0): {'shapes': [(3072, 700), (700,), (700, 100), (100,), (100, 100), (100,), (100, 100), (100,), (100, 100), (100,), (100, 101), (101,), (101, 10), (10,)], 'train_accuracy': 0.10286, 'test_accuracy': 0.1018}, (1.0, 1.0, 10.0): {'shapes': [(3072, 700), (700,), (700, 127), (127,), (127, 127), (127,), (127, 127), (127,), (127, 127), (127,), (127, 118), (118,), (118, 10), (10,)], 'train_accuracy': 0.1, 'test_accuracy': 0.1}, (10.0, 1.0, 10.0): {'shapes': [(3072, 700), (700,), (700, 136), (136,), (136, 136), (136,), (136, 127), (127,), (127, 127), (127,), (127, 127), (127,), (127, 10), (10,)], 'train_accuracy': 0.1, 'test_accuracy': 0.1}, (1.0, 0.1, 10.0): {'shapes': [(3072, 700), (700,), (700, 574), (574,), (574, 530), (530,), (530, 513), (513,), (513, 429), (429,), (429, 128), (128,), (128, 10), (10,)], 'train_accuracy': 0.16958, 'test_accuracy': 0.1692}, (10.0, 0.1, 10.0): {'shapes': [(3072, 700), (700,), (700, 658), (658,), (658, 667), (667,), (667, 649), (649,), (649, 516), (516,), (516, 128), (128,), (128, 10), (10,)], 'train_accuracy': 0.2491, 'test_accuracy': 0.2459}, (1.0, 0.5, 10.0): {'shapes': [(3072, 700), (700,), (700, 127), (127,), (127, 127), (127,), (127, 136), (136,), (136, 127), (127,), (127, 118), (118,), (118, 10), (10,)], 'train_accuracy': 0.1, 'test_accuracy': 0.1}, (10.0, 0.5, 10.0): {'shapes': [(3072, 700), (700,), (700, 145), (145,), (145, 145), (145,), (145, 145), (145,), (145, 145), (145,), (145, 127), (127,), (127, 10), (10,)], 'train_accuracy': 0.1, 'test_accuracy': 0.1}, (1.0, 1.0, 50.0): {'shapes': [(3072, 700), (700,), (700, 235), (235,), (235, 235), (235,), (235, 235), (235,), (235, 235), (235,), (235, 199), (199,), (199, 10), (10,)], 'train_accuracy': 0.1, 'test_accuracy': 0.1}, (10.0, 1.0, 50.0): {'shapes': [(3072, 700), (700,), (700, 271), (271,), (271, 271), (271,), (271, 271), (271,), (271, 271), (271,), (271, 226), (226,), (226, 10), (10,)], 'train_accuracy': 0.10002, 'test_accuracy': 0.1}, (1.0, 0.1, 50.0): {'shapes': [(3072, 700), (700,), (700, 700), (700,), (700, 700), (700,), (700, 700), (700,), (700, 700), (700,), (700, 226), (226,), (226, 10), (10,)], 'train_accuracy': 0.24266, 'test_accuracy': 0.2384}, (10.0, 0.1, 50.0): {'shapes': [(3072, 700), (700,), (700, 700), (700,), (700, 700), (700,), (700, 700), (700,), (700, 700), (700,), (700, 235), (235,), (235, 10), (10,)], 'train_accuracy': 0.25674, 'test_accuracy': 0.2498}, (1.0, 0.5, 50.0): {'shapes': [(3072, 700), (700,), (700, 271), (271,), (271, 271), (271,), (271, 271), (271,), (271, 262), (262,), (262, 208), (208,), (208, 10), (10,)], 'train_accuracy': 0.1001, 'test_accuracy': 0.1002}, (10.0, 0.5, 50.0): {'shapes': [(3072, 700), (700,), (700, 343), (343,), (343, 334), (334,), (334, 334), (334,), (334, 325), (325,), (325, 235), (235,), (235, 10), (10,)], 'train_accuracy': 0.10318, 'test_accuracy': 0.1033}}", "timing": "54341"}, "pdm_KL_match": {}, "pdm_KL2_match": {"Best Result": {"Best Sigma0": 10.0, "Best sigma": 1.0, "Best gamma": 1.0, "Best Test accuracy": 0.1017, "Train acc": 0.10346},