{"seed": 8, "Data statistics": "{0: {0: 378, 1: 2, 2: 448, 3: 87, 4: 480, 5: 21, 6: 442, 7: 56, 8: 1050, 9: 444}, 1: {0: 297, 1: 168, 2: 678, 3: 75, 4: 167, 5: 41, 6: 16, 7: 1757, 8: 1985}, 2: {0: 232, 1: 1211, 2: 80, 3: 846, 4: 560, 5: 20, 6: 960, 7: 239}, 3: {0: 286, 1: 76, 2: 153, 3: 751, 4: 611, 5: 971, 6: 130, 7: 23, 8: 10, 9: 270}, 4: {0: 126, 1: 207, 2: 53, 3: 141, 4: 1170, 5: 220, 6: 17, 7: 423, 9: 169}, 5: {0: 361, 1: 176, 2: 156, 3: 17, 4: 1117, 5: 222, 6: 1837, 7: 2, 8: 176}, 6: {0: 1669, 1: 90, 2: 504, 3: 13, 4: 421, 5: 30, 6: 41, 8: 28, 9: 34}, 7: {0: 53, 1: 1944, 2: 145, 3: 1905}, 8: {0: 310, 1: 111, 2: 9, 3: 202, 4: 251, 5: 260, 6: 515, 7: 1548, 8: 1962}, 9: {0: 97, 1: 123, 2: 43, 3: 82, 4: 120, 5: 433, 6: 6, 7: 318, 8: 393, 9: 219}, 10: {0: 119, 1: 175, 2: 2037, 3: 884, 4: 245, 5: 230, 6: 311}, 11: {0: 532, 1: 551, 2: 728, 3: 6, 4: 84, 5: 5, 6: 1118, 7: 1686}, 12: {0: 94, 1: 1090, 2: 231, 3: 1056, 4: 552, 5: 2052}, 13: {0: 853, 1: 776, 2: 322, 3: 4, 4: 47, 5: 480, 6: 149, 7: 87, 8: 233, 9: 209}, 14: {0: 516, 1: 42, 2: 371, 3: 62, 4: 17, 5: 436, 6: 376, 7: 126, 8: 14, 9: 4604}}", "loading time": 35, "local_train_accs": [0.9958920187793427, 0.9971064814814815, 0.9987945998071359, 0.9957330082291984, 1.0, 0.999507874015748, 1.0, 0.9915987150976031, 0.9883900928792569, 0.9994547437295529, 1.0, 0.9940552016985138, 0.9948768472906404, 0.9936708860759493, 0.9925350396099939], "local_test_accs": [0.7914, 0.7963, 0.7024, 0.8405, 0.8171, 0.7165, 0.7562, 0.4026, 0.7557, 0.8518, 0.6693, 0.6506, 0.5784, 0.8235, 0.7545], "Uniform ensemble (Train acc)": 0.9321, "Uniform ensemble (Test acc)": 0.9277, "FedAvg (Train acc)": 0.1697, "FedAvg (Test acc)": 0.175, "pdm_KL_reg 0": {"Best Result": {"Best Sigma0": 0.5, "Best sigma": 1, "Best gamma": 10, "Best Test accuracy": 0.8374, "Train acc": 0.8413666666666667}, "PDM log": "{(0.5, 1, 10): {'shapes': [(784, 334), (334,), (334, 10), (10,)], 'train_accuracy': 0.8413666666666667, 'test_accuracy': 0.8374}}", "timing": 85}, "pdm_KL_reg 0.001": {"Best Result": {"Best Sigma0": 0.5, "Best sigma": 1, "Best gamma": 10, "Best Test accuracy": 0.8355, "Train acc": 0.8406166666666667}, "PDM log": "{(0.5, 1, 10): {'shapes': [(784, 337), (337,), (337, 10), (10,)], 'train_accuracy': 0.8406166666666667, 'test_accuracy': 0.8355}}", "timing": 156}, "pdm_KL_reg 0.005": {"Best Result": {"Best Sigma0": 0.5, "Best sigma": 1, "Best gamma": 10, "Best Test accuracy": 0.8338, "Train acc": 0.8356166666666667}, "PDM log": "{(0.5, 1, 10): {'shapes': [(784, 339), (339,), (339, 10), (10,)], 'train_accuracy': 0.8356166666666667, 'test_accuracy': 0.8338}}", "timing": 133}, "pdm_KL_reg 0.01": {"Best Result": {"Best Sigma0": 0.5, "Best sigma": 1, "Best gamma": 10, "Best Test accuracy": 0.8373, "Train acc": 0.8424}, "PDM log": "{(0.5, 1, 10): {'shapes': [(784, 338), (338,), (338, 10), (10,)], 'train_accuracy': 0.8424, 'test_accuracy': 0.8373}}", "timing": 166}, "pdm_KL_reg 0.05": {"Best Result": {"Best Sigma0": 0.5, "Best sigma": 1, "Best gamma": 10, "Best Test accuracy": 0.8386, "Train acc": 0.84275}, "PDM log": "{(0.5, 1, 10): {'shapes': [(784, 343), (343,), (343, 10), (10,)], 'train_accuracy': 0.84275, 'test_accuracy': 0.8386}}", "timing": 171}, "pdm_KL_reg 0.1": {"Best Result": {"Best Sigma0": 0.5, "Best sigma": 1, "Best gamma": 10, "Best Test accuracy": 0.8405, "Train acc": 0.8457833333333333}, "PDM log": "{(0.5, 1, 10): {'shapes': [(784, 353), (353,), (353, 10), (10,)], 'train_accuracy': 0.8457833333333333, 'test_accuracy': 0.8405}}", "timing": 160}, "pdm_KL_reg 0.5": {"Best Result": {"Best Sigma0": 0.5, "Best sigma": 1, "Best gamma": 10, "Best Test accuracy": 0.8353, "Train acc": 0.8404333333333334}, "PDM log": "{(0.5, 1, 10): {'shapes': [(784, 464), (464,), (464, 10), (10,)], 'train_accuracy': 0.8404333333333334, 'test_accuracy': 0.8353}}", "timing": 251}, "pdm_KL_reg 1": {"Best Result": {"Best Sigma0": 0.5, "Best sigma": 1, "Best gamma": 10, "Best Test accuracy": 0.8384, "Train acc": 0.84385}, "PDM log": "{(0.5, 1, 10): {'shapes': [(784, 577), (577,), (577, 10), (10,)], 'train_accuracy': 0.84385, 'test_accuracy': 0.8384}}", "timing": 336}, "pdm_KL_reg 2": {"Best Result": {"Best Sigma0": 0.5, "Best sigma": 1, "Best gamma": 10, "Best Test accuracy": 0.8609, "Train acc": 0.8598166666666667}, "PDM log": "{(0.5, 1, 10): {'shapes': [(784, 392), (392,), (392, 10), (10,)], 'train_accuracy': 0.8598166666666667, 'test_accuracy': 0.8609}}", "timing": 260}, "pdm_KL_reg 5": {"Best Result": {"Best Sigma0": 0.5, "Best sigma": 1, "Best gamma": 10, "Best Test accuracy": 0.1234, "Train acc": 0.12698333333333334}, "PDM log": "{(0.5, 1, 10): {'shapes': [(784, 170), (170,), (170, 10), (10,)], 'train_accuracy': 0.12698333333333334, 'test_accuracy': 0.1234}}", "timing": 83}, "pdm_KL_reg 10": {"Best Result": {"Best Sigma0": 0.5, "Best sigma": 1, "Best gamma": 10, "Best Test accuracy": 0.1, "Train acc": 0.10056666666666667}, "PDM log": "{(0.5, 1, 10): {'shapes': [(784, 184), (184,), (184, 10), (10,)], 'train_accuracy': 0.10056666666666667, 'test_accuracy': 0.1}}", "timing": 79}, "best_reg": 2}