{"seed": 7, "Data statistics": "{0: {0: 32, 1: 868, 2: 12, 3: 983, 4: 1346, 5: 131, 6: 713}, 1: {0: 104, 1: 70, 3: 466, 4: 133, 5: 356, 6: 21, 7: 117, 8: 24, 9: 3094}, 2: {0: 2939, 1: 2050}, 3: {0: 363, 1: 346, 2: 1496, 3: 62, 4: 528, 5: 39, 6: 199, 7: 185, 8: 1368}, 4: {0: 207, 1: 3, 2: 84, 3: 11, 4: 1416, 5: 120, 6: 4, 7: 68, 8: 1, 9: 1174}, 5: {0: 88, 1: 108, 2: 23, 3: 73, 4: 146, 5: 817, 6: 47, 7: 293, 8: 2502}, 6: {0: 515, 1: 655, 2: 345, 3: 56, 4: 941, 5: 10, 6: 1164, 7: 15, 8: 175, 9: 339}, 7: {0: 89, 1: 804, 2: 2322, 3: 456, 4: 385}, 8: {0: 84, 1: 1155, 2: 749, 3: 136, 5: 249, 6: 38, 7: 2430}, 9: {0: 432, 1: 44, 2: 549, 3: 151, 4: 17, 5: 181, 6: 1754, 7: 712, 8: 431}, 10: {0: 210, 1: 4, 2: 2, 3: 204, 4: 207, 5: 41, 6: 21, 7: 215, 8: 34, 9: 221}, 11: {0: 593, 1: 64, 2: 23, 3: 773, 4: 1, 5: 1163, 6: 6, 8: 175, 9: 922}, 12: {0: 17, 1: 294, 2: 348, 3: 233, 4: 199, 5: 19, 6: 1066, 7: 1335, 8: 1118}, 13: {1: 109, 2: 2, 3: 144, 4: 409, 5: 510, 6: 884, 7: 895, 8: 22, 9: 199}, 14: {0: 250, 1: 168, 2: 3, 3: 2383, 4: 114, 5: 1785, 6: 1, 8: 1}}", "loading time": 43, "local_train_accs": [1.0, 1.0, 1.0, 0.9958569559529001, 0.9990284974093264, 0.9987795948254821, 0.9940688018979834, 0.9982741617357002, 0.9983474488741996, 1.0, 0.999137187230371, 0.9983870967741936, 0.9933030892201339, 0.9993698802772527, 1.0], "local_test_accs": [0.6124, 0.7741, 0.2113, 0.8132, 0.7065, 0.8073, 0.8179, 0.4912, 0.6556, 0.8214, 0.7496, 0.674, 0.7598, 0.7199, 0.4983], "Uniform ensemble (Train acc)": 0.93315, "Uniform ensemble (Test acc)": 0.9312, "FedAvg (Train acc)": 0.16815, "FedAvg (Test acc)": 0.1705, "pdm_KL_reg 0": {"Best Result": {"Best Sigma0": 0.5, "Best sigma": 1, "Best gamma": 10, "Best Test accuracy": 0.848, "Train acc": 0.85175}, "PDM log": "{(0.5, 1, 10): {'shapes': [(784, 342), (342,), (342, 10), (10,)], 'train_accuracy': 0.85175, 'test_accuracy': 0.848}}", "timing": 117}, "pdm_KL_reg 0.001": {"Best Result": {"Best Sigma0": 0.5, "Best sigma": 1, "Best gamma": 10, "Best Test accuracy": 0.8497, "Train acc": 0.85535}, "PDM log": "{(0.5, 1, 10): {'shapes': [(784, 336), (336,), (336, 10), (10,)], 'train_accuracy': 0.85535, 'test_accuracy': 0.8497}}", "timing": 159}, "pdm_KL_reg 0.005": {"Best Result": {"Best Sigma0": 0.5, "Best sigma": 1, "Best gamma": 10, "Best Test accuracy": 0.8451, "Train acc": 0.8493}, "PDM log": "{(0.5, 1, 10): {'shapes': [(784, 339), (339,), (339, 10), (10,)], 'train_accuracy': 0.8493, 'test_accuracy': 0.8451}}", "timing": 178}, "pdm_KL_reg 0.01": {"Best Result": {"Best Sigma0": 0.5, "Best sigma": 1, "Best gamma": 10, "Best Test accuracy": 0.8395, "Train acc": 0.8418166666666667}, "PDM log": "{(0.5, 1, 10): {'shapes': [(784, 335), (335,), (335, 10), (10,)], 'train_accuracy': 0.8418166666666667, 'test_accuracy': 0.8395}}", "timing": 158}, "pdm_KL_reg 0.05": {"Best Result": {"Best Sigma0": 0.5, "Best sigma": 1, "Best gamma": 10, "Best Test accuracy": 0.8461, "Train acc": 0.8508666666666667}, "PDM log": "{(0.5, 1, 10): {'shapes': [(784, 342), (342,), (342, 10), (10,)], 'train_accuracy': 0.8508666666666667, 'test_accuracy': 0.8461}}", "timing": 181}, "pdm_KL_reg 0.1": {"Best Result": {"Best Sigma0": 0.5, "Best sigma": 1, "Best gamma": 10, "Best Test accuracy": 0.8509, "Train acc": 0.85345}, "PDM log": "{(0.5, 1, 10): {'shapes': [(784, 359), (359,), (359, 10), (10,)], 'train_accuracy': 0.85345, 'test_accuracy': 0.8509}}", "timing": 201}, "pdm_KL_reg 0.5": {"Best Result": {"Best Sigma0": 0.5, "Best sigma": 1, "Best gamma": 10, "Best Test accuracy": 0.8435, "Train acc": 0.8478}, "PDM log": "{(0.5, 1, 10): {'shapes': [(784, 446), (446,), (446, 10), (10,)], 'train_accuracy': 0.8478, 'test_accuracy': 0.8435}}", "timing": 228}, "pdm_KL_reg 1": {"Best Result": {"Best Sigma0": 0.5, "Best sigma": 1, "Best gamma": 10, "Best Test accuracy": 0.845, "Train acc": 0.84895}, "PDM log": "{(0.5, 1, 10): {'shapes': [(784, 519), (519,), (519, 10), (10,)], 'train_accuracy': 0.84895, 'test_accuracy': 0.845}}", "timing": 309}, "pdm_KL_reg 2": {"Best Result": {"Best Sigma0": 0.5, "Best sigma": 1, "Best gamma": 10, "Best Test accuracy": 0.8308, "Train acc": 0.8288333333333333}, "PDM log": "{(0.5, 1, 10): {'shapes': [(784, 330), (330,), (330, 10), (10,)], 'train_accuracy': 0.8288333333333333, 'test_accuracy': 0.8308}}", "timing": 246}, "pdm_KL_reg 5": {"Best Result": {"Best Sigma0": 0.5, "Best sigma": 1, "Best gamma": 10, "Best Test accuracy": 0.1846, "Train acc": 0.18536666666666668}, "PDM log": "{(0.5, 1, 10): {'shapes': [(784, 170), (170,), (170, 10), (10,)], 'train_accuracy': 0.18536666666666668, 'test_accuracy': 0.1846}}", "timing": 79}, "pdm_KL_reg 10": {"Best Result": {"Best Sigma0": 0.5, "Best sigma": 1, "Best gamma": 10, "Best Test accuracy": 0.1524, "Train acc": 0.15531666666666666}, "PDM log": "{(0.5, 1, 10): {'shapes': [(784, 170), (170,), (170, 10), (10,)], 'train_accuracy': 0.15531666666666666, 'test_accuracy': 0.1524}}", "timing": 88}, "best_reg": 0.1}