{"seed": 6, "Data statistics": "{0: {0: 1658, 1: 4, 2: 651, 3: 1118, 4: 124, 5: 860}, 1: {0: 1935, 1: 263, 2: 66, 3: 326, 4: 564, 5: 466, 6: 105, 7: 42, 8: 1239}, 2: {0: 166, 1: 805, 2: 513, 3: 23, 4: 1356, 5: 147, 6: 590, 7: 290, 8: 412}, 3: {0: 19, 1: 25, 2: 1040, 3: 42, 4: 4, 5: 252, 6: 1123, 7: 26, 8: 448, 9: 204}, 4: {0: 107, 1: 31, 2: 15, 3: 32, 4: 1208, 5: 380, 6: 4, 7: 22, 8: 562, 9: 317}, 5: {0: 1, 1: 5, 2: 463, 3: 83, 4: 52, 5: 7, 6: 971, 7: 1318, 8: 39, 9: 1371}, 6: {0: 858, 1: 346, 2: 351, 3: 507, 4: 370, 5: 202, 6: 1628}, 7: {0: 46, 1: 1712, 2: 826, 3: 162, 4: 15, 5: 269, 6: 341, 7: 6, 8: 331, 9: 533}, 8: {0: 191, 1: 101, 2: 29, 3: 24, 4: 61, 5: 1, 6: 199, 7: 118, 8: 44, 9: 1504}, 9: {0: 6, 1: 2, 2: 363, 3: 1024, 4: 508, 5: 403, 6: 510, 7: 64, 8: 481, 9: 1606}, 10: {0: 333, 1: 481, 2: 422, 3: 1067, 4: 280, 5: 74, 6: 8, 8: 50, 9: 355}, 11: {0: 14, 1: 1781, 2: 347, 3: 630, 4: 132, 6: 3, 7: 1, 8: 1864}, 12: {0: 109, 1: 698, 2: 168, 3: 452, 4: 163, 5: 26, 6: 19, 7: 380, 8: 381, 9: 58}, 13: {0: 15, 1: 487, 2: 691, 3: 519, 4: 712, 5: 874, 6: 378, 7: 1941}, 14: {0: 465, 1: 1, 2: 13, 3: 122, 4: 293, 5: 1460, 6: 39, 7: 2057, 9: 1}}", "loading time": 49, "local_train_accs": [0.9907134767836919, 0.9958050339592489, 0.99814039981404, 1.0, 0.9992531740104555, 0.9756380510440835, 0.989206945096199, 0.9924546097618486, 0.9995598591549296, 0.9979867123011879, 0.9996742671009772, 1.0, 0.9995925020374898, 0.9992878760904398, 0.9883172320826781], "local_test_accs": [0.4789, 0.8106, 0.8277, 0.7908, 0.779, 0.5811, 0.6565, 0.7824, 0.7835, 0.7948, 0.7499, 0.5893, 0.8655, 0.759, 0.6575], "Uniform ensemble (Train acc)": 0.9581166666666666, "Uniform ensemble (Test acc)": 0.9557, "FedAvg (Train acc)": 0.1042, "FedAvg (Test acc)": 0.1041, "pdm_KL_reg 0": {"Best Result": {"Best Sigma0": 0.5, "Best sigma": 1, "Best gamma": 10, "Best Test accuracy": 0.8816, "Train acc": 0.8897}, "PDM log": "{(0.5, 1, 10): {'shapes': [(784, 339), (339,), (339, 10), (10,)], 'train_accuracy': 0.8897, 'test_accuracy': 0.8816}}", "timing": 113}, "pdm_KL_reg 0.001": {"Best Result": {"Best Sigma0": 0.5, "Best sigma": 1, "Best gamma": 10, "Best Test accuracy": 0.8825, "Train acc": 0.8879}, "PDM log": "{(0.5, 1, 10): {'shapes': [(784, 343), (343,), (343, 10), (10,)], 'train_accuracy': 0.8879, 'test_accuracy': 0.8825}}", "timing": 195}, "pdm_KL_reg 0.005": {"Best Result": {"Best Sigma0": 0.5, "Best sigma": 1, "Best gamma": 10, "Best Test accuracy": 0.8838, "Train acc": 0.8888833333333334}, "PDM log": "{(0.5, 1, 10): {'shapes': [(784, 345), (345,), (345, 10), (10,)], 'train_accuracy': 0.8888833333333334, 'test_accuracy': 0.8838}}", "timing": 176}, "pdm_KL_reg 0.01": {"Best Result": {"Best Sigma0": 0.5, "Best sigma": 1, "Best gamma": 10, "Best Test accuracy": 0.8811, "Train acc": 0.88685}, "PDM log": "{(0.5, 1, 10): {'shapes': [(784, 345), (345,), (345, 10), (10,)], 'train_accuracy': 0.88685, 'test_accuracy': 0.8811}}", "timing": 197}, "pdm_KL_reg 0.05": {"Best Result": {"Best Sigma0": 0.5, "Best sigma": 1, "Best gamma": 10, "Best Test accuracy": 0.8908, "Train acc": 0.8967333333333334}, "PDM log": "{(0.5, 1, 10): {'shapes': [(784, 348), (348,), (348, 10), (10,)], 'train_accuracy': 0.8967333333333334, 'test_accuracy': 0.8908}}", "timing": 196}, "pdm_KL_reg 0.1": {"Best Result": {"Best Sigma0": 0.5, "Best sigma": 1, "Best gamma": 10, "Best Test accuracy": 0.8872, "Train acc": 0.89255}, "PDM log": "{(0.5, 1, 10): {'shapes': [(784, 361), (361,), (361, 10), (10,)], 'train_accuracy': 0.89255, 'test_accuracy': 0.8872}}", "timing": 203}, "pdm_KL_reg 0.5": {"Best Result": {"Best Sigma0": 0.5, "Best sigma": 1, "Best gamma": 10, "Best Test accuracy": 0.8872, "Train acc": 0.8942}, "PDM log": "{(0.5, 1, 10): {'shapes': [(784, 483), (483,), (483, 10), (10,)], 'train_accuracy': 0.8942, 'test_accuracy': 0.8872}}", "timing": 252}, "pdm_KL_reg 1": {"Best Result": {"Best Sigma0": 0.5, "Best sigma": 1, "Best gamma": 10, "Best Test accuracy": 0.8878, "Train acc": 0.8938}, "PDM log": "{(0.5, 1, 10): {'shapes': [(784, 587), (587,), (587, 10), (10,)], 'train_accuracy': 0.8938, 'test_accuracy': 0.8878}}", "timing": 410}, "pdm_KL_reg 2": {"Best Result": {"Best Sigma0": 0.5, "Best sigma": 1, "Best gamma": 10, "Best Test accuracy": 0.8587, "Train acc": 0.8586833333333334}, "PDM log": "{(0.5, 1, 10): {'shapes': [(784, 501), (501,), (501, 10), (10,)], 'train_accuracy': 0.8586833333333334, 'test_accuracy': 0.8587}}", "timing": 357}, "pdm_KL_reg 5": {"Best Result": {"Best Sigma0": 0.5, "Best sigma": 1, "Best gamma": 10, "Best Test accuracy": 0.1744, "Train acc": 0.17861666666666667}, "PDM log": "{(0.5, 1, 10): {'shapes': [(784, 170), (170,), (170, 10), (10,)], 'train_accuracy': 0.17861666666666667, 'test_accuracy': 0.1744}}", "timing": 112}, "pdm_KL_reg 10": {"Best Result": {"Best Sigma0": 0.5, "Best sigma": 1, "Best gamma": 10, "Best Test accuracy": 0.0974, "Train acc": 0.09753333333333333}, "PDM log": "{(0.5, 1, 10): {'shapes': [(784, 198), (198,), (198, 10), (10,)], 'train_accuracy': 0.09753333333333333, 'test_accuracy': 0.0974}}", "timing": 95}, "best_reg": 0.05}