{"seed": 4, "Data statistics": "{0: {0: 2528, 1: 2544, 2: 2498, 3: 2465, 4: 2511, 5: 2502, 6: 2568, 7: 2496, 8: 2432, 9: 2456}, 1: {0: 2472, 1: 2456, 2: 2502, 3: 2535, 4: 2489, 5: 2498, 6: 2432, 7: 2504, 8: 2568, 9: 2544}}", "local_train_accs": [0.47392, 0.4498], "local_test_accs": [0.4431, 0.4222], "pdm_match": {}, "pdm_KL_match": {}, "pdm_KL2_match": {"Best Result": {"Best Sigma0": 1.0, "Best sigma": 1.0, "Best gamma": 10.0, "Best Test accuracy": 0.4508, "Train acc": 0.46344}, "PDM log": "{(1.0, 1.0, 1.0): {'shapes': [(3072, 129), (129,), (129, 10), (10,)], 'train_accuracy': 0.46298, 'test_accuracy': 0.4505}, (10.0, 1.0, 1.0): {'shapes': [(3072, 106), (106,), (106, 10), (10,)], 'train_accuracy': 0.40472, 'test_accuracy': 0.3945}, (1.0, 0.1, 1.0): {'shapes': [(3072, 186), (186,), (186, 10), (10,)], 'train_accuracy': 0.46098, 'test_accuracy': 0.4453}, (10.0, 0.1, 1.0): {'shapes': [(3072, 110), (110,), (110, 10), (10,)], 'train_accuracy': 0.40416, 'test_accuracy': 0.3933}, (1.0, 0.5, 1.0): {'shapes': [(3072, 176), (176,), (176, 10), (10,)], 'train_accuracy': 0.4625, 'test_accuracy': 0.4487}, (10.0, 0.5, 1.0): {'shapes': [(3072, 107), (107,), (107, 10), (10,)], 'train_accuracy': 0.3998, 'test_accuracy': 0.3901}, (1.0, 1.0, 10.0): {'shapes': [(3072, 174), (174,), (174, 10), (10,)], 'train_accuracy': 0.46344, 'test_accuracy': 0.4508}, (10.0, 1.0, 10.0): {'shapes': [(3072, 129), (129,), (129, 10), (10,)], 'train_accuracy': 0.46048, 'test_accuracy': 0.4452}, (1.0, 0.1, 10.0): {'shapes': [(3072, 191), (191,), (191, 10), (10,)], 'train_accuracy': 0.46098, 'test_accuracy': 0.4453}, (10.0, 0.1, 10.0): {'shapes': [(3072, 139), (139,), (139, 10), (10,)], 'train_accuracy': 0.45952, 'test_accuracy': 0.4458}, (1.0, 0.5, 10.0): {'shapes': [(3072, 184), (184,), (184, 10), (10,)], 'train_accuracy': 0.4625, 'test_accuracy': 0.4487}, (10.0, 0.5, 10.0): {'shapes': [(3072, 135), (135,), (135, 10), (10,)], 'train_accuracy': 0.4598, 'test_accuracy': 0.4458}, (1.0, 1.0, 50.0): {'shapes': [(3072, 185), (185,), (185, 10), (10,)], 'train_accuracy': 0.46344, 'test_accuracy': 0.4508}, (10.0, 1.0, 50.0): {'shapes': [(3072, 176), (176,), (176, 10), (10,)], 'train_accuracy': 0.46098, 'test_accuracy': 0.4453}, (1.0, 0.1, 50.0): {'shapes': [(3072, 196), (196,), (196, 10), (10,)], 'train_accuracy': 0.46098, 'test_accuracy': 0.4453}, (10.0, 0.1, 50.0): {'shapes': [(3072, 179), (179,), (179, 10), (10,)], 'train_accuracy': 0.45996, 'test_accuracy': 0.4458}, (1.0, 0.5, 50.0): {'shapes': [(3072, 191), (191,), (191, 10), (10,)], 'train_accuracy': 0.4625, 'test_accuracy': 0.4487}, (10.0, 0.5, 50.0): {'shapes': [(3072, 177), (177,), (177, 10), (10,)], 'train_accuracy': 0.46028, 'test_accuracy': 0.4458}}"}}