{"seed": 6, "Data statistics": "{0: {0: 2497, 1: 2457, 2: 2453, 3: 2519, 4: 2559, 5: 2483, 6: 2516, 7: 2440, 8: 2570, 9: 2506}, 1: {0: 2503, 1: 2543, 2: 2547, 3: 2481, 4: 2441, 5: 2517, 6: 2484, 7: 2560, 8: 2430, 9: 2494}}", "local_train_accs": [0.4316, 0.45076], "local_test_accs": [0.4013, 0.4251], "pdm_match": {}, "pdm_KL_match": {}, "pdm_KL2_match": {"Best Result": {"Best Sigma0": 1.0, "Best sigma": 1.0, "Best gamma": 50.0, "Best Test accuracy": 0.441, "Train acc": 0.4563}, "PDM log": "{(1.0, 1.0, 1.0): {'shapes': [(3072, 129), (129,), (129, 10), (10,)], 'train_accuracy': 0.45602, 'test_accuracy': 0.4399}, (10.0, 1.0, 1.0): {'shapes': [(3072, 106), (106,), (106, 10), (10,)], 'train_accuracy': 0.32368, 'test_accuracy': 0.3175}, (1.0, 0.1, 1.0): {'shapes': [(3072, 184), (184,), (184, 10), (10,)], 'train_accuracy': 0.44658, 'test_accuracy': 0.4299}, (10.0, 0.1, 1.0): {'shapes': [(3072, 110), (110,), (110, 10), (10,)], 'train_accuracy': 0.28056, 'test_accuracy': 0.2755}, (1.0, 0.5, 1.0): {'shapes': [(3072, 176), (176,), (176, 10), (10,)], 'train_accuracy': 0.45098, 'test_accuracy': 0.4337}, (10.0, 0.5, 1.0): {'shapes': [(3072, 108), (108,), (108, 10), (10,)], 'train_accuracy': 0.31816, 'test_accuracy': 0.309}, (1.0, 1.0, 10.0): {'shapes': [(3072, 175), (175,), (175, 10), (10,)], 'train_accuracy': 0.45628, 'test_accuracy': 0.441}, (10.0, 1.0, 10.0): {'shapes': [(3072, 129), (129,), (129, 10), (10,)], 'train_accuracy': 0.4459, 'test_accuracy': 0.4284}, (1.0, 0.1, 10.0): {'shapes': [(3072, 191), (191,), (191, 10), (10,)], 'train_accuracy': 0.44662, 'test_accuracy': 0.4299}, (10.0, 0.1, 10.0): {'shapes': [(3072, 140), (140,), (140, 10), (10,)], 'train_accuracy': 0.4445, 'test_accuracy': 0.4283}, (1.0, 0.5, 10.0): {'shapes': [(3072, 182), (182,), (182, 10), (10,)], 'train_accuracy': 0.45098, 'test_accuracy': 0.4337}, (10.0, 0.5, 10.0): {'shapes': [(3072, 134), (134,), (134, 10), (10,)], 'train_accuracy': 0.44496, 'test_accuracy': 0.4284}, (1.0, 1.0, 50.0): {'shapes': [(3072, 183), (183,), (183, 10), (10,)], 'train_accuracy': 0.4563, 'test_accuracy': 0.441}, (10.0, 1.0, 50.0): {'shapes': [(3072, 176), (176,), (176, 10), (10,)], 'train_accuracy': 0.44658, 'test_accuracy': 0.4299}, (1.0, 0.1, 50.0): {'shapes': [(3072, 195), (195,), (195, 10), (10,)], 'train_accuracy': 0.44662, 'test_accuracy': 0.4299}, (10.0, 0.1, 50.0): {'shapes': [(3072, 178), (178,), (178, 10), (10,)], 'train_accuracy': 0.445, 'test_accuracy': 0.4295}, (1.0, 0.5, 50.0): {'shapes': [(3072, 191), (191,), (191, 10), (10,)], 'train_accuracy': 0.45102, 'test_accuracy': 0.4337}, (10.0, 0.5, 50.0): {'shapes': [(3072, 177), (177,), (177, 10), (10,)], 'train_accuracy': 0.44564, 'test_accuracy': 0.4297}}"}}