{"seed": 6, "Data statistics": "{0: {0: 590, 1: 661, 2: 587, 3: 624, 4: 613, 5: 542, 6: 623, 7: 604, 8: 557, 9: 599}, 1: {0: 561, 1: 716, 2: 606, 3: 636, 4: 568, 5: 547, 6: 552, 7: 633, 8: 614, 9: 567}, 2: {0: 606, 1: 716, 2: 582, 3: 615, 4: 579, 5: 513, 6: 583, 7: 607, 8: 571, 9: 628}, 3: {0: 589, 1: 664, 2: 553, 3: 609, 4: 561, 5: 570, 6: 620, 7: 636, 8: 604, 9: 594}, 4: {0: 592, 1: 682, 2: 656, 3: 604, 4: 573, 5: 521, 6: 594, 7: 634, 8: 569, 9: 575}, 5: {0: 572, 1: 693, 2: 589, 3: 661, 4: 560, 5: 546, 6: 572, 7: 638, 8: 589, 9: 580}, 6: {0: 626, 1: 663, 2: 593, 3: 573, 4: 615, 5: 560, 6: 604, 7: 597, 8: 566, 9: 603}, 7: {0: 617, 1: 650, 2: 594, 3: 583, 4: 591, 5: 500, 6: 617, 7: 657, 8: 579, 9: 612}, 8: {0: 578, 1: 643, 2: 592, 3: 629, 4: 581, 5: 554, 6: 571, 7: 653, 8: 588, 9: 611}, 9: {0: 592, 1: 654, 2: 606, 3: 597, 4: 601, 5: 568, 6: 582, 7: 606, 8: 614, 9: 580}}", "local_train_accs": [0.9765, 0.991, 0.9821666666666666, 0.9858333333333333, 0.989, 0.987, 0.998, 0.9661666666666666, 0.9871666666666666, 0.9846666666666667], "local_test_accs": [0.9292, 0.9424, 0.9351, 0.9375, 0.9365, 0.9434, 0.9497, 0.9123, 0.9345, 0.9359], "pdm_match": {}, "pdm_KL_match": {}, "pdm_KL2_match": {"Best Result": {"Best Sigma0": 1.0, "Best sigma": 1.0, "Best gamma": 10.0, "Best Test accuracy": 0.9675, "Train acc": 0.9708}, "PDM log": "{(1.0, 1.0, 1.0): {'shapes': [(784, 690), (690,), (690, 10), (10,)], 'train_accuracy': 0.9707666666666667, 'test_accuracy': 0.9671}, (10.0, 1.0, 1.0): {'shapes': [(784, 226), (226,), (226, 10), (10,)], 'train_accuracy': 0.92805, 'test_accuracy': 0.9292}, (1.0, 0.1, 1.0): {'shapes': [(784, 700), (700,), (700, 10), (10,)], 'train_accuracy': 0.97055, 'test_accuracy': 0.9665}, (10.0, 0.1, 1.0): {'shapes': [(784, 307), (307,), (307, 10), (10,)], 'train_accuracy': 0.9563666666666667, 'test_accuracy': 0.955}, (1.0, 0.5, 1.0): {'shapes': [(784, 700), (700,), (700, 10), (10,)], 'train_accuracy': 0.9706, 'test_accuracy': 0.9674}, (10.0, 0.5, 1.0): {'shapes': [(784, 262), (262,), (262, 10), (10,)], 'train_accuracy': 0.9442666666666667, 'test_accuracy': 0.943}, (1.0, 1.0, 10.0): {'shapes': [(784, 700), (700,), (700, 10), (10,)], 'train_accuracy': 0.9708, 'test_accuracy': 0.9675}, (10.0, 1.0, 10.0): {'shapes': [(784, 595), (595,), (595, 10), (10,)], 'train_accuracy': 0.9680333333333333, 'test_accuracy': 0.9654}, (1.0, 0.1, 10.0): {'shapes': [(784, 700), (700,), (700, 10), (10,)], 'train_accuracy': 0.9706333333333333, 'test_accuracy': 0.9675}, (10.0, 0.1, 10.0): {'shapes': [(784, 658), (658,), (658, 10), (10,)], 'train_accuracy': 0.9701333333333333, 'test_accuracy': 0.9672}, (1.0, 0.5, 10.0): {'shapes': [(784, 700), (700,), (700, 10), (10,)], 'train_accuracy': 0.9706333333333333, 'test_accuracy': 0.9676}, (10.0, 0.5, 10.0): {'shapes': [(784, 658), (658,), (658, 10), (10,)], 'train_accuracy': 0.9701666666666666, 'test_accuracy': 0.9672}, (1.0, 1.0, 50.0): {'shapes': [(784, 700), (700,), (700, 10), (10,)], 'train_accuracy': 0.9707166666666667, 'test_accuracy': 0.9672}, (10.0, 1.0, 50.0): {'shapes': [(784, 685), (685,), (685, 10), (10,)], 'train_accuracy': 0.9704166666666667, 'test_accuracy': 0.9671}, (1.0, 0.1, 50.0): {'shapes': [(784, 700), (700,), (700, 10), (10,)], 'train_accuracy': 0.9706833333333333, 'test_accuracy': 0.9678}, (10.0, 0.1, 50.0): {'shapes': [(784, 700), (700,), (700, 10), (10,)], 'train_accuracy': 0.9706666666666667, 'test_accuracy': 0.9669}, (1.0, 0.5, 50.0): {'shapes': [(784, 700), (700,), (700, 10), (10,)], 'train_accuracy': 0.9706666666666667, 'test_accuracy': 0.9675}, (10.0, 0.5, 50.0): {'shapes': [(784, 694), (694,), (694, 10), (10,)], 'train_accuracy': 0.9707, 'test_accuracy': 0.9671}}"}}