{"seed": 1, "Data statistics": "{0: {0: 557, 1: 696, 2: 602, 3: 636, 4: 575, 5: 546, 6: 627, 7: 624, 8: 576, 9: 561}, 1: {0: 601, 1: 677, 2: 592, 3: 601, 4: 582, 5: 564, 6: 560, 7: 641, 8: 596, 9: 586}, 2: {0: 591, 1: 660, 2: 607, 3: 619, 4: 583, 5: 604, 6: 584, 7: 609, 8: 571, 9: 572}, 3: {0: 623, 1: 679, 2: 587, 3: 602, 4: 589, 5: 560, 6: 607, 7: 599, 8: 574, 9: 580}, 4: {0: 590, 1: 642, 2: 599, 3: 608, 4: 583, 5: 509, 6: 602, 7: 625, 8: 610, 9: 632}, 5: {0: 583, 1: 694, 2: 623, 3: 653, 4: 590, 5: 491, 6: 584, 7: 637, 8: 556, 9: 589}, 6: {0: 602, 1: 679, 2: 644, 3: 599, 4: 566, 5: 530, 6: 564, 7: 609, 8: 624, 9: 583}, 7: {0: 573, 1: 639, 2: 569, 3: 580, 4: 608, 5: 541, 6: 602, 7: 653, 8: 589, 9: 646}, 8: {0: 622, 1: 669, 2: 567, 3: 612, 4: 597, 5: 553, 6: 579, 7: 635, 8: 578, 9: 588}, 9: {0: 581, 1: 707, 2: 568, 3: 621, 4: 569, 5: 523, 6: 609, 7: 633, 8: 577, 9: 612}}", "local_train_accs": [0.98, 0.9926666666666667, 0.9816666666666667, 0.9525, 0.9766666666666667, 0.9868333333333333, 0.9893333333333333, 0.9941666666666666, 0.9875, 0.9915], "local_test_accs": [0.9265, 0.9481, 0.938, 0.9119, 0.9277, 0.935, 0.9425, 0.9465, 0.9293, 0.9369], "pdm_match": {}, "pdm_KL_match": {}, "pdm_KL2_match": {"Best Result": {"Best Sigma0": 1.0, "Best sigma": 1.0, "Best gamma": 1.0, "Best Test accuracy": 0.9682, "Train acc": 0.9711833333333333}, "PDM log": "{(1.0, 1.0, 1.0): {'shapes': [(784, 681), (681,), (681, 10), (10,)], 'train_accuracy': 0.9711833333333333, 'test_accuracy': 0.9682}, (10.0, 1.0, 1.0): {'shapes': [(784, 217), (217,), (217, 10), (10,)], 'train_accuracy': 0.9307833333333333, 'test_accuracy': 0.9272}, (1.0, 0.1, 1.0): {'shapes': [(784, 700), (700,), (700, 10), (10,)], 'train_accuracy': 0.9709333333333333, 'test_accuracy': 0.9698}, (10.0, 0.1, 1.0): {'shapes': [(784, 316), (316,), (316, 10), (10,)], 'train_accuracy': 0.9369666666666666, 'test_accuracy': 0.9354}, (1.0, 0.5, 1.0): {'shapes': [(784, 700), (700,), (700, 10), (10,)], 'train_accuracy': 0.9709833333333333, 'test_accuracy': 0.9691}, (10.0, 0.5, 1.0): {'shapes': [(784, 253), (253,), (253, 10), (10,)], 'train_accuracy': 0.93675, 'test_accuracy': 0.935}, (1.0, 1.0, 10.0): {'shapes': [(784, 700), (700,), (700, 10), (10,)], 'train_accuracy': 0.9707666666666667, 'test_accuracy': 0.9688}, (10.0, 1.0, 10.0): {'shapes': [(784, 559), (559,), (559, 10), (10,)], 'train_accuracy': 0.9695333333333334, 'test_accuracy': 0.9671}, (1.0, 0.1, 10.0): {'shapes': [(784, 700), (700,), (700, 10), (10,)], 'train_accuracy': 0.9710666666666666, 'test_accuracy': 0.9692}, (10.0, 0.1, 10.0): {'shapes': [(784, 676), (676,), (676, 10), (10,)], 'train_accuracy': 0.9708, 'test_accuracy': 0.9693}, (1.0, 0.5, 10.0): {'shapes': [(784, 700), (700,), (700, 10), (10,)], 'train_accuracy': 0.9709833333333333, 'test_accuracy': 0.9689}, (10.0, 0.5, 10.0): {'shapes': [(784, 622), (622,), (622, 10), (10,)], 'train_accuracy': 0.97095, 'test_accuracy': 0.9688}, (1.0, 1.0, 50.0): {'shapes': [(784, 700), (700,), (700, 10), (10,)], 'train_accuracy': 0.9708833333333333, 'test_accuracy': 0.969}, (10.0, 1.0, 50.0): {'shapes': [(784, 667), (667,), (667, 10), (10,)], 'train_accuracy': 0.9706833333333333, 'test_accuracy': 0.9692}, (1.0, 0.1, 50.0): {'shapes': [(784, 700), (700,), (700, 10), (10,)], 'train_accuracy': 0.9707833333333333, 'test_accuracy': 0.9687}, (10.0, 0.1, 50.0): {'shapes': [(784, 700), (700,), (700, 10), (10,)], 'train_accuracy': 0.9710333333333333, 'test_accuracy': 0.9693}, (1.0, 0.5, 50.0): {'shapes': [(784, 700), (700,), (700, 10), (10,)], 'train_accuracy': 0.97095, 'test_accuracy': 0.969}, (10.0, 0.5, 50.0): {'shapes': [(784, 685), (685,), (685, 10), (10,)], 'train_accuracy': 0.9708833333333333, 'test_accuracy': 0.9692}}"}}