{"seed": 6, "Data statistics": "{0: {0: 590, 1: 661, 2: 587, 3: 624, 4: 613, 5: 542, 6: 623, 7: 604, 8: 557, 9: 599}, 1: {0: 561, 1: 716, 2: 606, 3: 636, 4: 568, 5: 547, 6: 552, 7: 633, 8: 614, 9: 567}, 2: {0: 606, 1: 716, 2: 582, 3: 615, 4: 579, 5: 513, 6: 583, 7: 607, 8: 571, 9: 628}, 3: {0: 589, 1: 664, 2: 553, 3: 609, 4: 561, 5: 570, 6: 620, 7: 636, 8: 604, 9: 594}, 4: {0: 592, 1: 682, 2: 656, 3: 604, 4: 573, 5: 521, 6: 594, 7: 634, 8: 569, 9: 575}, 5: {0: 572, 1: 693, 2: 589, 3: 661, 4: 560, 5: 546, 6: 572, 7: 638, 8: 589, 9: 580}, 6: {0: 626, 1: 663, 2: 593, 3: 573, 4: 615, 5: 560, 6: 604, 7: 597, 8: 566, 9: 603}, 7: {0: 617, 1: 650, 2: 594, 3: 583, 4: 591, 5: 500, 6: 617, 7: 657, 8: 579, 9: 612}, 8: {0: 578, 1: 643, 2: 592, 3: 629, 4: 581, 5: 554, 6: 571, 7: 653, 8: 588, 9: 611}, 9: {0: 592, 1: 654, 2: 606, 3: 597, 4: 601, 5: 568, 6: 582, 7: 606, 8: 614, 9: 580}}", "loading time": 37, "local_train_accs": [0.968, 0.9596666666666667, 0.9503333333333334, 0.9678333333333333, 0.9286666666666666, 0.9578333333333333, 0.9536666666666667, 0.96, 0.9536666666666667, 0.957], "local_test_accs": [0.9314, 0.9177, 0.9146, 0.9285, 0.8978, 0.9202, 0.9147, 0.9231, 0.917, 0.9278], "Uniform ensemble (Train acc)": 0.9596666666666667, "Uniform ensemble (Test acc)": 0.958, "FedAvg (Train acc)": 0.09751666666666667, "FedAvg (Test acc)": 0.0974, "pdm_KL_reg 0": {"Best Result": {"Best Sigma0": 0.5, "Best sigma": 1, "Best gamma": 10, "Best Test accuracy": 0.0974, "Train acc": 0.09751666666666667}, "PDM log": "{(0.5, 1, 10): {'shapes': [(784, 225), (225,), (225, 127), (127,), (127, 118), (118,), (118, 118), (118,), (118, 118), (118,), (118, 118), (118,), (118, 10), (10,)], 'train_accuracy': 0.09751666666666667, 'test_accuracy': 0.0974}}", "timing": 122}, "pdm_KL_reg 0.001": {"Best Result": {"Best Sigma0": 0.5, "Best sigma": 1, "Best gamma": 10, "Best Test accuracy": 0.0974, "Train acc": 0.09751666666666667}, "PDM log": "{(0.5, 1, 10): {'shapes': [(784, 226), (226,), (226, 118), (118,), (118, 118), (118,), (118, 118), (118,), (118, 127), (127,), (127, 118), (118,), (118, 10), (10,)], 'train_accuracy': 0.09751666666666667, 'test_accuracy': 0.0974}}", "timing": 204}, "pdm_KL_reg 0.005": {"Best Result": {"Best Sigma0": 0.5, "Best sigma": 1, "Best gamma": 10, "Best Test accuracy": 0.0974, "Train acc": 0.09751666666666667}, "PDM log": "{(0.5, 1, 10): {'shapes': [(784, 226), (226,), (226, 126), (126,), (126, 127), (127,), (127, 118), (118,), (118, 118), (118,), (118, 118), (118,), (118, 10), (10,)], 'train_accuracy': 0.09751666666666667, 'test_accuracy': 0.0974}}", "timing": 198}, "pdm_KL_reg 0.01": {"Best Result": {"Best Sigma0": 0.5, "Best sigma": 1, "Best gamma": 10, "Best Test accuracy": 0.0974, "Train acc": 0.09751666666666667}, "PDM log": "{(0.5, 1, 10): {'shapes': [(784, 226), (226,), (226, 127), (127,), (127, 118), (118,), (118, 118), (118,), (118, 118), (118,), (118, 118), (118,), (118, 10), (10,)], 'train_accuracy': 0.09751666666666667, 'test_accuracy': 0.0974}}", "timing": 282}, "pdm_KL_reg 0.05": {"Best Result": {"Best Sigma0": 0.5, "Best sigma": 1, "Best gamma": 10, "Best Test accuracy": 0.0974, "Train acc": 0.09751666666666667}, "PDM log": "{(0.5, 1, 10): {'shapes': [(784, 228), (228,), (228, 127), (127,), (127, 118), (118,), (118, 127), (127,), (127, 118), (118,), (118, 118), (118,), (118, 10), (10,)], 'train_accuracy': 0.09751666666666667, 'test_accuracy': 0.0974}}", "timing": 225}, "pdm_KL_reg 0.1": {"Best Result": {"Best Sigma0": 0.5, "Best sigma": 1, "Best gamma": 10, "Best Test accuracy": 0.0974, "Train acc": 0.09751666666666667}, "PDM log": "{(0.5, 1, 10): {'shapes': [(784, 243), (243,), (243, 127), (127,), (127, 118), (118,), (118, 118), (118,), (118, 127), (127,), (127, 118), (118,), (118, 10), (10,)], 'train_accuracy': 0.09751666666666667, 'test_accuracy': 0.0974}}", "timing": 236}, "pdm_KL_reg 0.5": {"Best Result": {"Best Sigma0": 0.5, "Best sigma": 1, "Best gamma": 10, "Best Test accuracy": 0.0974, "Train acc": 0.09751666666666667}, "PDM log": "{(0.5, 1, 10): {'shapes': [(784, 368), (368,), (368, 127), (127,), (127, 127), (127,), (127, 127), (127,), (127, 127), (127,), (127, 118), (118,), (118, 10), (10,)], 'train_accuracy': 0.09751666666666667, 'test_accuracy': 0.0974}}", "timing": 303}, "pdm_KL_reg 1": {"Best Result": {"Best Sigma0": 0.5, "Best sigma": 1, "Best gamma": 10, "Best Test accuracy": 0.098, "Train acc": 0.09773333333333334}, "PDM log": "{(0.5, 1, 10): {'shapes': [(784, 554), (554,), (554, 136), (136,), (136, 127), (127,), (127, 127), (127,), (127, 127), (127,), (127, 118), (118,), (118, 10), (10,)], 'train_accuracy': 0.09773333333333334, 'test_accuracy': 0.098}}", "timing": 320}, "pdm_KL_reg 2": {"Best Result": {"Best Sigma0": 0.5, "Best sigma": 1, "Best gamma": 10, "Best Test accuracy": 0.0974, "Train acc": 0.09751666666666667}, "PDM log": "{(0.5, 1, 10): {'shapes': [(784, 589), (589,), (589, 163), (163,), (163, 154), (154,), (154, 145), (145,), (145, 136), (136,), (136, 127), (127,), (127, 10), (10,)], 'train_accuracy': 0.09751666666666667, 'test_accuracy': 0.0974}}", "timing": 300}, "pdm_KL_reg 5": {"Best Result": {"Best Sigma0": 0.5, "Best sigma": 1, "Best gamma": 10, "Best Test accuracy": 0.0974, "Train acc": 0.09751666666666667}, "PDM log": "{(0.5, 1, 10): {'shapes': [(784, 283), (283,), (283, 208), (208,), (208, 172), (172,), (172, 154), (154,), (154, 154), (154,), (154, 127), (127,), (127, 10), (10,)], 'train_accuracy': 0.09751666666666667, 'test_accuracy': 0.0974}}", "timing": 221}, "pdm_KL_reg 10": {"Best Result": {"Best Sigma0": 0.5, "Best sigma": 1, "Best gamma": 10, "Best Test accuracy": 0.0974, "Train acc": 0.09751666666666667}, "PDM log": "{(0.5, 1, 10): {'shapes': [(784, 226), (226,), (226, 251), (251,), (251, 217), (217,), (217, 181), (181,), (181, 172), (172,), (172, 127), (127,), (127, 10), (10,)], 'train_accuracy': 0.09751666666666667, 'test_accuracy': 0.0974}}", "timing": 267}, "best_reg": 1}