{"seed": 9, "Data statistics": "{0: {0: 598, 1: 728, 2: 564, 3: 603, 4: 586, 5: 530, 6: 612, 7: 624, 8: 566, 9: 589}, 1: {0: 563, 1: 676, 2: 586, 3: 616, 4: 577, 5: 556, 6: 577, 7: 649, 8: 605, 9: 595}, 2: {0: 620, 1: 667, 2: 583, 3: 639, 4: 578, 5: 532, 6: 603, 7: 583, 8: 558, 9: 637}, 3: {0: 588, 1: 689, 2: 594, 3: 604, 4: 561, 5: 551, 6: 585, 7: 658, 8: 580, 9: 590}, 4: {0: 601, 1: 679, 2: 570, 3: 626, 4: 610, 5: 558, 6: 563, 7: 634, 8: 591, 9: 568}, 5: {0: 588, 1: 639, 2: 616, 3: 626, 4: 579, 5: 545, 6: 570, 7: 626, 8: 593, 9: 618}, 6: {0: 589, 1: 685, 2: 623, 3: 599, 4: 599, 5: 526, 6: 599, 7: 614, 8: 608, 9: 558}, 7: {0: 590, 1: 667, 2: 618, 3: 633, 4: 582, 5: 498, 6: 604, 7: 596, 8: 594, 9: 618}, 8: {0: 586, 1: 666, 2: 650, 3: 570, 4: 599, 5: 533, 6: 573, 7: 660, 8: 563, 9: 600}, 9: {0: 600, 1: 646, 2: 554, 3: 615, 4: 571, 5: 592, 6: 632, 7: 621, 8: 593, 9: 576}}", "loading time": 18, "local_train_accs": [0.954, 0.9663333333333334, 0.9661666666666666, 0.9738333333333333, 0.9671666666666666, 0.9531666666666667, 0.9593333333333334, 0.9655, 0.9725, 0.9206666666666666], "local_test_accs": [0.9188, 0.9226, 0.926, 0.9352, 0.9373, 0.9183, 0.9235, 0.929, 0.9342, 0.889], "Uniform ensemble (Train acc)": 0.9606166666666667, "Uniform ensemble (Test acc)": 0.958, "FedAvg (Train acc)": 0.09751666666666667, "FedAvg (Test acc)": 0.0974, "pdm_KL_reg 0": {"Best Result": {"Best Sigma0": 0.5, "Best sigma": 1, "Best gamma": 10, "Best Test accuracy": 0.0974, "Train acc": 0.09751666666666667}, "PDM log": "{(0.5, 1, 10): {'shapes': [(784, 223), (223,), (223, 118), (118,), (118, 118), (118,), (118, 118), (118,), (118, 118), (118,), (118, 118), (118,), (118, 10), (10,)], 'train_accuracy': 0.09751666666666667, 'test_accuracy': 0.0974}}", "timing": 64}, "pdm_KL_reg 0.001": {"Best Result": {"Best Sigma0": 0.5, "Best sigma": 1, "Best gamma": 10, "Best Test accuracy": 0.0974, "Train acc": 0.09751666666666667}, "PDM log": "{(0.5, 1, 10): {'shapes': [(784, 225), (225,), (225, 118), (118,), (118, 118), (118,), (118, 118), (118,), (118, 118), (118,), (118, 118), (118,), (118, 10), (10,)], 'train_accuracy': 0.09751666666666667, 'test_accuracy': 0.0974}}", "timing": 73}, "pdm_KL_reg 0.005": {"Best Result": {"Best Sigma0": 0.5, "Best sigma": 1, "Best gamma": 10, "Best Test accuracy": 0.0974, "Train acc": 0.09751666666666667}, "PDM log": "{(0.5, 1, 10): {'shapes': [(784, 223), (223,), (223, 127), (127,), (127, 118), (118,), (118, 118), (118,), (118, 118), (118,), (118, 118), (118,), (118, 10), (10,)], 'train_accuracy': 0.09751666666666667, 'test_accuracy': 0.0974}}", "timing": 73}, "pdm_KL_reg 0.01": {"Best Result": {"Best Sigma0": 0.5, "Best sigma": 1, "Best gamma": 10, "Best Test accuracy": 0.0974, "Train acc": 0.09751666666666667}, "PDM log": "{(0.5, 1, 10): {'shapes': [(784, 232), (232,), (232, 125), (125,), (125, 120), (120,), (120, 118), (118,), (118, 118), (118,), (118, 118), (118,), (118, 10), (10,)], 'train_accuracy': 0.09751666666666667, 'test_accuracy': 0.0974}}", "timing": 75}, "pdm_KL_reg 0.05": {"Best Result": {"Best Sigma0": 0.5, "Best sigma": 1, "Best gamma": 10, "Best Test accuracy": 0.0974, "Train acc": 0.09751666666666667}, "PDM log": "{(0.5, 1, 10): {'shapes': [(784, 229), (229,), (229, 125), (125,), (125, 118), (118,), (118, 118), (118,), (118, 127), (127,), (127, 118), (118,), (118, 10), (10,)], 'train_accuracy': 0.09751666666666667, 'test_accuracy': 0.0974}}", "timing": 74}, "pdm_KL_reg 0.1": {"Best Result": {"Best Sigma0": 0.5, "Best sigma": 1, "Best gamma": 10, "Best Test accuracy": 0.0974, "Train acc": 0.09751666666666667}, "PDM log": "{(0.5, 1, 10): {'shapes': [(784, 243), (243,), (243, 127), (127,), (127, 118), (118,), (118, 118), (118,), (118, 127), (127,), (127, 118), (118,), (118, 10), (10,)], 'train_accuracy': 0.09751666666666667, 'test_accuracy': 0.0974}}", "timing": 80}, "pdm_KL_reg 0.5": {"Best Result": {"Best Sigma0": 0.5, "Best sigma": 1, "Best gamma": 10, "Best Test accuracy": 0.0974, "Train acc": 0.09751666666666667}, "PDM log": "{(0.5, 1, 10): {'shapes': [(784, 382), (382,), (382, 127), (127,), (127, 127), (127,), (127, 127), (127,), (127, 127), (127,), (127, 118), (118,), (118, 10), (10,)], 'train_accuracy': 0.09751666666666667, 'test_accuracy': 0.0974}}", "timing": 109}, "pdm_KL_reg 1": {"Best Result": {"Best Sigma0": 0.5, "Best sigma": 1, "Best gamma": 10, "Best Test accuracy": 0.0974, "Train acc": 0.09751666666666667}, "PDM log": "{(0.5, 1, 10): {'shapes': [(784, 591), (591,), (591, 136), (136,), (136, 127), (127,), (127, 127), (127,), (127, 127), (127,), (127, 118), (118,), (118, 10), (10,)], 'train_accuracy': 0.09751666666666667, 'test_accuracy': 0.0974}}", "timing": 195}, "pdm_KL_reg 2": {"Best Result": {"Best Sigma0": 0.5, "Best sigma": 1, "Best gamma": 10, "Best Test accuracy": 0.0974, "Train acc": 0.09751666666666667}, "PDM log": "{(0.5, 1, 10): {'shapes': [(784, 617), (617,), (617, 163), (163,), (163, 154), (154,), (154, 145), (145,), (145, 136), (136,), (136, 127), (127,), (127, 10), (10,)], 'train_accuracy': 0.09751666666666667, 'test_accuracy': 0.0974}}", "timing": 183}, "pdm_KL_reg 5": {"Best Result": {"Best Sigma0": 0.5, "Best sigma": 1, "Best gamma": 10, "Best Test accuracy": 0.0974, "Train acc": 0.09751666666666667}, "PDM log": "{(0.5, 1, 10): {'shapes': [(784, 309), (309,), (309, 199), (199,), (199, 172), (172,), (172, 154), (154,), (154, 163), (163,), (163, 127), (127,), (127, 10), (10,)], 'train_accuracy': 0.09751666666666667, 'test_accuracy': 0.0974}}", "timing": 147}, "pdm_KL_reg 10": {"Best Result": {"Best Sigma0": 0.5, "Best sigma": 1, "Best gamma": 10, "Best Test accuracy": 0.0974, "Train acc": 0.09751666666666667}, "PDM log": "{(0.5, 1, 10): {'shapes': [(784, 220), (220,), (220, 235), (235,), (235, 217), (217,), (217, 190), (190,), (190, 181), (181,), (181, 127), (127,), (127, 10), (10,)], 'train_accuracy': 0.09751666666666667, 'test_accuracy': 0.0974}}", "timing": 126}, "best_reg": 0}