{"seed": 8, "Data statistics": "{0: {0: 620, 1: 730, 2: 568, 3: 602, 4: 590, 5: 552, 6: 565, 7: 589, 8: 589, 9: 595}, 1: {0: 561, 1: 698, 2: 592, 3: 646, 4: 560, 5: 536, 6: 577, 7: 649, 8: 588, 9: 593}, 2: {0: 570, 1: 688, 2: 603, 3: 629, 4: 604, 5: 523, 6: 550, 7: 621, 8: 604, 9: 608}, 3: {0: 578, 1: 648, 2: 618, 3: 613, 4: 572, 5: 563, 6: 582, 7: 636, 8: 600, 9: 590}, 4: {0: 619, 1: 660, 2: 598, 3: 600, 4: 586, 5: 549, 6: 620, 7: 609, 8: 554, 9: 605}, 5: {0: 615, 1: 635, 2: 587, 3: 603, 4: 618, 5: 531, 6: 612, 7: 635, 8: 575, 9: 589}, 6: {0: 582, 1: 659, 2: 579, 3: 622, 4: 554, 5: 563, 6: 560, 7: 669, 8: 594, 9: 618}, 7: {0: 582, 1: 675, 2: 607, 3: 613, 4: 578, 5: 565, 6: 612, 7: 613, 8: 558, 9: 597}, 8: {0: 586, 1: 669, 2: 609, 3: 592, 4: 589, 5: 506, 6: 616, 7: 637, 8: 604, 9: 592}, 9: {0: 610, 1: 680, 2: 597, 3: 611, 4: 591, 5: 533, 6: 624, 7: 607, 8: 585, 9: 562}}", "loading time": 21, "local_train_accs": [0.962, 0.9655, 0.948, 0.9676666666666667, 0.972, 0.9693333333333334, 0.9626666666666667, 0.959, 0.9666666666666667, 0.9653333333333334], "local_test_accs": [0.9231, 0.935, 0.9144, 0.9313, 0.932, 0.9307, 0.922, 0.9215, 0.9264, 0.9269], "Uniform ensemble (Train acc)": 0.9598833333333333, "Uniform ensemble (Test acc)": 0.9587, "FedAvg (Train acc)": 0.09751666666666667, "FedAvg (Test acc)": 0.0974, "pdm_KL_reg 0": {"Best Result": {"Best Sigma0": 0.5, "Best sigma": 1, "Best gamma": 10, "Best Test accuracy": 0.1204, "Train acc": 0.11935}, "PDM log": "{(0.5, 1, 10): {'shapes': [(784, 222), (222,), (222, 124), (124,), (124, 118), (118,), (118, 118), (118,), (118, 118), (118,), (118, 118), (118,), (118, 10), (10,)], 'train_accuracy': 0.11935, 'test_accuracy': 0.1204}}", "timing": 108}, "pdm_KL_reg 0.001": {"Best Result": {"Best Sigma0": 0.5, "Best sigma": 1, "Best gamma": 10, "Best Test accuracy": 0.0974, "Train acc": 0.09751666666666667}, "PDM log": "{(0.5, 1, 10): {'shapes': [(784, 226), (226,), (226, 118), (118,), (118, 118), (118,), (118, 118), (118,), (118, 118), (118,), (118, 118), (118,), (118, 10), (10,)], 'train_accuracy': 0.09751666666666667, 'test_accuracy': 0.0974}}", "timing": 93}, "pdm_KL_reg 0.005": {"Best Result": {"Best Sigma0": 0.5, "Best sigma": 1, "Best gamma": 10, "Best Test accuracy": 0.0974, "Train acc": 0.09751666666666667}, "PDM log": "{(0.5, 1, 10): {'shapes': [(784, 224), (224,), (224, 118), (118,), (118, 118), (118,), (118, 118), (118,), (118, 118), (118,), (118, 118), (118,), (118, 10), (10,)], 'train_accuracy': 0.09751666666666667, 'test_accuracy': 0.0974}}", "timing": 91}, "pdm_KL_reg 0.01": {"Best Result": {"Best Sigma0": 0.5, "Best sigma": 1, "Best gamma": 10, "Best Test accuracy": 0.0974, "Train acc": 0.09751666666666667}, "PDM log": "{(0.5, 1, 10): {'shapes': [(784, 221), (221,), (221, 118), (118,), (118, 118), (118,), (118, 118), (118,), (118, 118), (118,), (118, 118), (118,), (118, 10), (10,)], 'train_accuracy': 0.09751666666666667, 'test_accuracy': 0.0974}}", "timing": 75}, "pdm_KL_reg 0.05": {"Best Result": {"Best Sigma0": 0.5, "Best sigma": 1, "Best gamma": 10, "Best Test accuracy": 0.0974, "Train acc": 0.09751666666666667}, "PDM log": "{(0.5, 1, 10): {'shapes': [(784, 234), (234,), (234, 118), (118,), (118, 118), (118,), (118, 118), (118,), (118, 118), (118,), (118, 118), (118,), (118, 10), (10,)], 'train_accuracy': 0.09751666666666667, 'test_accuracy': 0.0974}}", "timing": 83}, "pdm_KL_reg 0.1": {"Best Result": {"Best Sigma0": 0.5, "Best sigma": 1, "Best gamma": 10, "Best Test accuracy": 0.0974, "Train acc": 0.09751666666666667}, "PDM log": "{(0.5, 1, 10): {'shapes': [(784, 242), (242,), (242, 127), (127,), (127, 127), (127,), (127, 127), (127,), (127, 118), (118,), (118, 118), (118,), (118, 10), (10,)], 'train_accuracy': 0.09751666666666667, 'test_accuracy': 0.0974}}", "timing": 83}, "pdm_KL_reg 0.5": {"Best Result": {"Best Sigma0": 0.5, "Best sigma": 1, "Best gamma": 10, "Best Test accuracy": 0.1886, "Train acc": 0.18633333333333332}, "PDM log": "{(0.5, 1, 10): {'shapes': [(784, 378), (378,), (378, 127), (127,), (127, 127), (127,), (127, 127), (127,), (127, 127), (127,), (127, 109), (109,), (109, 10), (10,)], 'train_accuracy': 0.18633333333333332, 'test_accuracy': 0.1886}}", "timing": 117}, "pdm_KL_reg 1": {"Best Result": {"Best Sigma0": 0.5, "Best sigma": 1, "Best gamma": 10, "Best Test accuracy": 0.0974, "Train acc": 0.09751666666666667}, "PDM log": "{(0.5, 1, 10): {'shapes': [(784, 577), (577,), (577, 136), (136,), (136, 127), (127,), (127, 127), (127,), (127, 127), (127,), (127, 118), (118,), (118, 10), (10,)], 'train_accuracy': 0.09751666666666667, 'test_accuracy': 0.0974}}", "timing": 222}, "pdm_KL_reg 2": {"Best Result": {"Best Sigma0": 0.5, "Best sigma": 1, "Best gamma": 10, "Best Test accuracy": 0.0974, "Train acc": 0.09751666666666667}, "PDM log": "{(0.5, 1, 10): {'shapes': [(784, 620), (620,), (620, 163), (163,), (163, 154), (154,), (154, 145), (145,), (145, 145), (145,), (145, 127), (127,), (127, 10), (10,)], 'train_accuracy': 0.09751666666666667, 'test_accuracy': 0.0974}}", "timing": 260}, "pdm_KL_reg 5": {"Best Result": {"Best Sigma0": 0.5, "Best sigma": 1, "Best gamma": 10, "Best Test accuracy": 0.0974, "Train acc": 0.09751666666666667}, "PDM log": "{(0.5, 1, 10): {'shapes': [(784, 324), (324,), (324, 208), (208,), (208, 190), (190,), (190, 163), (163,), (163, 154), (154,), (154, 127), (127,), (127, 10), (10,)], 'train_accuracy': 0.09751666666666667, 'test_accuracy': 0.0974}}", "timing": 210}, "pdm_KL_reg 10": {"Best Result": {"Best Sigma0": 0.5, "Best sigma": 1, "Best gamma": 10, "Best Test accuracy": 0.0974, "Train acc": 0.09751666666666667}, "PDM log": "{(0.5, 1, 10): {'shapes': [(784, 220), (220,), (220, 261), (261,), (261, 244), (244,), (244, 190), (190,), (190, 172), (172,), (172, 118), (118,), (118, 10), (10,)], 'train_accuracy': 0.09751666666666667, 'test_accuracy': 0.0974}}", "timing": 153}, "best_reg": 0.5}