{"n_layers 1": {"local acc": 0.196822, "local std": 0.010532913936798298, "ensemble acc": 0.33987999999999996, "ensemble std": 0.015207682269169086, "fedavg acc": 0.1, "fedavg std": 0.0, "KL reg 0 acc": 0.21309, "KL reg 0 std": 0.025584739592186594, "KL reg 0.001 acc": 0.21309, "KL reg 0.001 std": 0.025584739592186594, "KL reg 0.005 acc": 0.21309, "KL reg 0.005 std": 0.025584739592186594, "KL reg 0.01 acc": 0.21309, "KL reg 0.01 std": 0.025584739592186594, "KL reg 0.05 acc": 0.21309, "KL reg 0.05 std": 0.025584739592186594, "KL reg 0.1 acc": 0.21309, "KL reg 0.1 std": 0.025584739592186594, "KL reg 0.5 acc": 0.21309, "KL reg 0.5 std": 0.025584739592186594, "KL reg 1 acc": 0.21330999999999997, "KL reg 1 std": 0.02539702541637505, "KL reg 2 acc": 0.1, "KL reg 2 std": 0.0, "KL reg 5 acc": 0.1, "KL reg 5 std": 0.0, "KL reg 10 acc": 0.1, "KL reg 10 std": 0.0, "KL best acc": 0.21330999999999997, "KL best std": 0.02539702541637505}, "n_layers 2": {"local acc": 0.19658000000000003, "local std": 0.011600297409980479, "ensemble acc": 0.33462, "ensemble std": 0.014108068613385743, "fedavg acc": 0.1, "fedavg std": 0.0, "KL reg 0 acc": 0.20329000000000003, "KL reg 0 std": 0.019952816843744142, "KL reg 0.001 acc": 0.20017000000000001, "KL reg 0.001 std": 0.01978373321696388, "KL reg 0.005 acc": 0.20116, "KL reg 0.005 std": 0.02278254595079312, "KL reg 0.01 acc": 0.20024000000000003, "KL reg 0.01 std": 0.020582915245416524, "KL reg 0.05 acc": 0.20192000000000002, "KL reg 0.05 std": 0.02043657505552239, "KL reg 0.1 acc": 0.20248, "KL reg 0.1 std": 0.022796350585126558, "KL reg 0.5 acc": 0.2011, "KL reg 0.5 std": 0.023654893785430533, "KL reg 1 acc": 0.19972, "KL reg 1 std": 0.022455235469707284, "KL reg 2 acc": 0.1, "KL reg 2 std": 0.0, "KL reg 5 acc": 0.1, "KL reg 5 std": 0.0, "KL reg 10 acc": 0.1, "KL reg 10 std": 0.0, "KL best acc": 0.20883000000000002, "KL best std": 0.02056823035654745}, "n_layers 3": {"local acc": 0.19655699999999998, "local std": 0.012506505547114273, "ensemble acc": 0.34163, "ensemble std": 0.01341618798317912, "fedavg acc": 0.1, "fedavg std": 0.0, "KL reg 0 acc": 0.19699, "KL reg 0 std": 0.021335812616350005, "KL reg 0.001 acc": 0.19534, "KL reg 0.001 std": 0.02303658828906746, "KL reg 0.005 acc": 0.19294, "KL reg 0.005 std": 0.02338064156519234, "KL reg 0.01 acc": 0.19835, "KL reg 0.01 std": 0.0241905043353792, "KL reg 0.05 acc": 0.19277000000000002, "KL reg 0.05 std": 0.022847890493435052, "KL reg 0.1 acc": 0.19339000000000003, "KL reg 0.1 std": 0.02745853055063217, "KL reg 0.5 acc": 0.19158, "KL reg 0.5 std": 0.025473429294070322, "KL reg 1 acc": 0.19476, "KL reg 1 std": 0.018636534012524967, "KL reg 2 acc": 0.1, "KL reg 2 std": 0.0, "KL reg 5 acc": 0.1, "KL reg 5 std": 0.0, "KL reg 10 acc": 0.1, "KL reg 10 std": 0.0, "KL best acc": 0.20414, "KL best std": 0.021905990048386306}, "n_layers 4": {"local acc": 0.19219799999999998, "local std": 0.012434122244855083, "ensemble acc": 0.32039, "ensemble std": 0.01841566995794614, "fedavg acc": 0.1, "fedavg std": 0.0, "KL reg 0 acc": 0.17647999999999997, "KL reg 0 std": 0.02839689419637295, "KL reg 0.001 acc": 0.18036999999999997, "KL reg 0.001 std": 0.024361488049788747, "KL reg 0.005 acc": 0.17535, "KL reg 0.005 std": 0.027078229262638278, "KL reg 0.01 acc": 0.17324, "KL reg 0.01 std": 0.029921570814380724, "KL reg 0.05 acc": 0.17336000000000001, "KL reg 0.05 std": 0.0317076079198668, "KL reg 0.1 acc": 0.17175, "KL reg 0.1 std": 0.028351622528525598, "KL reg 0.5 acc": 0.16949, "KL reg 0.5 std": 0.030083631762139358, "KL reg 1 acc": 0.17633, "KL reg 1 std": 0.023173521527812723, "KL reg 2 acc": 0.1, "KL reg 2 std": 0.0, "KL reg 5 acc": 0.1, "KL reg 5 std": 0.0, "KL reg 10 acc": 0.1, "KL reg 10 std": 0.0, "KL best acc": 0.18426, "KL best std": 0.021547816594727178}, "n_layers 5": {"local acc": 0.17856000000000002, "local std": 0.010388790112424072, "ensemble acc": 0.30446999999999996, "ensemble std": 0.015953560731071917, "fedavg acc": 0.1, "fedavg std": 0.0, "KL reg 0 acc": 0.16892000000000001, "KL reg 0 std": 0.030721679641582098, "KL reg 0.001 acc": 0.17208, "KL reg 0.001 std": 0.02792772099545539, "KL reg 0.005 acc": 0.16611, "KL reg 0.005 std": 0.028305492399885925, "KL reg 0.01 acc": 0.1685, "KL reg 0.01 std": 0.02717513569423343, "KL reg 0.05 acc": 0.16619, "KL reg 0.05 std": 0.025764100993436588, "KL reg 0.1 acc": 0.16567, "KL reg 0.1 std": 0.02934716511010902, "KL reg 0.5 acc": 0.16217, "KL reg 0.5 std": 0.03142753728818089, "KL reg 1 acc": 0.16774000000000003, "KL reg 1 std": 0.02621557552295963, "KL reg 2 acc": 0.1, "KL reg 2 std": 0.0, "KL reg 5 acc": 0.1, "KL reg 5 std": 0.0, "KL reg 10 acc": 0.1, "KL reg 10 std": 0.0, "KL best acc": 0.17726000000000003, "KL best std": 0.028531778773851445}, "n_layers 6": {"local acc": 0.16801700000000003, "local std": 0.011825310186206528, "ensemble acc": 0.27323, "ensemble std": 0.028361419216957392, "fedavg acc": 0.1, "fedavg std": 0.0, "KL reg 0 acc": 0.16789, "KL reg 0 std": 0.03064997389884696, "KL reg 0.001 acc": 0.16967000000000002, "KL reg 0.001 std": 0.028703451012029896, "KL reg 0.005 acc": 0.17021000000000003, "KL reg 0.005 std": 0.03152105486813537, "KL reg 0.01 acc": 0.16570000000000001, "KL reg 0.01 std": 0.031720844881560135, "KL reg 0.05 acc": 0.1711, "KL reg 0.05 std": 0.03204365771880607, "KL reg 0.1 acc": 0.16907, "KL reg 0.1 std": 0.03120346294884592, "KL reg 0.5 acc": 0.16462000000000002, "KL reg 0.5 std": 0.027713852132101736, "KL reg 1 acc": 0.16907999999999998, "KL reg 1 std": 0.029981854512354633, "KL reg 2 acc": 0.1, "KL reg 2 std": 0.0, "KL reg 5 acc": 0.1, "KL reg 5 std": 0.0, "KL reg 10 acc": 0.1, "KL reg 10 std": 0.0, "KL best acc": 0.17697999999999997, "KL best std": 0.03301465735094036}}