{"seed": 2, "Data statistics": "{0: {0: 613, 1: 691, 2: 569, 3: 611, 4: 600, 5: 562, 6: 585, 7: 610, 8: 590, 9: 569}, 1: {0: 570, 1: 663, 2: 625, 3: 641, 4: 617, 5: 521, 6: 584, 7: 610, 8: 576, 9: 593}, 2: {0: 595, 1: 669, 2: 620, 3: 637, 4: 572, 5: 563, 6: 606, 7: 618, 8: 547, 9: 573}, 3: {0: 572, 1: 675, 2: 577, 3: 575, 4: 587, 5: 546, 6: 611, 7: 637, 8: 606, 9: 614}, 4: {0: 569, 1: 623, 2: 612, 3: 646, 4: 593, 5: 550, 6: 617, 7: 608, 8: 584, 9: 598}, 5: {0: 587, 1: 695, 2: 601, 3: 613, 4: 563, 5: 546, 6: 576, 7: 657, 8: 593, 9: 569}, 6: {0: 618, 1: 690, 2: 608, 3: 559, 4: 573, 5: 541, 6: 572, 7: 633, 8: 590, 9: 616}, 7: {0: 611, 1: 691, 2: 579, 3: 637, 4: 587, 5: 530, 6: 551, 7: 660, 8: 555, 9: 599}, 8: {0: 640, 1: 672, 2: 587, 3: 574, 4: 581, 5: 525, 6: 595, 7: 632, 8: 580, 9: 614}, 9: {0: 548, 1: 673, 2: 580, 3: 638, 4: 569, 5: 537, 6: 621, 7: 600, 8: 630, 9: 604}}", "loading time": 20, "local_train_accs": [0.9866666666666667, 0.9775, 0.9875, 0.9811666666666666, 0.9726666666666667, 0.9523333333333334, 0.9733333333333334, 0.9715, 0.9868333333333333, 0.979], "local_test_accs": [0.9378, 0.93, 0.9444, 0.9373, 0.9303, 0.9074, 0.9335, 0.9327, 0.9406, 0.9312], "pdm_KL_reg 0": {"Best Result": {"Best Sigma0": 10, "Best sigma": 0.5, "Best gamma": 10, "Best Test accuracy": 0.9512, "Train acc": 0.95405}, "PDM log": "{(10, 0.5, 10): {'shapes': [(784, 866), (866,), (866, 435), (435,), (435, 127), (127,), (127, 10), (10,)], 'train_accuracy': 0.95405, 'test_accuracy': 0.9512}}", "timing": 449}, "pdm_KL_reg 0.001": {"Best Result": {"Best Sigma0": 10, "Best sigma": 0.5, "Best gamma": 10, "Best Test accuracy": 0.9387, "Train acc": 0.9432333333333334}, "PDM log": "{(10, 0.5, 10): {'shapes': [(784, 871), (871,), (871, 452), (452,), (452, 127), (127,), (127, 10), (10,)], 'train_accuracy': 0.9432333333333334, 'test_accuracy': 0.9387}}", "timing": 1080}, "pdm_KL_reg 0.005": {"Best Result": {"Best Sigma0": 10, "Best sigma": 0.5, "Best gamma": 10, "Best Test accuracy": 0.9509, "Train acc": 0.9532166666666667}, "PDM log": "{(10, 0.5, 10): {'shapes': [(784, 865), (865,), (865, 447), (447,), (447, 127), (127,), (127, 10), (10,)], 'train_accuracy': 0.9532166666666667, 'test_accuracy': 0.9509}}", "timing": 1051}, "pdm_KL_reg 0.01": {"Best Result": {"Best Sigma0": 10, "Best sigma": 0.5, "Best gamma": 10, "Best Test accuracy": 0.9487, "Train acc": 0.9517166666666667}, "PDM log": "{(10, 0.5, 10): {'shapes': [(784, 867), (867,), (867, 445), (445,), (445, 127), (127,), (127, 10), (10,)], 'train_accuracy': 0.9517166666666667, 'test_accuracy': 0.9487}}", "timing": 1073}, "pdm_KL_reg 0.05": {"Best Result": {"Best Sigma0": 10, "Best sigma": 0.5, "Best gamma": 10, "Best Test accuracy": 0.957, "Train acc": 0.9588}, "PDM log": "{(10, 0.5, 10): {'shapes': [(784, 857), (857,), (857, 418), (418,), (418, 127), (127,), (127, 10), (10,)], 'train_accuracy': 0.9588, 'test_accuracy': 0.957}}", "timing": 1098}, "pdm_KL_reg 0.1": {"Best Result": {"Best Sigma0": 10, "Best sigma": 0.5, "Best gamma": 10, "Best Test accuracy": 0.9557, "Train acc": 0.9582833333333334}, "PDM log": "{(10, 0.5, 10): {'shapes': [(784, 847), (847,), (847, 399), (399,), (399, 127), (127,), (127, 10), (10,)], 'train_accuracy': 0.9582833333333334, 'test_accuracy': 0.9557}}", "timing": 1033}, "pdm_KL_reg 0.5": {"Best Result": {"Best Sigma0": 10, "Best sigma": 0.5, "Best gamma": 10, "Best Test accuracy": 0.9547, "Train acc": 0.9579}, "PDM log": "{(10, 0.5, 10): {'shapes': [(784, 800), (800,), (800, 252), (252,), (252, 127), (127,), (127, 10), (10,)], 'train_accuracy': 0.9579, 'test_accuracy': 0.9547}}", "timing": 911}, "pdm_KL_reg 1": {"Best Result": {"Best Sigma0": 10, "Best sigma": 0.5, "Best gamma": 10, "Best Test accuracy": 0.8738, "Train acc": 0.8738833333333333}, "PDM log": "{(10, 0.5, 10): {'shapes': [(784, 595), (595,), (595, 136), (136,), (136, 127), (127,), (127, 10), (10,)], 'train_accuracy': 0.8738833333333333, 'test_accuracy': 0.8738}}", "timing": 593}, "pdm_KL_reg 2": {"Best Result": {"Best Sigma0": 10, "Best sigma": 0.5, "Best gamma": 10, "Best Test accuracy": 0.0974, "Train acc": 0.09751666666666667}, "PDM log": "{(10, 0.5, 10): {'shapes': [(784, 100), (100,), (100, 100), (100,), (100, 118), (118,), (118, 10), (10,)], 'train_accuracy': 0.09751666666666667, 'test_accuracy': 0.0974}}", "timing": 54}, "pdm_KL_reg 5": {"Best Result": {"Best Sigma0": 10, "Best sigma": 0.5, "Best gamma": 10, "Best Test accuracy": 0.0974, "Train acc": 0.09751666666666667}, "PDM log": "{(10, 0.5, 10): {'shapes': [(784, 100), (100,), (100, 100), (100,), (100, 118), (118,), (118, 10), (10,)], 'train_accuracy': 0.09751666666666667, 'test_accuracy': 0.0974}}", "timing": 55}, "pdm_KL_reg 10": {"Best Result": {"Best Sigma0": 10, "Best sigma": 0.5, "Best gamma": 10, "Best Test accuracy": 0.0974, "Train acc": 0.09751666666666667}, "PDM log": "{(10, 0.5, 10): {'shapes': [(784, 100), (100,), (100, 100), (100,), (100, 109), (109,), (109, 10), (10,)], 'train_accuracy': 0.09751666666666667, 'test_accuracy': 0.0974}}", "timing": 56}, "best_reg": 0.05}