{"seed": 1, "Data statistics": "{0: {0: 248, 1: 83, 2: 207, 3: 99, 4: 776, 5: 380, 6: 206, 7: 350, 8: 326, 9: 117}, 1: {0: 32, 1: 787, 2: 107, 3: 76, 4: 860, 5: 388, 6: 1125, 7: 1, 8: 586, 9: 2654}, 2: {0: 1711, 1: 1222, 2: 2657, 3: 143, 4: 349}, 3: {0: 301, 1: 336, 2: 1374, 3: 1805, 4: 2026, 5: 2536}, 4: {0: 166, 1: 315, 2: 274, 3: 12, 4: 47, 5: 38, 6: 723, 7: 175, 8: 48, 9: 2474}, 5: {0: 2902, 1: 187, 3: 322, 4: 24, 5: 71, 6: 2360, 7: 2841}, 6: {0: 127, 1: 963, 2: 729, 3: 810, 4: 960, 5: 24, 6: 804, 7: 111, 8: 1703}, 7: {0: 28, 1: 1747, 2: 276, 3: 72, 4: 657, 5: 1128, 6: 668, 7: 58, 8: 457, 9: 122}, 8: {0: 4, 1: 364, 2: 138, 3: 177, 4: 45, 5: 798, 7: 2648, 8: 2247}, 9: {0: 404, 1: 738, 2: 196, 3: 2615, 4: 98, 5: 58, 6: 32, 7: 81, 8: 484, 9: 582}}", "loading time": 21, "local_train_accs": [0.9828080229226361, 0.9877569528415961, 0.9879973692864189, 0.9929577464788732, 0.9786985018726592, 0.995980245779258, 0.9879634087626384, 0.9838864377517744, 0.9925245288895811, 0.9888426626323752], "local_test_accs": [0.9057, 0.801, 0.4928, 0.5861, 0.7463, 0.6151, 0.7835, 0.8262, 0.6254, 0.8708], "pdm_KL_reg 0": {"Best Result": {"Best Sigma0": 3, "Best sigma": 0.9, "Best gamma": 1, "Best Test accuracy": 0.6339, "Train acc": 0.6328166666666667}, "PDM log": "{(3, 0.9, 1): {'shapes': [(784, 654), (654,), (654, 109), (109,), (109, 100), (100,), (100, 10), (10,)], 'train_accuracy': 0.6328166666666667, 'test_accuracy': 0.6339}}", "timing": 211}, "best_reg": 0, "skip_pdm": {"Best Result": {"Best Sigma0": 3, "Best sigma": 0.9, "Best gamma": 1, "Best Test accuracy": 0.1187, "Train acc": 0.11693333333333333}, "PDM log": "{(3, 0.9, 1): {'shapes': [(656, 785), (101, 656), (129, 101), (10, 129)], 'train_accuracy': 0.11693333333333333, 'test_accuracy': 0.1187}}", "timing": 215}}