{"seed": 3, "Data statistics": "{0: {0: 416, 1: 250, 2: 208, 3: 168, 4: 7, 5: 2127, 6: 1354, 7: 1453, 8: 272}, 1: {0: 44, 1: 656, 2: 58, 3: 207, 4: 338, 5: 859, 6: 919, 7: 1, 8: 211, 9: 4223}, 2: {0: 4, 1: 136, 2: 877, 3: 632, 4: 143, 5: 124, 6: 212, 7: 11, 9: 17}, 3: {0: 51, 1: 5, 2: 1548, 3: 15, 4: 1673, 5: 159, 6: 226, 7: 867, 8: 99, 9: 893}, 4: {0: 238, 1: 152, 2: 122, 3: 1396, 4: 18, 5: 460, 6: 246, 7: 262, 8: 1433, 9: 815}, 5: {0: 3481, 1: 2521}, 6: {0: 1409, 1: 1469, 2: 476, 3: 30, 4: 74, 5: 233, 6: 756, 7: 25, 8: 2145}, 7: {0: 22, 1: 1, 2: 57, 3: 1707, 4: 2570, 5: 136, 6: 1234, 7: 2438}, 8: {0: 89, 1: 381, 2: 2176, 3: 1701, 4: 184, 5: 174, 6: 906, 7: 223, 8: 551}, 9: {0: 169, 1: 1171, 2: 436, 3: 275, 4: 835, 5: 1149, 6: 65, 7: 985, 8: 1140, 9: 1}}", "loading time": 34, "local_train_accs": [0.991207034372502, 0.988158594997339, 0.9828385899814471, 0.9864523121387283, 0.9885258654220148, 1.0, 0.9922925797189058, 0.994488671157379, 0.985121378230227, 0.9900417603597815], "local_test_accs": [0.7745, 0.7788, 0.66, 0.7525, 0.8867, 0.2113, 0.7629, 0.6022, 0.8328, 0.8383], "pdm_KL_reg 0": {"Best Result": {"Best Sigma0": 3, "Best sigma": 0.9, "Best gamma": 1, "Best Test accuracy": 0.4383, "Train acc": 0.43835}, "PDM log": "{(3, 0.9, 1): {'shapes': [(784, 656), (656,), (656, 109), (109,), (109, 100), (100,), (100, 10), (10,)], 'train_accuracy': 0.43835, 'test_accuracy': 0.4383}}", "timing": 192}, "best_reg": 0, "skip_pdm": {"Best Result": {"Best Sigma0": 3, "Best sigma": 0.9, "Best gamma": 1, "Best Test accuracy": 0.1114, "Train acc": 0.11828333333333334}, "PDM log": "{(3, 0.9, 1): {'shapes': [(656, 785), (101, 656), (122, 101), (10, 122)], 'train_accuracy': 0.11828333333333334, 'test_accuracy': 0.1114}}", "timing": 208}}