{"seed": 6, "Data statistics": "{0: {0: 1969, 1: 73, 2: 724, 3: 808, 4: 281, 5: 2, 6: 905, 7: 172, 8: 491, 9: 1202}, 1: {0: 2298, 1: 612, 2: 588, 3: 1362, 4: 39, 5: 100, 6: 367, 7: 1669}, 2: {0: 198, 1: 72, 2: 874, 3: 365, 4: 552, 5: 45, 6: 805, 7: 495, 8: 27, 9: 168}, 3: {0: 22, 1: 20, 2: 513, 3: 1968, 4: 932, 5: 99, 6: 6, 7: 2975}, 4: {0: 126, 1: 1063, 2: 1297, 3: 26, 4: 1, 5: 758, 6: 3057}, 5: {0: 1, 1: 3254, 2: 807, 3: 77, 4: 49, 5: 520, 6: 70, 7: 53, 8: 596, 9: 379}, 6: {0: 1020, 1: 102, 2: 155, 3: 556, 4: 32, 5: 195, 6: 336, 7: 452, 8: 1109, 9: 4199}, 7: {0: 55, 1: 127, 2: 74, 3: 365, 4: 41, 5: 86, 6: 214, 7: 114, 8: 1004, 9: 1}, 8: {0: 226, 1: 18, 2: 156, 3: 603, 4: 2813, 5: 495, 6: 158, 7: 335, 8: 2624}, 9: {0: 8, 1: 1401, 2: 770, 3: 1, 4: 1102, 5: 3121}}", "loading time": 38, "local_train_accs": [0.98415572657311, 0.993319118692253, 0.9888919744515412, 0.9856159143075746, 0.9846713021491783, 0.9567688598002067, 0.9830799411476214, 0.9649207111965401, 0.9837102854065697, 0.9971888177416836], "local_test_accs": [0.8514, 0.7428, 0.8626, 0.6584, 0.5108, 0.6631, 0.8306, 0.7456, 0.7967, 0.4037], "pdm_KL_reg 0": {"Best Result": {"Best Sigma0": 3, "Best sigma": 0.9, "Best gamma": 1, "Best Test accuracy": 0.5386, "Train acc": 0.5334333333333333}, "PDM log": "{(3, 0.9, 1): {'shapes': [(784, 630), (630,), (630, 116), (116,), (116, 100), (100,), (100, 10), (10,)], 'train_accuracy': 0.5334333333333333, 'test_accuracy': 0.5386}}", "timing": 210}, "best_reg": 0, "skip_pdm": {"Best Result": {"Best Sigma0": 3, "Best sigma": 0.9, "Best gamma": 1, "Best Test accuracy": 0.0961, "Train acc": 0.097}, "PDM log": "{(3, 0.9, 1): {'shapes': [(632, 785), (101, 632), (128, 101), (10, 128)], 'train_accuracy': 0.097, 'test_accuracy': 0.0961}}", "timing": 192}}