{"seed": 2, "Data statistics": "{0: {0: 2169, 1: 3297, 2: 698, 3: 615, 4: 1324, 6: 3, 7: 702, 8: 5419}, 1: {0: 353, 1: 578, 2: 1197, 3: 715, 4: 168, 5: 3592, 6: 5869}, 2: {0: 1951, 1: 69, 2: 1042, 3: 3597, 4: 991, 5: 840, 6: 26, 7: 21, 8: 430, 9: 4646}, 3: {0: 92, 1: 2187, 2: 473, 3: 327, 4: 3018, 5: 805, 6: 14, 7: 5515}, 4: {0: 1358, 1: 611, 2: 2548, 3: 877, 4: 341, 5: 184, 6: 6, 7: 27, 8: 2, 9: 1303}}", "loading time": 99, "local_train_accs": [0.9970478667322696, 0.9965522771007056, 0.9824432527730845, 0.9974257903628027, 0.9936612925451288], "local_test_accs": [0.6937, 0.6673, 0.8534, 0.734, 0.772], "Uniform ensemble (Train acc)": 0.8721166666666667, "Uniform ensemble (Test acc)": 0.8652, "FedAvg (Train acc)": 0.26698333333333335, "FedAvg (Test acc)": 0.2632, "pdm_KL_reg 0": {"Best Result": {"Best Sigma0": 3, "Best sigma": 0.9, "Best gamma": 1, "Best Test accuracy": 0.8167, "Train acc": 0.8171}, "PDM log": "{(3, 0.9, 1): {'shapes': [(784, 382), (382,), (382, 10), (10,)], 'train_accuracy': 0.8171, 'test_accuracy': 0.8167}}", "timing": 229}, "pdm_KL_reg 0.001": {"Best Result": {"Best Sigma0": 3, "Best sigma": 0.9, "Best gamma": 1, "Best Test accuracy": 0.8167, "Train acc": 0.8171}, "PDM log": "{(3, 0.9, 1): {'shapes': [(784, 382), (382,), (382, 10), (10,)], 'train_accuracy': 0.8171, 'test_accuracy': 0.8167}}", "timing": 348}, "pdm_KL_reg 0.005": {"Best Result": {"Best Sigma0": 3, "Best sigma": 0.9, "Best gamma": 1, "Best Test accuracy": 0.8167, "Train acc": 0.8171}, "PDM log": "{(3, 0.9, 1): {'shapes': [(784, 382), (382,), (382, 10), (10,)], 'train_accuracy': 0.8171, 'test_accuracy': 0.8167}}", "timing": 303}, "pdm_KL_reg 0.01": {"Best Result": {"Best Sigma0": 3, "Best sigma": 0.9, "Best gamma": 1, "Best Test accuracy": 0.8167, "Train acc": 0.8171}, "PDM log": "{(3, 0.9, 1): {'shapes': [(784, 382), (382,), (382, 10), (10,)], 'train_accuracy': 0.8171, 'test_accuracy': 0.8167}}", "timing": 299}, "pdm_KL_reg 0.05": {"Best Result": {"Best Sigma0": 3, "Best sigma": 0.9, "Best gamma": 1, "Best Test accuracy": 0.8167, "Train acc": 0.8171}, "PDM log": "{(3, 0.9, 1): {'shapes': [(784, 382), (382,), (382, 10), (10,)], 'train_accuracy': 0.8171, 'test_accuracy': 0.8167}}", "timing": 300}, "pdm_KL_reg 0.1": {"Best Result": {"Best Sigma0": 3, "Best sigma": 0.9, "Best gamma": 1, "Best Test accuracy": 0.8167, "Train acc": 0.8171}, "PDM log": "{(3, 0.9, 1): {'shapes': [(784, 382), (382,), (382, 10), (10,)], 'train_accuracy': 0.8171, 'test_accuracy': 0.8167}}", "timing": 319}, "pdm_KL_reg 0.5": {"Best Result": {"Best Sigma0": 3, "Best sigma": 0.9, "Best gamma": 1, "Best Test accuracy": 0.8167, "Train acc": 0.8171166666666667}, "PDM log": "{(3, 0.9, 1): {'shapes': [(784, 375), (375,), (375, 10), (10,)], 'train_accuracy': 0.8171166666666667, 'test_accuracy': 0.8167}}", "timing": 336}, "pdm_KL_reg 1": {"Best Result": {"Best Sigma0": 3, "Best sigma": 0.9, "Best gamma": 1, "Best Test accuracy": 0.8163, "Train acc": 0.8156833333333333}, "PDM log": "{(3, 0.9, 1): {'shapes': [(784, 344), (344,), (344, 10), (10,)], 'train_accuracy': 0.8156833333333333, 'test_accuracy': 0.8163}}", "timing": 346}, "pdm_KL_reg 2": {"Best Result": {"Best Sigma0": 3, "Best sigma": 0.9, "Best gamma": 1, "Best Test accuracy": 0.0974, "Train acc": 0.09756666666666666}, "PDM log": "{(3, 0.9, 1): {'shapes': [(784, 100), (100,), (100, 10), (10,)], 'train_accuracy': 0.09756666666666666, 'test_accuracy': 0.0974}}", "timing": 162}, "pdm_KL_reg 5": {"Best Result": {"Best Sigma0": 3, "Best sigma": 0.9, "Best gamma": 1, "Best Test accuracy": 0.0974, "Train acc": 0.09753333333333333}, "PDM log": "{(3, 0.9, 1): {'shapes': [(784, 100), (100,), (100, 10), (10,)], 'train_accuracy': 0.09753333333333333, 'test_accuracy': 0.0974}}", "timing": 154}, "pdm_KL_reg 10": {"Best Result": {"Best Sigma0": 3, "Best sigma": 0.9, "Best gamma": 1, "Best Test accuracy": 0.0974, "Train acc": 0.09751666666666667}, "PDM log": "{(3, 0.9, 1): {'shapes': [(784, 100), (100,), (100, 10), (10,)], 'train_accuracy': 0.09751666666666667, 'test_accuracy': 0.0974}}", "timing": 146}, "best_reg": 0}