{"seed": 2, "Data statistics": "{0: {0: 553, 2: 756, 3: 131, 4: 58, 5: 997}, 1: {0: 90, 1: 234, 2: 71, 3: 216, 4: 502, 5: 76, 6: 4, 7: 48, 8: 25, 9: 54}, 2: {0: 498, 1: 370, 2: 57, 3: 696, 4: 372, 5: 5, 6: 50, 7: 1, 8: 376}, 3: {0: 24, 1: 5, 2: 7, 3: 889, 4: 113, 5: 301, 6: 600, 8: 4, 9: 357}, 4: {0: 346, 1: 4, 2: 9, 3: 1, 4: 349, 5: 10, 6: 2147}, 5: {0: 129, 1: 10, 2: 2, 3: 88, 4: 107, 6: 77, 7: 503, 8: 50, 9: 1443}, 6: {0: 70, 1: 16, 2: 11, 3: 1, 4: 848, 5: 178, 6: 79, 7: 1353}, 7: {0: 1, 1: 149, 2: 95, 3: 6, 4: 6, 5: 6, 6: 202, 7: 141, 8: 2346}, 8: {0: 345, 1: 737, 2: 95, 3: 373, 4: 57, 5: 1, 6: 223, 7: 582}, 9: {0: 1, 1: 99, 2: 2, 3: 43, 4: 5, 5: 780, 6: 110, 7: 425, 8: 619, 9: 1276}, 10: {0: 31, 1: 325, 2: 6, 3: 29, 4: 31, 5: 558, 6: 307, 7: 416, 8: 135, 9: 2315}, 11: {0: 136, 1: 16, 2: 789, 3: 157, 4: 9, 5: 114, 6: 174, 7: 15, 8: 170}, 12: {0: 61, 1: 383, 2: 412, 3: 254, 4: 175, 5: 18, 6: 234, 7: 28, 8: 630, 9: 1}, 13: {0: 1313, 1: 899, 2: 226}, 14: {0: 403, 1: 662, 2: 9, 3: 149, 4: 777, 5: 457}, 15: {0: 69, 1: 199, 2: 306, 3: 122, 4: 164, 5: 32, 6: 148, 7: 1093, 8: 434}, 16: {1: 54, 2: 1414, 3: 1, 4: 394, 5: 608}, 17: {0: 22, 1: 201, 2: 1, 3: 899, 4: 1297}, 18: {1: 561, 2: 564, 3: 1189, 4: 78, 5: 123}, 19: {0: 88, 1: 96, 2: 277, 3: 20, 4: 92, 5: 159, 6: 175, 7: 559, 8: 148, 9: 171}, 20: {0: 68, 1: 541, 2: 48, 3: 163, 4: 1, 5: 36, 6: 1086, 7: 710}, 21: {0: 268, 1: 200, 2: 9, 3: 562, 4: 47, 5: 5, 6: 293, 7: 98, 8: 404, 9: 22}, 22: {0: 536, 1: 281, 2: 279, 4: 33, 5: 55, 7: 103, 8: 14, 9: 168}, 23: {0: 269, 1: 474, 2: 242, 3: 128, 4: 186, 5: 350, 6: 6, 7: 22, 8: 275, 9: 1}, 24: {0: 602, 1: 226, 2: 271, 3: 14, 4: 141, 5: 552, 6: 3, 7: 168, 8: 221, 9: 141}}", "loading time": 90, "local_train_accs": [1.0, 1.0, 1.0, 1.0, 0.9961618981158409, 0.9991697799916978, 1.0, 1.0, 1.0, 1.0, 0.9968697327233326, 1.0, 0.9986338797814208, 1.0, 1.0, 1.0, 1.0, 1.0, 1.0, 1.0, 1.0, 1.0, 0.9959155888359428, 0.9943676395289298, 0.9995724668661822], "local_test_accs": [0.4626, 0.8136, 0.6621, 0.6289, 0.4956, 0.7111, 0.6102, 0.5487, 0.6679, 0.646, 0.7903, 0.7729, 0.7854, 0.3097, 0.5258, 0.8099, 0.393, 0.3932, 0.4794, 0.8881, 0.6309, 0.7805, 0.6963, 0.7444, 0.83], "Uniform ensemble (Train acc)": 0.89265, "Uniform ensemble (Test acc)": 0.8876, "FedAvg (Train acc)": 0.10876666666666666, "FedAvg (Test acc)": 0.1069, "pdm_KL_reg 0": {"Best Result": {"Best Sigma0": 0.5, "Best sigma": 1, "Best gamma": 10, "Best Test accuracy": 0.8442, "Train acc": 0.8467333333333333}, "PDM log": "{(0.5, 1, 10): {'shapes': [(784, 321), (321,), (321, 10), (10,)], 'train_accuracy': 0.8467333333333333, 'test_accuracy': 0.8442}}", "timing": 206}, "pdm_KL_reg 0.001": {"Best Result": {"Best Sigma0": 0.5, "Best sigma": 1, "Best gamma": 10, "Best Test accuracy": 0.8395, "Train acc": 0.84225}, "PDM log": "{(0.5, 1, 10): {'shapes': [(784, 321), (321,), (321, 10), (10,)], 'train_accuracy': 0.84225, 'test_accuracy': 0.8395}}", "timing": 355}, "pdm_KL_reg 0.005": {"Best Result": {"Best Sigma0": 0.5, "Best sigma": 1, "Best gamma": 10, "Best Test accuracy": 0.8386, "Train acc": 0.8416666666666667}, "PDM log": "{(0.5, 1, 10): {'shapes': [(784, 323), (323,), (323, 10), (10,)], 'train_accuracy': 0.8416666666666667, 'test_accuracy': 0.8386}}", "timing": 267}, "pdm_KL_reg 0.01": {"Best Result": {"Best Sigma0": 0.5, "Best sigma": 1, "Best gamma": 10, "Best Test accuracy": 0.8401, "Train acc": 0.8439}, "PDM log": "{(0.5, 1, 10): {'shapes': [(784, 307), (307,), (307, 10), (10,)], 'train_accuracy': 0.8439, 'test_accuracy': 0.8401}}", "timing": 290}, "pdm_KL_reg 0.05": {"Best Result": {"Best Sigma0": 0.5, "Best sigma": 1, "Best gamma": 10, "Best Test accuracy": 0.8441, "Train acc": 0.8473666666666667}, "PDM log": "{(0.5, 1, 10): {'shapes': [(784, 326), (326,), (326, 10), (10,)], 'train_accuracy': 0.8473666666666667, 'test_accuracy': 0.8441}}", "timing": 365}, "pdm_KL_reg 0.1": {"Best Result": {"Best Sigma0": 0.5, "Best sigma": 1, "Best gamma": 10, "Best Test accuracy": 0.8455, "Train acc": 0.8495}, "PDM log": "{(0.5, 1, 10): {'shapes': [(784, 320), (320,), (320, 10), (10,)], 'train_accuracy': 0.8495, 'test_accuracy': 0.8455}}", "timing": 397}, "pdm_KL_reg 0.5": {"Best Result": {"Best Sigma0": 0.5, "Best sigma": 1, "Best gamma": 10, "Best Test accuracy": 0.8399, "Train acc": 0.8444666666666667}, "PDM log": "{(0.5, 1, 10): {'shapes': [(784, 370), (370,), (370, 10), (10,)], 'train_accuracy': 0.8444666666666667, 'test_accuracy': 0.8399}}", "timing": 478}, "pdm_KL_reg 1": {"Best Result": {"Best Sigma0": 0.5, "Best sigma": 1, "Best gamma": 10, "Best Test accuracy": 0.8451, "Train acc": 0.8470666666666666}, "PDM log": "{(0.5, 1, 10): {'shapes': [(784, 346), (346,), (346, 10), (10,)], 'train_accuracy': 0.8470666666666666, 'test_accuracy': 0.8451}}", "timing": 404}, "pdm_KL_reg 2": {"Best Result": {"Best Sigma0": 0.5, "Best sigma": 1, "Best gamma": 10, "Best Test accuracy": 0.8199, "Train acc": 0.8215333333333333}, "PDM log": "{(0.5, 1, 10): {'shapes': [(784, 332), (332,), (332, 10), (10,)], 'train_accuracy': 0.8215333333333333, 'test_accuracy': 0.8199}}", "timing": 462}, "pdm_KL_reg 5": {"Best Result": {"Best Sigma0": 0.5, "Best sigma": 1, "Best gamma": 10, "Best Test accuracy": 0.0892, "Train acc": 0.09035}, "PDM log": "{(0.5, 1, 10): {'shapes': [(784, 148), (148,), (148, 10), (10,)], 'train_accuracy': 0.09035, 'test_accuracy': 0.0892}}", "timing": 181}, "pdm_KL_reg 10": {"Best Result": {"Best Sigma0": 0.5, "Best sigma": 1, "Best gamma": 10, "Best Test accuracy": 0.0892, "Train acc": 0.09035}, "PDM log": "{(0.5, 1, 10): {'shapes': [(784, 148), (148,), (148, 10), (10,)], 'train_accuracy': 0.09035, 'test_accuracy': 0.0892}}", "timing": 187}, "best_reg": 0.1}