{"seed": 6, "Data statistics": "{0: {0: 235, 1: 278, 2: 242, 3: 238, 4: 243, 5: 217, 6: 231, 7: 246, 8: 222, 9: 248}, 1: {0: 231, 1: 255, 2: 216, 3: 265, 4: 252, 5: 218, 6: 269, 7: 239, 8: 224, 9: 231}, 2: {0: 243, 1: 269, 2: 230, 3: 248, 4: 231, 5: 203, 6: 237, 7: 244, 8: 237, 9: 258}, 3: {0: 222, 1: 299, 2: 261, 3: 242, 4: 227, 5: 223, 6: 222, 7: 251, 8: 246, 9: 207}, 4: {0: 220, 1: 276, 2: 244, 3: 267, 4: 228, 5: 228, 6: 216, 7: 257, 8: 242, 9: 222}, 5: {0: 244, 1: 288, 2: 234, 3: 248, 4: 243, 5: 196, 6: 235, 7: 236, 8: 244, 9: 232}, 6: {0: 255, 1: 269, 2: 236, 3: 240, 4: 221, 5: 208, 6: 232, 7: 242, 8: 239, 9: 258}, 7: {0: 228, 1: 301, 2: 218, 3: 255, 4: 225, 5: 218, 6: 246, 7: 249, 8: 206, 9: 254}, 8: {0: 220, 1: 264, 2: 214, 3: 238, 4: 228, 5: 237, 6: 253, 7: 258, 8: 246, 9: 242}, 9: {0: 248, 1: 258, 2: 233, 3: 243, 4: 223, 5: 224, 6: 237, 7: 258, 8: 240, 9: 236}, 10: {0: 244, 1: 267, 2: 272, 3: 237, 4: 259, 5: 190, 6: 225, 7: 258, 8: 225, 9: 223}, 11: {0: 228, 1: 283, 2: 248, 3: 249, 4: 226, 5: 211, 6: 247, 7: 256, 8: 228, 9: 224}, 12: {0: 241, 1: 272, 2: 260, 3: 256, 4: 200, 5: 236, 6: 238, 7: 246, 8: 213, 9: 238}, 13: {0: 211, 1: 285, 2: 252, 3: 279, 4: 235, 5: 219, 6: 203, 7: 254, 8: 238, 9: 224}, 14: {0: 240, 1: 268, 2: 213, 3: 244, 4: 213, 5: 211, 6: 253, 7: 258, 8: 254, 9: 246}, 15: {0: 230, 1: 268, 2: 246, 3: 229, 4: 247, 5: 213, 6: 244, 7: 228, 8: 234, 9: 261}, 16: {0: 269, 1: 262, 2: 209, 3: 234, 4: 244, 5: 236, 6: 247, 7: 236, 8: 230, 9: 233}, 17: {0: 237, 1: 263, 2: 254, 3: 217, 4: 255, 5: 207, 6: 234, 7: 274, 8: 225, 9: 234}, 18: {0: 262, 1: 256, 2: 243, 3: 237, 4: 219, 5: 208, 6: 260, 7: 263, 8: 214, 9: 238}, 19: {0: 245, 1: 264, 2: 235, 3: 239, 4: 241, 5: 196, 6: 236, 7: 253, 8: 242, 9: 249}, 20: {0: 226, 1: 255, 2: 235, 3: 252, 4: 217, 5: 213, 6: 239, 7: 279, 8: 245, 9: 239}, 21: {0: 239, 1: 259, 2: 237, 3: 247, 4: 258, 5: 213, 6: 230, 7: 254, 8: 219, 9: 244}, 22: {0: 223, 1: 257, 2: 250, 3: 246, 4: 230, 5: 244, 6: 217, 7: 260, 8: 231, 9: 242}, 23: {0: 240, 1: 255, 2: 246, 3: 236, 4: 245, 5: 227, 6: 251, 7: 233, 8: 245, 9: 222}, 24: {0: 242, 1: 271, 2: 230, 3: 245, 4: 232, 5: 225, 6: 216, 7: 233, 8: 262, 9: 244}}", "local_train_accs": [0.9991666666666666, 1.0, 0.9995833333333334, 0.98875, 1.0, 0.9945833333333334, 0.99, 0.9995833333333334, 0.9979166666666667, 1.0, 1.0, 1.0, 1.0, 0.99125, 0.9825, 1.0, 0.9895833333333334, 1.0, 1.0, 0.9929166666666667, 0.9995833333333334, 1.0, 0.9920833333333333, 0.99375, 0.9983333333333333], "local_test_accs": [0.9273, 0.9363, 0.9338, 0.9246, 0.9383, 0.9198, 0.9228, 0.9329, 0.9262, 0.9339, 0.9355, 0.9324, 0.9313, 0.9151, 0.9102, 0.9345, 0.91, 0.9309, 0.9365, 0.917, 0.9256, 0.9392, 0.9122, 0.9232, 0.9306], "pdm_match": {}, "pdm_KL_match": {}, "pdm_KL2_match": {"Best Result": {"Best Sigma0": 1.0, "Best sigma": 0.5, "Best gamma": 10.0, "Best Test accuracy": 0.9543, "Train acc": 0.9545166666666667}, "PDM log": "{(1.0, 1.0, 1.0): {'shapes': [(784, 209), (209,), (209, 10), (10,)], 'train_accuracy': 0.9448166666666666, 'test_accuracy': 0.9456}, (10.0, 1.0, 1.0): {'shapes': [(784, 118), (118,), (118, 10), (10,)], 'train_accuracy': 0.9394333333333333, 'test_accuracy': 0.9395}, (1.0, 0.1, 1.0): {'shapes': [(784, 700), (700,), (700, 10), (10,)], 'train_accuracy': 0.94195, 'test_accuracy': 0.94}, (10.0, 0.1, 1.0): {'shapes': [(784, 188), (188,), (188, 10), (10,)], 'train_accuracy': 0.9306833333333333, 'test_accuracy': 0.931}, (1.0, 0.5, 1.0): {'shapes': [(784, 700), (700,), (700, 10), (10,)], 'train_accuracy': 0.9467, 'test_accuracy': 0.9455}, (10.0, 0.5, 1.0): {'shapes': [(784, 144), (144,), (144, 10), (10,)], 'train_accuracy': 0.93945, 'test_accuracy': 0.9413}, (1.0, 1.0, 10.0): {'shapes': [(784, 578), (578,), (578, 10), (10,)], 'train_accuracy': 0.9508666666666666, 'test_accuracy': 0.9494}, (10.0, 1.0, 10.0): {'shapes': [(784, 206), (206,), (206, 10), (10,)], 'train_accuracy': 0.74045, 'test_accuracy': 0.7397}, (1.0, 0.1, 10.0): {'shapes': [(784, 700), (700,), (700, 10), (10,)], 'train_accuracy': 0.94675, 'test_accuracy': 0.9441}, (10.0, 0.1, 10.0): {'shapes': [(784, 236), (236,), (236, 10), (10,)], 'train_accuracy': 0.88205, 'test_accuracy': 0.8861}, (1.0, 0.5, 10.0): {'shapes': [(784, 700), (700,), (700, 10), (10,)], 'train_accuracy': 0.9545166666666667, 'test_accuracy': 0.9543}, (10.0, 0.5, 10.0): {'shapes': [(784, 214), (214,), (214, 10), (10,)], 'train_accuracy': 0.8667166666666667, 'test_accuracy': 0.8688}, (1.0, 1.0, 50.0): {'shapes': [(784, 700), (700,), (700, 10), (10,)], 'train_accuracy': 0.95305, 'test_accuracy': 0.9522}, (10.0, 1.0, 50.0): {'shapes': [(784, 405), (405,), (405, 10), (10,)], 'train_accuracy': 0.7402833333333333, 'test_accuracy': 0.7485}, (1.0, 0.1, 50.0): {'shapes': [(784, 700), (700,), (700, 10), (10,)], 'train_accuracy': 0.9506833333333333, 'test_accuracy': 0.9483}, (10.0, 0.1, 50.0): {'shapes': [(784, 435), (435,), (435, 10), (10,)], 'train_accuracy': 0.73955, 'test_accuracy': 0.7463}, (1.0, 0.5, 50.0): {'shapes': [(784, 700), (700,), (700, 10), (10,)], 'train_accuracy': 0.9503, 'test_accuracy': 0.9486}, (10.0, 0.5, 50.0): {'shapes': [(784, 406), (406,), (406, 10), (10,)], 'train_accuracy': 0.7625333333333333, 'test_accuracy': 0.763}}"}}