{"seed": 2, "Data statistics": "{0: {0: 266, 1: 273, 2: 225, 3: 252, 4: 229, 5: 237, 6: 237, 7: 232, 8: 242, 9: 207}, 1: {0: 244, 1: 274, 2: 237, 3: 219, 4: 262, 5: 228, 6: 237, 7: 243, 8: 223, 9: 233}, 2: {0: 227, 1: 282, 2: 226, 3: 285, 4: 216, 5: 202, 6: 228, 7: 239, 8: 244, 9: 251}, 3: {0: 237, 1: 273, 2: 240, 3: 260, 4: 246, 5: 193, 6: 239, 7: 239, 8: 229, 9: 244}, 4: {0: 209, 1: 252, 2: 266, 3: 236, 4: 264, 5: 223, 6: 228, 7: 267, 8: 228, 9: 227}, 5: {0: 236, 1: 272, 2: 240, 3: 252, 4: 228, 5: 205, 6: 246, 7: 243, 8: 231, 9: 247}, 6: {0: 228, 1: 254, 2: 255, 3: 257, 4: 231, 5: 240, 6: 243, 7: 245, 8: 212, 9: 235}, 7: {0: 248, 1: 279, 2: 237, 3: 245, 4: 228, 5: 234, 6: 229, 7: 260, 8: 218, 9: 222}, 8: {0: 251, 1: 262, 2: 262, 3: 222, 4: 235, 5: 214, 6: 232, 7: 247, 8: 231, 9: 244}, 9: {0: 204, 1: 277, 2: 203, 3: 236, 4: 237, 5: 216, 6: 267, 7: 260, 8: 261, 9: 239}, 10: {0: 241, 1: 234, 2: 246, 3: 251, 4: 233, 5: 196, 6: 253, 7: 252, 8: 250, 9: 244}, 11: {0: 224, 1: 258, 2: 250, 3: 263, 4: 241, 5: 231, 6: 248, 7: 227, 8: 211, 9: 247}, 12: {0: 242, 1: 268, 2: 241, 3: 265, 4: 231, 5: 237, 6: 224, 7: 246, 8: 242, 9: 204}, 13: {0: 220, 1: 273, 2: 251, 3: 237, 4: 216, 5: 210, 6: 229, 7: 290, 8: 237, 9: 237}, 14: {0: 229, 1: 285, 2: 225, 3: 243, 4: 235, 5: 222, 6: 239, 7: 250, 8: 237, 9: 235}, 15: {0: 243, 1: 287, 2: 245, 3: 221, 4: 226, 5: 211, 6: 224, 7: 255, 8: 245, 9: 243}, 16: {0: 256, 1: 256, 2: 249, 3: 228, 4: 237, 5: 238, 6: 204, 7: 262, 8: 221, 9: 249}, 17: {0: 242, 1: 273, 2: 226, 3: 244, 4: 239, 5: 198, 6: 255, 7: 247, 8: 238, 9: 238}, 18: {0: 249, 1: 271, 2: 231, 3: 266, 4: 232, 5: 213, 6: 219, 7: 258, 8: 209, 9: 252}, 19: {0: 239, 1: 294, 2: 236, 3: 237, 4: 226, 5: 211, 6: 221, 7: 271, 8: 232, 9: 233}, 20: {0: 244, 1: 263, 2: 236, 3: 206, 4: 237, 5: 213, 6: 244, 7: 244, 8: 253, 9: 260}, 21: {0: 270, 1: 262, 2: 239, 3: 251, 4: 224, 5: 197, 6: 241, 7: 253, 8: 223, 9: 240}, 22: {0: 232, 1: 294, 2: 229, 3: 232, 4: 248, 5: 222, 6: 229, 7: 258, 8: 222, 9: 234}, 23: {0: 215, 1: 248, 2: 209, 3: 275, 4: 223, 5: 225, 6: 273, 7: 237, 8: 272, 9: 223}, 24: {0: 227, 1: 278, 2: 254, 3: 248, 4: 218, 5: 205, 6: 229, 7: 240, 8: 240, 9: 261}}", "local_train_accs": [0.98625, 1.0, 0.99, 0.9866666666666667, 1.0, 0.9958333333333333, 1.0, 0.9991666666666666, 0.9920833333333333, 0.9841666666666666, 0.9925, 1.0, 1.0, 0.99625, 0.9795833333333334, 0.99125, 0.99625, 0.99875, 1.0, 1.0, 0.9954166666666666, 0.9904166666666666, 1.0, 0.99375, 0.9954166666666666], "local_test_accs": [0.9112, 0.9253, 0.9154, 0.9115, 0.9326, 0.9208, 0.9416, 0.9284, 0.9193, 0.9113, 0.9212, 0.9332, 0.932, 0.9203, 0.9124, 0.923, 0.9234, 0.9276, 0.9313, 0.9352, 0.9236, 0.9221, 0.9321, 0.9236, 0.9207], "pdm_match": {}, "pdm_KL_match": {}, "pdm_KL2_match": {"Best Result": {"Best Sigma0": 1.0, "Best sigma": 0.5, "Best gamma": 10.0, "Best Test accuracy": 0.952, "Train acc": 0.9527}, "PDM log": "{(1.0, 1.0, 1.0): {'shapes': [(784, 225), (225,), (225, 10), (10,)], 'train_accuracy': 0.9497833333333333, 'test_accuracy': 0.9496}, (10.0, 1.0, 1.0): {'shapes': [(784, 124), (124,), (124, 10), (10,)], 'train_accuracy': 0.9400666666666667, 'test_accuracy': 0.9408}, (1.0, 0.1, 1.0): {'shapes': [(784, 700), (700,), (700, 10), (10,)], 'train_accuracy': 0.9321666666666667, 'test_accuracy': 0.93}, (10.0, 0.1, 1.0): {'shapes': [(784, 188), (188,), (188, 10), (10,)], 'train_accuracy': 0.93415, 'test_accuracy': 0.937}, (1.0, 0.5, 1.0): {'shapes': [(784, 700), (700,), (700, 10), (10,)], 'train_accuracy': 0.9456333333333333, 'test_accuracy': 0.9442}, (10.0, 0.5, 1.0): {'shapes': [(784, 146), (146,), (146, 10), (10,)], 'train_accuracy': 0.9302333333333334, 'test_accuracy': 0.9318}, (1.0, 1.0, 10.0): {'shapes': [(784, 660), (660,), (660, 10), (10,)], 'train_accuracy': 0.951, 'test_accuracy': 0.95}, (10.0, 1.0, 10.0): {'shapes': [(784, 201), (201,), (201, 10), (10,)], 'train_accuracy': 0.80095, 'test_accuracy': 0.8013}, (1.0, 0.1, 10.0): {'shapes': [(784, 700), (700,), (700, 10), (10,)], 'train_accuracy': 0.9509, 'test_accuracy': 0.9487}, (10.0, 0.1, 10.0): {'shapes': [(784, 243), (243,), (243, 10), (10,)], 'train_accuracy': 0.86, 'test_accuracy': 0.8595}, (1.0, 0.5, 10.0): {'shapes': [(784, 700), (700,), (700, 10), (10,)], 'train_accuracy': 0.9527, 'test_accuracy': 0.952}, (10.0, 0.5, 10.0): {'shapes': [(784, 223), (223,), (223, 10), (10,)], 'train_accuracy': 0.8047, 'test_accuracy': 0.8092}, (1.0, 1.0, 50.0): {'shapes': [(784, 700), (700,), (700, 10), (10,)], 'train_accuracy': 0.9505333333333333, 'test_accuracy': 0.9491}, (10.0, 1.0, 50.0): {'shapes': [(784, 416), (416,), (416, 10), (10,)], 'train_accuracy': 0.8410666666666666, 'test_accuracy': 0.8404}, (1.0, 0.1, 50.0): {'shapes': [(784, 700), (700,), (700, 10), (10,)], 'train_accuracy': 0.9516333333333333, 'test_accuracy': 0.9502}, (10.0, 0.1, 50.0): {'shapes': [(784, 416), (416,), (416, 10), (10,)], 'train_accuracy': 0.7000166666666666, 'test_accuracy': 0.7037}, (1.0, 0.5, 50.0): {'shapes': [(784, 700), (700,), (700, 10), (10,)], 'train_accuracy': 0.9520666666666666, 'test_accuracy': 0.9521}, (10.0, 0.5, 50.0): {'shapes': [(784, 433), (433,), (433, 10), (10,)], 'train_accuracy': 0.72615, 'test_accuracy': 0.7269}}"}}