{"seed": 3, "Data statistics": "{0: {0: 1032, 1: 951, 2: 1033, 3: 994, 4: 918, 5: 1006, 6: 1043, 7: 1040, 8: 970, 9: 1013}, 1: {0: 978, 1: 1031, 2: 1004, 3: 1033, 4: 976, 5: 987, 6: 1018, 7: 1017, 8: 984, 9: 972}, 2: {0: 1002, 1: 1013, 2: 982, 3: 976, 4: 1003, 5: 1040, 6: 978, 7: 949, 8: 1059, 9: 998}, 3: {0: 992, 1: 1023, 2: 968, 3: 1022, 4: 1014, 5: 1019, 6: 984, 7: 970, 8: 1002, 9: 1006}, 4: {0: 996, 1: 982, 2: 1013, 3: 975, 4: 1089, 5: 948, 6: 977, 7: 1024, 8: 985, 9: 1011}}", "loading time": 80, "local_train_accs": [0.4583, 0.4338, 0.4365, 0.4375, 0.4474], "local_test_accs": [0.4034, 0.3989, 0.3881, 0.3946, 0.3978], "Uniform ensemble (Train acc)": 0.44552, "Uniform ensemble (Test acc)": 0.4398, "FedAvg (Train acc)": 0.10824, "FedAvg (Test acc)": 0.1062, "pdm_KL_reg 0": {"Best Result": {"Best Sigma0": 10, "Best sigma": 1, "Best gamma": 10, "Best Test accuracy": 0.4316, "Train acc": 0.43564}, "PDM log": "{(10, 1, 10): {'shapes': [(3072, 469), (469,), (469, 10), (10,)], 'train_accuracy': 0.43564, 'test_accuracy': 0.4316}}", "timing": 342}, "pdm_KL_reg 0.001": {"Best Result": {"Best Sigma0": 10, "Best sigma": 1, "Best gamma": 10, "Best Test accuracy": 0.4316, "Train acc": 0.43564}, "PDM log": "{(10, 1, 10): {'shapes': [(3072, 469), (469,), (469, 10), (10,)], 'train_accuracy': 0.43564, 'test_accuracy': 0.4316}}", "timing": 667}, "pdm_KL_reg 0.005": {"Best Result": {"Best Sigma0": 10, "Best sigma": 1, "Best gamma": 10, "Best Test accuracy": 0.4316, "Train acc": 0.43564}, "PDM log": "{(10, 1, 10): {'shapes': [(3072, 469), (469,), (469, 10), (10,)], 'train_accuracy': 0.43564, 'test_accuracy': 0.4316}}", "timing": 676}, "pdm_KL_reg 0.01": {"Best Result": {"Best Sigma0": 10, "Best sigma": 1, "Best gamma": 10, "Best Test accuracy": 0.4316, "Train acc": 0.43564}, "PDM log": "{(10, 1, 10): {'shapes': [(3072, 469), (469,), (469, 10), (10,)], 'train_accuracy': 0.43564, 'test_accuracy': 0.4316}}", "timing": 650}, "pdm_KL_reg 0.05": {"Best Result": {"Best Sigma0": 10, "Best sigma": 1, "Best gamma": 10, "Best Test accuracy": 0.4316, "Train acc": 0.43564}, "PDM log": "{(10, 1, 10): {'shapes': [(3072, 467), (467,), (467, 10), (10,)], 'train_accuracy': 0.43564, 'test_accuracy': 0.4316}}", "timing": 652}, "pdm_KL_reg 0.1": {"Best Result": {"Best Sigma0": 10, "Best sigma": 1, "Best gamma": 10, "Best Test accuracy": 0.4316, "Train acc": 0.43564}, "PDM log": "{(10, 1, 10): {'shapes': [(3072, 466), (466,), (466, 10), (10,)], 'train_accuracy': 0.43564, 'test_accuracy': 0.4316}}", "timing": 613}, "pdm_KL_reg 0.5": {"Best Result": {"Best Sigma0": 10, "Best sigma": 1, "Best gamma": 10, "Best Test accuracy": 0.4316, "Train acc": 0.43564}, "PDM log": "{(10, 1, 10): {'shapes': [(3072, 446), (446,), (446, 10), (10,)], 'train_accuracy': 0.43564, 'test_accuracy': 0.4316}}", "timing": 651}, "pdm_KL_reg 1": {"Best Result": {"Best Sigma0": 10, "Best sigma": 1, "Best gamma": 10, "Best Test accuracy": 0.4315, "Train acc": 0.43574}, "PDM log": "{(10, 1, 10): {'shapes': [(3072, 200), (200,), (200, 10), (10,)], 'train_accuracy': 0.43574, 'test_accuracy': 0.4315}}", "timing": 409}, "pdm_KL_reg 2": {"Best Result": {"Best Sigma0": 10, "Best sigma": 1, "Best gamma": 10, "Best Test accuracy": 0.1006, "Train acc": 0.10064}, "PDM log": "{(10, 1, 10): {'shapes': [(3072, 108), (108,), (108, 10), (10,)], 'train_accuracy': 0.10064, 'test_accuracy': 0.1006}}", "timing": 223}, "pdm_KL_reg 5": {"Best Result": {"Best Sigma0": 10, "Best sigma": 1, "Best gamma": 10, "Best Test accuracy": 0.1002, "Train acc": 0.10058}, "PDM log": "{(10, 1, 10): {'shapes': [(3072, 103), (103,), (103, 10), (10,)], 'train_accuracy': 0.10058, 'test_accuracy': 0.1002}}", "timing": 220}, "pdm_KL_reg 10": {"Best Result": {"Best Sigma0": 10, "Best sigma": 1, "Best gamma": 10, "Best Test accuracy": 0.1001, "Train acc": 0.10052}, "PDM log": "{(10, 1, 10): {'shapes': [(3072, 100), (100,), (100, 10), (10,)], 'train_accuracy': 0.10052, 'test_accuracy': 0.1001}}", "timing": 226}, "best_reg": 0}