{"seed": 7, "Data statistics": "{0: {0: 1009, 1: 999, 2: 1013, 3: 1047, 4: 974, 5: 964, 6: 1033, 7: 970, 8: 1009, 9: 982}, 1: {0: 978, 1: 959, 2: 978, 3: 993, 4: 979, 5: 1044, 6: 959, 7: 1033, 8: 1034, 9: 1043}, 2: {0: 1023, 1: 1003, 2: 1022, 3: 990, 4: 1002, 5: 1004, 6: 959, 7: 984, 8: 1003, 9: 1010}, 3: {0: 999, 1: 994, 2: 974, 3: 973, 4: 1031, 5: 993, 6: 1044, 7: 1046, 8: 999, 9: 947}, 4: {0: 991, 1: 1045, 2: 1013, 3: 997, 4: 1014, 5: 995, 6: 1005, 7: 967, 8: 955, 9: 1018}}", "loading time": 83, "local_train_accs": [0.4212, 0.4206, 0.4563, 0.4469, 0.4334], "local_test_accs": [0.3754, 0.3777, 0.4041, 0.3973, 0.3946], "Uniform ensemble (Train acc)": 0.43914, "Uniform ensemble (Test acc)": 0.4327, "FedAvg (Train acc)": 0.0997, "FedAvg (Test acc)": 0.1003, "pdm_KL_reg 0": {"Best Result": {"Best Sigma0": 10, "Best sigma": 1, "Best gamma": 10, "Best Test accuracy": 0.4253, "Train acc": 0.43264}, "PDM log": "{(10, 1, 10): {'shapes': [(3072, 464), (464,), (464, 10), (10,)], 'train_accuracy': 0.43264, 'test_accuracy': 0.4253}}", "timing": 342}, "pdm_KL_reg 0.001": {"Best Result": {"Best Sigma0": 10, "Best sigma": 1, "Best gamma": 10, "Best Test accuracy": 0.4253, "Train acc": 0.43264}, "PDM log": "{(10, 1, 10): {'shapes': [(3072, 464), (464,), (464, 10), (10,)], 'train_accuracy': 0.43264, 'test_accuracy': 0.4253}}", "timing": 646}, "pdm_KL_reg 0.005": {"Best Result": {"Best Sigma0": 10, "Best sigma": 1, "Best gamma": 10, "Best Test accuracy": 0.4253, "Train acc": 0.43264}, "PDM log": "{(10, 1, 10): {'shapes': [(3072, 464), (464,), (464, 10), (10,)], 'train_accuracy': 0.43264, 'test_accuracy': 0.4253}}", "timing": 594}, "pdm_KL_reg 0.01": {"Best Result": {"Best Sigma0": 10, "Best sigma": 1, "Best gamma": 10, "Best Test accuracy": 0.4253, "Train acc": 0.43264}, "PDM log": "{(10, 1, 10): {'shapes': [(3072, 464), (464,), (464, 10), (10,)], 'train_accuracy': 0.43264, 'test_accuracy': 0.4253}}", "timing": 616}, "pdm_KL_reg 0.05": {"Best Result": {"Best Sigma0": 10, "Best sigma": 1, "Best gamma": 10, "Best Test accuracy": 0.4253, "Train acc": 0.43264}, "PDM log": "{(10, 1, 10): {'shapes': [(3072, 464), (464,), (464, 10), (10,)], 'train_accuracy': 0.43264, 'test_accuracy': 0.4253}}", "timing": 641}, "pdm_KL_reg 0.1": {"Best Result": {"Best Sigma0": 10, "Best sigma": 1, "Best gamma": 10, "Best Test accuracy": 0.4253, "Train acc": 0.43264}, "PDM log": "{(10, 1, 10): {'shapes': [(3072, 463), (463,), (463, 10), (10,)], 'train_accuracy': 0.43264, 'test_accuracy': 0.4253}}", "timing": 610}, "pdm_KL_reg 0.5": {"Best Result": {"Best Sigma0": 10, "Best sigma": 1, "Best gamma": 10, "Best Test accuracy": 0.4252, "Train acc": 0.43254}, "PDM log": "{(10, 1, 10): {'shapes': [(3072, 447), (447,), (447, 10), (10,)], 'train_accuracy': 0.43254, 'test_accuracy': 0.4252}}", "timing": 570}, "pdm_KL_reg 1": {"Best Result": {"Best Sigma0": 10, "Best sigma": 1, "Best gamma": 10, "Best Test accuracy": 0.4261, "Train acc": 0.43082}, "PDM log": "{(10, 1, 10): {'shapes': [(3072, 200), (200,), (200, 10), (10,)], 'train_accuracy': 0.43082, 'test_accuracy': 0.4261}}", "timing": 401}, "pdm_KL_reg 2": {"Best Result": {"Best Sigma0": 10, "Best sigma": 1, "Best gamma": 10, "Best Test accuracy": 0.0982, "Train acc": 0.09864}, "PDM log": "{(10, 1, 10): {'shapes': [(3072, 108), (108,), (108, 10), (10,)], 'train_accuracy': 0.09864, 'test_accuracy': 0.0982}}", "timing": 226}, "pdm_KL_reg 5": {"Best Result": {"Best Sigma0": 10, "Best sigma": 1, "Best gamma": 10, "Best Test accuracy": 0.0981, "Train acc": 0.0982}, "PDM log": "{(10, 1, 10): {'shapes': [(3072, 104), (104,), (104, 10), (10,)], 'train_accuracy': 0.0982, 'test_accuracy': 0.0981}}", "timing": 221}, "pdm_KL_reg 10": {"Best Result": {"Best Sigma0": 10, "Best sigma": 1, "Best gamma": 10, "Best Test accuracy": 0.0992, "Train acc": 0.09832}, "PDM log": "{(10, 1, 10): {'shapes': [(3072, 100), (100,), (100, 10), (10,)], 'train_accuracy': 0.09832, 'test_accuracy': 0.0992}}", "timing": 223}, "best_reg": 1}