{"seed": 3, "Data statistics": "{0: {0: 578, 1: 726, 2: 611, 3: 606, 4: 571, 5: 535, 6: 562, 7: 646, 8: 594, 9: 571}, 1: {0: 600, 1: 656, 2: 590, 3: 593, 4: 586, 5: 569, 6: 596, 7: 639, 8: 573, 9: 598}, 2: {0: 557, 1: 671, 2: 594, 3: 628, 4: 595, 5: 530, 6: 564, 7: 644, 8: 612, 9: 605}, 3: {0: 574, 1: 669, 2: 615, 3: 645, 4: 595, 5: 523, 6: 579, 7: 577, 8: 600, 9: 623}, 4: {0: 574, 1: 677, 2: 571, 3: 636, 4: 600, 5: 539, 6: 608, 7: 623, 8: 579, 9: 593}, 5: {0: 585, 1: 682, 2: 619, 3: 631, 4: 587, 5: 524, 6: 591, 7: 599, 8: 553, 9: 629}, 6: {0: 626, 1: 693, 2: 582, 3: 595, 4: 568, 5: 563, 6: 605, 7: 618, 8: 588, 9: 562}, 7: {0: 613, 1: 663, 2: 592, 3: 590, 4: 550, 5: 521, 6: 600, 7: 660, 8: 615, 9: 596}, 8: {0: 624, 1: 689, 2: 589, 3: 620, 4: 567, 5: 570, 6: 575, 7: 618, 8: 563, 9: 585}, 9: {0: 592, 1: 616, 2: 595, 3: 587, 4: 623, 5: 547, 6: 638, 7: 641, 8: 574, 9: 587}}", "loading time": 56, "local_train_accs": [0.974, 0.9755, 0.9746666666666667, 0.9515, 0.943, 0.9741666666666666, 0.9688333333333333, 0.9785, 0.9716666666666667, 0.9705], "local_test_accs": [0.9281, 0.9335, 0.9344, 0.9156, 0.9024, 0.9321, 0.9275, 0.9357, 0.9338, 0.9288], "Uniform ensemble (Train acc)": 0.9653333333333334, "Uniform ensemble (Test acc)": 0.9633, "FedAvg (Train acc)": 0.09751666666666667, "FedAvg (Test acc)": 0.0974, "pdm_KL_reg 0": {"Best Result": {"Best Sigma0": 0.5, "Best sigma": 1, "Best gamma": 10, "Best Test accuracy": 0.3578, "Train acc": 0.36035}, "PDM log": "{(0.5, 1, 10): {'shapes': [(784, 239), (239,), (239, 118), (118,), (118, 118), (118,), (118, 118), (118,), (118, 10), (10,)], 'train_accuracy': 0.36035, 'test_accuracy': 0.3578}}", "timing": 178}, "pdm_KL_reg 0.001": {"Best Result": {"Best Sigma0": 0.5, "Best sigma": 1, "Best gamma": 10, "Best Test accuracy": 0.4345, "Train acc": 0.4317666666666667}, "PDM log": "{(0.5, 1, 10): {'shapes': [(784, 240), (240,), (240, 118), (118,), (118, 118), (118,), (118, 118), (118,), (118, 10), (10,)], 'train_accuracy': 0.4317666666666667, 'test_accuracy': 0.4345}}", "timing": 207}, "pdm_KL_reg 0.005": {"Best Result": {"Best Sigma0": 0.5, "Best sigma": 1, "Best gamma": 10, "Best Test accuracy": 0.3199, "Train acc": 0.31603333333333333}, "PDM log": "{(0.5, 1, 10): {'shapes': [(784, 240), (240,), (240, 118), (118,), (118, 118), (118,), (118, 118), (118,), (118, 10), (10,)], 'train_accuracy': 0.31603333333333333, 'test_accuracy': 0.3199}}", "timing": 170}, "pdm_KL_reg 0.01": {"Best Result": {"Best Sigma0": 0.5, "Best sigma": 1, "Best gamma": 10, "Best Test accuracy": 0.4321, "Train acc": 0.4258}, "PDM log": "{(0.5, 1, 10): {'shapes': [(784, 248), (248,), (248, 127), (127,), (127, 118), (118,), (118, 118), (118,), (118, 10), (10,)], 'train_accuracy': 0.4258, 'test_accuracy': 0.4321}}", "timing": 205}, "pdm_KL_reg 0.05": {"Best Result": {"Best Sigma0": 0.5, "Best sigma": 1, "Best gamma": 10, "Best Test accuracy": 0.2967, "Train acc": 0.30085}, "PDM log": "{(0.5, 1, 10): {'shapes': [(784, 249), (249,), (249, 126), (126,), (126, 127), (127,), (127, 118), (118,), (118, 10), (10,)], 'train_accuracy': 0.30085, 'test_accuracy': 0.2967}}", "timing": 173}, "pdm_KL_reg 0.1": {"Best Result": {"Best Sigma0": 0.5, "Best sigma": 1, "Best gamma": 10, "Best Test accuracy": 0.4159, "Train acc": 0.42015}, "PDM log": "{(0.5, 1, 10): {'shapes': [(784, 260), (260,), (260, 127), (127,), (127, 127), (127,), (127, 118), (118,), (118, 10), (10,)], 'train_accuracy': 0.42015, 'test_accuracy': 0.4159}}", "timing": 250}, "pdm_KL_reg 0.5": {"Best Result": {"Best Sigma0": 0.5, "Best sigma": 1, "Best gamma": 10, "Best Test accuracy": 0.2705, "Train acc": 0.2684166666666667}, "PDM log": "{(0.5, 1, 10): {'shapes': [(784, 405), (405,), (405, 127), (127,), (127, 127), (127,), (127, 118), (118,), (118, 10), (10,)], 'train_accuracy': 0.2684166666666667, 'test_accuracy': 0.2705}}", "timing": 290}, "pdm_KL_reg 1": {"Best Result": {"Best Sigma0": 0.5, "Best sigma": 1, "Best gamma": 10, "Best Test accuracy": 0.4118, "Train acc": 0.4112166666666667}, "PDM log": "{(0.5, 1, 10): {'shapes': [(784, 620), (620,), (620, 136), (136,), (136, 127), (127,), (127, 118), (118,), (118, 10), (10,)], 'train_accuracy': 0.4112166666666667, 'test_accuracy': 0.4118}}", "timing": 554}, "pdm_KL_reg 2": {"Best Result": {"Best Sigma0": 0.5, "Best sigma": 1, "Best gamma": 10, "Best Test accuracy": 0.0974, "Train acc": 0.09751666666666667}, "PDM log": "{(0.5, 1, 10): {'shapes': [(784, 689), (689,), (689, 154), (154,), (154, 145), (145,), (145, 127), (127,), (127, 10), (10,)], 'train_accuracy': 0.09751666666666667, 'test_accuracy': 0.0974}}", "timing": 513}, "pdm_KL_reg 5": {"Best Result": {"Best Sigma0": 0.5, "Best sigma": 1, "Best gamma": 10, "Best Test accuracy": 0.0974, "Train acc": 0.09751666666666667}, "PDM log": "{(0.5, 1, 10): {'shapes': [(784, 355), (355,), (355, 172), (172,), (172, 163), (163,), (163, 118), (118,), (118, 10), (10,)], 'train_accuracy': 0.09751666666666667, 'test_accuracy': 0.0974}}", "timing": 362}, "pdm_KL_reg 10": {"Best Result": {"Best Sigma0": 0.5, "Best sigma": 1, "Best gamma": 10, "Best Test accuracy": 0.0974, "Train acc": 0.09751666666666667}, "PDM log": "{(0.5, 1, 10): {'shapes': [(784, 234), (234,), (234, 190), (190,), (190, 190), (190,), (190, 127), (127,), (127, 10), (10,)], 'train_accuracy': 0.09751666666666667, 'test_accuracy': 0.0974}}", "timing": 210}, "best_reg": 0.001}