{"seed": 8, "Data statistics": "{0: {0: 620, 1: 730, 2: 568, 3: 602, 4: 590, 5: 552, 6: 565, 7: 589, 8: 589, 9: 595}, 1: {0: 561, 1: 698, 2: 592, 3: 646, 4: 560, 5: 536, 6: 577, 7: 649, 8: 588, 9: 593}, 2: {0: 570, 1: 688, 2: 603, 3: 629, 4: 604, 5: 523, 6: 550, 7: 621, 8: 604, 9: 608}, 3: {0: 578, 1: 648, 2: 618, 3: 613, 4: 572, 5: 563, 6: 582, 7: 636, 8: 600, 9: 590}, 4: {0: 619, 1: 660, 2: 598, 3: 600, 4: 586, 5: 549, 6: 620, 7: 609, 8: 554, 9: 605}, 5: {0: 615, 1: 635, 2: 587, 3: 603, 4: 618, 5: 531, 6: 612, 7: 635, 8: 575, 9: 589}, 6: {0: 582, 1: 659, 2: 579, 3: 622, 4: 554, 5: 563, 6: 560, 7: 669, 8: 594, 9: 618}, 7: {0: 582, 1: 675, 2: 607, 3: 613, 4: 578, 5: 565, 6: 612, 7: 613, 8: 558, 9: 597}, 8: {0: 586, 1: 669, 2: 609, 3: 592, 4: 589, 5: 506, 6: 616, 7: 637, 8: 604, 9: 592}, 9: {0: 610, 1: 680, 2: 597, 3: 611, 4: 591, 5: 533, 6: 624, 7: 607, 8: 585, 9: 562}}", "loading time": 31, "local_train_accs": [0.9816666666666667, 0.9658333333333333, 0.968, 0.9805, 0.9665, 0.9665, 0.9726666666666667, 0.9798333333333333, 0.9498333333333333, 0.9588333333333333], "local_test_accs": [0.9352, 0.922, 0.9288, 0.9386, 0.9296, 0.9243, 0.9333, 0.9364, 0.9076, 0.9194], "Uniform ensemble (Train acc)": 0.9655, "Uniform ensemble (Test acc)": 0.9625, "FedAvg (Train acc)": 0.09751666666666667, "FedAvg (Test acc)": 0.0974, "pdm_KL_reg 0": {"Best Result": {"Best Sigma0": 0.5, "Best sigma": 1, "Best gamma": 10, "Best Test accuracy": 0.3921, "Train acc": 0.3950666666666667}, "PDM log": "{(0.5, 1, 10): {'shapes': [(784, 241), (241,), (241, 127), (127,), (127, 118), (118,), (118, 118), (118,), (118, 10), (10,)], 'train_accuracy': 0.3950666666666667, 'test_accuracy': 0.3921}}", "timing": 82}, "pdm_KL_reg 0.001": {"Best Result": {"Best Sigma0": 0.5, "Best sigma": 1, "Best gamma": 10, "Best Test accuracy": 0.329, "Train acc": 0.3323}, "PDM log": "{(0.5, 1, 10): {'shapes': [(784, 250), (250,), (250, 127), (127,), (127, 118), (118,), (118, 118), (118,), (118, 10), (10,)], 'train_accuracy': 0.3323, 'test_accuracy': 0.329}}", "timing": 74}, "pdm_KL_reg 0.005": {"Best Result": {"Best Sigma0": 0.5, "Best sigma": 1, "Best gamma": 10, "Best Test accuracy": 0.4744, "Train acc": 0.47163333333333335}, "PDM log": "{(0.5, 1, 10): {'shapes': [(784, 249), (249,), (249, 126), (126,), (126, 118), (118,), (118, 118), (118,), (118, 10), (10,)], 'train_accuracy': 0.47163333333333335, 'test_accuracy': 0.4744}}", "timing": 102}, "pdm_KL_reg 0.01": {"Best Result": {"Best Sigma0": 0.5, "Best sigma": 1, "Best gamma": 10, "Best Test accuracy": 0.472, "Train acc": 0.4711}, "PDM log": "{(0.5, 1, 10): {'shapes': [(784, 251), (251,), (251, 126), (126,), (126, 118), (118,), (118, 118), (118,), (118, 10), (10,)], 'train_accuracy': 0.4711, 'test_accuracy': 0.472}}", "timing": 134}, "pdm_KL_reg 0.05": {"Best Result": {"Best Sigma0": 0.5, "Best sigma": 1, "Best gamma": 10, "Best Test accuracy": 0.2691, "Train acc": 0.26836666666666664}, "PDM log": "{(0.5, 1, 10): {'shapes': [(784, 250), (250,), (250, 127), (127,), (127, 127), (127,), (127, 118), (118,), (118, 10), (10,)], 'train_accuracy': 0.26836666666666664, 'test_accuracy': 0.2691}}", "timing": 97}, "pdm_KL_reg 0.1": {"Best Result": {"Best Sigma0": 0.5, "Best sigma": 1, "Best gamma": 10, "Best Test accuracy": 0.4487, "Train acc": 0.44771666666666665}, "PDM log": "{(0.5, 1, 10): {'shapes': [(784, 268), (268,), (268, 127), (127,), (127, 127), (127,), (127, 118), (118,), (118, 10), (10,)], 'train_accuracy': 0.44771666666666665, 'test_accuracy': 0.4487}}", "timing": 124}, "pdm_KL_reg 0.5": {"Best Result": {"Best Sigma0": 0.5, "Best sigma": 1, "Best gamma": 10, "Best Test accuracy": 0.3399, "Train acc": 0.3524833333333333}, "PDM log": "{(0.5, 1, 10): {'shapes': [(784, 402), (402,), (402, 127), (127,), (127, 127), (127,), (127, 118), (118,), (118, 10), (10,)], 'train_accuracy': 0.3524833333333333, 'test_accuracy': 0.3399}}", "timing": 182}, "pdm_KL_reg 1": {"Best Result": {"Best Sigma0": 0.5, "Best sigma": 1, "Best gamma": 10, "Best Test accuracy": 0.5092, "Train acc": 0.5112166666666667}, "PDM log": "{(0.5, 1, 10): {'shapes': [(784, 623), (623,), (623, 136), (136,), (136, 127), (127,), (127, 118), (118,), (118, 10), (10,)], 'train_accuracy': 0.5112166666666667, 'test_accuracy': 0.5092}}", "timing": 414}, "pdm_KL_reg 2": {"Best Result": {"Best Sigma0": 0.5, "Best sigma": 1, "Best gamma": 10, "Best Test accuracy": 0.0974, "Train acc": 0.09751666666666667}, "PDM log": "{(0.5, 1, 10): {'shapes': [(784, 671), (671,), (671, 162), (162,), (162, 145), (145,), (145, 127), (127,), (127, 10), (10,)], 'train_accuracy': 0.09751666666666667, 'test_accuracy': 0.0974}}", "timing": 380}, "pdm_KL_reg 5": {"Best Result": {"Best Sigma0": 0.5, "Best sigma": 1, "Best gamma": 10, "Best Test accuracy": 0.0974, "Train acc": 0.09751666666666667}, "PDM log": "{(0.5, 1, 10): {'shapes': [(784, 334), (334,), (334, 190), (190,), (190, 163), (163,), (163, 127), (127,), (127, 10), (10,)], 'train_accuracy': 0.09751666666666667, 'test_accuracy': 0.0974}}", "timing": 217}, "pdm_KL_reg 10": {"Best Result": {"Best Sigma0": 0.5, "Best sigma": 1, "Best gamma": 10, "Best Test accuracy": 0.0974, "Train acc": 0.09751666666666667}, "PDM log": "{(0.5, 1, 10): {'shapes': [(784, 223), (223,), (223, 242), (242,), (242, 208), (208,), (208, 118), (118,), (118, 10), (10,)], 'train_accuracy': 0.09751666666666667, 'test_accuracy': 0.0974}}", "timing": 120}, "best_reg": 1}