{"seed": 2, "Data statistics": "{0: {0: 20, 1: 166, 2: 805, 3: 1865, 4: 1297, 5: 1014}, 1: {0: 318, 1: 1068, 2: 10, 3: 177, 4: 73, 5: 25, 6: 630, 7: 719, 8: 206, 9: 1249}, 2: {0: 527, 1: 20, 2: 32, 3: 198, 4: 71, 5: 33, 6: 27, 7: 626, 8: 383, 9: 244}, 3: {0: 271, 1: 1707, 2: 2, 3: 229, 4: 526, 5: 372, 6: 24, 7: 175, 8: 413, 9: 1788}, 4: {0: 930, 1: 357, 2: 340, 3: 268, 4: 2215, 5: 2429}, 5: {0: 226, 1: 83, 2: 2028, 3: 461, 4: 131, 5: 293, 6: 10, 7: 3134}, 6: {0: 39, 1: 1568, 2: 691, 3: 1584, 4: 370, 5: 669, 6: 1506}, 7: {0: 1548, 1: 6, 2: 397, 3: 188, 4: 35, 5: 155, 6: 806, 7: 179, 8: 2216}, 8: {0: 1107, 1: 22, 2: 294, 3: 17, 4: 264, 6: 1214, 7: 8, 8: 749, 9: 929}, 9: {0: 14, 1: 3, 2: 401, 3: 13, 4: 18, 5: 10, 6: 783, 7: 159, 8: 1033, 9: 790}}", "loading time": 106, "local_train_accs": [0.5389974840332882, 0.6274860335195531, 0.5770476631189264, 0.5798075177047394, 0.6468879033491359, 0.6668237511781339, 0.5503345262175199, 0.6547920433996384, 0.5966550825369245, 0.7245657568238213], "local_test_accs": [0.1922, 0.3135, 0.2397, 0.2891, 0.2244, 0.1671, 0.2499, 0.2597, 0.2535, 0.2707], "Uniform ensemble (Train acc)": 0.4287, "Uniform ensemble (Test acc)": 0.4232, "FedAvg (Train acc)": 0.10816, "FedAvg (Test acc)": 0.1074, "pdm_KL_reg 0": {"Best Result": {"Best Sigma0": 0.5, "Best sigma": 1, "Best gamma": 10, "Best Test accuracy": 0.2519, "Train acc": 0.25044}, "PDM log": "{(0.5, 1, 10): {'shapes': [(3072, 564), (564,), (564, 10), (10,)], 'train_accuracy': 0.25044, 'test_accuracy': 0.2519}}", "timing": 690}, "pdm_KL_reg 0.001": {"Best Result": {"Best Sigma0": 0.5, "Best sigma": 1, "Best gamma": 10, "Best Test accuracy": 0.2465, "Train acc": 0.24504}, "PDM log": "{(0.5, 1, 10): {'shapes': [(3072, 566), (566,), (566, 10), (10,)], 'train_accuracy': 0.24504, 'test_accuracy': 0.2465}}", "timing": 1281}, "pdm_KL_reg 0.005": {"Best Result": {"Best Sigma0": 0.5, "Best sigma": 1, "Best gamma": 10, "Best Test accuracy": 0.2489, "Train acc": 0.2497}, "PDM log": "{(0.5, 1, 10): {'shapes': [(3072, 568), (568,), (568, 10), (10,)], 'train_accuracy': 0.2497, 'test_accuracy': 0.2489}}", "timing": 1302}, "pdm_KL_reg 0.01": {"Best Result": {"Best Sigma0": 0.5, "Best sigma": 1, "Best gamma": 10, "Best Test accuracy": 0.2542, "Train acc": 0.2533}, "PDM log": "{(0.5, 1, 10): {'shapes': [(3072, 568), (568,), (568, 10), (10,)], 'train_accuracy': 0.2533, 'test_accuracy': 0.2542}}", "timing": 1492}, "pdm_KL_reg 0.05": {"Best Result": {"Best Sigma0": 0.5, "Best sigma": 1, "Best gamma": 10, "Best Test accuracy": 0.2434, "Train acc": 0.24224}, "PDM log": "{(0.5, 1, 10): {'shapes': [(3072, 567), (567,), (567, 10), (10,)], 'train_accuracy': 0.24224, 'test_accuracy': 0.2434}}", "timing": 1530}, "pdm_KL_reg 0.1": {"Best Result": {"Best Sigma0": 0.5, "Best sigma": 1, "Best gamma": 10, "Best Test accuracy": 0.2456, "Train acc": 0.24282}, "PDM log": "{(0.5, 1, 10): {'shapes': [(3072, 557), (557,), (557, 10), (10,)], 'train_accuracy': 0.24282, 'test_accuracy': 0.2456}}", "timing": 1561}, "pdm_KL_reg 0.5": {"Best Result": {"Best Sigma0": 0.5, "Best sigma": 1, "Best gamma": 10, "Best Test accuracy": 0.2485, "Train acc": 0.24802}, "PDM log": "{(0.5, 1, 10): {'shapes': [(3072, 596), (596,), (596, 10), (10,)], 'train_accuracy': 0.24802, 'test_accuracy': 0.2485}}", "timing": 1566}, "pdm_KL_reg 1": {"Best Result": {"Best Sigma0": 0.5, "Best sigma": 1, "Best gamma": 10, "Best Test accuracy": 0.2575, "Train acc": 0.25592}, "PDM log": "{(0.5, 1, 10): {'shapes': [(3072, 620), (620,), (620, 10), (10,)], 'train_accuracy': 0.25592, 'test_accuracy': 0.2575}}", "timing": 1704}, "pdm_KL_reg 2": {"Best Result": {"Best Sigma0": 0.5, "Best sigma": 1, "Best gamma": 10, "Best Test accuracy": 0.2546, "Train acc": 0.2538}, "PDM log": "{(0.5, 1, 10): {'shapes': [(3072, 622), (622,), (622, 10), (10,)], 'train_accuracy': 0.2538, 'test_accuracy': 0.2546}}", "timing": 1662}, "pdm_KL_reg 5": {"Best Result": {"Best Sigma0": 0.5, "Best sigma": 1, "Best gamma": 10, "Best Test accuracy": 0.1313, "Train acc": 0.13184}, "PDM log": "{(0.5, 1, 10): {'shapes': [(3072, 145), (145,), (145, 10), (10,)], 'train_accuracy': 0.13184, 'test_accuracy': 0.1313}}", "timing": 912}, "pdm_KL_reg 10": {"Best Result": {"Best Sigma0": 0.5, "Best sigma": 1, "Best gamma": 10, "Best Test accuracy": 0.1, "Train acc": 0.1}, "PDM log": "{(0.5, 1, 10): {'shapes': [(3072, 127), (127,), (127, 10), (10,)], 'train_accuracy': 0.1, 'test_accuracy': 0.1}}", "timing": 738}, "best_reg": 1}