{"seed": 0, "Data statistics": "{0: {0: 953, 1: 142, 2: 141, 3: 75, 4: 695, 5: 819, 7: 2482}, 1: {0: 16, 1: 43, 2: 902, 3: 1650, 4: 86, 5: 182, 7: 693, 8: 110, 9: 6}, 2: {0: 9, 1: 8, 2: 290, 3: 769, 4: 841, 5: 283, 6: 119, 7: 1044, 8: 1014, 9: 58}, 3: {0: 395, 1: 1200, 2: 48, 3: 68, 4: 896, 5: 681, 6: 90, 7: 17, 8: 1351, 9: 301}, 4: {0: 504, 1: 2917, 2: 570, 3: 721, 4: 121, 5: 356}, 5: {0: 1262, 1: 71, 2: 325, 3: 119, 4: 1560, 5: 14, 6: 1, 7: 85, 8: 366}, 6: {0: 9, 1: 273, 2: 1657, 3: 40, 4: 1, 5: 130, 6: 1911, 7: 21, 8: 1160}, 7: {0: 722, 1: 3, 2: 281, 3: 738, 4: 22, 5: 974, 6: 624, 7: 1, 8: 82, 9: 878}, 8: {0: 1127, 1: 153, 2: 680, 3: 500, 4: 698, 5: 1139, 6: 92, 7: 23, 8: 1, 9: 3665}, 9: {0: 3, 1: 190, 2: 106, 3: 320, 4: 80, 5: 422, 6: 2163, 7: 634, 8: 916, 9: 92}}", "loading time": 44, "local_train_accs": [0.663463350292067, 0.6182212581344902, 0.5623449830890642, 0.6138299980186249, 0.728078627866641, 0.6423875887457271, 0.7181853133410226, 0.5500578034682081, 0.6208219856400099, 0.6688997157937474], "local_test_accs": [0.2477, 0.2123, 0.2625, 0.2849, 0.2455, 0.1763, 0.2537, 0.2724, 0.2406, 0.2676], "Uniform ensemble (Train acc)": 0.39896, "Uniform ensemble (Test acc)": 0.3867, "FedAvg (Train acc)": 0.10204, "FedAvg (Test acc)": 0.1013, "pdm_KL_reg 0": {"Best Result": {"Best Sigma0": 0.5, "Best sigma": 1, "Best gamma": 10, "Best Test accuracy": 0.2546, "Train acc": 0.25666}, "PDM log": "{(0.5, 1, 10): {'shapes': [(3072, 554), (554,), (554, 10), (10,)], 'train_accuracy': 0.25666, 'test_accuracy': 0.2546}}", "timing": 626}, "pdm_KL_reg 0.001": {"Best Result": {"Best Sigma0": 0.5, "Best sigma": 1, "Best gamma": 10, "Best Test accuracy": 0.2556, "Train acc": 0.25704}, "PDM log": "{(0.5, 1, 10): {'shapes': [(3072, 555), (555,), (555, 10), (10,)], 'train_accuracy': 0.25704, 'test_accuracy': 0.2556}}", "timing": 1527}, "pdm_KL_reg 0.005": {"Best Result": {"Best Sigma0": 0.5, "Best sigma": 1, "Best gamma": 10, "Best Test accuracy": 0.2521, "Train acc": 0.2559}, "PDM log": "{(0.5, 1, 10): {'shapes': [(3072, 554), (554,), (554, 10), (10,)], 'train_accuracy': 0.2559, 'test_accuracy': 0.2521}}", "timing": 1621}, "pdm_KL_reg 0.01": {"Best Result": {"Best Sigma0": 0.5, "Best sigma": 1, "Best gamma": 10, "Best Test accuracy": 0.2527, "Train acc": 0.25474}, "PDM log": "{(0.5, 1, 10): {'shapes': [(3072, 555), (555,), (555, 10), (10,)], 'train_accuracy': 0.25474, 'test_accuracy': 0.2527}}", "timing": 1666}, "pdm_KL_reg 0.05": {"Best Result": {"Best Sigma0": 0.5, "Best sigma": 1, "Best gamma": 10, "Best Test accuracy": 0.246, "Train acc": 0.24882}, "PDM log": "{(0.5, 1, 10): {'shapes': [(3072, 556), (556,), (556, 10), (10,)], 'train_accuracy': 0.24882, 'test_accuracy': 0.246}}", "timing": 1641}, "pdm_KL_reg 0.1": {"Best Result": {"Best Sigma0": 0.5, "Best sigma": 1, "Best gamma": 10, "Best Test accuracy": 0.256, "Train acc": 0.25896}, "PDM log": "{(0.5, 1, 10): {'shapes': [(3072, 565), (565,), (565, 10), (10,)], 'train_accuracy': 0.25896, 'test_accuracy': 0.256}}", "timing": 1667}, "pdm_KL_reg 0.5": {"Best Result": {"Best Sigma0": 0.5, "Best sigma": 1, "Best gamma": 10, "Best Test accuracy": 0.245, "Train acc": 0.24998}, "PDM log": "{(0.5, 1, 10): {'shapes': [(3072, 571), (571,), (571, 10), (10,)], 'train_accuracy': 0.24998, 'test_accuracy': 0.245}}", "timing": 1702}, "pdm_KL_reg 1": {"Best Result": {"Best Sigma0": 0.5, "Best sigma": 1, "Best gamma": 10, "Best Test accuracy": 0.2581, "Train acc": 0.26072}, "PDM log": "{(0.5, 1, 10): {'shapes': [(3072, 604), (604,), (604, 10), (10,)], 'train_accuracy': 0.26072, 'test_accuracy': 0.2581}}", "timing": 1734}, "pdm_KL_reg 2": {"Best Result": {"Best Sigma0": 0.5, "Best sigma": 1, "Best gamma": 10, "Best Test accuracy": 0.254, "Train acc": 0.2567}, "PDM log": "{(0.5, 1, 10): {'shapes': [(3072, 664), (664,), (664, 10), (10,)], 'train_accuracy': 0.2567, 'test_accuracy': 0.254}}", "timing": 1905}, "pdm_KL_reg 5": {"Best Result": {"Best Sigma0": 0.5, "Best sigma": 1, "Best gamma": 10, "Best Test accuracy": 0.0995, "Train acc": 0.10046}, "PDM log": "{(0.5, 1, 10): {'shapes': [(3072, 161), (161,), (161, 10), (10,)], 'train_accuracy': 0.10046, 'test_accuracy': 0.0995}}", "timing": 1016}, "pdm_KL_reg 10": {"Best Result": {"Best Sigma0": 0.5, "Best sigma": 1, "Best gamma": 10, "Best Test accuracy": 0.0998, "Train acc": 0.1001}, "PDM log": "{(0.5, 1, 10): {'shapes': [(3072, 127), (127,), (127, 10), (10,)], 'train_accuracy': 0.1001, 'test_accuracy': 0.0998}}", "timing": 801}, "best_reg": 1}