{"seed": 2, "Data statistics": "{0: {0: 1593, 1: 475, 2: 877, 3: 767, 4: 2, 5: 8, 6: 895, 7: 50, 8: 962, 9: 212}, 1: {0: 260, 1: 1498, 2: 2, 3: 84, 4: 346, 5: 957, 6: 1195, 7: 381, 8: 642, 9: 2884}, 2: {0: 1433, 1: 390, 2: 392, 3: 285, 4: 2456, 5: 192, 6: 418, 7: 586}, 3: {0: 68, 1: 2184, 2: 1, 3: 162, 4: 195, 5: 473, 6: 704, 7: 293, 8: 1474, 9: 12}, 4: {0: 997, 2: 102, 3: 259, 4: 100, 5: 1559, 6: 164, 7: 88, 8: 1216, 9: 6}, 5: {0: 371, 1: 826, 2: 1594, 3: 2116, 4: 906, 5: 127, 6: 1421}, 6: {0: 203, 1: 1300, 2: 255, 3: 53, 4: 67, 5: 54, 6: 308, 7: 900, 8: 432, 9: 455}, 7: {0: 2, 1: 19, 2: 86, 3: 846, 4: 1087, 5: 1307, 6: 694, 7: 185, 9: 519}, 8: {0: 992, 1: 15, 2: 1552, 3: 1413, 4: 514, 5: 329, 6: 99, 7: 142, 8: 660, 9: 569}, 9: {0: 4, 1: 35, 2: 1097, 3: 146, 4: 169, 5: 415, 6: 20, 7: 3640, 8: 465, 9: 1292}}", "local_train_accs": [0.9828796438965931, 0.979876348648321, 0.9910598179453837, 0.987603305785124, 0.9812959251837008, 0.9880451025675859, 0.9786441519741743, 0.9599578503688093, 0.960222752585521, 0.9853082520939174], "local_test_accs": [0.7465, 0.754, 0.7581, 0.7526, 0.731, 0.6592, 0.8577, 0.6981, 0.7918, 0.7887], "Uniform ensemble (Train acc)": 0.9606, "Uniform ensemble (Test acc)": 0.9574, "FedAvg (Train acc)": 0.09751666666666667, "FedAvg (Test acc)": 0.0974, "pdm_match": {"Best Result": {"Best Sigma0": 10.0, "Best sigma": 0.1, "Best gamma": 50.0, "Best Test accuracy": 0.9272, "Train acc": 0.9304833333333333}, "PDM log": "{(1.0, 1.0, 1.0): {'shapes': [(784, 377), (377,), (377, 100), (100,), (100, 100), (100,), (100, 10), (10,)], 'train_accuracy': 0.44455, 'test_accuracy': 0.4447}, (10.0, 1.0, 1.0): {'shapes': [(784, 671), (671,), (671, 118), (118,), (118, 100), (100,), (100, 10), (10,)], 'train_accuracy': 0.73915, 'test_accuracy': 0.745}, (1.0, 0.1, 1.0): {'shapes': [(784, 700), (700,), (700, 700), (700,), (700, 131), (131,), (131, 10), (10,)], 'train_accuracy': 0.8151, 'test_accuracy': 0.8056}, (10.0, 0.1, 1.0): {'shapes': [(784, 700), (700,), (700, 700), (700,), (700, 140), (140,), (140, 10), (10,)], 'train_accuracy': 0.8605666666666667, 'test_accuracy': 0.8583}, (1.0, 0.5, 1.0): {'shapes': [(784, 683), (683,), (683, 124), (124,), (124, 102), (102,), (102, 10), (10,)], 'train_accuracy': 0.6271166666666667, 'test_accuracy': 0.6208}, (10.0, 0.5, 1.0): {'shapes': [(784, 700), (700,), (700, 196), (196,), (196, 105), (105,), (105, 10), (10,)], 'train_accuracy': 0.7636833333333334, 'test_accuracy': 0.7567}, (1.0, 1.0, 10.0): {'shapes': [(784, 498), (498,), (498, 136), (136,), (136, 109), (109,), (109, 10), (10,)], 'train_accuracy': 0.7762666666666667, 'test_accuracy': 0.7714}, (10.0, 1.0, 10.0): {'shapes': [(784, 700), (700,), (700, 207), (207,), (207, 127), (127,), (127, 10), (10,)], 'train_accuracy': 0.7827166666666666, 'test_accuracy': 0.7869}, (1.0, 0.1, 10.0): {'shapes': [(784, 700), (700,), (700, 700), (700,), (700, 181), (181,), (181, 10), (10,)], 'train_accuracy': 0.84445, 'test_accuracy': 0.8389}, (10.0, 0.1, 10.0): {'shapes': [(784, 700), (700,), (700, 700), (700,), (700, 203), (203,), (203, 10), (10,)], 'train_accuracy': 0.8671666666666666, 'test_accuracy': 0.8617}, (1.0, 0.5, 10.0): {'shapes': [(784, 700), (700,), (700, 220), (220,), (220, 116), (116,), (116, 10), (10,)], 'train_accuracy': 0.78325, 'test_accuracy': 0.7805}, (10.0, 0.5, 10.0): {'shapes': [(784, 700), (700,), (700, 413), (413,), (413, 128), (128,), (128, 10), (10,)], 'train_accuracy': 0.7721333333333333, 'test_accuracy': 0.7678}, (1.0, 1.0, 50.0): {'shapes': [(784, 617), (617,), (617, 252), (252,), (252, 179), (179,), (179, 10), (10,)], 'train_accuracy': 0.8055666666666667, 'test_accuracy': 0.8023}, (10.0, 1.0, 50.0): {'shapes': [(784, 700), (700,), (700, 478), (478,), (478, 235), (235,), (235, 10), (10,)], 'train_accuracy': 0.89425, 'test_accuracy': 0.893}, (1.0, 0.1, 50.0): {'shapes': [(784, 700), (700,), (700, 700), (700,), (700, 286), (286,), (286, 10), (10,)], 'train_accuracy': 0.9125333333333333, 'test_accuracy': 0.9106}, (10.0, 0.1, 50.0): {'shapes': [(784, 700), (700,), (700, 700), (700,), (700, 320), (320,), (320, 10), (10,)], 'train_accuracy': 0.9304833333333333, 'test_accuracy': 0.9272}, (1.0, 0.5, 50.0): {'shapes': [(784, 700), (700,), (700, 452), (452,), (452, 179), (179,), (179, 10), (10,)], 'train_accuracy': 0.8258333333333333, 'test_accuracy': 0.82}, (10.0, 0.5, 50.0): {'shapes': [(784, 700), (700,), (700, 694), (694,), (694, 244), (244,), (244, 10), (10,)], 'train_accuracy': 0.87705, 'test_accuracy': 0.8726}}", "timing": "14678"}, "pdm_KL_match": {}, "pdm_KL2_match": {"Best Result": {"Best Sigma0": 1.0, "Best sigma": 0.1, "Best gamma": 50.0, "Best Test accuracy": 0.8952, "Train acc": 0.8985166666666666}, "PDM log": "{(1.0, 1.0, 1.0): {'shapes': [(784, 531), (531,), (531, 100), (100,), (100, 100), (100,), (100, 10), (10,)], 'train_accuracy': 0.4870833333333333, 'test_accuracy': 0.4866}, (10.0, 1.0, 1.0): {'shapes': [(784, 208), (208,), (208, 100), (100,), (100, 100), (100,), (100, 10), (10,)], 'train_accuracy': 0.5142333333333333, 'test_accuracy': 0.5107}, (1.0, 0.1, 1.0): {'shapes': [(784, 694), (694,), (694, 163), (163,), (163, 107), (107,), (107, 10), (10,)], 'train_accuracy': 0.7609, 'test_accuracy': 0.7684}, (10.0, 0.1, 1.0): {'shapes': [(784, 280), (280,), (280, 100), (100,), (100, 100), (100,), (100, 10), (10,)], 'train_accuracy': 0.5354333333333333, 'test_accuracy': 0.5292}, (1.0, 0.5, 1.0): {'shapes': [(784, 643), (643,), (643, 109), (109,), (109, 100), (100,), (100, 10), (10,)], 'train_accuracy': 0.5910833333333333, 'test_accuracy': 0.5874}, (10.0, 0.5, 1.0): {'shapes': [(784, 244), (244,), (244, 100), (100,), (100, 100), (100,), (100, 10), (10,)], 'train_accuracy': 0.5905666666666667, 'test_accuracy': 0.5864}, (1.0, 1.0, 10.0): {'shapes': [(784, 618), (618,), (618, 145), (145,), (145, 127), (127,), (127, 10), (10,)], 'train_accuracy': 0.6311833333333333, 'test_accuracy': 0.6342}, (10.0, 1.0, 10.0): {'shapes': [(784, 451), (451,), (451, 136), (136,), (136, 127), (127,), (127, 10), (10,)], 'train_accuracy': 0.7414833333333334, 'test_accuracy': 0.7368}, (1.0, 0.1, 10.0): {'shapes': [(784, 700), (700,), (700, 352), (352,), (352, 145), (145,), (145, 10), (10,)], 'train_accuracy': 0.7904333333333333, 'test_accuracy': 0.7857}, (10.0, 0.1, 10.0): {'shapes': [(784, 532), (532,), (532, 136), (136,), (136, 127), (127,), (127, 10), (10,)], 'train_accuracy': 0.6874833333333333, 'test_accuracy': 0.6894}, (1.0, 0.5, 10.0): {'shapes': [(784, 674), (674,), (674, 190), (190,), (190, 127), (127,), (127, 10), (10,)], 'train_accuracy': 0.7199, 'test_accuracy': 0.7115}, (10.0, 0.5, 10.0): {'shapes': [(784, 505), (505,), (505, 136), (136,), (136, 127), (127,), (127, 10), (10,)], 'train_accuracy': 0.6882833333333334, 'test_accuracy': 0.6914}, (1.0, 1.0, 50.0): {'shapes': [(784, 666), (666,), (666, 307), (307,), (307, 235), (235,), (235, 10), (10,)], 'train_accuracy': 0.84555, 'test_accuracy': 0.8447}, (10.0, 1.0, 50.0): {'shapes': [(784, 604), (604,), (604, 271), (271,), (271, 235), (235,), (235, 10), (10,)], 'train_accuracy': 0.8393833333333334, 'test_accuracy': 0.8362}, (1.0, 0.1, 50.0): {'shapes': [(784, 700), (700,), (700, 667), (667,), (667, 271), (271,), (271, 10), (10,)], 'train_accuracy': 0.8985166666666666, 'test_accuracy': 0.8952}, (10.0, 0.1, 50.0): {'shapes': [(784, 631), (631,), (631, 280), (280,), (280, 235), (235,), (235, 10), (10,)], 'train_accuracy': 0.8663166666666666, 'test_accuracy': 0.8649}, (1.0, 0.5, 50.0): {'shapes': [(784, 700), (700,), (700, 433), (433,), (433, 244), (244,), (244, 10), (10,)], 'train_accuracy': 0.8512333333333333, 'test_accuracy': 0.8462}, (10.0, 0.5, 50.0): {'shapes': [(784, 613), (613,), (613, 280), (280,), (280, 235), (235,), (235, 10), (10,)], 'train_accuracy': 0.87345, 'test_accuracy': 0.8701}}", "timing": 20745}}