{"seed": 7, "Data statistics": "{0: {0: 39, 1: 2014, 2: 25, 3: 43, 4: 1522, 5: 21, 6: 303, 7: 229, 8: 2115}, 1: {0: 127, 1: 213, 2: 2333, 3: 2359, 4: 151, 5: 803, 6: 394}, 2: {0: 3587, 2: 44, 3: 1117, 4: 286, 5: 577, 6: 30, 7: 2393}, 3: {0: 443, 1: 33, 2: 537, 3: 707, 4: 598, 5: 84, 6: 2435, 7: 187, 8: 144, 9: 775}, 4: {0: 253, 1: 17, 3: 149, 4: 1600, 5: 1235, 6: 70, 7: 1179, 8: 605, 9: 538}, 5: {0: 107, 1: 166, 2: 48, 3: 28, 4: 166, 5: 517, 6: 73, 7: 255, 8: 2148, 9: 677}, 6: {0: 629, 1: 23, 2: 1190, 3: 175, 4: 1064, 5: 810, 6: 26, 8: 526, 9: 3818}, 7: {0: 108, 1: 239, 2: 1388, 3: 133, 4: 435, 5: 1312, 6: 461, 8: 112, 9: 123}, 8: {0: 102, 1: 407, 2: 331, 3: 1094, 4: 1, 5: 60, 6: 272, 7: 2022, 8: 200, 9: 18}, 9: {0: 528, 1: 3630, 2: 62, 3: 326, 4: 19, 5: 2, 6: 1854, 8: 1}}", "local_train_accs": [0.9928695927745207, 0.9899686520376175, 0.9657704754792134, 0.9717314487632509, 0.9863620262132483, 0.9694145758661887, 0.9839002542065125, 0.9737879842263976, 0.985799866873752, 0.995172843350981], "local_test_accs": [0.7171, 0.672, 0.5044, 0.8918, 0.7575, 0.816, 0.7789, 0.7934, 0.7539, 0.5211], "Uniform ensemble (Train acc)": 0.9559, "Uniform ensemble (Test acc)": 0.9543, "FedAvg (Train acc)": 0.09751666666666667, "FedAvg (Test acc)": 0.0974, "pdm_match": {"Best Result": {"Best Sigma0": 1.0, "Best sigma": 0.1, "Best gamma": 10.0, "Best Test accuracy": 0.8604, "Train acc": 0.8603}, "PDM log": "{(1.0, 1.0, 1.0): {'shapes': [(784, 355), (355,), (355, 100), (100,), (100, 100), (100,), (100, 10), (10,)], 'train_accuracy': 0.63175, 'test_accuracy': 0.637}, (10.0, 1.0, 1.0): {'shapes': [(784, 630), (630,), (630, 118), (118,), (118, 100), (100,), (100, 10), (10,)], 'train_accuracy': 0.6115, 'test_accuracy': 0.609}, (1.0, 0.1, 1.0): {'shapes': [(784, 700), (700,), (700, 700), (700,), (700, 138), (138,), (138, 10), (10,)], 'train_accuracy': 0.7276, 'test_accuracy': 0.7215}, (10.0, 0.1, 1.0): {'shapes': [(784, 700), (700,), (700, 700), (700,), (700, 149), (149,), (149, 10), (10,)], 'train_accuracy': 0.7581166666666667, 'test_accuracy': 0.7531}, (1.0, 0.5, 1.0): {'shapes': [(784, 639), (639,), (639, 125), (125,), (125, 100), (100,), (100, 10), (10,)], 'train_accuracy': 0.6404, 'test_accuracy': 0.6434}, (10.0, 0.5, 1.0): {'shapes': [(784, 690), (690,), (690, 194), (194,), (194, 104), (104,), (104, 10), (10,)], 'train_accuracy': 0.8226166666666667, 'test_accuracy': 0.8222}, (1.0, 1.0, 10.0): {'shapes': [(784, 465), (465,), (465, 135), (135,), (135, 115), (115,), (115, 10), (10,)], 'train_accuracy': 0.6474833333333333, 'test_accuracy': 0.65}, (10.0, 1.0, 10.0): {'shapes': [(784, 665), (665,), (665, 199), (199,), (199, 126), (126,), (126, 10), (10,)], 'train_accuracy': 0.7935166666666666, 'test_accuracy': 0.7926}, (1.0, 0.1, 10.0): {'shapes': [(784, 700), (700,), (700, 700), (700,), (700, 186), (186,), (186, 10), (10,)], 'train_accuracy': 0.8603, 'test_accuracy': 0.8604}, (10.0, 0.1, 10.0): {'shapes': [(784, 700), (700,), (700, 700), (700,), (700, 206), (206,), (206, 10), (10,)], 'train_accuracy': 0.8454333333333334, 'test_accuracy': 0.8418}, (1.0, 0.5, 10.0): {'shapes': [(784, 679), (679,), (679, 209), (209,), (209, 116), (116,), (116, 10), (10,)], 'train_accuracy': 0.7659333333333334, 'test_accuracy': 0.772}, (10.0, 0.5, 10.0): {'shapes': [(784, 700), (700,), (700, 398), (398,), (398, 127), (127,), (127, 10), (10,)], 'train_accuracy': 0.704, 'test_accuracy': 0.7093}, (1.0, 1.0, 50.0): {'shapes': [(784, 588), (588,), (588, 253), (253,), (253, 179), (179,), (179, 10), (10,)], 'train_accuracy': 0.7647833333333334, 'test_accuracy': 0.7603}, (10.0, 1.0, 50.0): {'shapes': [(784, 700), (700,), (700, 469), (469,), (469, 225), (225,), (225, 10), (10,)], 'train_accuracy': 0.8138333333333333, 'test_accuracy': 0.8116}, (1.0, 0.1, 50.0): {'shapes': [(784, 700), (700,), (700, 700), (700,), (700, 293), (293,), (293, 10), (10,)], 'train_accuracy': 0.8536333333333334, 'test_accuracy': 0.8515}, (10.0, 0.1, 50.0): {'shapes': [(784, 700), (700,), (700, 700), (700,), (700, 321), (321,), (321, 10), (10,)], 'train_accuracy': 0.8359166666666666, 'test_accuracy': 0.8336}, (1.0, 0.5, 50.0): {'shapes': [(784, 700), (700,), (700, 432), (432,), (432, 188), (188,), (188, 10), (10,)], 'train_accuracy': 0.8365333333333334, 'test_accuracy': 0.8375}, (10.0, 0.5, 50.0): {'shapes': [(784, 700), (700,), (700, 682), (682,), (682, 235), (235,), (235, 10), (10,)], 'train_accuracy': 0.8247833333333333, 'test_accuracy': 0.8199}}", "timing": "14160"}, "pdm_KL_match": {}, "pdm_KL2_match": {"Best Result": {"Best Sigma0": 1.0, "Best sigma": 0.1, "Best gamma": 50.0, "Best Test accuracy": 0.8208, "Train acc": 0.8248833333333333}, "PDM log": "{(1.0, 1.0, 1.0): {'shapes': [(784, 489), (489,), (489, 100), (100,), (100, 100), (100,), (100, 10), (10,)], 'train_accuracy': 0.5312, 'test_accuracy': 0.5293}, (10.0, 1.0, 1.0): {'shapes': [(784, 199), (199,), (199, 100), (100,), (100, 100), (100,), (100, 10), (10,)], 'train_accuracy': 0.3681833333333333, 'test_accuracy': 0.359}, (1.0, 0.1, 1.0): {'shapes': [(784, 650), (650,), (650, 172), (172,), (172, 109), (109,), (109, 10), (10,)], 'train_accuracy': 0.6493333333333333, 'test_accuracy': 0.6515}, (10.0, 0.1, 1.0): {'shapes': [(784, 289), (289,), (289, 100), (100,), (100, 100), (100,), (100, 10), (10,)], 'train_accuracy': 0.6057166666666667, 'test_accuracy': 0.6035}, (1.0, 0.5, 1.0): {'shapes': [(784, 585), (585,), (585, 109), (109,), (109, 100), (100,), (100, 10), (10,)], 'train_accuracy': 0.6561166666666667, 'test_accuracy': 0.6504}, (10.0, 0.5, 1.0): {'shapes': [(784, 253), (253,), (253, 100), (100,), (100, 100), (100,), (100, 10), (10,)], 'train_accuracy': 0.39903333333333335, 'test_accuracy': 0.3919}, (1.0, 1.0, 10.0): {'shapes': [(784, 560), (560,), (560, 145), (145,), (145, 127), (127,), (127, 10), (10,)], 'train_accuracy': 0.6106, 'test_accuracy': 0.611}, (10.0, 1.0, 10.0): {'shapes': [(784, 442), (442,), (442, 136), (136,), (136, 127), (127,), (127, 10), (10,)], 'train_accuracy': 0.6564333333333333, 'test_accuracy': 0.6583}, (1.0, 0.1, 10.0): {'shapes': [(784, 681), (681,), (681, 361), (361,), (361, 145), (145,), (145, 10), (10,)], 'train_accuracy': 0.6985, 'test_accuracy': 0.7014}, (10.0, 0.1, 10.0): {'shapes': [(784, 478), (478,), (478, 136), (136,), (136, 127), (127,), (127, 10), (10,)], 'train_accuracy': 0.6685333333333333, 'test_accuracy': 0.6743}, (1.0, 0.5, 10.0): {'shapes': [(784, 629), (629,), (629, 199), (199,), (199, 136), (136,), (136, 10), (10,)], 'train_accuracy': 0.5883666666666667, 'test_accuracy': 0.5852}, (10.0, 0.5, 10.0): {'shapes': [(784, 451), (451,), (451, 136), (136,), (136, 127), (127,), (127, 10), (10,)], 'train_accuracy': 0.6640333333333334, 'test_accuracy': 0.6682}, (1.0, 1.0, 50.0): {'shapes': [(784, 625), (625,), (625, 316), (316,), (316, 235), (235,), (235, 10), (10,)], 'train_accuracy': 0.7506833333333334, 'test_accuracy': 0.752}, (10.0, 1.0, 50.0): {'shapes': [(784, 541), (541,), (541, 271), (271,), (271, 235), (235,), (235, 10), (10,)], 'train_accuracy': 0.7623333333333333, 'test_accuracy': 0.7674}, (1.0, 0.1, 50.0): {'shapes': [(784, 700), (700,), (700, 640), (640,), (640, 271), (271,), (271, 10), (10,)], 'train_accuracy': 0.8248833333333333, 'test_accuracy': 0.8208}, (10.0, 0.1, 50.0): {'shapes': [(784, 550), (550,), (550, 280), (280,), (280, 235), (235,), (235, 10), (10,)], 'train_accuracy': 0.7654, 'test_accuracy': 0.7683}, (1.0, 0.5, 50.0): {'shapes': [(784, 685), (685,), (685, 433), (433,), (433, 244), (244,), (244, 10), (10,)], 'train_accuracy': 0.79425, 'test_accuracy': 0.7939}, (10.0, 0.5, 50.0): {'shapes': [(784, 550), (550,), (550, 280), (280,), (280, 235), (235,), (235, 10), (10,)], 'train_accuracy': 0.748, 'test_accuracy': 0.7507}}", "timing": 11885}}