{"seed": 9, "Data statistics": "{0: {0: 251, 1: 342, 2: 225, 3: 12, 4: 59, 5: 1486, 7: 17, 8: 992, 9: 515}, 1: {0: 2028, 1: 470, 2: 201, 3: 1226, 4: 192, 5: 1, 6: 1978}, 2: {0: 214, 1: 2029, 2: 634, 3: 13, 4: 480, 5: 908, 6: 383, 7: 405, 8: 682, 9: 68}, 3: {0: 401, 1: 121, 2: 45, 3: 1, 4: 537, 5: 16, 6: 263, 7: 47, 8: 1461, 9: 32}, 4: {0: 544, 1: 735, 2: 2801, 3: 44, 4: 169, 5: 636, 6: 48, 7: 1110}, 5: {0: 1374, 1: 844, 2: 661, 3: 90, 4: 363, 5: 194, 7: 3969}, 6: {0: 75, 1: 2184, 2: 333, 3: 845, 4: 2294, 5: 192, 6: 600}, 7: {0: 447, 1: 11, 2: 21, 3: 39, 5: 309, 6: 775, 7: 297, 8: 19, 9: 5334}, 8: {0: 112, 1: 5, 2: 4, 3: 3816, 4: 7, 5: 851, 6: 1183, 7: 112}, 9: {0: 477, 1: 1, 2: 1033, 3: 45, 4: 1741, 5: 828, 6: 688, 7: 308, 8: 2697}}", "local_train_accs": [0.9833290587330085, 0.9921259842519685, 0.984353507565337, 0.9829001367989056, 0.990964350254641, 0.9757171447631755, 0.9931013337421432, 0.9840044125758411, 0.9932676518883415, 0.9528012279355333], "local_test_accs": [0.7014, 0.5854, 0.849, 0.7266, 0.7136, 0.6103, 0.6517, 0.6828, 0.5219, 0.6667], "Uniform ensemble (Train acc)": 0.8969333333333334, "Uniform ensemble (Test acc)": 0.8929, "FedAvg (Train acc)": 0.0993, "FedAvg (Test acc)": 0.1032, "pdm_match": {"Best Result": {"Best Sigma0": 10.0, "Best sigma": 0.1, "Best gamma": 10.0, "Best Test accuracy": 0.8391, "Train acc": 0.8447}, "PDM log": "{(1.0, 1.0, 1.0): {'shapes': [(784, 359), (359,), (359, 100), (100,), (100, 100), (100,), (100, 10), (10,)], 'train_accuracy': 0.5952166666666666, 'test_accuracy': 0.6056}, (10.0, 1.0, 1.0): {'shapes': [(784, 644), (644,), (644, 118), (118,), (118, 101), (101,), (101, 10), (10,)], 'train_accuracy': 0.6864333333333333, 'test_accuracy': 0.6915}, (1.0, 0.1, 1.0): {'shapes': [(784, 700), (700,), (700, 700), (700,), (700, 135), (135,), (135, 10), (10,)], 'train_accuracy': 0.75915, 'test_accuracy': 0.7545}, (10.0, 0.1, 1.0): {'shapes': [(784, 700), (700,), (700, 700), (700,), (700, 147), (147,), (147, 10), (10,)], 'train_accuracy': 0.7707333333333334, 'test_accuracy': 0.7649}, (1.0, 0.5, 1.0): {'shapes': [(784, 663), (663,), (663, 128), (128,), (128, 100), (100,), (100, 10), (10,)], 'train_accuracy': 0.5367666666666666, 'test_accuracy': 0.5427}, (10.0, 0.5, 1.0): {'shapes': [(784, 700), (700,), (700, 185), (185,), (185, 107), (107,), (107, 10), (10,)], 'train_accuracy': 0.74855, 'test_accuracy': 0.7501}, (1.0, 1.0, 10.0): {'shapes': [(784, 473), (473,), (473, 136), (136,), (136, 109), (109,), (109, 10), (10,)], 'train_accuracy': 0.5523333333333333, 'test_accuracy': 0.5559}, (10.0, 1.0, 10.0): {'shapes': [(784, 688), (688,), (688, 198), (198,), (198, 125), (125,), (125, 10), (10,)], 'train_accuracy': 0.7159833333333333, 'test_accuracy': 0.7108}, (1.0, 0.1, 10.0): {'shapes': [(784, 700), (700,), (700, 700), (700,), (700, 187), (187,), (187, 10), (10,)], 'train_accuracy': 0.78055, 'test_accuracy': 0.7703}, (10.0, 0.1, 10.0): {'shapes': [(784, 700), (700,), (700, 700), (700,), (700, 204), (204,), (204, 10), (10,)], 'train_accuracy': 0.8447, 'test_accuracy': 0.8391}, (1.0, 0.5, 10.0): {'shapes': [(784, 700), (700,), (700, 197), (197,), (197, 116), (116,), (116, 10), (10,)], 'train_accuracy': 0.6982, 'test_accuracy': 0.6937}, (10.0, 0.5, 10.0): {'shapes': [(784, 700), (700,), (700, 380), (380,), (380, 130), (130,), (130, 10), (10,)], 'train_accuracy': 0.7579333333333333, 'test_accuracy': 0.7552}, (1.0, 1.0, 50.0): {'shapes': [(784, 584), (584,), (584, 243), (243,), (243, 177), (177,), (177, 10), (10,)], 'train_accuracy': 0.6982666666666667, 'test_accuracy': 0.6958}, (10.0, 1.0, 50.0): {'shapes': [(784, 700), (700,), (700, 433), (433,), (433, 226), (226,), (226, 10), (10,)], 'train_accuracy': 0.8168833333333333, 'test_accuracy': 0.8137}, (1.0, 0.1, 50.0): {'shapes': [(784, 700), (700,), (700, 700), (700,), (700, 289), (289,), (289, 10), (10,)], 'train_accuracy': 0.8324666666666667, 'test_accuracy': 0.8277}, (10.0, 0.1, 50.0): {'shapes': [(784, 700), (700,), (700, 700), (700,), (700, 329), (329,), (329, 10), (10,)], 'train_accuracy': 0.8167333333333333, 'test_accuracy': 0.8133}, (1.0, 0.5, 50.0): {'shapes': [(784, 700), (700,), (700, 417), (417,), (417, 189), (189,), (189, 10), (10,)], 'train_accuracy': 0.8010666666666667, 'test_accuracy': 0.7974}, (10.0, 0.5, 50.0): {'shapes': [(784, 700), (700,), (700, 667), (667,), (667, 235), (235,), (235, 10), (10,)], 'train_accuracy': 0.7925333333333333, 'test_accuracy': 0.7857}}", "timing": "6358"}, "pdm_KL_match": {}, "pdm_KL2_match": {"Best Result": {"Best Sigma0": 1.0, "Best sigma": 0.1, "Best gamma": 50.0, "Best Test accuracy": 0.7954, "Train acc": 0.7983333333333333}, "PDM log": "{(1.0, 1.0, 1.0): {'shapes': [(784, 493), (493,), (493, 100), (100,), (100, 100), (100,), (100, 10), (10,)], 'train_accuracy': 0.5609166666666666, 'test_accuracy': 0.5635}, (10.0, 1.0, 1.0): {'shapes': [(784, 181), (181,), (181, 100), (100,), (100, 100), (100,), (100, 10), (10,)], 'train_accuracy': 0.51475, 'test_accuracy': 0.5272}, (1.0, 0.1, 1.0): {'shapes': [(784, 673), (673,), (673, 145), (145,), (145, 108), (108,), (108, 10), (10,)], 'train_accuracy': 0.6506166666666666, 'test_accuracy': 0.6544}, (10.0, 0.1, 1.0): {'shapes': [(784, 217), (217,), (217, 100), (100,), (100, 100), (100,), (100, 10), (10,)], 'train_accuracy': 0.4518333333333333, 'test_accuracy': 0.4525}, (1.0, 0.5, 1.0): {'shapes': [(784, 600), (600,), (600, 109), (109,), (109, 100), (100,), (100, 10), (10,)], 'train_accuracy': 0.6095166666666667, 'test_accuracy': 0.6134}, (10.0, 0.5, 1.0): {'shapes': [(784, 199), (199,), (199, 100), (100,), (100, 100), (100,), (100, 10), (10,)], 'train_accuracy': 0.4607833333333333, 'test_accuracy': 0.4726}, (1.0, 1.0, 10.0): {'shapes': [(784, 582), (582,), (582, 145), (145,), (145, 127), (127,), (127, 10), (10,)], 'train_accuracy': 0.6164666666666667, 'test_accuracy': 0.6158}, (10.0, 1.0, 10.0): {'shapes': [(784, 388), (388,), (388, 136), (136,), (136, 127), (127,), (127, 10), (10,)], 'train_accuracy': 0.6192166666666666, 'test_accuracy': 0.6201}, (1.0, 0.1, 10.0): {'shapes': [(784, 700), (700,), (700, 307), (307,), (307, 136), (136,), (136, 10), (10,)], 'train_accuracy': 0.7598166666666667, 'test_accuracy': 0.7626}, (10.0, 0.1, 10.0): {'shapes': [(784, 469), (469,), (469, 136), (136,), (136, 127), (127,), (127, 10), (10,)], 'train_accuracy': 0.582, 'test_accuracy': 0.5793}, (1.0, 0.5, 10.0): {'shapes': [(784, 651), (651,), (651, 181), (181,), (181, 127), (127,), (127, 10), (10,)], 'train_accuracy': 0.7300333333333333, 'test_accuracy': 0.7281}, (10.0, 0.5, 10.0): {'shapes': [(784, 433), (433,), (433, 136), (136,), (136, 127), (127,), (127, 10), (10,)], 'train_accuracy': 0.6822, 'test_accuracy': 0.6851}, (1.0, 1.0, 50.0): {'shapes': [(784, 644), (644,), (644, 307), (307,), (307, 235), (235,), (235, 10), (10,)], 'train_accuracy': 0.7634333333333333, 'test_accuracy': 0.7608}, (10.0, 1.0, 50.0): {'shapes': [(784, 559), (559,), (559, 262), (262,), (262, 235), (235,), (235, 10), (10,)], 'train_accuracy': 0.7680833333333333, 'test_accuracy': 0.7651}, (1.0, 0.1, 50.0): {'shapes': [(784, 700), (700,), (700, 613), (613,), (613, 271), (271,), (271, 10), (10,)], 'train_accuracy': 0.7983333333333333, 'test_accuracy': 0.7954}, (10.0, 0.1, 50.0): {'shapes': [(784, 577), (577,), (577, 271), (271,), (271, 235), (235,), (235, 10), (10,)], 'train_accuracy': 0.7733666666666666, 'test_accuracy': 0.7727}, (1.0, 0.5, 50.0): {'shapes': [(784, 690), (690,), (690, 397), (397,), (397, 244), (244,), (244, 10), (10,)], 'train_accuracy': 0.7767666666666667, 'test_accuracy': 0.7729}, (10.0, 0.5, 50.0): {'shapes': [(784, 568), (568,), (568, 271), (271,), (271, 235), (235,), (235, 10), (10,)], 'train_accuracy': 0.7803666666666667, 'test_accuracy': 0.7785}}", "timing": 9115}}