{"seed": 6, "Data statistics": "{0: {0: 1969, 1: 73, 2: 724, 3: 808, 4: 281, 5: 2, 6: 905, 7: 172, 8: 491, 9: 1202}, 1: {0: 2298, 1: 612, 2: 588, 3: 1362, 4: 39, 5: 100, 6: 367, 7: 1669}, 2: {0: 198, 1: 72, 2: 874, 3: 365, 4: 552, 5: 45, 6: 805, 7: 495, 8: 27, 9: 168}, 3: {0: 22, 1: 20, 2: 513, 3: 1968, 4: 932, 5: 99, 6: 6, 7: 2975}, 4: {0: 126, 1: 1063, 2: 1297, 3: 26, 4: 1, 5: 758, 6: 3057}, 5: {0: 1, 1: 3254, 2: 807, 3: 77, 4: 49, 5: 520, 6: 70, 7: 53, 8: 596, 9: 379}, 6: {0: 1020, 1: 102, 2: 155, 3: 556, 4: 32, 5: 195, 6: 336, 7: 452, 8: 1109, 9: 4199}, 7: {0: 55, 1: 127, 2: 74, 3: 365, 4: 41, 5: 86, 6: 214, 7: 114, 8: 1004, 9: 1}, 8: {0: 226, 1: 18, 2: 156, 3: 603, 4: 2813, 5: 495, 6: 158, 7: 335, 8: 2624}, 9: {0: 8, 1: 1401, 2: 770, 3: 1, 4: 1102, 5: 3121}}", "local_train_accs": [0.98415572657311, 0.993319118692253, 0.9888919744515412, 0.9856159143075746, 0.9846713021491783, 0.9567688598002067, 0.9830799411476214, 0.9649207111965401, 0.9837102854065697, 0.9971888177416836], "local_test_accs": [0.8514, 0.7428, 0.8626, 0.6584, 0.5108, 0.6631, 0.8306, 0.7456, 0.7967, 0.4037], "Uniform ensemble (Train acc)": 0.9311666666666667, "Uniform ensemble (Test acc)": 0.9307, "FedAvg (Train acc)": 0.09925, "FedAvg (Test acc)": 0.103, "pdm_match": {"Best Result": {"Best Sigma0": 1.0, "Best sigma": 0.1, "Best gamma": 50.0, "Best Test accuracy": 0.8307, "Train acc": 0.83185}, "PDM log": "{(1.0, 1.0, 1.0): {'shapes': [(784, 365), (365,), (365, 100), (100,), (100, 100), (100,), (100, 10), (10,)], 'train_accuracy': 0.546, 'test_accuracy': 0.5409}, (10.0, 1.0, 1.0): {'shapes': [(784, 650), (650,), (650, 117), (117,), (117, 101), (101,), (101, 10), (10,)], 'train_accuracy': 0.6396666666666667, 'test_accuracy': 0.6383}, (1.0, 0.1, 1.0): {'shapes': [(784, 700), (700,), (700, 700), (700,), (700, 136), (136,), (136, 10), (10,)], 'train_accuracy': 0.7724666666666666, 'test_accuracy': 0.77}, (10.0, 0.1, 1.0): {'shapes': [(784, 700), (700,), (700, 700), (700,), (700, 147), (147,), (147, 10), (10,)], 'train_accuracy': 0.79915, 'test_accuracy': 0.7971}, (1.0, 0.5, 1.0): {'shapes': [(784, 665), (665,), (665, 126), (126,), (126, 101), (101,), (101, 10), (10,)], 'train_accuracy': 0.5765, 'test_accuracy': 0.5808}, (10.0, 0.5, 1.0): {'shapes': [(784, 700), (700,), (700, 194), (194,), (194, 105), (105,), (105, 10), (10,)], 'train_accuracy': 0.6957166666666666, 'test_accuracy': 0.6964}, (1.0, 1.0, 10.0): {'shapes': [(784, 480), (480,), (480, 127), (127,), (127, 109), (109,), (109, 10), (10,)], 'train_accuracy': 0.4780333333333333, 'test_accuracy': 0.4775}, (10.0, 1.0, 10.0): {'shapes': [(784, 700), (700,), (700, 206), (206,), (206, 119), (119,), (119, 10), (10,)], 'train_accuracy': 0.7194166666666667, 'test_accuracy': 0.7243}, (1.0, 0.1, 10.0): {'shapes': [(784, 700), (700,), (700, 700), (700,), (700, 191), (191,), (191, 10), (10,)], 'train_accuracy': 0.78365, 'test_accuracy': 0.7814}, (10.0, 0.1, 10.0): {'shapes': [(784, 700), (700,), (700, 700), (700,), (700, 204), (204,), (204, 10), (10,)], 'train_accuracy': 0.8023333333333333, 'test_accuracy': 0.8029}, (1.0, 0.5, 10.0): {'shapes': [(784, 700), (700,), (700, 223), (223,), (223, 118), (118,), (118, 10), (10,)], 'train_accuracy': 0.72265, 'test_accuracy': 0.7239}, (10.0, 0.5, 10.0): {'shapes': [(784, 700), (700,), (700, 404), (404,), (404, 129), (129,), (129, 10), (10,)], 'train_accuracy': 0.70585, 'test_accuracy': 0.6973}, (1.0, 1.0, 50.0): {'shapes': [(784, 598), (598,), (598, 244), (244,), (244, 172), (172,), (172, 10), (10,)], 'train_accuracy': 0.6179666666666667, 'test_accuracy': 0.6141}, (10.0, 1.0, 50.0): {'shapes': [(784, 700), (700,), (700, 460), (460,), (460, 226), (226,), (226, 10), (10,)], 'train_accuracy': 0.8003, 'test_accuracy': 0.7991}, (1.0, 0.1, 50.0): {'shapes': [(784, 700), (700,), (700, 700), (700,), (700, 285), (285,), (285, 10), (10,)], 'train_accuracy': 0.83185, 'test_accuracy': 0.8307}, (10.0, 0.1, 50.0): {'shapes': [(784, 700), (700,), (700, 700), (700,), (700, 312), (312,), (312, 10), (10,)], 'train_accuracy': 0.8286333333333333, 'test_accuracy': 0.8279}, (1.0, 0.5, 50.0): {'shapes': [(784, 700), (700,), (700, 450), (450,), (450, 176), (176,), (176, 10), (10,)], 'train_accuracy': 0.8150666666666667, 'test_accuracy': 0.8142}, (10.0, 0.5, 50.0): {'shapes': [(784, 700), (700,), (700, 681), (681,), (681, 235), (235,), (235, 10), (10,)], 'train_accuracy': 0.8059833333333334, 'test_accuracy': 0.8072}}", "timing": "13128"}, "pdm_KL_match": {}, "pdm_KL2_match": {"Best Result": {"Best Sigma0": 1.0, "Best sigma": 0.1, "Best gamma": 50.0, "Best Test accuracy": 0.8099, "Train acc": 0.81145}, "PDM log": "{(1.0, 1.0, 1.0): {'shapes': [(784, 477), (477,), (477, 100), (100,), (100, 100), (100,), (100, 10), (10,)], 'train_accuracy': 0.52705, 'test_accuracy': 0.5212}, (10.0, 1.0, 1.0): {'shapes': [(784, 176), (176,), (176, 100), (100,), (100, 100), (100,), (100, 10), (10,)], 'train_accuracy': 0.5185666666666666, 'test_accuracy': 0.5175}, (1.0, 0.1, 1.0): {'shapes': [(784, 680), (680,), (680, 136), (136,), (136, 101), (101,), (101, 10), (10,)], 'train_accuracy': 0.69695, 'test_accuracy': 0.6996}, (10.0, 0.1, 1.0): {'shapes': [(784, 217), (217,), (217, 100), (100,), (100, 100), (100,), (100, 10), (10,)], 'train_accuracy': 0.5074666666666666, 'test_accuracy': 0.507}, (1.0, 0.5, 1.0): {'shapes': [(784, 606), (606,), (606, 109), (109,), (109, 100), (100,), (100, 10), (10,)], 'train_accuracy': 0.5402666666666667, 'test_accuracy': 0.5492}, (10.0, 0.5, 1.0): {'shapes': [(784, 202), (202,), (202, 100), (100,), (100, 100), (100,), (100, 10), (10,)], 'train_accuracy': 0.4945333333333333, 'test_accuracy': 0.5056}, (1.0, 1.0, 10.0): {'shapes': [(784, 579), (579,), (579, 145), (145,), (145, 127), (127,), (127, 10), (10,)], 'train_accuracy': 0.5823666666666667, 'test_accuracy': 0.5888}, (10.0, 1.0, 10.0): {'shapes': [(784, 379), (379,), (379, 127), (127,), (127, 127), (127,), (127, 10), (10,)], 'train_accuracy': 0.6337333333333334, 'test_accuracy': 0.6419}, (1.0, 0.1, 10.0): {'shapes': [(784, 700), (700,), (700, 316), (316,), (316, 136), (136,), (136, 10), (10,)], 'train_accuracy': 0.6778, 'test_accuracy': 0.677}, (10.0, 0.1, 10.0): {'shapes': [(784, 442), (442,), (442, 136), (136,), (136, 127), (127,), (127, 10), (10,)], 'train_accuracy': 0.5772333333333334, 'test_accuracy': 0.5837}, (1.0, 0.5, 10.0): {'shapes': [(784, 662), (662,), (662, 181), (181,), (181, 127), (127,), (127, 10), (10,)], 'train_accuracy': 0.6281333333333333, 'test_accuracy': 0.6344}, (10.0, 0.5, 10.0): {'shapes': [(784, 415), (415,), (415, 136), (136,), (136, 127), (127,), (127, 10), (10,)], 'train_accuracy': 0.6076666666666667, 'test_accuracy': 0.6154}, (1.0, 1.0, 50.0): {'shapes': [(784, 651), (651,), (651, 307), (307,), (307, 235), (235,), (235, 10), (10,)], 'train_accuracy': 0.7423833333333333, 'test_accuracy': 0.7437}, (10.0, 1.0, 50.0): {'shapes': [(784, 541), (541,), (541, 262), (262,), (262, 235), (235,), (235, 10), (10,)], 'train_accuracy': 0.7429666666666667, 'test_accuracy': 0.7431}, (1.0, 0.1, 50.0): {'shapes': [(784, 700), (700,), (700, 640), (640,), (640, 262), (262,), (262, 10), (10,)], 'train_accuracy': 0.81145, 'test_accuracy': 0.8099}, (10.0, 0.1, 50.0): {'shapes': [(784, 541), (541,), (541, 271), (271,), (271, 235), (235,), (235, 10), (10,)], 'train_accuracy': 0.7563333333333333, 'test_accuracy': 0.7568}, (1.0, 0.5, 50.0): {'shapes': [(784, 700), (700,), (700, 424), (424,), (424, 244), (244,), (244, 10), (10,)], 'train_accuracy': 0.7821666666666667, 'test_accuracy': 0.7814}, (10.0, 0.5, 50.0): {'shapes': [(784, 541), (541,), (541, 271), (271,), (271, 235), (235,), (235, 10), (10,)], 'train_accuracy': 0.7537333333333334, 'test_accuracy': 0.7536}}", "timing": 19287}}