{"seed": 5, "Data statistics": "{0: {0: 14, 1: 502, 2: 91, 3: 5, 4: 599, 5: 598, 6: 389}, 1: {0: 3, 1: 269, 2: 88, 3: 22, 4: 112, 5: 215, 6: 923, 7: 55, 8: 1270}, 2: {0: 30, 1: 6, 2: 205, 3: 76, 4: 126, 5: 58, 6: 97, 7: 1788}, 3: {0: 166, 1: 12, 2: 589, 3: 364, 4: 129, 5: 380, 6: 347, 7: 76}, 4: {0: 3, 1: 37, 2: 129, 3: 8, 4: 5, 6: 246, 7: 58, 8: 167, 9: 36}, 5: {0: 4, 1: 316, 2: 331, 3: 61, 4: 122, 5: 145, 6: 8, 7: 130, 8: 1, 9: 100}, 6: {0: 142, 1: 9, 2: 190, 3: 25, 4: 5, 5: 1, 6: 704, 7: 218, 8: 1132}, 7: {0: 72, 1: 120, 2: 111, 3: 12, 4: 295, 6: 236, 7: 343, 8: 338, 9: 204}, 8: {0: 4, 1: 121, 2: 2, 3: 765, 4: 38, 5: 340, 6: 5, 7: 413, 8: 161, 9: 886}, 9: {0: 18, 1: 15, 2: 227, 4: 905, 5: 439, 6: 61, 7: 302, 8: 373}, 10: {0: 1, 1: 411, 2: 333, 3: 174, 4: 2, 5: 112, 6: 152, 7: 445, 8: 48, 9: 774}, 11: {0: 1800, 1: 176, 2: 87}, 12: {0: 250, 1: 81, 2: 447, 3: 455, 4: 704, 5: 7, 6: 405}, 13: {0: 741, 1: 51, 2: 412, 3: 220, 4: 496, 5: 99}, 14: {0: 399, 1: 257, 2: 50, 3: 6, 4: 461, 5: 449, 6: 2, 7: 13, 8: 10, 9: 345}, 15: {0: 202, 1: 1, 3: 30, 4: 1, 5: 63, 6: 89, 7: 135, 8: 391, 9: 418}, 16: {0: 333, 1: 318, 2: 172, 3: 149, 4: 41, 5: 13, 6: 106, 7: 212, 8: 4, 9: 887}, 17: {0: 149, 2: 30, 3: 571, 4: 67, 5: 169, 6: 70, 7: 74, 8: 193, 9: 57}, 18: {0: 33, 1: 545, 2: 288, 3: 56, 4: 328, 5: 442, 6: 20, 7: 377}, 19: {1: 938, 2: 13, 3: 560, 4: 44, 5: 101, 6: 39, 7: 23, 8: 471}, 20: {0: 9, 1: 3, 2: 1, 3: 552, 4: 412, 5: 359, 6: 270, 7: 14, 8: 84, 9: 21}, 21: {0: 360, 1: 41, 2: 474, 3: 376, 5: 86, 6: 81, 7: 5, 9: 7}, 22: {0: 43, 1: 38, 2: 536, 3: 137, 4: 3, 5: 548, 6: 175, 7: 22, 8: 35, 9: 204}, 23: {0: 219, 1: 291, 2: 184, 3: 2, 4: 68, 5: 132, 6: 574, 7: 33, 8: 320, 9: 264}, 24: {0: 5, 1: 442, 2: 10, 3: 374, 4: 37, 5: 244, 6: 1, 7: 264, 8: 2, 9: 797}}", "loading time": 157, "local_train_accs": [0.6410373066424022, 0.7619208657423064, 0.7594300083822296, 0.42801745031507515, 0.6429608127721336, 0.5467980295566502, 0.7749381698268755, 0.5447718082033507, 0.5956124314442414, 0.6098290598290599, 0.5562805872756933, 0.9161415414444983, 0.5163899531715623, 0.612184249628529, 0.5682730923694779, 0.6165413533834586, 0.5619686800894854, 0.5652173913043478, 0.5734801340354236, 0.7368661489264504, 0.5460869565217391, 0.5657342657342658, 0.5502584721424468, 0.5117393387637758, 0.5744485294117647], "local_test_accs": [0.2363, 0.2643, 0.1149, 0.2201, 0.2163, 0.2262, 0.2369, 0.2877, 0.2439, 0.2191, 0.285, 0.153, 0.2534, 0.2184, 0.2596, 0.2208, 0.3003, 0.2097, 0.238, 0.2295, 0.2113, 0.1967, 0.2038, 0.2755, 0.2226], "Uniform ensemble (Train acc)": 0.40128, "Uniform ensemble (Test acc)": 0.3957, "FedAvg (Train acc)": 0.1, "FedAvg (Test acc)": 0.1, "pdm_KL_reg 0": {"Best Result": {"Best Sigma0": 0.5, "Best sigma": 1, "Best gamma": 10, "Best Test accuracy": 0.2843, "Train acc": 0.28014}, "PDM log": "{(0.5, 1, 10): {'shapes': [(3072, 830), (830,), (830, 10), (10,)], 'train_accuracy': 0.28014, 'test_accuracy': 0.2843}}", "timing": 1612}, "pdm_KL_reg 0.001": {"Best Result": {"Best Sigma0": 0.5, "Best sigma": 1, "Best gamma": 10, "Best Test accuracy": 0.2766, "Train acc": 0.27222}, "PDM log": "{(0.5, 1, 10): {'shapes': [(3072, 830), (830,), (830, 10), (10,)], 'train_accuracy': 0.27222, 'test_accuracy': 0.2766}}", "timing": 3790}, "pdm_KL_reg 0.005": {"Best Result": {"Best Sigma0": 0.5, "Best sigma": 1, "Best gamma": 10, "Best Test accuracy": 0.2473, "Train acc": 0.24322}, "PDM log": "{(0.5, 1, 10): {'shapes': [(3072, 829), (829,), (829, 10), (10,)], 'train_accuracy': 0.24322, 'test_accuracy': 0.2473}}", "timing": 3779}, "pdm_KL_reg 0.01": {"Best Result": {"Best Sigma0": 0.5, "Best sigma": 1, "Best gamma": 10, "Best Test accuracy": 0.2658, "Train acc": 0.2676}, "PDM log": "{(0.5, 1, 10): {'shapes': [(3072, 830), (830,), (830, 10), (10,)], 'train_accuracy': 0.2676, 'test_accuracy': 0.2658}}", "timing": 3691}, "pdm_KL_reg 0.05": {"Best Result": {"Best Sigma0": 0.5, "Best sigma": 1, "Best gamma": 10, "Best Test accuracy": 0.2652, "Train acc": 0.26444}, "PDM log": "{(0.5, 1, 10): {'shapes': [(3072, 830), (830,), (830, 10), (10,)], 'train_accuracy': 0.26444, 'test_accuracy': 0.2652}}", "timing": 3827}, "pdm_KL_reg 0.1": {"Best Result": {"Best Sigma0": 0.5, "Best sigma": 1, "Best gamma": 10, "Best Test accuracy": 0.2473, "Train acc": 0.24496}, "PDM log": "{(0.5, 1, 10): {'shapes': [(3072, 830), (830,), (830, 10), (10,)], 'train_accuracy': 0.24496, 'test_accuracy': 0.2473}}", "timing": 3984}, "pdm_KL_reg 0.5": {"Best Result": {"Best Sigma0": 0.5, "Best sigma": 1, "Best gamma": 10, "Best Test accuracy": 0.2627, "Train acc": 0.25834}, "PDM log": "{(0.5, 1, 10): {'shapes': [(3072, 831), (831,), (831, 10), (10,)], 'train_accuracy': 0.25834, 'test_accuracy': 0.2627}}", "timing": 3759}, "pdm_KL_reg 1": {"Best Result": {"Best Sigma0": 0.5, "Best sigma": 1, "Best gamma": 10, "Best Test accuracy": 0.2602, "Train acc": 0.26008}, "PDM log": "{(0.5, 1, 10): {'shapes': [(3072, 625), (625,), (625, 10), (10,)], 'train_accuracy': 0.26008, 'test_accuracy': 0.2602}}", "timing": 3214}, "pdm_KL_reg 2": {"Best Result": {"Best Sigma0": 0.5, "Best sigma": 1, "Best gamma": 10, "Best Test accuracy": 0.2684, "Train acc": 0.26554}, "PDM log": "{(0.5, 1, 10): {'shapes': [(3072, 251), (251,), (251, 10), (10,)], 'train_accuracy': 0.26554, 'test_accuracy': 0.2684}}", "timing": 2065}, "pdm_KL_reg 5": {"Best Result": {"Best Sigma0": 0.5, "Best sigma": 1, "Best gamma": 10, "Best Test accuracy": 0.1, "Train acc": 0.09998}, "PDM log": "{(0.5, 1, 10): {'shapes': [(3072, 124), (124,), (124, 10), (10,)], 'train_accuracy': 0.09998, 'test_accuracy': 0.1}}", "timing": 1293}, "pdm_KL_reg 10": {"Best Result": {"Best Sigma0": 0.5, "Best sigma": 1, "Best gamma": 10, "Best Test accuracy": 0.1, "Train acc": 0.09998}, "PDM log": "{(0.5, 1, 10): {'shapes': [(3072, 124), (124,), (124, 10), (10,)], 'train_accuracy': 0.09998, 'test_accuracy': 0.1}}", "timing": 1305}, "best_reg": 0}