{"seed": 5, "Data statistics": "{0: {0: 1274, 1: 582, 3: 276, 4: 2899, 5: 487, 6: 472, 7: 30}, 1: {0: 2625, 1: 243, 2: 511, 3: 1290, 4: 253, 5: 1031, 6: 601}, 2: {0: 927, 1: 1352, 2: 97, 3: 196, 4: 833, 5: 111, 6: 25, 7: 1460, 8: 231, 9: 134}, 3: {0: 12, 1: 382, 2: 692, 3: 41, 4: 55, 5: 73, 6: 59, 7: 274, 8: 782, 9: 653}, 4: {0: 16, 1: 32, 2: 4, 3: 31, 4: 410, 5: 1631, 6: 13, 7: 148, 8: 3007, 9: 2564}, 5: {0: 63, 1: 315, 2: 43, 3: 3062, 4: 9, 5: 287, 6: 1396, 7: 1188}, 6: {1: 2919, 2: 102, 3: 33, 4: 980, 5: 573, 6: 1114, 7: 47, 8: 1144}, 7: {0: 332, 1: 36, 2: 3305, 3: 223, 4: 56, 5: 446, 6: 328, 7: 2857}, 8: {0: 564, 1: 28, 2: 1048, 3: 932, 4: 277, 5: 696, 6: 142, 7: 144, 8: 395, 9: 481}, 9: {0: 110, 1: 853, 2: 156, 3: 47, 4: 70, 5: 86, 6: 1768, 7: 117, 8: 292, 9: 2117}}", "loading time": 51, "local_train_accs": [0.9960132890365448, 0.9923710711016174, 0.9882594111069698, 1.0, 0.9979633401221996, 0.997956938550998, 0.9952256944444444, 0.9977581432150864, 0.9983004036541322, 0.9923433048433048], "local_test_accs": [0.647, 0.6719, 0.8452, 0.8571, 0.7297, 0.67, 0.7061, 0.7357, 0.9246, 0.8411], "Uniform ensemble (Train acc)": 0.9574166666666667, "Uniform ensemble (Test acc)": 0.9534, "FedAvg (Train acc)": 0.16476666666666667, "FedAvg (Test acc)": 0.1586, "pdm_KL_reg 0": {"Best Result": {"Best Sigma0": 3, "Best sigma": 0.9, "Best gamma": 1, "Best Test accuracy": 0.8979, "Train acc": 0.8989166666666667}, "PDM log": "{(3, 0.9, 1): {'shapes': [(784, 694), (694,), (694, 10), (10,)], 'train_accuracy': 0.8989166666666667, 'test_accuracy': 0.8979}}", "timing": 380}, "pdm_KL_reg 0.001": {"Best Result": {"Best Sigma0": 3, "Best sigma": 0.9, "Best gamma": 1, "Best Test accuracy": 0.8979, "Train acc": 0.8988333333333334}, "PDM log": "{(3, 0.9, 1): {'shapes': [(784, 696), (696,), (696, 10), (10,)], 'train_accuracy': 0.8988333333333334, 'test_accuracy': 0.8979}}", "timing": 613}, "pdm_KL_reg 0.005": {"Best Result": {"Best Sigma0": 3, "Best sigma": 0.9, "Best gamma": 1, "Best Test accuracy": 0.8979, "Train acc": 0.89885}, "PDM log": "{(3, 0.9, 1): {'shapes': [(784, 695), (695,), (695, 10), (10,)], 'train_accuracy': 0.89885, 'test_accuracy': 0.8979}}", "timing": 593}, "pdm_KL_reg 0.01": {"Best Result": {"Best Sigma0": 3, "Best sigma": 0.9, "Best gamma": 1, "Best Test accuracy": 0.898, "Train acc": 0.8988166666666667}, "PDM log": "{(3, 0.9, 1): {'shapes': [(784, 692), (692,), (692, 10), (10,)], 'train_accuracy': 0.8988166666666667, 'test_accuracy': 0.898}}", "timing": 610}, "pdm_KL_reg 0.05": {"Best Result": {"Best Sigma0": 3, "Best sigma": 0.9, "Best gamma": 1, "Best Test accuracy": 0.898, "Train acc": 0.8990833333333333}, "PDM log": "{(3, 0.9, 1): {'shapes': [(784, 690), (690,), (690, 10), (10,)], 'train_accuracy': 0.8990833333333333, 'test_accuracy': 0.898}}", "timing": 552}, "pdm_KL_reg 0.1": {"Best Result": {"Best Sigma0": 3, "Best sigma": 0.9, "Best gamma": 1, "Best Test accuracy": 0.8979, "Train acc": 0.8985166666666666}, "PDM log": "{(3, 0.9, 1): {'shapes': [(784, 686), (686,), (686, 10), (10,)], 'train_accuracy': 0.8985166666666666, 'test_accuracy': 0.8979}}", "timing": 510}, "pdm_KL_reg 0.5": {"Best Result": {"Best Sigma0": 3, "Best sigma": 0.9, "Best gamma": 1, "Best Test accuracy": 0.896, "Train acc": 0.8961166666666667}, "PDM log": "{(3, 0.9, 1): {'shapes': [(784, 645), (645,), (645, 10), (10,)], 'train_accuracy': 0.8961166666666667, 'test_accuracy': 0.896}}", "timing": 499}, "pdm_KL_reg 1": {"Best Result": {"Best Sigma0": 3, "Best sigma": 0.9, "Best gamma": 1, "Best Test accuracy": 0.8979, "Train acc": 0.89805}, "PDM log": "{(3, 0.9, 1): {'shapes': [(784, 444), (444,), (444, 10), (10,)], 'train_accuracy': 0.89805, 'test_accuracy': 0.8979}}", "timing": 428}, "pdm_KL_reg 2": {"Best Result": {"Best Sigma0": 3, "Best sigma": 0.9, "Best gamma": 1, "Best Test accuracy": 0.0974, "Train acc": 0.09751666666666667}, "PDM log": "{(3, 0.9, 1): {'shapes': [(784, 100), (100,), (100, 10), (10,)], 'train_accuracy': 0.09751666666666667, 'test_accuracy': 0.0974}}", "timing": 122}, "pdm_KL_reg 5": {"Best Result": {"Best Sigma0": 3, "Best sigma": 0.9, "Best gamma": 1, "Best Test accuracy": 0.0974, "Train acc": 0.09751666666666667}, "PDM log": "{(3, 0.9, 1): {'shapes': [(784, 100), (100,), (100, 10), (10,)], 'train_accuracy': 0.09751666666666667, 'test_accuracy': 0.0974}}", "timing": 163}, "pdm_KL_reg 10": {"Best Result": {"Best Sigma0": 3, "Best sigma": 0.9, "Best gamma": 1, "Best Test accuracy": 0.0974, "Train acc": 0.09751666666666667}, "PDM log": "{(3, 0.9, 1): {'shapes': [(784, 100), (100,), (100, 10), (10,)], 'train_accuracy': 0.09751666666666667, 'test_accuracy': 0.0974}}", "timing": 104}, "best_reg": 0.01}