{"seed": 1, "Data statistics": "{0: {0: 332, 1: 328, 2: 341, 3: 312, 4: 351, 5: 337, 6: 330, 7: 331, 8: 331, 9: 341}, 1: {0: 347, 1: 315, 2: 347, 3: 344, 4: 331, 5: 327, 6: 326, 7: 310, 8: 325, 9: 362}, 2: {0: 307, 1: 343, 2: 350, 3: 333, 4: 325, 5: 331, 6: 331, 7: 372, 8: 322, 9: 320}, 3: {0: 346, 1: 349, 2: 316, 3: 348, 4: 314, 5: 328, 6: 349, 7: 335, 8: 329, 9: 320}, 4: {0: 314, 1: 351, 2: 339, 3: 347, 4: 326, 5: 350, 6: 365, 7: 325, 8: 323, 9: 294}, 5: {0: 328, 1: 325, 2: 360, 3: 311, 4: 318, 5: 332, 6: 354, 7: 339, 8: 311, 9: 355}, 6: {0: 348, 1: 338, 2: 316, 3: 318, 4: 325, 5: 342, 6: 355, 7: 331, 8: 324, 9: 336}, 7: {0: 343, 1: 319, 2: 329, 3: 358, 4: 345, 5: 335, 6: 312, 7: 304, 8: 339, 9: 349}, 8: {0: 331, 1: 335, 2: 305, 3: 344, 4: 319, 5: 341, 6: 311, 7: 332, 8: 329, 9: 386}, 9: {0: 342, 1: 338, 2: 321, 3: 322, 4: 344, 5: 299, 6: 325, 7: 363, 8: 374, 9: 305}, 10: {0: 313, 1: 350, 2: 343, 3: 330, 4: 332, 5: 340, 6: 331, 7: 311, 8: 363, 9: 320}, 11: {0: 352, 1: 334, 2: 328, 3: 350, 4: 352, 5: 346, 6: 303, 7: 340, 8: 313, 9: 315}, 12: {0: 329, 1: 319, 2: 337, 3: 336, 4: 320, 5: 328, 6: 333, 7: 338, 8: 340, 9: 353}, 13: {0: 328, 1: 352, 2: 337, 3: 325, 4: 351, 5: 310, 6: 333, 7: 333, 8: 331, 9: 333}, 14: {0: 340, 1: 304, 2: 331, 3: 322, 4: 347, 5: 354, 6: 342, 7: 336, 8: 346, 9: 311}}", "comm 0": {"training timing": 1105, "local_train_accs": [0.45830833833233353, 0.4688062387522495, 0.46070785842831435, 0.45200959808038393, 0.46790641871625677, 0.46204620462046203, 0.45454545454545453, 0.43744374437443745, 0.417041704170417, 0.43054305430543055, 0.41854185418541856, 0.45544554455445546, 0.41854185418541856, 0.40294029402940296, 0.42754275427542754], "local_test_accs": [0.45830833833233353, 0.4688062387522495, 0.46070785842831435, 0.45200959808038393, 0.46790641871625677, 0.46204620462046203, 0.45454545454545453, 0.43744374437443745, 0.417041704170417, 0.43054305430543055, 0.41854185418541856, 0.45544554455445546, 0.41854185418541856, 0.40294029402940296, 0.42754275427542754], "Uniform ensemble (Train acc)": 0.42098, "Uniform ensemble (Test acc)": 0.4218, "FedAvg (Train acc)": 0.1, "FedAvg (Test acc)": 0.1, "pdm_KL (Train acc)": 0.30894, "pdm_KL (Test acc)": 0.3035}, "comm 1": {"training timing": 1289, "local_train_accs": [0.5461907618476305, 0.48260347930413916, 0.4979004199160168, 0.471505698860228, 0.48890221955608876, 0.49234923492349236, 0.46504650465046504, 0.5097509750975098, 0.46054605460546055, 0.4902490249024902, 0.47104710471047107, 0.489048904890489, 0.5025502550255025, 0.495949594959496, 0.47944794479447944], "local_test_accs": [0.5461907618476305, 0.48260347930413916, 0.4979004199160168, 0.471505698860228, 0.48890221955608876, 0.49234923492349236, 0.46504650465046504, 0.5097509750975098, 0.46054605460546055, 0.4902490249024902, 0.47104710471047107, 0.489048904890489, 0.5025502550255025, 0.495949594959496, 0.47944794479447944], "Uniform ensemble (Train acc)": 0.44598, "Uniform ensemble (Test acc)": 0.4422, "FedAvg (Train acc)": 0.1, "FedAvg (Test acc)": 0.1, "pdm_KL (Train acc)": 0.3687, "pdm_KL (Test acc)": 0.3637}, "comm 2": {"training timing": 618, "local_train_accs": [0.5272945410917816, 0.5680863827234554, 0.523995200959808, 0.5518896220755849, 0.5800839832033593, 0.5862586258625863, 0.5583558355835584, 0.5685568556855686, 0.5184518451845185, 0.5712571257125713, 0.49084908490849083, 0.5460546054605461, 0.46984698469846986, 0.5508550855085509, 0.5484548454845485], "local_test_accs": [0.5272945410917816, 0.5680863827234554, 0.523995200959808, 0.5518896220755849, 0.5800839832033593, 0.5862586258625863, 0.5583558355835584, 0.5685568556855686, 0.5184518451845185, 0.5712571257125713, 0.49084908490849083, 0.5460546054605461, 0.46984698469846986, 0.5508550855085509, 0.5484548454845485], "Uniform ensemble (Train acc)": 0.46504, "Uniform ensemble (Test acc)": 0.456, "FedAvg (Train acc)": 0.1, "FedAvg (Test acc)": 0.1, "pdm_KL (Train acc)": 0.39856, "pdm_KL (Test acc)": 0.3918}, "comm 3": {"training timing": 1131, "local_train_accs": [0.6286742651469706, 0.6196760647870426, 0.6028794241151769, 0.5611877624475105, 0.5707858428314337, 0.6000600060006, 0.6141614161416141, 0.6381638163816382, 0.546954695469547, 0.6396639663966397, 0.5733573357335734, 0.5997599759975998, 0.5904590459045904, 0.6003600360036003, 0.5742574257425742], "local_test_accs": [0.6286742651469706, 0.6196760647870426, 0.6028794241151769, 0.5611877624475105, 0.5707858428314337, 0.6000600060006, 0.6141614161416141, 0.6381638163816382, 0.546954695469547, 0.6396639663966397, 0.5733573357335734, 0.5997599759975998, 0.5904590459045904, 0.6003600360036003, 0.5742574257425742], "Uniform ensemble (Train acc)": 0.47836, "Uniform ensemble (Test acc)": 0.4646, "FedAvg (Train acc)": 0.1, "FedAvg (Test acc)": 0.1, "pdm_KL (Train acc)": 0.41054, "pdm_KL (Test acc)": 0.4046}, "comm 4": {"training timing": 1421, "local_train_accs": [0.6646670665866826, 0.6460707858428314, 0.6538692261547691, 0.620875824835033, 0.6673665266946611, 0.6606660666066607, 0.633063306330633, 0.6852685268526852, 0.6279627962796279, 0.6501650165016502, 0.6444644464446445, 0.633063306330633, 0.5988598859885989, 0.6321632163216322, 0.6408640864086409], "local_test_accs": [0.6646670665866826, 0.6460707858428314, 0.6538692261547691, 0.620875824835033, 0.6673665266946611, 0.6606660666066607, 0.633063306330633, 0.6852685268526852, 0.6279627962796279, 0.6501650165016502, 0.6444644464446445, 0.633063306330633, 0.5988598859885989, 0.6321632163216322, 0.6408640864086409], "Uniform ensemble (Train acc)": 0.49182, "Uniform ensemble (Test acc)": 0.4742, "FedAvg (Train acc)": 0.1, "FedAvg (Test acc)": 0.1, "pdm_KL (Train acc)": 0.42304, "pdm_KL (Test acc)": 0.4137}, "comm 5": {"training timing": 603, "local_train_accs": [0.6868626274745051, 0.6994601079784043, 0.6685662867426515, 0.6958608278344331, 0.6955608878224355, 0.6636663666366637, 0.6510651065106511, 0.6888688868886889, 0.6396639663966397, 0.6729672967296729, 0.6777677767776777, 0.7068706870687068, 0.6684668466846685, 0.7044704470447045, 0.5895589558955896], "local_test_accs": [0.6868626274745051, 0.6994601079784043, 0.6685662867426515, 0.6958608278344331, 0.6955608878224355, 0.6636663666366637, 0.6510651065106511, 0.6888688868886889, 0.6396639663966397, 0.6729672967296729, 0.6777677767776777, 0.7068706870687068, 0.6684668466846685, 0.7044704470447045, 0.5895589558955896], "Uniform ensemble (Train acc)": 0.501, "Uniform ensemble (Test acc)": 0.4791, "FedAvg (Train acc)": 0.1, "FedAvg (Test acc)": 0.1, "pdm_KL (Train acc)": 0.4268, "pdm_KL (Test acc)": 0.4172}, "comm 6": {"training timing": 1405, "local_train_accs": [0.7159568086382724, 0.7207558488302339, 0.7423515296940612, 0.6628674265146971, 0.73125374925015, 0.726972697269727, 0.6783678367836784, 0.7167716771677167, 0.6651665166516652, 0.6912691269126913, 0.6855685568556855, 0.7347734773477348, 0.6924692469246925, 0.7542754275427542, 0.6837683768376838], "local_test_accs": [0.7159568086382724, 0.7207558488302339, 0.7423515296940612, 0.6628674265146971, 0.73125374925015, 0.726972697269727, 0.6783678367836784, 0.7167716771677167, 0.6651665166516652, 0.6912691269126913, 0.6855685568556855, 0.7347734773477348, 0.6924692469246925, 0.7542754275427542, 0.6837683768376838], "Uniform ensemble (Train acc)": 0.50476, "Uniform ensemble (Test acc)": 0.4779, "FedAvg (Train acc)": 0.1, "FedAvg (Test acc)": 0.1, "pdm_KL (Train acc)": 0.43094, "pdm_KL (Test acc)": 0.4225}, "comm 7": {"training timing": 1470, "local_train_accs": [0.7096580683863227, 0.8071385722855429, 0.7405518896220756, 0.7309538092381523, 0.7363527294541091, 0.7557755775577558, 0.7566756675667566, 0.7602760276027603, 0.7134713471347135, 0.8094809480948095, 0.7014701470147015, 0.72997299729973, 0.7275727572757276, 0.7728772877287728, 0.7017701770177017],