{"seed": 7, "Data statistics": "{0: {0: 39, 1: 2014, 2: 25, 3: 43, 4: 1522, 5: 21, 6: 303, 7: 229, 8: 2115}, 1: {0: 127, 1: 213, 2: 2333, 3: 2359, 4: 151, 5: 803, 6: 394}, 2: {0: 3587, 2: 44, 3: 1117, 4: 286, 5: 577, 6: 30, 7: 2393}, 3: {0: 443, 1: 33, 2: 537, 3: 707, 4: 598, 5: 84, 6: 2435, 7: 187, 8: 144, 9: 775}, 4: {0: 253, 1: 17, 3: 149, 4: 1600, 5: 1235, 6: 70, 7: 1179, 8: 605, 9: 538}, 5: {0: 107, 1: 166, 2: 48, 3: 28, 4: 166, 5: 517, 6: 73, 7: 255, 8: 2148, 9: 677}, 6: {0: 629, 1: 23, 2: 1190, 3: 175, 4: 1064, 5: 810, 6: 26, 8: 526, 9: 3818}, 7: {0: 108, 1: 239, 2: 1388, 3: 133, 4: 435, 5: 1312, 6: 461, 8: 112, 9: 123}, 8: {0: 102, 1: 407, 2: 331, 3: 1094, 4: 1, 5: 60, 6: 272, 7: 2022, 8: 200, 9: 18}, 9: {0: 528, 1: 3630, 2: 62, 3: 326, 4: 19, 5: 2, 6: 1854, 8: 1}}", "loading time": 37, "local_train_accs": [0.9854222785612423, 0.9855799373040752, 0.983445357231765, 0.9693757361601885, 0.9861849096705633, 0.9629629629629629, 0.9734898922648589, 0.941544885177453, 0.9651652984246727, 0.9895671130488944], "local_test_accs": [0.6209, 0.6526, 0.5141, 0.7985, 0.7741, 0.7552, 0.6308, 0.7052, 0.7102, 0.4925], "pdm_KL_reg 0": {"Best Result": {"Best Sigma0": 3, "Best sigma": 0.9, "Best gamma": 1, "Best Test accuracy": 0.0997, "Train acc": 0.10008333333333333}, "PDM log": "{(3, 0.9, 1): {'shapes': [(784, 575), (575,), (575, 118), (118,), (118, 109), (109,), (109, 107), (107,), (107, 100), (100,), (100, 10), (10,)], 'train_accuracy': 0.10008333333333333, 'test_accuracy': 0.0997}}", "timing": 187}, "best_reg": 0, "skip_pdm": {"Best Result": {"Best Sigma0": 3, "Best sigma": 0.9, "Best gamma": 1, "Best Test accuracy": 0.1046, "Train acc": 0.108}, "PDM log": "{(3, 0.9, 1): {'shapes': [(576, 785), (101, 576), (177, 101), (101, 177), (119, 101), (10, 119)], 'train_accuracy': 0.108, 'test_accuracy': 0.1046}}", "timing": 212}}