{"seed": 0, "Data statistics": "{0: {0: 2995, 1: 3365, 2: 2959, 3: 3020, 4: 2947, 5: 2712, 6: 2962, 7: 3109, 8: 2959, 9: 2972}, 1: {0: 2928, 1: 3377, 2: 2999, 3: 3111, 4: 2895, 5: 2709, 6: 2956, 7: 3156, 8: 2892, 9: 2977}}", "loading time": 17, "local_train_accs": [0.9900666666666667, 0.9844333333333334], "local_test_accs": [0.966, 0.9604], "Uniform ensemble (Train acc)": 0.9856833333333334, "Uniform ensemble (Test acc)": 0.9744, "FedAvg (Train acc)": 0.8187666666666666, "FedAvg (Test acc)": 0.8167, "pdm_KL_reg 0": {"Best Result": {"Best Sigma0": 10, "Best sigma": 0.5, "Best gamma": 10, "Best Test accuracy": 0.9754, "Train acc": 0.9857166666666667}, "PDM log": "{(10, 0.5, 10): {'shapes': [(784, 191), (191,), (191, 10), (10,)], 'train_accuracy': 0.9857166666666667, 'test_accuracy': 0.9754}}", "timing": 22}, "pdm_KL_reg 0.001": {"Best Result": {"Best Sigma0": 10, "Best sigma": 0.5, "Best gamma": 10, "Best Test accuracy": 0.9754, "Train acc": 0.9857166666666667}, "PDM log": "{(10, 0.5, 10): {'shapes': [(784, 191), (191,), (191, 10), (10,)], 'train_accuracy': 0.9857166666666667, 'test_accuracy': 0.9754}}", "timing": 27}, "pdm_KL_reg 0.005": {"Best Result": {"Best Sigma0": 10, "Best sigma": 0.5, "Best gamma": 10, "Best Test accuracy": 0.9754, "Train acc": 0.9857166666666667}, "PDM log": "{(10, 0.5, 10): {'shapes': [(784, 191), (191,), (191, 10), (10,)], 'train_accuracy': 0.9857166666666667, 'test_accuracy': 0.9754}}", "timing": 47}, "pdm_KL_reg 0.01": {"Best Result": {"Best Sigma0": 10, "Best sigma": 0.5, "Best gamma": 10, "Best Test accuracy": 0.9754, "Train acc": 0.9857166666666667}, "PDM log": "{(10, 0.5, 10): {'shapes': [(784, 191), (191,), (191, 10), (10,)], 'train_accuracy': 0.9857166666666667, 'test_accuracy': 0.9754}}", "timing": 75}, "pdm_KL_reg 0.05": {"Best Result": {"Best Sigma0": 10, "Best sigma": 0.5, "Best gamma": 10, "Best Test accuracy": 0.9754, "Train acc": 0.9857166666666667}, "PDM log": "{(10, 0.5, 10): {'shapes': [(784, 191), (191,), (191, 10), (10,)], 'train_accuracy': 0.9857166666666667, 'test_accuracy': 0.9754}}", "timing": 89}, "pdm_KL_reg 0.1": {"Best Result": {"Best Sigma0": 10, "Best sigma": 0.5, "Best gamma": 10, "Best Test accuracy": 0.9754, "Train acc": 0.9857166666666667}, "PDM log": "{(10, 0.5, 10): {'shapes': [(784, 191), (191,), (191, 10), (10,)], 'train_accuracy': 0.9857166666666667, 'test_accuracy': 0.9754}}", "timing": 74}, "pdm_KL_reg 0.5": {"Best Result": {"Best Sigma0": 10, "Best sigma": 0.5, "Best gamma": 10, "Best Test accuracy": 0.9754, "Train acc": 0.9857166666666667}, "PDM log": "{(10, 0.5, 10): {'shapes': [(784, 188), (188,), (188, 10), (10,)], 'train_accuracy': 0.9857166666666667, 'test_accuracy': 0.9754}}", "timing": 80}, "pdm_KL_reg 1": {"Best Result": {"Best Sigma0": 10, "Best sigma": 0.5, "Best gamma": 10, "Best Test accuracy": 0.9754, "Train acc": 0.9857333333333334}, "PDM log": "{(10, 0.5, 10): {'shapes': [(784, 181), (181,), (181, 10), (10,)], 'train_accuracy': 0.9857333333333334, 'test_accuracy': 0.9754}}", "timing": 81}, "pdm_KL_reg 2": {"Best Result": {"Best Sigma0": 10, "Best sigma": 0.5, "Best gamma": 10, "Best Test accuracy": 0.233, "Train acc": 0.23725}, "PDM log": "{(10, 0.5, 10): {'shapes': [(784, 101), (101,), (101, 10), (10,)], 'train_accuracy': 0.23725, 'test_accuracy': 0.233}}", "timing": 95}, "pdm_KL_reg 5": {"Best Result": {"Best Sigma0": 10, "Best sigma": 0.5, "Best gamma": 10, "Best Test accuracy": 0.233, "Train acc": 0.23726666666666665}, "PDM log": "{(10, 0.5, 10): {'shapes': [(784, 100), (100,), (100, 10), (10,)], 'train_accuracy': 0.23726666666666665, 'test_accuracy': 0.233}}", "timing": 77}, "pdm_KL_reg 10": {"Best Result": {"Best Sigma0": 10, "Best sigma": 0.5, "Best gamma": 10, "Best Test accuracy": 0.233, "Train acc": 0.23726666666666665}, "PDM log": "{(10, 0.5, 10): {'shapes': [(784, 100), (100,), (100, 10), (10,)], 'train_accuracy': 0.23726666666666665, 'test_accuracy': 0.233}}", "timing": 88}, "best_reg": 0}