{"seed": 4, "Data statistics": "{0: {0: 2927, 1: 3404, 2: 2992, 3: 3097, 4: 2920, 5: 2721, 6: 3007, 7: 3105, 8: 2855, 9: 2972}, 1: {0: 2996, 1: 3338, 2: 2966, 3: 3034, 4: 2922, 5: 2700, 6: 2911, 7: 3160, 8: 2996, 9: 2977}}", "loading time": 84, "local_train_accs": [0.9902333333333333, 0.9794333333333334], "local_test_accs": [0.9654, 0.9592], "Uniform ensemble (Train acc)": 0.9850833333333333, "Uniform ensemble (Test acc)": 0.9758, "FedAvg (Train acc)": 0.71125, "FedAvg (Test acc)": 0.7029, "pdm_KL_reg 0": {"Best Result": {"Best Sigma0": 10, "Best sigma": 0.5, "Best gamma": 10, "Best Test accuracy": 0.9767, "Train acc": 0.98495}, "PDM log": "{(10, 0.5, 10): {'shapes': [(784, 189), (189,), (189, 10), (10,)], 'train_accuracy': 0.98495, 'test_accuracy': 0.9767}}", "timing": 93}, "pdm_KL_reg 0.001": {"Best Result": {"Best Sigma0": 10, "Best sigma": 0.5, "Best gamma": 10, "Best Test accuracy": 0.9767, "Train acc": 0.98495}, "PDM log": "{(10, 0.5, 10): {'shapes': [(784, 189), (189,), (189, 10), (10,)], 'train_accuracy': 0.98495, 'test_accuracy': 0.9767}}", "timing": 101}, "pdm_KL_reg 0.005": {"Best Result": {"Best Sigma0": 10, "Best sigma": 0.5, "Best gamma": 10, "Best Test accuracy": 0.9767, "Train acc": 0.98495}, "PDM log": "{(10, 0.5, 10): {'shapes': [(784, 189), (189,), (189, 10), (10,)], 'train_accuracy': 0.98495, 'test_accuracy': 0.9767}}", "timing": 129}, "pdm_KL_reg 0.01": {"Best Result": {"Best Sigma0": 10, "Best sigma": 0.5, "Best gamma": 10, "Best Test accuracy": 0.9767, "Train acc": 0.98495}, "PDM log": "{(10, 0.5, 10): {'shapes': [(784, 189), (189,), (189, 10), (10,)], 'train_accuracy': 0.98495, 'test_accuracy': 0.9767}}", "timing": 93}, "pdm_KL_reg 0.05": {"Best Result": {"Best Sigma0": 10, "Best sigma": 0.5, "Best gamma": 10, "Best Test accuracy": 0.9767, "Train acc": 0.98495}, "PDM log": "{(10, 0.5, 10): {'shapes': [(784, 189), (189,), (189, 10), (10,)], 'train_accuracy': 0.98495, 'test_accuracy': 0.9767}}", "timing": 117}, "pdm_KL_reg 0.1": {"Best Result": {"Best Sigma0": 10, "Best sigma": 0.5, "Best gamma": 10, "Best Test accuracy": 0.9767, "Train acc": 0.98495}, "PDM log": "{(10, 0.5, 10): {'shapes': [(784, 189), (189,), (189, 10), (10,)], 'train_accuracy': 0.98495, 'test_accuracy': 0.9767}}", "timing": 102}, "pdm_KL_reg 0.5": {"Best Result": {"Best Sigma0": 10, "Best sigma": 0.5, "Best gamma": 10, "Best Test accuracy": 0.9767, "Train acc": 0.98495}, "PDM log": "{(10, 0.5, 10): {'shapes': [(784, 189), (189,), (189, 10), (10,)], 'train_accuracy': 0.98495, 'test_accuracy': 0.9767}}", "timing": 128}, "pdm_KL_reg 1": {"Best Result": {"Best Sigma0": 10, "Best sigma": 0.5, "Best gamma": 10, "Best Test accuracy": 0.9766, "Train acc": 0.9849333333333333}, "PDM log": "{(10, 0.5, 10): {'shapes': [(784, 178), (178,), (178, 10), (10,)], 'train_accuracy': 0.9849333333333333, 'test_accuracy': 0.9766}}", "timing": 117}, "pdm_KL_reg 2": {"Best Result": {"Best Sigma0": 10, "Best sigma": 0.5, "Best gamma": 10, "Best Test accuracy": 0.2522, "Train acc": 0.26038333333333336}, "PDM log": "{(10, 0.5, 10): {'shapes': [(784, 102), (102,), (102, 10), (10,)], 'train_accuracy': 0.26038333333333336, 'test_accuracy': 0.2522}}", "timing": 113}, "pdm_KL_reg 5": {"Best Result": {"Best Sigma0": 10, "Best sigma": 0.5, "Best gamma": 10, "Best Test accuracy": 0.2522, "Train acc": 0.26038333333333336}, "PDM log": "{(10, 0.5, 10): {'shapes': [(784, 100), (100,), (100, 10), (10,)], 'train_accuracy': 0.26038333333333336, 'test_accuracy': 0.2522}}", "timing": 113}, "pdm_KL_reg 10": {"Best Result": {"Best Sigma0": 10, "Best sigma": 0.5, "Best gamma": 10, "Best Test accuracy": 0.2522, "Train acc": 0.26038333333333336}, "PDM log": "{(10, 0.5, 10): {'shapes': [(784, 100), (100,), (100, 10), (10,)], 'train_accuracy': 0.26038333333333336, 'test_accuracy': 0.2522}}", "timing": 113}, "best_reg": 0}