{"seed": 9, "Data statistics": "{0: {0: 277, 1: 234, 2: 36, 3: 1137}, 1: {0: 68, 1: 46, 2: 321, 3: 211, 4: 111, 5: 1, 6: 43, 7: 572, 8: 7, 9: 47}, 2: {0: 89, 1: 106, 2: 76, 3: 62, 4: 110, 5: 5, 6: 8, 7: 5, 8: 21, 9: 637}, 3: {0: 309, 1: 606, 2: 5, 3: 428, 4: 1005}, 4: {0: 231, 1: 1, 2: 36, 3: 41, 4: 80, 5: 121, 6: 32, 7: 62, 8: 254, 9: 4}, 5: {0: 19, 1: 15, 2: 33, 3: 1, 4: 92, 5: 487, 6: 3, 7: 746, 8: 57, 9: 477}, 6: {0: 94, 1: 11, 2: 3, 3: 1, 4: 46, 5: 13, 6: 313, 7: 1299}, 7: {0: 247, 1: 326, 2: 226, 3: 1, 4: 433, 5: 558}, 8: {0: 38, 1: 119, 2: 2, 3: 198, 4: 316, 5: 7, 6: 1349}, 9: {0: 262, 1: 75, 2: 19, 3: 699, 4: 545, 5: 9, 6: 28, 7: 20, 8: 1222}, 10: {0: 2, 1: 1, 2: 1, 3: 3, 4: 20, 5: 116, 6: 50, 7: 135, 8: 428, 9: 343}, 11: {0: 7, 1: 71, 2: 13, 3: 51, 4: 20, 5: 18, 6: 27, 7: 64, 8: 22, 9: 7}, 12: {0: 125, 1: 8, 3: 58, 4: 3, 5: 7, 6: 284, 7: 15, 8: 1156, 9: 1937}, 13: {0: 39, 1: 79, 2: 41, 3: 333, 4: 249, 5: 15, 6: 1094}, 14: {0: 2, 1: 30, 2: 47, 3: 8, 4: 82, 5: 596, 7: 33, 9: 63}, 15: {0: 103, 1: 142, 2: 536, 3: 37, 4: 539, 5: 14, 6: 51, 7: 7, 8: 7, 9: 384}, 16: {0: 550, 1: 234, 2: 59, 3: 101, 4: 11, 5: 25, 6: 528, 7: 311}, 17: {0: 239, 1: 2, 2: 94, 3: 49, 4: 185, 5: 23, 6: 249, 7: 256, 8: 578}, 18: {0: 9, 1: 84, 2: 468, 3: 133, 4: 8, 5: 2, 6: 1, 7: 1, 8: 102, 9: 33}, 19: {0: 20, 1: 104, 2: 38, 3: 22, 4: 22, 5: 196, 6: 234, 7: 322, 8: 3, 9: 252}, 20: {0: 42, 1: 507, 2: 47, 3: 53, 5: 340, 6: 548, 7: 60, 8: 762}, 21: {0: 292, 1: 24, 2: 1769}, 22: {0: 20, 1: 73, 3: 54, 4: 7, 5: 520, 6: 36, 7: 1, 8: 319, 9: 743}, 23: {0: 140, 1: 15, 2: 107, 3: 1, 4: 391, 5: 49, 6: 26, 7: 5, 8: 61, 9: 27}, 24: {0: 3, 1: 7, 2: 86, 3: 32, 4: 5, 5: 403, 6: 78, 7: 164, 9: 2}, 25: {0: 422, 1: 379, 2: 62, 3: 1121}, 26: {0: 334, 1: 770, 2: 42, 3: 1, 4: 10, 5: 24, 6: 2, 7: 7, 9: 44}, 27: {0: 3, 1: 280, 2: 587, 3: 6, 4: 314, 5: 1239}, 28: {0: 346, 1: 650, 2: 110, 3: 94, 4: 10, 5: 12, 6: 15, 7: 525}, 29: {0: 668, 1: 1, 2: 136, 3: 64, 4: 386, 5: 200, 6: 1, 7: 390, 8: 1}}", "loading time": 68, "local_train_accs": [0.832541567695962, 0.5956552207428171, 0.6916890080428955, 0.7292817679558011, 0.5417633410672854, 0.6523316062176165, 0.8550561797752809, 0.6018983807928532, 0.7422375554460325, 0.6634248002778743, 0.6933575978161965, 0.49, 0.7264124686891177, 0.6643243243243243, 0.7804878048780488, 0.6049450549450549, 0.6663001649257834, 0.5623880597014925, 0.6718192627824019, 0.5754328112118714, 0.6718948707079271, 0.8570743405275779, 0.7411167512690355, 0.5985401459854015, 0.6576923076923077, 0.7888104838709677, 0.7123176661264181, 0.6080691642651297, 0.688422247446084, 0.5966432051976177], "local_test_accs": [0.1947, 0.2398, 0.2053, 0.2272, 0.215, 0.2248, 0.1862, 0.2418, 0.2109, 0.2216, 0.2297, 0.2227, 0.215, 0.2009, 0.154, 0.2325, 0.2716, 0.2262, 0.203, 0.2493, 0.2399, 0.1121, 0.2188, 0.1733, 0.1632, 0.2079, 0.1393, 0.1591, 0.2497, 0.2179], "pdm_KL_reg 0": {"Best Result": {"Best Sigma0": 10, "Best sigma": 1, "Best gamma": 50, "Best Test accuracy": 0.2284, "Train acc": 0.23208}, "PDM log": "{(10, 1, 50): {'shapes': [(3072, 2901), (2901,), (2901, 10), (10,)], 'train_accuracy': 0.23208, 'test_accuracy': 0.2284}}", "timing": 2698}, "pdm_KL_reg 0.001": {"Best Result": {"Best Sigma0": 10, "Best sigma": 1, "Best gamma": 50, "Best Test accuracy": 0.2284, "Train acc": 0.23208}, "PDM log": "{(10, 1, 50): {'shapes': [(3072, 2901), (2901,), (2901, 10), (10,)], 'train_accuracy': 0.23208, 'test_accuracy': 0.2284}}", "timing": 5608}, "pdm_KL_reg 0.005": {"Best Result": {"Best Sigma0": 10, "Best sigma": 1, "Best gamma": 50, "Best Test accuracy": 0.2284, "Train acc": 0.23208}, "PDM log": "{(10, 1, 50): {'shapes': [(3072, 2901), (2901,), (2901, 10), (10,)], 'train_accuracy': 0.23208, 'test_accuracy': 0.2284}}", "timing": 5554}, "pdm_KL_reg 0.01": {"Best Result": {"Best Sigma0": 10, "Best sigma": 1, "Best gamma": 50, "Best Test accuracy": 0.2284, "Train acc": 0.23208}, "PDM log": "{(10, 1, 50): {'shapes': [(3072, 2901), (2901,), (2901, 10), (10,)], 'train_accuracy': 0.23208, 'test_accuracy': 0.2284}}", "timing": 5442}, "pdm_KL_reg 0.05": {"Best Result": {"Best Sigma0": 10, "Best sigma": 1, "Best gamma": 50, "Best Test accuracy": 0.2284, "Train acc": 0.23208}, "PDM log": "{(10, 1, 50): {'shapes': [(3072, 2900), (2900,), (2900, 10), (10,)], 'train_accuracy': 0.23208, 'test_accuracy': 0.2284}}", "timing": 5593}, "pdm_KL_reg 0.1": {"Best Result": {"Best Sigma0": 10, "Best sigma": 1, "Best gamma": 50, "Best Test accuracy": 0.2284, "Train acc": 0.23208}, "PDM log": "{(10, 1, 50): {'shapes': [(3072, 2894), (2894,), (2894, 10), (10,)], 'train_accuracy': 0.23208, 'test_accuracy': 0.2284}}", "timing": 5536}, "pdm_KL_reg 0.5": {"Best Result": {"Best Sigma0": 10, "Best sigma": 1, "Best gamma": 50, "Best Test accuracy": 0.2301, "Train acc": 0.23276}, "PDM log": "{(10, 1, 50): {'shapes': [(3072, 2843), (2843,), (2843, 10), (10,)], 'train_accuracy': 0.23276, 'test_accuracy': 0.2301}}", "timing": 5469}, "pdm_KL_reg 1": {"Best Result": {"Best Sigma0": 10, "Best sigma": 1, "Best gamma": 50, "Best Test accuracy": 0.2169, "Train acc": 0.21914}, "PDM log": "{(10, 1, 50): {'shapes': [(3072, 1405), (1405,), (1405, 10), (10,)], 'train_accuracy': 0.21914, 'test_accuracy': 0.2169}}", "timing": 2680}, "pdm_KL_reg 2": {"Best Result": {"Best Sigma0": 10, "Best sigma": 1, "Best gamma": 50, "Best Test accuracy": 0.1993, "Train acc": 0.2032}, "PDM log": "{(10, 1, 50): {'shapes': [(3072, 125), (125,), (125, 10), (10,)], 'train_accuracy': 0.2032, 'test_accuracy': 0.1993}}", "timing": 189}, "pdm_KL_reg 5": {"Best Result": {"Best Sigma0": 10, "Best sigma": 1, "Best gamma": 50, "Best Test accuracy": 0.1, "Train acc": 0.1}, "PDM log": "{(10, 1, 50): {'shapes': [(3072, 111), (111,), (111, 10), (10,)], 'train_accuracy': 0.1, 'test_accuracy': 0.1}}", "timing": 136}, "pdm_KL_reg 10": {"Best Result": {"Best Sigma0": 10, "Best sigma": 1, "Best gamma": 50, "Best Test accuracy": 0.1, "Train acc": 0.1}, "PDM log": "{(10, 1, 50): {'shapes': [(3072, 110), (110,), (110, 10), (10,)], 'train_accuracy': 0.1, 'test_accuracy': 0.1}}", "timing": 126}, "best_reg": 0.5}