{"seed": 8, "Data statistics": "{0: {0: 201, 1: 1, 2: 74, 3: 275, 4: 28, 5: 27, 6: 97, 7: 596, 9: 421}, 1: {0: 3, 1: 382, 2: 18, 4: 150, 5: 396, 6: 315, 7: 369, 8: 105}, 2: {0: 161, 1: 542, 2: 128, 3: 49, 5: 42, 6: 402, 7: 363}, 3: {0: 11, 1: 88, 2: 2, 3: 269, 4: 48, 5: 93, 6: 2, 7: 343, 8: 153, 9: 638}, 4: {0: 8, 1: 3, 2: 91, 3: 24, 4: 6, 5: 1, 6: 206, 7: 8, 8: 570, 9: 38}, 5: {0: 21, 1: 54, 2: 221, 3: 419, 4: 160, 5: 329, 6: 9, 7: 1, 8: 511}, 6: {0: 64, 1: 345, 2: 51, 3: 159, 4: 377, 5: 55, 6: 105, 7: 370, 8: 8, 9: 18}, 7: {0: 1286, 1: 171, 3: 14, 4: 261}, 8: {0: 151, 1: 154, 2: 318, 3: 220, 4: 1, 5: 128, 6: 345, 7: 149, 8: 3, 9: 24}, 9: {0: 10, 2: 14, 3: 29, 4: 263, 6: 1292, 7: 361}, 10: {0: 251, 1: 48, 2: 14, 3: 13, 4: 158, 5: 99, 6: 483, 7: 12, 8: 331, 9: 675}, 11: {0: 20, 1: 106, 2: 750, 3: 264, 4: 302, 5: 2, 6: 1, 7: 139, 8: 292}, 12: {0: 1182, 1: 80, 2: 1, 3: 201, 4: 155, 5: 661}, 13: {0: 973, 1: 3, 2: 367, 3: 119, 5: 114, 6: 132}, 14: {0: 57, 1: 154, 2: 119, 4: 187, 5: 766, 6: 22, 7: 30, 8: 160, 9: 419}, 15: {1: 145, 3: 561, 4: 21, 5: 1, 6: 185, 7: 44, 8: 84, 9: 90}, 16: {0: 1, 1: 65, 2: 858, 3: 54, 4: 32, 5: 231, 6: 47, 7: 525}, 17: {0: 28, 1: 2, 2: 61, 3: 18, 4: 1044, 5: 1, 6: 327, 7: 7, 8: 569}, 18: {0: 11, 1: 43, 2: 6, 3: 5, 4: 158, 5: 12, 6: 7, 7: 166, 9: 35}, 19: {0: 160, 1: 341, 2: 2, 3: 109, 4: 382, 5: 20, 6: 564, 7: 18, 8: 17, 9: 1455}, 20: {0: 7, 1: 111, 2: 608, 3: 4, 4: 226, 5: 37, 6: 121, 7: 27}, 21: {0: 21, 1: 16, 2: 51, 3: 94, 4: 109, 5: 415, 6: 26, 7: 201, 8: 32, 9: 32}, 22: {0: 271, 1: 76, 2: 507, 3: 165, 4: 29, 5: 36, 6: 5, 7: 432, 8: 1282}, 23: {1: 593, 2: 264, 3: 1, 4: 37, 5: 69, 6: 3, 7: 21, 8: 150, 9: 94}, 24: {0: 35, 1: 38, 2: 24, 3: 1411, 4: 1, 5: 218}, 25: {0: 1, 1: 859, 2: 20, 3: 34, 4: 118, 5: 158, 7: 484}, 26: {0: 37, 1: 5, 2: 82, 3: 46, 4: 134, 5: 195, 6: 5, 7: 129, 8: 89, 9: 57}, 27: {0: 23, 1: 272, 2: 131, 3: 82, 4: 1, 5: 791, 7: 35, 8: 61, 9: 175}, 28: {0: 1, 1: 133, 2: 168, 3: 297, 4: 34, 5: 68, 6: 282, 7: 51, 8: 507, 9: 22}, 29: {0: 5, 1: 170, 2: 50, 3: 64, 4: 578, 5: 35, 6: 17, 7: 119, 8: 76, 9: 807}}", "loading time": 67, "local_train_accs": [0.6104651162790697, 0.6024165707710012, 0.6810906935388263, 0.6259866423800851, 0.7958115183246073, 0.5715942028985507, 0.5457474226804123, 0.8458429561200924, 0.5298057602143336, 0.7582529202640934, 0.5738963531669866, 0.5650319829424307, 0.7403508771929824, 0.6920374707259953, 0.6269592476489029, 0.6091954022988506, 0.6889134031991175, 0.6883811375789985, 0.6027088036117382, 0.6994784876140808, 0.6476774758983348, 0.5847542627883651, 0.6443096682126294, 0.6266233766233766, 0.8233931673422119, 0.7586618876941458, 0.4993581514762516, 0.6218968809675366, 0.5540626999360204, 0.6501821967725143], "local_test_accs": [0.2469, 0.2755, 0.2835, 0.2275, 0.1986, 0.219, 0.2485, 0.1855, 0.2821, 0.161, 0.2353, 0.2352, 0.2155, 0.171, 0.2434, 0.1848, 0.203, 0.2192, 0.1991, 0.2626, 0.1662, 0.1985, 0.2227, 0.1705, 0.1098, 0.2018, 0.2464, 0.1991, 0.2139, 0.1894], "pdm_KL_reg 0": {"Best Result": {"Best Sigma0": 10, "Best sigma": 1, "Best gamma": 50, "Best Test accuracy": 0.2645, "Train acc": 0.268}, "PDM log": "{(10, 1, 50): {'shapes': [(3072, 2915), (2915,), (2915, 10), (10,)], 'train_accuracy': 0.268, 'test_accuracy': 0.2645}}", "timing": 3482}, "pdm_KL_reg 0.001": {"Best Result": {"Best Sigma0": 10, "Best sigma": 1, "Best gamma": 50, "Best Test accuracy": 0.2645, "Train acc": 0.268}, "PDM log": "{(10, 1, 50): {'shapes': [(3072, 2915), (2915,), (2915, 10), (10,)], 'train_accuracy': 0.268, 'test_accuracy': 0.2645}}", "timing": 7333}, "pdm_KL_reg 0.005": {"Best Result": {"Best Sigma0": 10, "Best sigma": 1, "Best gamma": 50, "Best Test accuracy": 0.2645, "Train acc": 0.268}, "PDM log": "{(10, 1, 50): {'shapes': [(3072, 2914), (2914,), (2914, 10), (10,)], 'train_accuracy': 0.268, 'test_accuracy': 0.2645}}", "timing": 7475}, "pdm_KL_reg 0.01": {"Best Result": {"Best Sigma0": 10, "Best sigma": 1, "Best gamma": 50, "Best Test accuracy": 0.2645, "Train acc": 0.268}, "PDM log": "{(10, 1, 50): {'shapes': [(3072, 2912), (2912,), (2912, 10), (10,)], 'train_accuracy': 0.268, 'test_accuracy': 0.2645}}", "timing": 6298}, "pdm_KL_reg 0.05": {"Best Result": {"Best Sigma0": 10, "Best sigma": 1, "Best gamma": 50, "Best Test accuracy": 0.2645, "Train acc": 0.268}, "PDM log": "{(10, 1, 50): {'shapes': [(3072, 2910), (2910,), (2910, 10), (10,)], 'train_accuracy': 0.268, 'test_accuracy': 0.2645}}", "timing": 5578}, "pdm_KL_reg 0.1": {"Best Result": {"Best Sigma0": 10, "Best sigma": 1, "Best gamma": 50, "Best Test accuracy": 0.2645, "Train acc": 0.26806}, "PDM log": "{(10, 1, 50): {'shapes': [(3072, 2906), (2906,), (2906, 10), (10,)], 'train_accuracy': 0.26806, 'test_accuracy': 0.2645}}", "timing": 5396}, "pdm_KL_reg 0.5": {"Best Result": {"Best Sigma0": 10, "Best sigma": 1, "Best gamma": 50, "Best Test accuracy": 0.2645, "Train acc": 0.26806}, "PDM log": "{(10, 1, 50): {'shapes': [(3072, 2846), (2846,), (2846, 10), (10,)], 'train_accuracy': 0.26806, 'test_accuracy': 0.2645}}", "timing": 5302}, "pdm_KL_reg 1": {"Best Result": {"Best Sigma0": 10, "Best sigma": 1, "Best gamma": 50, "Best Test accuracy": 0.2669, "Train acc": 0.26994}, "PDM log": "{(10, 1, 50): {'shapes': [(3072, 1429), (1429,), (1429, 10), (10,)], 'train_accuracy': 0.26994, 'test_accuracy': 0.2669}}", "timing": 2737}, "pdm_KL_reg 2": {"Best Result": {"Best Sigma0": 10, "Best sigma": 1, "Best gamma": 50, "Best Test accuracy": 0.1841, "Train acc": 0.18518}, "PDM log": "{(10, 1, 50): {'shapes': [(3072, 125), (125,), (125, 10), (10,)], 'train_accuracy': 0.18518, 'test_accuracy': 0.1841}}", "timing": 199}, "pdm_KL_reg 5": {"Best Result": {"Best Sigma0": 10, "Best sigma": 1, "Best gamma": 50, "Best Test accuracy": 0.1, "Train acc": 0.1}, "PDM log": "{(10, 1, 50): {'shapes': [(3072, 114), (114,), (114, 10), (10,)], 'train_accuracy': 0.1, 'test_accuracy': 0.1}}", "timing": 159}, "pdm_KL_reg 10": {"Best Result": {"Best Sigma0": 10, "Best sigma": 1, "Best gamma": 50, "Best Test accuracy": 0.1, "Train acc": 0.1}, "PDM log": "{(10, 1, 50): {'shapes': [(3072, 108), (108,), (108, 10), (10,)], 'train_accuracy': 0.1, 'test_accuracy': 0.1}}", "timing": 142}, "best_reg": 1}