{"seed": 1, "Data statistics": "{0: {0: 5243, 1: 2928, 2: 5923, 3: 749, 4: 2583, 5: 4506, 6: 5857, 7: 4219}, 1: {0: 680, 1: 3814, 2: 35, 3: 5382, 4: 3259, 5: 915, 6: 61, 7: 2046, 8: 5851, 9: 5949}}", "loading time": 54, "local_train_accs": [0.9947825543614096, 0.9898542440697342], "local_test_accs": [0.7732, 0.8838], "Uniform ensemble (Train acc)": 0.9404166666666667, "Uniform ensemble (Test acc)": 0.9262, "FedAvg (Train acc)": 0.7426333333333334, "FedAvg (Test acc)": 0.7411, "pdm_KL_reg 0": {"Best Result": {"Best Sigma0": 3, "Best sigma": 0.9, "Best gamma": 1, "Best Test accuracy": 0.8355, "Train acc": 0.8417166666666667}, "PDM log": "{(3, 0.9, 1): {'shapes': [(784, 177), (177,), (177, 10), (10,)], 'train_accuracy': 0.8417166666666667, 'test_accuracy': 0.8355}}", "timing": 90}, "pdm_KL_reg 0.001": {"Best Result": {"Best Sigma0": 3, "Best sigma": 0.9, "Best gamma": 1, "Best Test accuracy": 0.8355, "Train acc": 0.8417166666666667}, "PDM log": "{(3, 0.9, 1): {'shapes': [(784, 177), (177,), (177, 10), (10,)], 'train_accuracy': 0.8417166666666667, 'test_accuracy': 0.8355}}", "timing": 107}, "pdm_KL_reg 0.005": {"Best Result": {"Best Sigma0": 3, "Best sigma": 0.9, "Best gamma": 1, "Best Test accuracy": 0.8355, "Train acc": 0.8417166666666667}, "PDM log": "{(3, 0.9, 1): {'shapes': [(784, 177), (177,), (177, 10), (10,)], 'train_accuracy': 0.8417166666666667, 'test_accuracy': 0.8355}}", "timing": 95}, "pdm_KL_reg 0.01": {"Best Result": {"Best Sigma0": 3, "Best sigma": 0.9, "Best gamma": 1, "Best Test accuracy": 0.8355, "Train acc": 0.8417166666666667}, "PDM log": "{(3, 0.9, 1): {'shapes': [(784, 177), (177,), (177, 10), (10,)], 'train_accuracy': 0.8417166666666667, 'test_accuracy': 0.8355}}", "timing": 98}, "pdm_KL_reg 0.05": {"Best Result": {"Best Sigma0": 3, "Best sigma": 0.9, "Best gamma": 1, "Best Test accuracy": 0.8355, "Train acc": 0.8417166666666667}, "PDM log": "{(3, 0.9, 1): {'shapes': [(784, 177), (177,), (177, 10), (10,)], 'train_accuracy': 0.8417166666666667, 'test_accuracy': 0.8355}}", "timing": 96}, "pdm_KL_reg 0.1": {"Best Result": {"Best Sigma0": 3, "Best sigma": 0.9, "Best gamma": 1, "Best Test accuracy": 0.8355, "Train acc": 0.8417166666666667}, "PDM log": "{(3, 0.9, 1): {'shapes': [(784, 177), (177,), (177, 10), (10,)], 'train_accuracy': 0.8417166666666667, 'test_accuracy': 0.8355}}", "timing": 98}, "pdm_KL_reg 0.5": {"Best Result": {"Best Sigma0": 3, "Best sigma": 0.9, "Best gamma": 1, "Best Test accuracy": 0.8355, "Train acc": 0.8417166666666667}, "PDM log": "{(3, 0.9, 1): {'shapes': [(784, 175), (175,), (175, 10), (10,)], 'train_accuracy': 0.8417166666666667, 'test_accuracy': 0.8355}}", "timing": 123}, "pdm_KL_reg 1": {"Best Result": {"Best Sigma0": 3, "Best sigma": 0.9, "Best gamma": 1, "Best Test accuracy": 0.8355, "Train acc": 0.8417666666666667}, "PDM log": "{(3, 0.9, 1): {'shapes': [(784, 173), (173,), (173, 10), (10,)], 'train_accuracy': 0.8417666666666667, 'test_accuracy': 0.8355}}", "timing": 111}, "pdm_KL_reg 2": {"Best Result": {"Best Sigma0": 3, "Best sigma": 0.9, "Best gamma": 1, "Best Test accuracy": 0.3171, "Train acc": 0.31565}, "PDM log": "{(3, 0.9, 1): {'shapes': [(784, 100), (100,), (100, 10), (10,)], 'train_accuracy': 0.31565, 'test_accuracy': 0.3171}}", "timing": 110}, "pdm_KL_reg 5": {"Best Result": {"Best Sigma0": 3, "Best sigma": 0.9, "Best gamma": 1, "Best Test accuracy": 0.3171, "Train acc": 0.31565}, "PDM log": "{(3, 0.9, 1): {'shapes': [(784, 100), (100,), (100, 10), (10,)], 'train_accuracy': 0.31565, 'test_accuracy': 0.3171}}", "timing": 112}, "pdm_KL_reg 10": {"Best Result": {"Best Sigma0": 3, "Best sigma": 0.9, "Best gamma": 1, "Best Test accuracy": 0.3171, "Train acc": 0.31565}, "PDM log": "{(3, 0.9, 1): {'shapes': [(784, 100), (100,), (100, 10), (10,)], 'train_accuracy': 0.31565, 'test_accuracy': 0.3171}}", "timing": 124}, "best_reg": 0}