{"seed": 4, "Data statistics": "{0: {0: 1882, 1: 6506, 2: 5008, 3: 3919, 4: 4827, 5: 5044, 6: 5914}, 1: {0: 4041, 1: 236, 2: 950, 3: 2212, 4: 1015, 5: 377, 6: 4, 7: 6265, 8: 5851, 9: 5949}}", "loading time": 83, "local_train_accs": [0.9949244712990937, 0.9898141263940521], "local_test_accs": [0.6857, 0.8554], "Uniform ensemble (Train acc)": 0.9299333333333333, "Uniform ensemble (Test acc)": 0.9227, "FedAvg (Train acc)": 0.58835, "FedAvg (Test acc)": 0.591, "pdm_KL_reg 0": {"Best Result": {"Best Sigma0": 3, "Best sigma": 0.9, "Best gamma": 1, "Best Test accuracy": 0.8, "Train acc": 0.8048166666666666}, "PDM log": "{(3, 0.9, 1): {'shapes': [(784, 174), (174,), (174, 10), (10,)], 'train_accuracy': 0.8048166666666666, 'test_accuracy': 0.8}}", "timing": 94}, "pdm_KL_reg 0.001": {"Best Result": {"Best Sigma0": 3, "Best sigma": 0.9, "Best gamma": 1, "Best Test accuracy": 0.8, "Train acc": 0.8048166666666666}, "PDM log": "{(3, 0.9, 1): {'shapes': [(784, 174), (174,), (174, 10), (10,)], 'train_accuracy': 0.8048166666666666, 'test_accuracy': 0.8}}", "timing": 111}, "pdm_KL_reg 0.005": {"Best Result": {"Best Sigma0": 3, "Best sigma": 0.9, "Best gamma": 1, "Best Test accuracy": 0.8, "Train acc": 0.8048166666666666}, "PDM log": "{(3, 0.9, 1): {'shapes': [(784, 174), (174,), (174, 10), (10,)], 'train_accuracy': 0.8048166666666666, 'test_accuracy': 0.8}}", "timing": 97}, "pdm_KL_reg 0.01": {"Best Result": {"Best Sigma0": 3, "Best sigma": 0.9, "Best gamma": 1, "Best Test accuracy": 0.8, "Train acc": 0.8048166666666666}, "PDM log": "{(3, 0.9, 1): {'shapes': [(784, 174), (174,), (174, 10), (10,)], 'train_accuracy': 0.8048166666666666, 'test_accuracy': 0.8}}", "timing": 110}, "pdm_KL_reg 0.05": {"Best Result": {"Best Sigma0": 3, "Best sigma": 0.9, "Best gamma": 1, "Best Test accuracy": 0.8, "Train acc": 0.8048333333333333}, "PDM log": "{(3, 0.9, 1): {'shapes': [(784, 173), (173,), (173, 10), (10,)], 'train_accuracy': 0.8048333333333333, 'test_accuracy': 0.8}}", "timing": 117}, "pdm_KL_reg 0.1": {"Best Result": {"Best Sigma0": 3, "Best sigma": 0.9, "Best gamma": 1, "Best Test accuracy": 0.8, "Train acc": 0.8048333333333333}, "PDM log": "{(3, 0.9, 1): {'shapes': [(784, 173), (173,), (173, 10), (10,)], 'train_accuracy': 0.8048333333333333, 'test_accuracy': 0.8}}", "timing": 110}, "pdm_KL_reg 0.5": {"Best Result": {"Best Sigma0": 3, "Best sigma": 0.9, "Best gamma": 1, "Best Test accuracy": 0.8, "Train acc": 0.8048333333333333}, "PDM log": "{(3, 0.9, 1): {'shapes': [(784, 172), (172,), (172, 10), (10,)], 'train_accuracy': 0.8048333333333333, 'test_accuracy': 0.8}}", "timing": 112}, "pdm_KL_reg 1": {"Best Result": {"Best Sigma0": 3, "Best sigma": 0.9, "Best gamma": 1, "Best Test accuracy": 0.8, "Train acc": 0.8048333333333333}, "PDM log": "{(3, 0.9, 1): {'shapes': [(784, 171), (171,), (171, 10), (10,)], 'train_accuracy': 0.8048333333333333, 'test_accuracy': 0.8}}", "timing": 114}, "pdm_KL_reg 2": {"Best Result": {"Best Sigma0": 3, "Best sigma": 0.9, "Best gamma": 1, "Best Test accuracy": 0.2099, "Train acc": 0.21355}, "PDM log": "{(3, 0.9, 1): {'shapes': [(784, 100), (100,), (100, 10), (10,)], 'train_accuracy': 0.21355, 'test_accuracy': 0.2099}}", "timing": 111}, "pdm_KL_reg 5": {"Best Result": {"Best Sigma0": 3, "Best sigma": 0.9, "Best gamma": 1, "Best Test accuracy": 0.2099, "Train acc": 0.21355}, "PDM log": "{(3, 0.9, 1): {'shapes': [(784, 100), (100,), (100, 10), (10,)], 'train_accuracy': 0.21355, 'test_accuracy': 0.2099}}", "timing": 110}, "pdm_KL_reg 10": {"Best Result": {"Best Sigma0": 3, "Best sigma": 0.9, "Best gamma": 1, "Best Test accuracy": 0.2099, "Train acc": 0.21355}, "PDM log": "{(3, 0.9, 1): {'shapes': [(784, 100), (100,), (100, 10), (10,)], 'train_accuracy': 0.21355, 'test_accuracy': 0.2099}}", "timing": 103}, "best_reg": 0}