{"seed": 7, "Data statistics": "{0: {0: 1417, 1: 2830, 2: 3754, 3: 6122, 4: 2677, 5: 3047, 6: 730, 7: 6264, 8: 2074, 9: 1675}, 1: {0: 4506, 1: 3912, 2: 2204, 3: 9, 4: 3165, 5: 2374, 6: 5188, 7: 1, 8: 3777, 9: 4274}}", "loading time": 60, "local_train_accs": [0.9901274926446552, 0.9903774226453588], "local_test_accs": [0.9587, 0.7863], "Uniform ensemble (Train acc)": 0.9742166666666666, "Uniform ensemble (Test acc)": 0.9613, "FedAvg (Train acc)": 0.71155, "FedAvg (Test acc)": 0.7172, "pdm_KL_reg 0": {"Best Result": {"Best Sigma0": 3, "Best sigma": 0.9, "Best gamma": 1, "Best Test accuracy": 0.9375, "Train acc": 0.9472666666666667}, "PDM log": "{(3, 0.9, 1): {'shapes': [(784, 183), (183,), (183, 10), (10,)], 'train_accuracy': 0.9472666666666667, 'test_accuracy': 0.9375}}", "timing": 87}, "pdm_KL_reg 0.001": {"Best Result": {"Best Sigma0": 3, "Best sigma": 0.9, "Best gamma": 1, "Best Test accuracy": 0.9375, "Train acc": 0.9472666666666667}, "PDM log": "{(3, 0.9, 1): {'shapes': [(784, 183), (183,), (183, 10), (10,)], 'train_accuracy': 0.9472666666666667, 'test_accuracy': 0.9375}}", "timing": 115}, "pdm_KL_reg 0.005": {"Best Result": {"Best Sigma0": 3, "Best sigma": 0.9, "Best gamma": 1, "Best Test accuracy": 0.9375, "Train acc": 0.9472666666666667}, "PDM log": "{(3, 0.9, 1): {'shapes': [(784, 183), (183,), (183, 10), (10,)], 'train_accuracy': 0.9472666666666667, 'test_accuracy': 0.9375}}", "timing": 121}, "pdm_KL_reg 0.01": {"Best Result": {"Best Sigma0": 3, "Best sigma": 0.9, "Best gamma": 1, "Best Test accuracy": 0.9375, "Train acc": 0.9472666666666667}, "PDM log": "{(3, 0.9, 1): {'shapes': [(784, 183), (183,), (183, 10), (10,)], 'train_accuracy': 0.9472666666666667, 'test_accuracy': 0.9375}}", "timing": 118}, "pdm_KL_reg 0.05": {"Best Result": {"Best Sigma0": 3, "Best sigma": 0.9, "Best gamma": 1, "Best Test accuracy": 0.9375, "Train acc": 0.9472666666666667}, "PDM log": "{(3, 0.9, 1): {'shapes': [(784, 183), (183,), (183, 10), (10,)], 'train_accuracy': 0.9472666666666667, 'test_accuracy': 0.9375}}", "timing": 110}, "pdm_KL_reg 0.1": {"Best Result": {"Best Sigma0": 3, "Best sigma": 0.9, "Best gamma": 1, "Best Test accuracy": 0.9375, "Train acc": 0.9472666666666667}, "PDM log": "{(3, 0.9, 1): {'shapes': [(784, 183), (183,), (183, 10), (10,)], 'train_accuracy': 0.9472666666666667, 'test_accuracy': 0.9375}}", "timing": 117}, "pdm_KL_reg 0.5": {"Best Result": {"Best Sigma0": 3, "Best sigma": 0.9, "Best gamma": 1, "Best Test accuracy": 0.9353, "Train acc": 0.9459333333333333}, "PDM log": "{(3, 0.9, 1): {'shapes': [(784, 181), (181,), (181, 10), (10,)], 'train_accuracy': 0.9459333333333333, 'test_accuracy': 0.9353}}", "timing": 110}, "pdm_KL_reg 1": {"Best Result": {"Best Sigma0": 3, "Best sigma": 0.9, "Best gamma": 1, "Best Test accuracy": 0.9351, "Train acc": 0.9457166666666666}, "PDM log": "{(3, 0.9, 1): {'shapes': [(784, 178), (178,), (178, 10), (10,)], 'train_accuracy': 0.9457166666666666, 'test_accuracy': 0.9351}}", "timing": 114}, "pdm_KL_reg 2": {"Best Result": {"Best Sigma0": 3, "Best sigma": 0.9, "Best gamma": 1, "Best Test accuracy": 0.2479, "Train acc": 0.2554}, "PDM log": "{(3, 0.9, 1): {'shapes': [(784, 100), (100,), (100, 10), (10,)], 'train_accuracy': 0.2554, 'test_accuracy': 0.2479}}", "timing": 107}, "pdm_KL_reg 5": {"Best Result": {"Best Sigma0": 3, "Best sigma": 0.9, "Best gamma": 1, "Best Test accuracy": 0.2479, "Train acc": 0.2554}, "PDM log": "{(3, 0.9, 1): {'shapes': [(784, 100), (100,), (100, 10), (10,)], 'train_accuracy': 0.2554, 'test_accuracy': 0.2479}}", "timing": 117}, "pdm_KL_reg 10": {"Best Result": {"Best Sigma0": 3, "Best sigma": 0.9, "Best gamma": 1, "Best Test accuracy": 0.2479, "Train acc": 0.2554}, "PDM log": "{(3, 0.9, 1): {'shapes': [(784, 100), (100,), (100, 10), (10,)], 'train_accuracy': 0.2554, 'test_accuracy': 0.2479}}", "timing": 101}, "best_reg": 0}