{"seed": 9, "Data statistics": "{0: {0: 653, 1: 1418, 2: 3459, 3: 3985, 4: 4320, 5: 5071, 6: 568, 7: 9, 8: 5722, 9: 1049}, 1: {0: 5270, 1: 5324, 2: 2499, 3: 2146, 4: 1522, 5: 350, 6: 5350, 7: 6256, 8: 129, 9: 4900}}", "loading time": 70, "local_train_accs": [0.9923821132017978, 0.9929176791323416], "local_test_accs": [0.9113, 0.9214], "Uniform ensemble (Train acc)": 0.9794, "Uniform ensemble (Test acc)": 0.9659, "FedAvg (Train acc)": 0.8078333333333333, "FedAvg (Test acc)": 0.7963, "pdm_KL_reg 0": {"Best Result": {"Best Sigma0": 3, "Best sigma": 0.9, "Best gamma": 1, "Best Test accuracy": 0.9605, "Train acc": 0.97115}, "PDM log": "{(3, 0.9, 1): {'shapes': [(784, 178), (178,), (178, 10), (10,)], 'train_accuracy': 0.97115, 'test_accuracy': 0.9605}}", "timing": 96}, "pdm_KL_reg 0.001": {"Best Result": {"Best Sigma0": 3, "Best sigma": 0.9, "Best gamma": 1, "Best Test accuracy": 0.9605, "Train acc": 0.97115}, "PDM log": "{(3, 0.9, 1): {'shapes': [(784, 178), (178,), (178, 10), (10,)], 'train_accuracy': 0.97115, 'test_accuracy': 0.9605}}", "timing": 110}, "pdm_KL_reg 0.005": {"Best Result": {"Best Sigma0": 3, "Best sigma": 0.9, "Best gamma": 1, "Best Test accuracy": 0.9605, "Train acc": 0.97115}, "PDM log": "{(3, 0.9, 1): {'shapes': [(784, 178), (178,), (178, 10), (10,)], 'train_accuracy': 0.97115, 'test_accuracy': 0.9605}}", "timing": 117}, "pdm_KL_reg 0.01": {"Best Result": {"Best Sigma0": 3, "Best sigma": 0.9, "Best gamma": 1, "Best Test accuracy": 0.9605, "Train acc": 0.97115}, "PDM log": "{(3, 0.9, 1): {'shapes': [(784, 178), (178,), (178, 10), (10,)], 'train_accuracy': 0.97115, 'test_accuracy': 0.9605}}", "timing": 109}, "pdm_KL_reg 0.05": {"Best Result": {"Best Sigma0": 3, "Best sigma": 0.9, "Best gamma": 1, "Best Test accuracy": 0.9605, "Train acc": 0.97115}, "PDM log": "{(3, 0.9, 1): {'shapes': [(784, 178), (178,), (178, 10), (10,)], 'train_accuracy': 0.97115, 'test_accuracy': 0.9605}}", "timing": 106}, "pdm_KL_reg 0.1": {"Best Result": {"Best Sigma0": 3, "Best sigma": 0.9, "Best gamma": 1, "Best Test accuracy": 0.9605, "Train acc": 0.97115}, "PDM log": "{(3, 0.9, 1): {'shapes': [(784, 178), (178,), (178, 10), (10,)], 'train_accuracy': 0.97115, 'test_accuracy': 0.9605}}", "timing": 94}, "pdm_KL_reg 0.5": {"Best Result": {"Best Sigma0": 3, "Best sigma": 0.9, "Best gamma": 1, "Best Test accuracy": 0.9605, "Train acc": 0.9711333333333333}, "PDM log": "{(3, 0.9, 1): {'shapes': [(784, 177), (177,), (177, 10), (10,)], 'train_accuracy': 0.9711333333333333, 'test_accuracy': 0.9605}}", "timing": 105}, "pdm_KL_reg 1": {"Best Result": {"Best Sigma0": 3, "Best sigma": 0.9, "Best gamma": 1, "Best Test accuracy": 0.9605, "Train acc": 0.9711333333333333}, "PDM log": "{(3, 0.9, 1): {'shapes': [(784, 173), (173,), (173, 10), (10,)], 'train_accuracy': 0.9711333333333333, 'test_accuracy': 0.9605}}", "timing": 113}, "pdm_KL_reg 2": {"Best Result": {"Best Sigma0": 3, "Best sigma": 0.9, "Best gamma": 1, "Best Test accuracy": 0.3148, "Train acc": 0.3161333333333333}, "PDM log": "{(3, 0.9, 1): {'shapes': [(784, 100), (100,), (100, 10), (10,)], 'train_accuracy': 0.3161333333333333, 'test_accuracy': 0.3148}}", "timing": 119}, "pdm_KL_reg 5": {"Best Result": {"Best Sigma0": 3, "Best sigma": 0.9, "Best gamma": 1, "Best Test accuracy": 0.3148, "Train acc": 0.3161333333333333}, "PDM log": "{(3, 0.9, 1): {'shapes': [(784, 100), (100,), (100, 10), (10,)], 'train_accuracy': 0.3161333333333333, 'test_accuracy': 0.3148}}", "timing": 124}, "pdm_KL_reg 10": {"Best Result": {"Best Sigma0": 3, "Best sigma": 0.9, "Best gamma": 1, "Best Test accuracy": 0.3148, "Train acc": 0.3161333333333333}, "PDM log": "{(3, 0.9, 1): {'shapes': [(784, 100), (100,), (100, 10), (10,)], 'train_accuracy': 0.3161333333333333, 'test_accuracy': 0.3148}}", "timing": 127}, "best_reg": 0}