{"seed": 5, "Data statistics": "{0: {0: 506, 1: 481, 2: 527, 3: 510, 4: 480, 5: 503, 6: 521, 7: 490, 8: 497, 9: 485}, 1: {0: 490, 1: 480, 2: 474, 3: 544, 4: 490, 5: 515, 6: 471, 7: 492, 8: 512, 9: 532}, 2: {0: 505, 1: 512, 2: 489, 3: 508, 4: 493, 5: 500, 6: 500, 7: 467, 8: 510, 9: 516}, 3: {0: 470, 1: 509, 2: 507, 3: 490, 4: 510, 5: 485, 6: 495, 7: 537, 8: 511, 9: 486}, 4: {0: 521, 1: 509, 2: 461, 3: 504, 4: 533, 5: 475, 6: 501, 7: 516, 8: 493, 9: 487}, 5: {0: 553, 1: 501, 2: 514, 3: 461, 4: 516, 5: 522, 6: 476, 7: 508, 8: 473, 9: 476}, 6: {0: 515, 1: 505, 2: 504, 3: 477, 4: 491, 5: 503, 6: 506, 7: 485, 8: 477, 9: 537}, 7: {0: 479, 1: 494, 2: 525, 3: 488, 4: 488, 5: 504, 6: 543, 7: 509, 8: 506, 9: 464}, 8: {0: 450, 1: 502, 2: 468, 3: 521, 4: 484, 5: 508, 6: 509, 7: 513, 8: 528, 9: 517}, 9: {0: 511, 1: 507, 2: 531, 3: 497, 4: 515, 5: 485, 6: 478, 7: 483, 8: 493, 9: 500}}", "loading time": 25, "local_train_accs": [0.1908, 0.2824, 0.27, 0.2988, 0.2596, 0.311, 0.256, 0.2368, 0.2042, 0.2474], "local_test_accs": [0.1939, 0.2684, 0.2542, 0.2839, 0.2389, 0.2918, 0.2427, 0.2419, 0.1888, 0.243], "pdm_KL_reg 0": {"Best Result": {"Best Sigma0": 10, "Best sigma": 1, "Best gamma": 10, "Best Test accuracy": 0.1961, "Train acc": 0.19474}, "PDM log": "{(10, 1, 10): {'shapes': [(3072, 887), (887,), (887, 136), (136,), (136, 118), (118,), (118, 10), (10,)], 'train_accuracy': 0.19474, 'test_accuracy': 0.1961}}", "timing": 619}, "pdm_KL_reg 0.001": {"Best Result": {"Best Sigma0": 10, "Best sigma": 1, "Best gamma": 10, "Best Test accuracy": 0.1986, "Train acc": 0.19884}, "PDM log": "{(10, 1, 10): {'shapes': [(3072, 885), (885,), (885, 136), (136,), (136, 118), (118,), (118, 10), (10,)], 'train_accuracy': 0.19884, 'test_accuracy': 0.1986}}", "timing": 1607}, "pdm_KL_reg 0.005": {"Best Result": {"Best Sigma0": 10, "Best sigma": 1, "Best gamma": 10, "Best Test accuracy": 0.2324, "Train acc": 0.23288}, "PDM log": "{(10, 1, 10): {'shapes': [(3072, 886), (886,), (886, 136), (136,), (136, 118), (118,), (118, 10), (10,)], 'train_accuracy': 0.23288, 'test_accuracy': 0.2324}}", "timing": 1645}, "pdm_KL_reg 0.01": {"Best Result": {"Best Sigma0": 10, "Best sigma": 1, "Best gamma": 10, "Best Test accuracy": 0.2076, "Train acc": 0.21066}, "PDM log": "{(10, 1, 10): {'shapes': [(3072, 886), (886,), (886, 136), (136,), (136, 118), (118,), (118, 10), (10,)], 'train_accuracy': 0.21066, 'test_accuracy': 0.2076}}", "timing": 1641}, "pdm_KL_reg 0.05": {"Best Result": {"Best Sigma0": 10, "Best sigma": 1, "Best gamma": 10, "Best Test accuracy": 0.2186, "Train acc": 0.21716}, "PDM log": "{(10, 1, 10): {'shapes': [(3072, 885), (885,), (885, 136), (136,), (136, 118), (118,), (118, 10), (10,)], 'train_accuracy': 0.21716, 'test_accuracy': 0.2186}}", "timing": 1562}, "pdm_KL_reg 0.1": {"Best Result": {"Best Sigma0": 10, "Best sigma": 1, "Best gamma": 10, "Best Test accuracy": 0.2256, "Train acc": 0.22542}, "PDM log": "{(10, 1, 10): {'shapes': [(3072, 881), (881,), (881, 136), (136,), (136, 118), (118,), (118, 10), (10,)], 'train_accuracy': 0.22542, 'test_accuracy': 0.2256}}", "timing": 1589}, "pdm_KL_reg 0.5": {"Best Result": {"Best Sigma0": 10, "Best sigma": 1, "Best gamma": 10, "Best Test accuracy": 0.2379, "Train acc": 0.23702}, "PDM log": "{(10, 1, 10): {'shapes': [(3072, 831), (831,), (831, 136), (136,), (136, 127), (127,), (127, 10), (10,)], 'train_accuracy': 0.23702, 'test_accuracy': 0.2379}}", "timing": 1431}, "pdm_KL_reg 1": {"Best Result": {"Best Sigma0": 10, "Best sigma": 1, "Best gamma": 10, "Best Test accuracy": 0.1844, "Train acc": 0.18386}, "PDM log": "{(10, 1, 10): {'shapes': [(3072, 298), (298,), (298, 127), (127,), (127, 127), (127,), (127, 10), (10,)], 'train_accuracy': 0.18386, 'test_accuracy': 0.1844}}", "timing": 634}, "pdm_KL_reg 2": {"Best Result": {"Best Sigma0": 10, "Best sigma": 1, "Best gamma": 10, "Best Test accuracy": 0.1, "Train acc": 0.1}, "PDM log": "{(10, 1, 10): {'shapes': [(3072, 100), (100,), (100, 118), (118,), (118, 118), (118,), (118, 10), (10,)], 'train_accuracy': 0.1, 'test_accuracy': 0.1}}", "timing": 191}, "pdm_KL_reg 5": {"Best Result": {"Best Sigma0": 10, "Best sigma": 1, "Best gamma": 10, "Best Test accuracy": 0.1, "Train acc": 0.1}, "PDM log": "{(10, 1, 10): {'shapes': [(3072, 100), (100,), (100, 118), (118,), (118, 118), (118,), (118, 10), (10,)], 'train_accuracy': 0.1, 'test_accuracy': 0.1}}", "timing": 177}, "pdm_KL_reg 10": {"Best Result": {"Best Sigma0": 10, "Best sigma": 1, "Best gamma": 10, "Best Test accuracy": 0.1, "Train acc": 0.1}, "PDM log": "{(10, 1, 10): {'shapes': [(3072, 100), (100,), (100, 109), (109,), (109, 118), (118,), (118, 10), (10,)], 'train_accuracy': 0.1, 'test_accuracy': 0.1}}", "timing": 197}, "best_reg": 0.5}