{"seed": 6, "Data statistics": "{0: {0: 2528, 1: 4235, 2: 651, 3: 3428, 4: 229, 5: 400, 6: 1564}, 1: {0: 2950, 1: 2008, 2: 243, 3: 909, 4: 565, 5: 697, 6: 1938, 7: 308, 8: 112, 9: 4687}, 2: {0: 253, 1: 48, 2: 173, 3: 466, 4: 181, 5: 1108, 6: 61, 7: 5342, 8: 300, 9: 1244}, 3: {0: 29, 1: 403, 2: 2196, 3: 180, 4: 88, 5: 1403, 6: 2308, 7: 8, 8: 30, 9: 17}, 4: {0: 163, 1: 48, 2: 2695, 3: 1148, 4: 4779, 5: 1813, 6: 47, 7: 607, 8: 5409, 9: 1}}", "loading time": 34, "local_train_accs": [0.9610280015343307, 0.9426371644586252, 0.9084568439407149, 0.9261483038126689, 0.9328545780969479], "local_test_accs": [0.6335, 0.8188, 0.6506, 0.4643, 0.5974], "FedAvg (Train acc)": 0.47396666666666665, "FedAvg (Test acc)": 0.4847}