{"seed": 7, "Data statistics": "{0: {0: 52, 1: 3082, 2: 1912, 3: 2863, 4: 235, 5: 29, 6: 1094, 7: 428, 8: 4157}, 1: {0: 169, 1: 70, 2: 1305, 3: 8, 4: 79, 5: 820, 6: 8, 7: 3, 8: 283, 9: 264}, 2: {0: 4775, 1: 3246, 2: 209, 3: 135, 4: 1549, 5: 185, 6: 67, 7: 5769}, 3: {0: 590, 1: 343, 2: 2371, 3: 3055, 4: 2762, 5: 2572, 6: 3400}, 4: {0: 337, 1: 1, 2: 161, 3: 70, 4: 1217, 5: 1815, 6: 1349, 7: 65, 8: 1411, 9: 5685}}", "loading time": 34, "local_train_accs": [0.9407305804215997, 0.8504486540378864, 0.9718230310636963, 0.9439475253428742, 0.9231277351168359], "local_test_accs": [0.6958, 0.4143, 0.6256, 0.6525, 0.6003], "FedAvg (Train acc)": 0.5466166666666666, "FedAvg (Test acc)": 0.5393}