{"seed": 5, "Data statistics": "{0: {0: 1274, 1: 582, 3: 276, 4: 2899, 5: 487, 6: 472, 7: 30}, 1: {0: 2625, 1: 243, 2: 511, 3: 1290, 4: 253, 5: 1031, 6: 601}, 2: {0: 927, 1: 1352, 2: 97, 3: 196, 4: 833, 5: 111, 6: 25, 7: 1460, 8: 231, 9: 134}, 3: {0: 12, 1: 382, 2: 692, 3: 41, 4: 55, 5: 73, 6: 59, 7: 274, 8: 782, 9: 653}, 4: {0: 16, 1: 32, 2: 4, 3: 31, 4: 410, 5: 1631, 6: 13, 7: 148, 8: 3007, 9: 2564}, 5: {0: 63, 1: 315, 2: 43, 3: 3062, 4: 9, 5: 287, 6: 1396, 7: 1188}, 6: {1: 2919, 2: 102, 3: 33, 4: 980, 5: 573, 6: 1114, 7: 47, 8: 1144}, 7: {0: 332, 1: 36, 2: 3305, 3: 223, 4: 56, 5: 446, 6: 328, 7: 2857}, 8: {0: 564, 1: 28, 2: 1048, 3: 932, 4: 277, 5: 696, 6: 142, 7: 144, 8: 395, 9: 481}, 9: {0: 110, 1: 853, 2: 156, 3: 47, 4: 70, 5: 86, 6: 1768, 7: 117, 8: 292, 9: 2117}}", "loading time": 24, "local_train_accs": [0.9953488372093023, 0.9897772352761672, 0.9683190458442043, 0.9861065167052597, 0.9894348268839104, 0.9951280842369952, 0.9910300925925926, 0.9882632203613345, 0.9868281283195242, 0.9898504273504274], "local_test_accs": [0.6439, 0.664, 0.8202, 0.7873, 0.6531, 0.6339, 0.6824, 0.7252, 0.8667, 0.809], "Uniform ensemble (Train acc)": 0.9580333333333333, "Uniform ensemble (Test acc)": 0.9544, "FedAvg (Train acc)": 0.09753333333333333, "FedAvg (Test acc)": 0.0975, "pdm_KL_reg 0": {"Best Result": {"Best Sigma0": 0.5, "Best sigma": 1, "Best gamma": 10, "Best Test accuracy": 0.8221, "Train acc": 0.82485}, "PDM log": "{(0.5, 1, 10): {'shapes': [(784, 275), (275,), (275, 118), (118,), (118, 10), (10,)], 'train_accuracy': 0.82485, 'test_accuracy': 0.8221}}", "timing": 74}, "pdm_KL_reg 0.001": {"Best Result": {"Best Sigma0": 0.5, "Best sigma": 1, "Best gamma": 10, "Best Test accuracy": 0.8415, "Train acc": 0.8427166666666667}, "PDM log": "{(0.5, 1, 10): {'shapes': [(784, 275), (275,), (275, 118), (118,), (118, 10), (10,)], 'train_accuracy': 0.8427166666666667, 'test_accuracy': 0.8415}}", "timing": 97}, "pdm_KL_reg 0.005": {"Best Result": {"Best Sigma0": 0.5, "Best sigma": 1, "Best gamma": 10, "Best Test accuracy": 0.7973, "Train acc": 0.7997333333333333}, "PDM log": "{(0.5, 1, 10): {'shapes': [(784, 279), (279,), (279, 118), (118,), (118, 10), (10,)], 'train_accuracy': 0.7997333333333333, 'test_accuracy': 0.7973}}", "timing": 107}, "pdm_KL_reg 0.01": {"Best Result": {"Best Sigma0": 0.5, "Best sigma": 1, "Best gamma": 10, "Best Test accuracy": 0.8193, "Train acc": 0.82145}, "PDM log": "{(0.5, 1, 10): {'shapes': [(784, 278), (278,), (278, 118), (118,), (118, 10), (10,)], 'train_accuracy': 0.82145, 'test_accuracy': 0.8193}}", "timing": 134}, "pdm_KL_reg 0.05": {"Best Result": {"Best Sigma0": 0.5, "Best sigma": 1, "Best gamma": 10, "Best Test accuracy": 0.7945, "Train acc": 0.7977833333333333}, "PDM log": "{(0.5, 1, 10): {'shapes': [(784, 285), (285,), (285, 118), (118,), (118, 10), (10,)], 'train_accuracy': 0.7977833333333333, 'test_accuracy': 0.7945}}", "timing": 85}, "pdm_KL_reg 0.1": {"Best Result": {"Best Sigma0": 0.5, "Best sigma": 1, "Best gamma": 10, "Best Test accuracy": 0.8028, "Train acc": 0.8021666666666667}, "PDM log": "{(0.5, 1, 10): {'shapes': [(784, 294), (294,), (294, 118), (118,), (118, 10), (10,)], 'train_accuracy': 0.8021666666666667, 'test_accuracy': 0.8028}}", "timing": 124}, "pdm_KL_reg 0.5": {"Best Result": {"Best Sigma0": 0.5, "Best sigma": 1, "Best gamma": 10, "Best Test accuracy": 0.7732, "Train acc": 0.7764666666666666}, "PDM log": "{(0.5, 1, 10): {'shapes': [(784, 402), (402,), (402, 118), (118,), (118, 10), (10,)], 'train_accuracy': 0.7764666666666666, 'test_accuracy': 0.7732}}", "timing": 166}, "pdm_KL_reg 1": {"Best Result": {"Best Sigma0": 0.5, "Best sigma": 1, "Best gamma": 10, "Best Test accuracy": 0.7411, "Train acc": 0.7400333333333333}, "PDM log": "{(0.5, 1, 10): {'shapes': [(784, 560), (560,), (560, 118), (118,), (118, 10), (10,)], 'train_accuracy': 0.7400333333333333, 'test_accuracy': 0.7411}}", "timing": 216}, "pdm_KL_reg 2": {"Best Result": {"Best Sigma0": 0.5, "Best sigma": 1, "Best gamma": 10, "Best Test accuracy": 0.467, "Train acc": 0.4617}, "PDM log": "{(0.5, 1, 10): {'shapes': [(784, 603), (603,), (603, 127), (127,), (127, 10), (10,)], 'train_accuracy': 0.4617, 'test_accuracy': 0.467}}", "timing": 231}, "pdm_KL_reg 5": {"Best Result": {"Best Sigma0": 0.5, "Best sigma": 1, "Best gamma": 10, "Best Test accuracy": 0.1233, "Train acc": 0.1212}, "PDM log": "{(0.5, 1, 10): {'shapes': [(784, 293), (293,), (293, 127), (127,), (127, 10), (10,)], 'train_accuracy': 0.1212, 'test_accuracy': 0.1233}}", "timing": 162}, "pdm_KL_reg 10": {"Best Result": {"Best Sigma0": 0.5, "Best sigma": 1, "Best gamma": 10, "Best Test accuracy": 0.1004, "Train acc": 0.09761666666666667}, "PDM log": "{(0.5, 1, 10): {'shapes': [(784, 221), (221,), (221, 127), (127,), (127, 10), (10,)], 'train_accuracy': 0.09761666666666667, 'test_accuracy': 0.1004}}", "timing": 123}, "best_reg": 0.001}