{"seed": 9, "Data statistics": "{0: {0: 251, 1: 342, 2: 225, 3: 12, 4: 59, 5: 1486, 7: 17, 8: 992, 9: 515}, 1: {0: 2028, 1: 470, 2: 201, 3: 1226, 4: 192, 5: 1, 6: 1978}, 2: {0: 214, 1: 2029, 2: 634, 3: 13, 4: 480, 5: 908, 6: 383, 7: 405, 8: 682, 9: 68}, 3: {0: 401, 1: 121, 2: 45, 3: 1, 4: 537, 5: 16, 6: 263, 7: 47, 8: 1461, 9: 32}, 4: {0: 544, 1: 735, 2: 2801, 3: 44, 4: 169, 5: 636, 6: 48, 7: 1110}, 5: {0: 1374, 1: 844, 2: 661, 3: 90, 4: 363, 5: 194, 7: 3969}, 6: {0: 75, 1: 2184, 2: 333, 3: 845, 4: 2294, 5: 192, 6: 600}, 7: {0: 447, 1: 11, 2: 21, 3: 39, 5: 309, 6: 775, 7: 297, 8: 19, 9: 5334}, 8: {0: 112, 1: 5, 2: 4, 3: 3816, 4: 7, 5: 851, 6: 1183, 7: 112}, 9: {0: 477, 1: 1, 2: 1033, 3: 45, 4: 1741, 5: 828, 6: 688, 7: 308, 8: 2697}}", "loading time": 21, "local_train_accs": [0.9864067709669146, 0.9975393700787402, 0.9939821182943603, 0.9914500683994528, 0.9929357647445375, 0.9906604402935291, 0.9681128315192397, 0.9929674572531716, 0.9957307060755337, 0.9826042466103863], "local_test_accs": [0.7363, 0.5864, 0.8515, 0.7002, 0.7035, 0.6565, 0.6499, 0.6999, 0.5619, 0.701], "Uniform ensemble (Train acc)": 0.8894, "Uniform ensemble (Test acc)": 0.8857, "FedAvg (Train acc)": 0.09751666666666667, "FedAvg (Test acc)": 0.0974, "pdm_KL_reg 0": {"Best Result": {"Best Sigma0": 0.5, "Best sigma": 1, "Best gamma": 10, "Best Test accuracy": 0.8183, "Train acc": 0.8180666666666667}, "PDM log": "{(0.5, 1, 10): {'shapes': [(784, 274), (274,), (274, 118), (118,), (118, 10), (10,)], 'train_accuracy': 0.8180666666666667, 'test_accuracy': 0.8183}}", "timing": 121}, "pdm_KL_reg 0.001": {"Best Result": {"Best Sigma0": 0.5, "Best sigma": 1, "Best gamma": 10, "Best Test accuracy": 0.8182, "Train acc": 0.8194333333333333}, "PDM log": "{(0.5, 1, 10): {'shapes': [(784, 269), (269,), (269, 118), (118,), (118, 10), (10,)], 'train_accuracy': 0.8194333333333333, 'test_accuracy': 0.8182}}", "timing": 127}, "pdm_KL_reg 0.005": {"Best Result": {"Best Sigma0": 0.5, "Best sigma": 1, "Best gamma": 10, "Best Test accuracy": 0.8077, "Train acc": 0.8104833333333333}, "PDM log": "{(0.5, 1, 10): {'shapes': [(784, 267), (267,), (267, 118), (118,), (118, 10), (10,)], 'train_accuracy': 0.8104833333333333, 'test_accuracy': 0.8077}}", "timing": 116}, "pdm_KL_reg 0.01": {"Best Result": {"Best Sigma0": 0.5, "Best sigma": 1, "Best gamma": 10, "Best Test accuracy": 0.7928, "Train acc": 0.7981833333333334}, "PDM log": "{(0.5, 1, 10): {'shapes': [(784, 274), (274,), (274, 118), (118,), (118, 10), (10,)], 'train_accuracy': 0.7981833333333334, 'test_accuracy': 0.7928}}", "timing": 198}, "pdm_KL_reg 0.05": {"Best Result": {"Best Sigma0": 0.5, "Best sigma": 1, "Best gamma": 10, "Best Test accuracy": 0.8441, "Train acc": 0.8459666666666666}, "PDM log": "{(0.5, 1, 10): {'shapes': [(784, 278), (278,), (278, 118), (118,), (118, 10), (10,)], 'train_accuracy': 0.8459666666666666, 'test_accuracy': 0.8441}}", "timing": 127}, "pdm_KL_reg 0.1": {"Best Result": {"Best Sigma0": 0.5, "Best sigma": 1, "Best gamma": 10, "Best Test accuracy": 0.7921, "Train acc": 0.7936166666666666}, "PDM log": "{(0.5, 1, 10): {'shapes': [(784, 286), (286,), (286, 118), (118,), (118, 10), (10,)], 'train_accuracy': 0.7936166666666666, 'test_accuracy': 0.7921}}", "timing": 174}, "pdm_KL_reg 0.5": {"Best Result": {"Best Sigma0": 0.5, "Best sigma": 1, "Best gamma": 10, "Best Test accuracy": 0.8153, "Train acc": 0.8187}, "PDM log": "{(0.5, 1, 10): {'shapes': [(784, 388), (388,), (388, 118), (118,), (118, 10), (10,)], 'train_accuracy': 0.8187, 'test_accuracy': 0.8153}}", "timing": 197}, "pdm_KL_reg 1": {"Best Result": {"Best Sigma0": 0.5, "Best sigma": 1, "Best gamma": 10, "Best Test accuracy": 0.7434, "Train acc": 0.7454333333333333}, "PDM log": "{(0.5, 1, 10): {'shapes': [(784, 544), (544,), (544, 118), (118,), (118, 10), (10,)], 'train_accuracy': 0.7454333333333333, 'test_accuracy': 0.7434}}", "timing": 407}, "pdm_KL_reg 2": {"Best Result": {"Best Sigma0": 0.5, "Best sigma": 1, "Best gamma": 10, "Best Test accuracy": 0.5388, "Train acc": 0.5357833333333333}, "PDM log": "{(0.5, 1, 10): {'shapes': [(784, 583), (583,), (583, 127), (127,), (127, 10), (10,)], 'train_accuracy': 0.5357833333333333, 'test_accuracy': 0.5388}}", "timing": 529}, "pdm_KL_reg 5": {"Best Result": {"Best Sigma0": 0.5, "Best sigma": 1, "Best gamma": 10, "Best Test accuracy": 0.1308, "Train acc": 0.12865}, "PDM log": "{(0.5, 1, 10): {'shapes': [(784, 260), (260,), (260, 127), (127,), (127, 10), (10,)], 'train_accuracy': 0.12865, 'test_accuracy': 0.1308}}", "timing": 227}, "pdm_KL_reg 10": {"Best Result": {"Best Sigma0": 0.5, "Best sigma": 1, "Best gamma": 10, "Best Test accuracy": 0.1015, "Train acc": 0.09853333333333333}, "PDM log": "{(0.5, 1, 10): {'shapes': [(784, 217), (217,), (217, 127), (127,), (127, 10), (10,)], 'train_accuracy': 0.09853333333333333, 'test_accuracy': 0.1015}}", "timing": 236}, "best_reg": 0.05}