{"seed": 1, "Data statistics": "{0: {0: 248, 1: 83, 2: 207, 3: 99, 4: 776, 5: 380, 6: 206, 7: 350, 8: 326, 9: 117}, 1: {0: 32, 1: 787, 2: 107, 3: 76, 4: 860, 5: 388, 6: 1125, 7: 1, 8: 586, 9: 2654}, 2: {0: 1711, 1: 1222, 2: 2657, 3: 143, 4: 349}, 3: {0: 301, 1: 336, 2: 1374, 3: 1805, 4: 2026, 5: 2536}, 4: {0: 166, 1: 315, 2: 274, 3: 12, 4: 47, 5: 38, 6: 723, 7: 175, 8: 48, 9: 2474}, 5: {0: 2902, 1: 187, 3: 322, 4: 24, 5: 71, 6: 2360, 7: 2841}, 6: {0: 127, 1: 963, 2: 729, 3: 810, 4: 960, 5: 24, 6: 804, 7: 111, 8: 1703}, 7: {0: 28, 1: 1747, 2: 276, 3: 72, 4: 657, 5: 1128, 6: 668, 7: 58, 8: 457, 9: 122}, 8: {0: 4, 1: 364, 2: 138, 3: 177, 4: 45, 5: 798, 7: 2648, 8: 2247}, 9: {0: 404, 1: 738, 2: 196, 3: 2615, 4: 98, 5: 58, 6: 32, 7: 81, 8: 484, 9: 582}}", "loading time": 36, "local_train_accs": [0.9598853868194842, 0.9783857315598549, 0.998191384413022, 0.992360945333015, 0.9845505617977528, 0.9968990467439991, 0.9858770662814957, 0.9852292346057933, 0.9890982712973058, 0.9860060514372163], "local_test_accs": [0.8954, 0.7502, 0.4949, 0.5863, 0.7269, 0.6266, 0.7922, 0.8745, 0.6372, 0.8244], "Uniform ensemble (Train acc)": 0.9466333333333333, "Uniform ensemble (Test acc)": 0.9439, "FedAvg (Train acc)": 0.09035, "FedAvg (Test acc)": 0.0892, "pdm_KL_reg 0": {"Best Result": {"Best Sigma0": 0.5, "Best sigma": 1, "Best gamma": 10, "Best Test accuracy": 0.7822, "Train acc": 0.78085}, "PDM log": "{(0.5, 1, 10): {'shapes': [(784, 284), (284,), (284, 109), (109,), (109, 10), (10,)], 'train_accuracy': 0.78085, 'test_accuracy': 0.7822}}", "timing": 55}, "pdm_KL_reg 0.001": {"Best Result": {"Best Sigma0": 0.5, "Best sigma": 1, "Best gamma": 10, "Best Test accuracy": 0.7832, "Train acc": 0.7798}, "PDM log": "{(0.5, 1, 10): {'shapes': [(784, 288), (288,), (288, 109), (109,), (109, 10), (10,)], 'train_accuracy': 0.7798, 'test_accuracy': 0.7832}}", "timing": 125}, "pdm_KL_reg 0.005": {"Best Result": {"Best Sigma0": 0.5, "Best sigma": 1, "Best gamma": 10, "Best Test accuracy": 0.7645, "Train acc": 0.7605333333333333}, "PDM log": "{(0.5, 1, 10): {'shapes': [(784, 286), (286,), (286, 109), (109,), (109, 10), (10,)], 'train_accuracy': 0.7605333333333333, 'test_accuracy': 0.7645}}", "timing": 97}, "pdm_KL_reg 0.01": {"Best Result": {"Best Sigma0": 0.5, "Best sigma": 1, "Best gamma": 10, "Best Test accuracy": 0.7985, "Train acc": 0.8011333333333334}, "PDM log": "{(0.5, 1, 10): {'shapes': [(784, 289), (289,), (289, 109), (109,), (109, 10), (10,)], 'train_accuracy': 0.8011333333333334, 'test_accuracy': 0.7985}}", "timing": 106}, "pdm_KL_reg 0.05": {"Best Result": {"Best Sigma0": 0.5, "Best sigma": 1, "Best gamma": 10, "Best Test accuracy": 0.7708, "Train acc": 0.7699666666666667}, "PDM log": "{(0.5, 1, 10): {'shapes': [(784, 296), (296,), (296, 109), (109,), (109, 10), (10,)], 'train_accuracy': 0.7699666666666667, 'test_accuracy': 0.7708}}", "timing": 96}, "pdm_KL_reg 0.1": {"Best Result": {"Best Sigma0": 0.5, "Best sigma": 1, "Best gamma": 10, "Best Test accuracy": 0.7086, "Train acc": 0.7063}, "PDM log": "{(0.5, 1, 10): {'shapes': [(784, 301), (301,), (301, 109), (109,), (109, 10), (10,)], 'train_accuracy': 0.7063, 'test_accuracy': 0.7086}}", "timing": 114}, "pdm_KL_reg 0.5": {"Best Result": {"Best Sigma0": 0.5, "Best sigma": 1, "Best gamma": 10, "Best Test accuracy": 0.7598, "Train acc": 0.7690333333333333}, "PDM log": "{(0.5, 1, 10): {'shapes': [(784, 403), (403,), (403, 117), (117,), (117, 10), (10,)], 'train_accuracy': 0.7690333333333333, 'test_accuracy': 0.7598}}", "timing": 122}, "pdm_KL_reg 1": {"Best Result": {"Best Sigma0": 0.5, "Best sigma": 1, "Best gamma": 10, "Best Test accuracy": 0.6799, "Train acc": 0.6832166666666667}, "PDM log": "{(0.5, 1, 10): {'shapes': [(784, 546), (546,), (546, 118), (118,), (118, 10), (10,)], 'train_accuracy': 0.6832166666666667, 'test_accuracy': 0.6799}}", "timing": 198}, "pdm_KL_reg 2": {"Best Result": {"Best Sigma0": 0.5, "Best sigma": 1, "Best gamma": 10, "Best Test accuracy": 0.3677, "Train acc": 0.3757666666666667}, "PDM log": "{(0.5, 1, 10): {'shapes': [(784, 582), (582,), (582, 127), (127,), (127, 10), (10,)], 'train_accuracy': 0.3757666666666667, 'test_accuracy': 0.3677}}", "timing": 227}, "pdm_KL_reg 5": {"Best Result": {"Best Sigma0": 0.5, "Best sigma": 1, "Best gamma": 10, "Best Test accuracy": 0.1519, "Train acc": 0.14633333333333334}, "PDM log": "{(0.5, 1, 10): {'shapes': [(784, 259), (259,), (259, 127), (127,), (127, 10), (10,)], 'train_accuracy': 0.14633333333333334, 'test_accuracy': 0.1519}}", "timing": 136}, "pdm_KL_reg 10": {"Best Result": {"Best Sigma0": 0.5, "Best sigma": 1, "Best gamma": 10, "Best Test accuracy": 0.1027, "Train acc": 0.09953333333333333}, "PDM log": "{(0.5, 1, 10): {'shapes': [(784, 224), (224,), (224, 127), (127,), (127, 10), (10,)], 'train_accuracy': 0.09953333333333333, 'test_accuracy': 0.1027}}", "timing": 144}, "best_reg": 0.01}