{"seed": 9, "Data statistics": "{0: {0: 490, 1: 482, 2: 496, 3: 501, 4: 516, 5: 513, 6: 508, 7: 486, 8: 504, 9: 504}, 1: {0: 513, 1: 502, 2: 507, 3: 476, 4: 496, 5: 476, 6: 494, 7: 502, 8: 507, 9: 527}, 2: {0: 522, 1: 476, 2: 517, 3: 485, 4: 499, 5: 500, 6: 520, 7: 481, 8: 499, 9: 501}, 3: {0: 496, 1: 502, 2: 519, 3: 490, 4: 472, 5: 502, 6: 500, 7: 536, 8: 496, 9: 487}, 4: {0: 507, 1: 522, 2: 514, 3: 506, 4: 531, 5: 481, 6: 497, 7: 507, 8: 465, 9: 470}, 5: {0: 497, 1: 510, 2: 499, 3: 467, 4: 539, 5: 520, 6: 494, 7: 468, 8: 484, 9: 522}, 6: {0: 478, 1: 569, 2: 478, 3: 535, 4: 485, 5: 492, 6: 487, 7: 498, 8: 510, 9: 468}, 7: {0: 486, 1: 459, 2: 494, 3: 516, 4: 492, 5: 497, 6: 510, 7: 517, 8: 524, 9: 505}, 8: {0: 511, 1: 495, 2: 478, 3: 538, 4: 463, 5: 513, 6: 470, 7: 511, 8: 499, 9: 522}, 9: {0: 500, 1: 483, 2: 498, 3: 486, 4: 507, 5: 506, 6: 520, 7: 494, 8: 512, 9: 494}}", "loading time": 58, "local_train_accs": [0.2108, 0.193, 0.1964, 0.1884, 0.2134, 0.207, 0.2006, 0.2184, 0.196, 0.2088], "local_test_accs": [0.2052, 0.1877, 0.1837, 0.1929, 0.2038, 0.1928, 0.1914, 0.2001, 0.1997, 0.1929], "Uniform ensemble (Train acc)": 0.21992, "Uniform ensemble (Test acc)": 0.2184, "FedAvg (Train acc)": 0.1, "FedAvg (Test acc)": 0.1, "pdm_KL_reg 0": {"Best Result": {"Best Sigma0": 10, "Best sigma": 1, "Best gamma": 10, "Best Test accuracy": 0.1565, "Train acc": 0.15228}, "PDM log": "{(10, 1, 10): {'shapes': [(3072, 700), (700,), (700, 136), (136,), (136, 136), (136,), (136, 143), (143,), (143, 145), (145,), (145, 118), (118,), (118, 10), (10,)], 'train_accuracy': 0.15228, 'test_accuracy': 0.1565}}", "timing": 494}, "pdm_KL_reg 0.001": {"Best Result": {"Best Sigma0": 10, "Best sigma": 1, "Best gamma": 10, "Best Test accuracy": 0.1223, "Train acc": 0.12394}, "PDM log": "{(10, 1, 10): {'shapes': [(3072, 700), (700,), (700, 136), (136,), (136, 136), (136,), (136, 145), (145,), (145, 136), (136,), (136, 118), (118,), (118, 10), (10,)], 'train_accuracy': 0.12394, 'test_accuracy': 0.1223}}", "timing": 867}, "pdm_KL_reg 0.005": {"Best Result": {"Best Sigma0": 10, "Best sigma": 1, "Best gamma": 10, "Best Test accuracy": 0.116, "Train acc": 0.11366}, "PDM log": "{(10, 1, 10): {'shapes': [(3072, 700), (700,), (700, 136), (136,), (136, 136), (136,), (136, 136), (136,), (136, 145), (145,), (145, 118), (118,), (118, 10), (10,)], 'train_accuracy': 0.11366, 'test_accuracy': 0.116}}", "timing": 717}, "pdm_KL_reg 0.01": {"Best Result": {"Best Sigma0": 10, "Best sigma": 1, "Best gamma": 10, "Best Test accuracy": 0.1213, "Train acc": 0.11852}, "PDM log": "{(10, 1, 10): {'shapes': [(3072, 700), (700,), (700, 136), (136,), (136, 136), (136,), (136, 145), (145,), (145, 136), (136,), (136, 118), (118,), (118, 10), (10,)], 'train_accuracy': 0.11852, 'test_accuracy': 0.1213}}", "timing": 640}, "pdm_KL_reg 0.05": {"Best Result": {"Best Sigma0": 10, "Best sigma": 1, "Best gamma": 10, "Best Test accuracy": 0.1235, "Train acc": 0.12272}, "PDM log": "{(10, 1, 10): {'shapes': [(3072, 700), (700,), (700, 136), (136,), (136, 136), (136,), (136, 136), (136,), (136, 136), (136,), (136, 118), (118,), (118, 10), (10,)], 'train_accuracy': 0.12272, 'test_accuracy': 0.1235}}", "timing": 534}, "pdm_KL_reg 0.1": {"Best Result": {"Best Sigma0": 10, "Best sigma": 1, "Best gamma": 10, "Best Test accuracy": 0.1339, "Train acc": 0.13924}, "PDM log": "{(10, 1, 10): {'shapes': [(3072, 700), (700,), (700, 136), (136,), (136, 136), (136,), (136, 136), (136,), (136, 136), (136,), (136, 118), (118,), (118, 10), (10,)], 'train_accuracy': 0.13924, 'test_accuracy': 0.1339}}", "timing": 408}, "pdm_KL_reg 0.5": {"Best Result": {"Best Sigma0": 10, "Best sigma": 1, "Best gamma": 10, "Best Test accuracy": 0.1179, "Train acc": 0.1168}, "PDM log": "{(10, 1, 10): {'shapes': [(3072, 700), (700,), (700, 127), (127,), (127, 136), (136,), (136, 136), (136,), (136, 136), (136,), (136, 127), (127,), (127, 10), (10,)], 'train_accuracy': 0.1168, 'test_accuracy': 0.1179}}", "timing": 364}, "pdm_KL_reg 1": {"Best Result": {"Best Sigma0": 10, "Best sigma": 1, "Best gamma": 10, "Best Test accuracy": 0.1121, "Train acc": 0.11256}, "PDM log": "{(10, 1, 10): {'shapes': [(3072, 271), (271,), (271, 127), (127,), (127, 127), (127,), (127, 127), (127,), (127, 127), (127,), (127, 127), (127,), (127, 10), (10,)], 'train_accuracy': 0.11256, 'test_accuracy': 0.1121}}", "timing": 215}, "pdm_KL_reg 2": {"Best Result": {"Best Sigma0": 10, "Best sigma": 1, "Best gamma": 10, "Best Test accuracy": 0.1, "Train acc": 0.1}, "PDM log": "{(10, 1, 10): {'shapes': [(3072, 100), (100,), (100, 118), (118,), (118, 118), (118,), (118, 118), (118,), (118, 118), (118,), (118, 118), (118,), (118, 10), (10,)], 'train_accuracy': 0.1, 'test_accuracy': 0.1}}", "timing": 116}, "pdm_KL_reg 5": {"Best Result": {"Best Sigma0": 10, "Best sigma": 1, "Best gamma": 10, "Best Test accuracy": 0.1, "Train acc": 0.1}, "PDM log": "{(10, 1, 10): {'shapes': [(3072, 100), (100,), (100, 118), (118,), (118, 118), (118,), (118, 118), (118,), (118, 118), (118,), (118, 118), (118,), (118, 10), (10,)], 'train_accuracy': 0.1, 'test_accuracy': 0.1}}", "timing": 93}, "pdm_KL_reg 10": {"Best Result": {"Best Sigma0": 10, "Best sigma": 1, "Best gamma": 10, "Best Test accuracy": 0.1, "Train acc": 0.1}, "PDM log": "{(10, 1, 10): {'shapes': [(3072, 100), (100,), (100, 118), (118,), (118, 118), (118,), (118, 118), (118,), (118, 118), (118,), (118, 118), (118,), (118, 10), (10,)], 'train_accuracy': 0.1, 'test_accuracy': 0.1}}", "timing": 74}, "best_reg": 0}