{"seed": 6, "Data statistics": "{0: {0: 1969, 1: 73, 2: 724, 3: 808, 4: 281, 5: 2, 6: 905, 7: 172, 8: 491, 9: 1202}, 1: {0: 2298, 1: 612, 2: 588, 3: 1362, 4: 39, 5: 100, 6: 367, 7: 1669}, 2: {0: 198, 1: 72, 2: 874, 3: 365, 4: 552, 5: 45, 6: 805, 7: 495, 8: 27, 9: 168}, 3: {0: 22, 1: 20, 2: 513, 3: 1968, 4: 932, 5: 99, 6: 6, 7: 2975}, 4: {0: 126, 1: 1063, 2: 1297, 3: 26, 4: 1, 5: 758, 6: 3057}, 5: {0: 1, 1: 3254, 2: 807, 3: 77, 4: 49, 5: 520, 6: 70, 7: 53, 8: 596, 9: 379}, 6: {0: 1020, 1: 102, 2: 155, 3: 556, 4: 32, 5: 195, 6: 336, 7: 452, 8: 1109, 9: 4199}, 7: {0: 55, 1: 127, 2: 74, 3: 365, 4: 41, 5: 86, 6: 214, 7: 114, 8: 1004, 9: 1}, 8: {0: 226, 1: 18, 2: 156, 3: 603, 4: 2813, 5: 495, 6: 158, 7: 335, 8: 2624}, 9: {0: 8, 1: 1401, 2: 770, 3: 1, 4: 1102, 5: 3121}}", "loading time": 37, "local_train_accs": [0.995774860419496, 0.9985785358919688, 0.9930574840322133, 0.9911247130833971, 0.9971554993678887, 0.9943162245952463, 0.9917851888180481, 0.9975973089860644, 0.9948842218632202, 1.0], "local_test_accs": [0.8638, 0.7563, 0.8536, 0.6573, 0.5561, 0.7885, 0.8748, 0.8134, 0.8046, 0.4358], "Uniform ensemble (Train acc)": 0.92875, "Uniform ensemble (Test acc)": 0.9275, "FedAvg (Train acc)": 0.18655, "FedAvg (Test acc)": 0.1847, "pdm_KL_reg 0": {"Best Result": {"Best Sigma0": 0.5, "Best sigma": 1, "Best gamma": 10, "Best Test accuracy": 0.8633, "Train acc": 0.8674}, "PDM log": "{(0.5, 1, 10): {'shapes': [(784, 276), (276,), (276, 10), (10,)], 'train_accuracy': 0.8674, 'test_accuracy': 0.8633}}", "timing": 62}, "pdm_KL_reg 0.001": {"Best Result": {"Best Sigma0": 0.5, "Best sigma": 1, "Best gamma": 10, "Best Test accuracy": 0.8577, "Train acc": 0.8619333333333333}, "PDM log": "{(0.5, 1, 10): {'shapes': [(784, 285), (285,), (285, 10), (10,)], 'train_accuracy': 0.8619333333333333, 'test_accuracy': 0.8577}}", "timing": 93}, "pdm_KL_reg 0.005": {"Best Result": {"Best Sigma0": 0.5, "Best sigma": 1, "Best gamma": 10, "Best Test accuracy": 0.8618, "Train acc": 0.8663}, "PDM log": "{(0.5, 1, 10): {'shapes': [(784, 282), (282,), (282, 10), (10,)], 'train_accuracy': 0.8663, 'test_accuracy': 0.8618}}", "timing": 104}, "pdm_KL_reg 0.01": {"Best Result": {"Best Sigma0": 0.5, "Best sigma": 1, "Best gamma": 10, "Best Test accuracy": 0.8638, "Train acc": 0.8688}, "PDM log": "{(0.5, 1, 10): {'shapes': [(784, 284), (284,), (284, 10), (10,)], 'train_accuracy': 0.8688, 'test_accuracy': 0.8638}}", "timing": 111}, "pdm_KL_reg 0.05": {"Best Result": {"Best Sigma0": 0.5, "Best sigma": 1, "Best gamma": 10, "Best Test accuracy": 0.8609, "Train acc": 0.8656166666666667}, "PDM log": "{(0.5, 1, 10): {'shapes': [(784, 291), (291,), (291, 10), (10,)], 'train_accuracy': 0.8656166666666667, 'test_accuracy': 0.8609}}", "timing": 112}, "pdm_KL_reg 0.1": {"Best Result": {"Best Sigma0": 0.5, "Best sigma": 1, "Best gamma": 10, "Best Test accuracy": 0.8553, "Train acc": 0.8589333333333333}, "PDM log": "{(0.5, 1, 10): {'shapes': [(784, 295), (295,), (295, 10), (10,)], 'train_accuracy': 0.8589333333333333, 'test_accuracy': 0.8553}}", "timing": 109}, "pdm_KL_reg 0.5": {"Best Result": {"Best Sigma0": 0.5, "Best sigma": 1, "Best gamma": 10, "Best Test accuracy": 0.8577, "Train acc": 0.8628}, "PDM log": "{(0.5, 1, 10): {'shapes': [(784, 394), (394,), (394, 10), (10,)], 'train_accuracy': 0.8628, 'test_accuracy': 0.8577}}", "timing": 184}, "pdm_KL_reg 1": {"Best Result": {"Best Sigma0": 0.5, "Best sigma": 1, "Best gamma": 10, "Best Test accuracy": 0.8536, "Train acc": 0.8577166666666667}, "PDM log": "{(0.5, 1, 10): {'shapes': [(784, 519), (519,), (519, 10), (10,)], 'train_accuracy': 0.8577166666666667, 'test_accuracy': 0.8536}}", "timing": 236}, "pdm_KL_reg 2": {"Best Result": {"Best Sigma0": 0.5, "Best sigma": 1, "Best gamma": 10, "Best Test accuracy": 0.8626, "Train acc": 0.86445}, "PDM log": "{(0.5, 1, 10): {'shapes': [(784, 547), (547,), (547, 10), (10,)], 'train_accuracy': 0.86445, 'test_accuracy': 0.8626}}", "timing": 273}, "pdm_KL_reg 5": {"Best Result": {"Best Sigma0": 0.5, "Best sigma": 1, "Best gamma": 10, "Best Test accuracy": 0.557, "Train acc": 0.55855}, "PDM log": "{(0.5, 1, 10): {'shapes': [(784, 187), (187,), (187, 10), (10,)], 'train_accuracy': 0.55855, 'test_accuracy': 0.557}}", "timing": 119}, "pdm_KL_reg 10": {"Best Result": {"Best Sigma0": 0.5, "Best sigma": 1, "Best gamma": 10, "Best Test accuracy": 0.2304, "Train acc": 0.23718333333333333}, "PDM log": "{(0.5, 1, 10): {'shapes': [(784, 199), (199,), (199, 10), (10,)], 'train_accuracy': 0.23718333333333333, 'test_accuracy': 0.2304}}", "timing": 101}, "best_reg": 0.01}