{"seed": 0, "Data statistics": "{0: {0: 503, 1: 483, 2: 487, 3: 527, 4: 473, 5: 548, 6: 491, 7: 502, 8: 482, 9: 504}, 1: {0: 501, 1: 503, 2: 529, 3: 503, 4: 494, 5: 468, 6: 462, 7: 497, 8: 507, 9: 536}, 2: {0: 510, 1: 540, 2: 498, 3: 461, 4: 516, 5: 483, 6: 502, 7: 515, 8: 492, 9: 483}, 3: {0: 487, 1: 487, 2: 493, 3: 498, 4: 523, 5: 482, 6: 500, 7: 487, 8: 495, 9: 548}, 4: {0: 505, 1: 480, 2: 488, 3: 488, 4: 480, 5: 509, 6: 537, 7: 490, 8: 490, 9: 533}, 5: {0: 504, 1: 480, 2: 511, 3: 494, 4: 530, 5: 509, 6: 521, 7: 489, 8: 490, 9: 472}, 6: {0: 512, 1: 509, 2: 512, 3: 488, 4: 488, 5: 465, 6: 490, 7: 538, 8: 506, 9: 492}, 7: {0: 472, 1: 521, 2: 463, 3: 549, 4: 502, 5: 515, 6: 518, 7: 496, 8: 479, 9: 485}, 8: {0: 505, 1: 485, 2: 487, 3: 505, 4: 497, 5: 512, 6: 508, 7: 501, 8: 531, 9: 469}, 9: {0: 501, 1: 512, 2: 532, 3: 487, 4: 497, 5: 509, 6: 471, 7: 485, 8: 528, 9: 478}}", "loading time": 42, "local_train_accs": [0.2824, 0.1072, 0.2762, 0.2724, 0.272, 0.2638, 0.333, 0.3158, 0.2998, 0.1802], "local_test_accs": [0.2561, 0.1, 0.2611, 0.2518, 0.2572, 0.249, 0.2936, 0.2808, 0.2904, 0.1668], "Uniform ensemble (Train acc)": 0.34034, "Uniform ensemble (Test acc)": 0.3335, "FedAvg (Train acc)": 0.1, "FedAvg (Test acc)": 0.1, "pdm_KL_reg 0": {"Best Result": {"Best Sigma0": 0.5, "Best sigma": 1, "Best gamma": 10, "Best Test accuracy": 0.2426, "Train acc": 0.24332}, "PDM log": "{(0.5, 1, 10): {'shapes': [(3072, 264), (264,), (264, 118), (118,), (118, 10), (10,)], 'train_accuracy': 0.24332, 'test_accuracy': 0.2426}}", "timing": 303}, "pdm_KL_reg 0.001": {"Best Result": {"Best Sigma0": 0.5, "Best sigma": 1, "Best gamma": 10, "Best Test accuracy": 0.2569, "Train acc": 0.25712}, "PDM log": "{(0.5, 1, 10): {'shapes': [(3072, 260), (260,), (260, 118), (118,), (118, 10), (10,)], 'train_accuracy': 0.25712, 'test_accuracy': 0.2569}}", "timing": 791}, "pdm_KL_reg 0.005": {"Best Result": {"Best Sigma0": 0.5, "Best sigma": 1, "Best gamma": 10, "Best Test accuracy": 0.2368, "Train acc": 0.2366}, "PDM log": "{(0.5, 1, 10): {'shapes': [(3072, 268), (268,), (268, 118), (118,), (118, 10), (10,)], 'train_accuracy': 0.2366, 'test_accuracy': 0.2368}}", "timing": 818}, "pdm_KL_reg 0.01": {"Best Result": {"Best Sigma0": 0.5, "Best sigma": 1, "Best gamma": 10, "Best Test accuracy": 0.2459, "Train acc": 0.24714}, "PDM log": "{(0.5, 1, 10): {'shapes': [(3072, 263), (263,), (263, 118), (118,), (118, 10), (10,)], 'train_accuracy': 0.24714, 'test_accuracy': 0.2459}}", "timing": 797}, "pdm_KL_reg 0.05": {"Best Result": {"Best Sigma0": 0.5, "Best sigma": 1, "Best gamma": 10, "Best Test accuracy": 0.2484, "Train acc": 0.24736}, "PDM log": "{(0.5, 1, 10): {'shapes': [(3072, 269), (269,), (269, 118), (118,), (118, 10), (10,)], 'train_accuracy': 0.24736, 'test_accuracy': 0.2484}}", "timing": 818}, "pdm_KL_reg 0.1": {"Best Result": {"Best Sigma0": 0.5, "Best sigma": 1, "Best gamma": 10, "Best Test accuracy": 0.2425, "Train acc": 0.23888}, "PDM log": "{(0.5, 1, 10): {'shapes': [(3072, 267), (267,), (267, 118), (118,), (118, 10), (10,)], 'train_accuracy': 0.23888, 'test_accuracy': 0.2425}}", "timing": 824}, "pdm_KL_reg 0.5": {"Best Result": {"Best Sigma0": 0.5, "Best sigma": 1, "Best gamma": 10, "Best Test accuracy": 0.2277, "Train acc": 0.22674}, "PDM log": "{(0.5, 1, 10): {'shapes': [(3072, 339), (339,), (339, 118), (118,), (118, 10), (10,)], 'train_accuracy': 0.22674, 'test_accuracy': 0.2277}}", "timing": 955}, "pdm_KL_reg 1": {"Best Result": {"Best Sigma0": 0.5, "Best sigma": 1, "Best gamma": 10, "Best Test accuracy": 0.2202, "Train acc": 0.2186}, "PDM log": "{(0.5, 1, 10): {'shapes': [(3072, 559), (559,), (559, 118), (118,), (118, 10), (10,)], 'train_accuracy': 0.2186, 'test_accuracy': 0.2202}}", "timing": 1425}, "pdm_KL_reg 2": {"Best Result": {"Best Sigma0": 0.5, "Best sigma": 1, "Best gamma": 10, "Best Test accuracy": 0.2575, "Train acc": 0.25378}, "PDM log": "{(0.5, 1, 10): {'shapes': [(3072, 693), (693,), (693, 127), (127,), (127, 10), (10,)], 'train_accuracy': 0.25378, 'test_accuracy': 0.2575}}", "timing": 1780}, "pdm_KL_reg 5": {"Best Result": {"Best Sigma0": 0.5, "Best sigma": 1, "Best gamma": 10, "Best Test accuracy": 0.1, "Train acc": 0.1}, "PDM log": "{(0.5, 1, 10): {'shapes': [(3072, 682), (682,), (682, 118), (118,), (118, 10), (10,)], 'train_accuracy': 0.1, 'test_accuracy': 0.1}}", "timing": 1833}, "pdm_KL_reg 10": {"Best Result": {"Best Sigma0": 0.5, "Best sigma": 1, "Best gamma": 10, "Best Test accuracy": 0.1, "Train acc": 0.1}, "PDM log": "{(0.5, 1, 10): {'shapes': [(3072, 698), (698,), (698, 118), (118,), (118, 10), (10,)], 'train_accuracy': 0.1, 'test_accuracy': 0.1}}", "timing": 1747}, "best_reg": 2}