{"seed": 4, "Data statistics": "{0: {0: 493, 1: 510, 2: 503, 3: 481, 4: 493, 5: 486, 6: 511, 7: 523, 8: 478, 9: 522}, 1: {0: 540, 1: 517, 2: 471, 3: 504, 4: 472, 5: 518, 6: 509, 7: 490, 8: 482, 9: 497}, 2: {0: 488, 1: 490, 2: 482, 3: 472, 4: 540, 5: 512, 6: 512, 7: 501, 8: 519, 9: 484}, 3: {0: 532, 1: 502, 2: 528, 3: 484, 4: 490, 5: 477, 6: 569, 7: 488, 8: 466, 9: 464}, 4: {0: 475, 1: 525, 2: 514, 3: 524, 4: 516, 5: 509, 6: 467, 7: 494, 8: 487, 9: 489}, 5: {0: 512, 1: 476, 2: 518, 3: 534, 4: 464, 5: 516, 6: 458, 7: 488, 8: 538, 9: 496}, 6: {0: 471, 1: 503, 2: 487, 3: 516, 4: 493, 5: 509, 6: 500, 7: 508, 8: 497, 9: 516}, 7: {0: 518, 1: 472, 2: 488, 3: 487, 4: 525, 5: 494, 6: 479, 7: 506, 8: 501, 9: 530}, 8: {0: 494, 1: 497, 2: 489, 3: 491, 4: 514, 5: 507, 6: 476, 7: 519, 8: 524, 9: 489}, 9: {0: 477, 1: 508, 2: 520, 3: 507, 4: 493, 5: 472, 6: 519, 7: 483, 8: 508, 9: 513}}", "loading time": 181, "local_train_accs": [0.2932, 0.2038, 0.2014, 0.295, 0.1048, 0.2172, 0.1018, 0.2636, 0.1842, 0.1292], "local_test_accs": [0.2746, 0.182, 0.1889, 0.2796, 0.1, 0.2192, 0.0999, 0.2546, 0.1809, 0.1268], "Uniform ensemble (Train acc)": 0.28628, "Uniform ensemble (Test acc)": 0.2883, "FedAvg (Train acc)": 0.1, "FedAvg (Test acc)": 0.1, "pdm_KL_reg 0": {"Best Result": {"Best Sigma0": 0.5, "Best sigma": 1, "Best gamma": 10, "Best Test accuracy": 0.1333, "Train acc": 0.13492}, "PDM log": "{(0.5, 1, 10): {'shapes': [(3072, 262), (262,), (262, 118), (118,), (118, 10), (10,)], 'train_accuracy': 0.13492, 'test_accuracy': 0.1333}}", "timing": 861}, "pdm_KL_reg 0.001": {"Best Result": {"Best Sigma0": 0.5, "Best sigma": 1, "Best gamma": 10, "Best Test accuracy": 0.1459, "Train acc": 0.1469}, "PDM log": "{(0.5, 1, 10): {'shapes': [(3072, 260), (260,), (260, 118), (118,), (118, 10), (10,)], 'train_accuracy': 0.1469, 'test_accuracy': 0.1459}}", "timing": 1486}, "pdm_KL_reg 0.005": {"Best Result": {"Best Sigma0": 0.5, "Best sigma": 1, "Best gamma": 10, "Best Test accuracy": 0.1324, "Train acc": 0.13318}, "PDM log": "{(0.5, 1, 10): {'shapes': [(3072, 270), (270,), (270, 118), (118,), (118, 10), (10,)], 'train_accuracy': 0.13318, 'test_accuracy': 0.1324}}", "timing": 1417}, "pdm_KL_reg 0.01": {"Best Result": {"Best Sigma0": 0.5, "Best sigma": 1, "Best gamma": 10, "Best Test accuracy": 0.1331, "Train acc": 0.13546}, "PDM log": "{(0.5, 1, 10): {'shapes': [(3072, 262), (262,), (262, 118), (118,), (118, 10), (10,)], 'train_accuracy': 0.13546, 'test_accuracy': 0.1331}}", "timing": 1555}, "pdm_KL_reg 0.05": {"Best Result": {"Best Sigma0": 0.5, "Best sigma": 1, "Best gamma": 10, "Best Test accuracy": 0.1351, "Train acc": 0.13622}, "PDM log": "{(0.5, 1, 10): {'shapes': [(3072, 267), (267,), (267, 118), (118,), (118, 10), (10,)], 'train_accuracy': 0.13622, 'test_accuracy': 0.1351}}", "timing": 1409}, "pdm_KL_reg 0.1": {"Best Result": {"Best Sigma0": 0.5, "Best sigma": 1, "Best gamma": 10, "Best Test accuracy": 0.1344, "Train acc": 0.136}, "PDM log": "{(0.5, 1, 10): {'shapes': [(3072, 269), (269,), (269, 118), (118,), (118, 10), (10,)], 'train_accuracy': 0.136, 'test_accuracy': 0.1344}}", "timing": 1616}, "pdm_KL_reg 0.5": {"Best Result": {"Best Sigma0": 0.5, "Best sigma": 1, "Best gamma": 10, "Best Test accuracy": 0.1503, "Train acc": 0.15458}, "PDM log": "{(0.5, 1, 10): {'shapes': [(3072, 334), (334,), (334, 118), (118,), (118, 10), (10,)], 'train_accuracy': 0.15458, 'test_accuracy': 0.1503}}", "timing": 1543}, "pdm_KL_reg 1": {"Best Result": {"Best Sigma0": 0.5, "Best sigma": 1, "Best gamma": 10, "Best Test accuracy": 0.197, "Train acc": 0.18948}, "PDM log": "{(0.5, 1, 10): {'shapes': [(3072, 580), (580,), (580, 118), (118,), (118, 10), (10,)], 'train_accuracy': 0.18948, 'test_accuracy': 0.197}}", "timing": 2529}, "pdm_KL_reg 2": {"Best Result": {"Best Sigma0": 0.5, "Best sigma": 1, "Best gamma": 10, "Best Test accuracy": 0.2108, "Train acc": 0.21324}, "PDM log": "{(0.5, 1, 10): {'shapes': [(3072, 700), (700,), (700, 127), (127,), (127, 10), (10,)], 'train_accuracy': 0.21324, 'test_accuracy': 0.2108}}", "timing": 2912}, "pdm_KL_reg 5": {"Best Result": {"Best Sigma0": 0.5, "Best sigma": 1, "Best gamma": 10, "Best Test accuracy": 0.1, "Train acc": 0.1}, "PDM log": "{(0.5, 1, 10): {'shapes': [(3072, 697), (697,), (697, 118), (118,), (118, 10), (10,)], 'train_accuracy': 0.1, 'test_accuracy': 0.1}}", "timing": 3026}, "pdm_KL_reg 10": {"Best Result": {"Best Sigma0": 0.5, "Best sigma": 1, "Best gamma": 10, "Best Test accuracy": 0.1, "Train acc": 0.1}, "PDM log": "{(0.5, 1, 10): {'shapes': [(3072, 700), (700,), (700, 127), (127,), (127, 10), (10,)], 'train_accuracy': 0.1, 'test_accuracy': 0.1}}", "timing": 3193}, "best_reg": 2}