{"seed": 3, "Data statistics": "{0: {0: 488, 1: 493, 2: 515, 3: 499, 4: 453, 5: 505, 6: 526, 7: 512, 8: 497, 9: 512}, 1: {0: 544, 1: 458, 2: 518, 3: 495, 4: 465, 5: 501, 6: 517, 7: 528, 8: 473, 9: 501}, 2: {0: 512, 1: 504, 2: 490, 3: 521, 4: 482, 5: 504, 6: 507, 7: 506, 8: 502, 9: 472}, 3: {0: 466, 1: 527, 2: 514, 3: 512, 4: 494, 5: 483, 6: 511, 7: 511, 8: 482, 9: 500}, 4: {0: 528, 1: 511, 2: 487, 3: 506, 4: 506, 5: 478, 6: 481, 7: 484, 8: 541, 9: 478}, 5: {0: 474, 1: 502, 2: 495, 3: 470, 4: 497, 5: 562, 6: 497, 7: 465, 8: 518, 9: 520}, 6: {0: 500, 1: 514, 2: 478, 3: 515, 4: 509, 5: 533, 6: 477, 7: 484, 8: 494, 9: 496}, 7: {0: 492, 1: 509, 2: 490, 3: 507, 4: 505, 5: 486, 6: 507, 7: 486, 8: 508, 9: 510}, 8: {0: 518, 1: 514, 2: 503, 3: 464, 4: 534, 5: 465, 6: 492, 7: 497, 8: 484, 9: 529}, 9: {0: 478, 1: 468, 2: 510, 3: 511, 4: 555, 5: 483, 6: 485, 7: 527, 8: 501, 9: 482}}", "loading time": 98, "local_train_accs": [0.1982, 0.2536, 0.1428, 0.1818, 0.1746, 0.2626, 0.1066, 0.3002, 0.2304, 0.2254], "local_test_accs": [0.1921, 0.2368, 0.1443, 0.1796, 0.1672, 0.2379, 0.1, 0.2835, 0.2232, 0.2178], "Uniform ensemble (Train acc)": 0.27182, "Uniform ensemble (Test acc)": 0.2693, "FedAvg (Train acc)": 0.1, "FedAvg (Test acc)": 0.1, "pdm_KL_reg 0": {"Best Result": {"Best Sigma0": 0.5, "Best sigma": 1, "Best gamma": 10, "Best Test accuracy": 0.2473, "Train acc": 0.24486}, "PDM log": "{(0.5, 1, 10): {'shapes': [(3072, 251), (251,), (251, 118), (118,), (118, 10), (10,)], 'train_accuracy': 0.24486, 'test_accuracy': 0.2473}}", "timing": 304}, "pdm_KL_reg 0.001": {"Best Result": {"Best Sigma0": 0.5, "Best sigma": 1, "Best gamma": 10, "Best Test accuracy": 0.2454, "Train acc": 0.25048}, "PDM log": "{(0.5, 1, 10): {'shapes': [(3072, 257), (257,), (257, 118), (118,), (118, 10), (10,)], 'train_accuracy': 0.25048, 'test_accuracy': 0.2454}}", "timing": 540}, "pdm_KL_reg 0.005": {"Best Result": {"Best Sigma0": 0.5, "Best sigma": 1, "Best gamma": 10, "Best Test accuracy": 0.2541, "Train acc": 0.2575}, "PDM log": "{(0.5, 1, 10): {'shapes': [(3072, 257), (257,), (257, 118), (118,), (118, 10), (10,)], 'train_accuracy': 0.2575, 'test_accuracy': 0.2541}}", "timing": 598}, "pdm_KL_reg 0.01": {"Best Result": {"Best Sigma0": 0.5, "Best sigma": 1, "Best gamma": 10, "Best Test accuracy": 0.2454, "Train acc": 0.24868}, "PDM log": "{(0.5, 1, 10): {'shapes': [(3072, 257), (257,), (257, 118), (118,), (118, 10), (10,)], 'train_accuracy': 0.24868, 'test_accuracy': 0.2454}}", "timing": 1294}, "pdm_KL_reg 0.05": {"Best Result": {"Best Sigma0": 0.5, "Best sigma": 1, "Best gamma": 10, "Best Test accuracy": 0.2491, "Train acc": 0.25162}, "PDM log": "{(0.5, 1, 10): {'shapes': [(3072, 261), (261,), (261, 118), (118,), (118, 10), (10,)], 'train_accuracy': 0.25162, 'test_accuracy': 0.2491}}", "timing": 1341}, "pdm_KL_reg 0.1": {"Best Result": {"Best Sigma0": 0.5, "Best sigma": 1, "Best gamma": 10, "Best Test accuracy": 0.2419, "Train acc": 0.2476}, "PDM log": "{(0.5, 1, 10): {'shapes': [(3072, 261), (261,), (261, 118), (118,), (118, 10), (10,)], 'train_accuracy': 0.2476, 'test_accuracy': 0.2419}}", "timing": 1494}, "pdm_KL_reg 0.5": {"Best Result": {"Best Sigma0": 0.5, "Best sigma": 1, "Best gamma": 10, "Best Test accuracy": 0.2478, "Train acc": 0.24808}, "PDM log": "{(0.5, 1, 10): {'shapes': [(3072, 326), (326,), (326, 118), (118,), (118, 10), (10,)], 'train_accuracy': 0.24808, 'test_accuracy': 0.2478}}", "timing": 1583}, "pdm_KL_reg 1": {"Best Result": {"Best Sigma0": 0.5, "Best sigma": 1, "Best gamma": 10, "Best Test accuracy": 0.222, "Train acc": 0.22414}, "PDM log": "{(0.5, 1, 10): {'shapes': [(3072, 573), (573,), (573, 118), (118,), (118, 10), (10,)], 'train_accuracy': 0.22414, 'test_accuracy': 0.222}}", "timing": 2508}, "pdm_KL_reg 2": {"Best Result": {"Best Sigma0": 0.5, "Best sigma": 1, "Best gamma": 10, "Best Test accuracy": 0.2149, "Train acc": 0.21542}, "PDM log": "{(0.5, 1, 10): {'shapes': [(3072, 700), (700,), (700, 127), (127,), (127, 10), (10,)], 'train_accuracy': 0.21542, 'test_accuracy': 0.2149}}", "timing": 3068}, "pdm_KL_reg 5": {"Best Result": {"Best Sigma0": 0.5, "Best sigma": 1, "Best gamma": 10, "Best Test accuracy": 0.1, "Train acc": 0.1}, "PDM log": "{(0.5, 1, 10): {'shapes': [(3072, 700), (700,), (700, 127), (127,), (127, 10), (10,)], 'train_accuracy': 0.1, 'test_accuracy': 0.1}}", "timing": 2939}, "pdm_KL_reg 10": {"Best Result": {"Best Sigma0": 0.5, "Best sigma": 1, "Best gamma": 10, "Best Test accuracy": 0.1, "Train acc": 0.1}, "PDM log": "{(0.5, 1, 10): {'shapes': [(3072, 700), (700,), (700, 127), (127,), (127, 10), (10,)], 'train_accuracy': 0.1, 'test_accuracy': 0.1}}", "timing": 3151}, "best_reg": 0.005}