{"seed": 5, "Data statistics": "{0: {0: 506, 1: 481, 2: 527, 3: 510, 4: 480, 5: 503, 6: 521, 7: 490, 8: 497, 9: 485}, 1: {0: 490, 1: 480, 2: 474, 3: 544, 4: 490, 5: 515, 6: 471, 7: 492, 8: 512, 9: 532}, 2: {0: 505, 1: 512, 2: 489, 3: 508, 4: 493, 5: 500, 6: 500, 7: 467, 8: 510, 9: 516}, 3: {0: 470, 1: 509, 2: 507, 3: 490, 4: 510, 5: 485, 6: 495, 7: 537, 8: 511, 9: 486}, 4: {0: 521, 1: 509, 2: 461, 3: 504, 4: 533, 5: 475, 6: 501, 7: 516, 8: 493, 9: 487}, 5: {0: 553, 1: 501, 2: 514, 3: 461, 4: 516, 5: 522, 6: 476, 7: 508, 8: 473, 9: 476}, 6: {0: 515, 1: 505, 2: 504, 3: 477, 4: 491, 5: 503, 6: 506, 7: 485, 8: 477, 9: 537}, 7: {0: 479, 1: 494, 2: 525, 3: 488, 4: 488, 5: 504, 6: 543, 7: 509, 8: 506, 9: 464}, 8: {0: 450, 1: 502, 2: 468, 3: 521, 4: 484, 5: 508, 6: 509, 7: 513, 8: 528, 9: 517}, 9: {0: 511, 1: 507, 2: 531, 3: 497, 4: 515, 5: 485, 6: 478, 7: 483, 8: 493, 9: 500}}", "loading time": 25, "local_train_accs": [0.2326, 0.3504, 0.1986, 0.2116, 0.1892, 0.34, 0.1912, 0.2436, 0.183, 0.2648], "local_test_accs": [0.2216, 0.3234, 0.1939, 0.2083, 0.1751, 0.3136, 0.184, 0.2378, 0.1734, 0.2463], "pdm_KL_reg 0": {"Best Result": {"Best Sigma0": 10, "Best sigma": 1, "Best gamma": 10, "Best Test accuracy": 0.2011, "Train acc": 0.20118}, "PDM log": "{(10, 1, 10): {'shapes': [(3072, 905), (905,), (905, 118), (118,), (118, 10), (10,)], 'train_accuracy': 0.20118, 'test_accuracy': 0.2011}}", "timing": 640}, "pdm_KL_reg 0.001": {"Best Result": {"Best Sigma0": 10, "Best sigma": 1, "Best gamma": 10, "Best Test accuracy": 0.2108, "Train acc": 0.20992}, "PDM log": "{(10, 1, 10): {'shapes': [(3072, 905), (905,), (905, 118), (118,), (118, 10), (10,)], 'train_accuracy': 0.20992, 'test_accuracy': 0.2108}}", "timing": 1711}, "pdm_KL_reg 0.005": {"Best Result": {"Best Sigma0": 10, "Best sigma": 1, "Best gamma": 10, "Best Test accuracy": 0.21, "Train acc": 0.21008}, "PDM log": "{(10, 1, 10): {'shapes': [(3072, 905), (905,), (905, 118), (118,), (118, 10), (10,)], 'train_accuracy': 0.21008, 'test_accuracy': 0.21}}", "timing": 1630}, "pdm_KL_reg 0.01": {"Best Result": {"Best Sigma0": 10, "Best sigma": 1, "Best gamma": 10, "Best Test accuracy": 0.2201, "Train acc": 0.2206}, "PDM log": "{(10, 1, 10): {'shapes': [(3072, 905), (905,), (905, 118), (118,), (118, 10), (10,)], 'train_accuracy': 0.2206, 'test_accuracy': 0.2201}}", "timing": 1765}, "pdm_KL_reg 0.05": {"Best Result": {"Best Sigma0": 10, "Best sigma": 1, "Best gamma": 10, "Best Test accuracy": 0.209, "Train acc": 0.20898}, "PDM log": "{(10, 1, 10): {'shapes': [(3072, 904), (904,), (904, 118), (118,), (118, 10), (10,)], 'train_accuracy': 0.20898, 'test_accuracy': 0.209}}", "timing": 1628}, "pdm_KL_reg 0.1": {"Best Result": {"Best Sigma0": 10, "Best sigma": 1, "Best gamma": 10, "Best Test accuracy": 0.2088, "Train acc": 0.2093}, "PDM log": "{(10, 1, 10): {'shapes': [(3072, 902), (902,), (902, 118), (118,), (118, 10), (10,)], 'train_accuracy': 0.2093, 'test_accuracy': 0.2088}}", "timing": 1621}, "pdm_KL_reg 0.5": {"Best Result": {"Best Sigma0": 10, "Best sigma": 1, "Best gamma": 10, "Best Test accuracy": 0.2054, "Train acc": 0.20648}, "PDM log": "{(10, 1, 10): {'shapes': [(3072, 859), (859,), (859, 127), (127,), (127, 10), (10,)], 'train_accuracy': 0.20648, 'test_accuracy': 0.2054}}", "timing": 1486}, "pdm_KL_reg 1": {"Best Result": {"Best Sigma0": 10, "Best sigma": 1, "Best gamma": 10, "Best Test accuracy": 0.2245, "Train acc": 0.22458}, "PDM log": "{(10, 1, 10): {'shapes': [(3072, 316), (316,), (316, 127), (127,), (127, 10), (10,)], 'train_accuracy': 0.22458, 'test_accuracy': 0.2245}}", "timing": 614}, "pdm_KL_reg 2": {"Best Result": {"Best Sigma0": 10, "Best sigma": 1, "Best gamma": 10, "Best Test accuracy": 0.1, "Train acc": 0.1}, "PDM log": "{(10, 1, 10): {'shapes': [(3072, 100), (100,), (100, 118), (118,), (118, 10), (10,)], 'train_accuracy': 0.1, 'test_accuracy': 0.1}}", "timing": 148}, "pdm_KL_reg 5": {"Best Result": {"Best Sigma0": 10, "Best sigma": 1, "Best gamma": 10, "Best Test accuracy": 0.1, "Train acc": 0.1}, "PDM log": "{(10, 1, 10): {'shapes': [(3072, 100), (100,), (100, 118), (118,), (118, 10), (10,)], 'train_accuracy': 0.1, 'test_accuracy': 0.1}}", "timing": 163}, "pdm_KL_reg 10": {"Best Result": {"Best Sigma0": 10, "Best sigma": 1, "Best gamma": 10, "Best Test accuracy": 0.1, "Train acc": 0.1}, "PDM log": "{(10, 1, 10): {'shapes': [(3072, 100), (100,), (100, 118), (118,), (118, 10), (10,)], 'train_accuracy': 0.1, 'test_accuracy': 0.1}}", "timing": 171}, "best_reg": 1}