{"seed": 7, "Data statistics": "{0: {0: 482, 1: 521, 2: 535, 3: 522, 4: 467, 5: 501, 6: 526, 7: 471, 8: 489, 9: 486}, 1: {0: 527, 1: 478, 2: 478, 3: 525, 4: 507, 5: 463, 6: 507, 7: 499, 8: 520, 9: 496}, 2: {0: 489, 1: 470, 2: 493, 3: 474, 4: 505, 5: 539, 6: 476, 7: 516, 8: 519, 9: 519}, 3: {0: 489, 1: 489, 2: 485, 3: 519, 4: 474, 5: 505, 6: 483, 7: 517, 8: 515, 9: 524}, 4: {0: 516, 1: 492, 2: 514, 3: 501, 4: 490, 5: 513, 6: 497, 7: 486, 8: 500, 9: 491}, 5: {0: 507, 1: 511, 2: 508, 3: 489, 4: 512, 5: 491, 6: 462, 7: 498, 8: 503, 9: 519}, 6: {0: 487, 1: 497, 2: 481, 3: 477, 4: 494, 5: 531, 6: 534, 7: 484, 8: 539, 9: 476}, 7: {0: 512, 1: 497, 2: 493, 3: 496, 4: 537, 5: 462, 6: 510, 7: 562, 8: 460, 9: 471}, 8: {0: 527, 1: 536, 2: 509, 3: 474, 4: 504, 5: 500, 6: 486, 7: 464, 8: 468, 9: 532}, 9: {0: 464, 1: 509, 2: 504, 3: 523, 4: 510, 5: 495, 6: 519, 7: 503, 8: 487, 9: 486}}", "loading time": 27, "local_train_accs": [0.1756, 0.292, 0.2996, 0.2868, 0.1632, 0.203, 0.2806, 0.1164, 0.282, 0.2664], "local_test_accs": [0.1775, 0.2702, 0.2732, 0.2688, 0.1621, 0.1878, 0.2538, 0.1032, 0.2616, 0.2527], "pdm_KL_reg 0": {"Best Result": {"Best Sigma0": 10, "Best sigma": 1, "Best gamma": 10, "Best Test accuracy": 0.1847, "Train acc": 0.18662}, "PDM log": "{(10, 1, 10): {'shapes': [(3072, 900), (900,), (900, 118), (118,), (118, 10), (10,)], 'train_accuracy': 0.18662, 'test_accuracy': 0.1847}}", "timing": 572}, "pdm_KL_reg 0.001": {"Best Result": {"Best Sigma0": 10, "Best sigma": 1, "Best gamma": 10, "Best Test accuracy": 0.1934, "Train acc": 0.19516}, "PDM log": "{(10, 1, 10): {'shapes': [(3072, 899), (899,), (899, 118), (118,), (118, 10), (10,)], 'train_accuracy': 0.19516, 'test_accuracy': 0.1934}}", "timing": 1551}, "pdm_KL_reg 0.005": {"Best Result": {"Best Sigma0": 10, "Best sigma": 1, "Best gamma": 10, "Best Test accuracy": 0.1951, "Train acc": 0.19748}, "PDM log": "{(10, 1, 10): {'shapes': [(3072, 900), (900,), (900, 118), (118,), (118, 10), (10,)], 'train_accuracy': 0.19748, 'test_accuracy': 0.1951}}", "timing": 1617}, "pdm_KL_reg 0.01": {"Best Result": {"Best Sigma0": 10, "Best sigma": 1, "Best gamma": 10, "Best Test accuracy": 0.1972, "Train acc": 0.20014}, "PDM log": "{(10, 1, 10): {'shapes': [(3072, 899), (899,), (899, 118), (118,), (118, 10), (10,)], 'train_accuracy': 0.20014, 'test_accuracy': 0.1972}}", "timing": 1695}, "pdm_KL_reg 0.05": {"Best Result": {"Best Sigma0": 10, "Best sigma": 1, "Best gamma": 10, "Best Test accuracy": 0.1964, "Train acc": 0.19878}, "PDM log": "{(10, 1, 10): {'shapes': [(3072, 896), (896,), (896, 118), (118,), (118, 10), (10,)], 'train_accuracy': 0.19878, 'test_accuracy': 0.1964}}", "timing": 1630}, "pdm_KL_reg 0.1": {"Best Result": {"Best Sigma0": 10, "Best sigma": 1, "Best gamma": 10, "Best Test accuracy": 0.1958, "Train acc": 0.19838}, "PDM log": "{(10, 1, 10): {'shapes': [(3072, 895), (895,), (895, 118), (118,), (118, 10), (10,)], 'train_accuracy': 0.19838, 'test_accuracy': 0.1958}}", "timing": 1628}, "pdm_KL_reg 0.5": {"Best Result": {"Best Sigma0": 10, "Best sigma": 1, "Best gamma": 10, "Best Test accuracy": 0.1916, "Train acc": 0.18814}, "PDM log": "{(10, 1, 10): {'shapes': [(3072, 856), (856,), (856, 127), (127,), (127, 10), (10,)], 'train_accuracy': 0.18814, 'test_accuracy': 0.1916}}", "timing": 1474}, "pdm_KL_reg 1": {"Best Result": {"Best Sigma0": 10, "Best sigma": 1, "Best gamma": 10, "Best Test accuracy": 0.1993, "Train acc": 0.20308}, "PDM log": "{(10, 1, 10): {'shapes': [(3072, 325), (325,), (325, 127), (127,), (127, 10), (10,)], 'train_accuracy': 0.20308, 'test_accuracy': 0.1993}}", "timing": 607}, "pdm_KL_reg 2": {"Best Result": {"Best Sigma0": 10, "Best sigma": 1, "Best gamma": 10, "Best Test accuracy": 0.1, "Train acc": 0.1}, "PDM log": "{(10, 1, 10): {'shapes': [(3072, 100), (100,), (100, 118), (118,), (118, 10), (10,)], 'train_accuracy': 0.1, 'test_accuracy': 0.1}}", "timing": 179}, "pdm_KL_reg 5": {"Best Result": {"Best Sigma0": 10, "Best sigma": 1, "Best gamma": 10, "Best Test accuracy": 0.1, "Train acc": 0.1}, "PDM log": "{(10, 1, 10): {'shapes': [(3072, 100), (100,), (100, 118), (118,), (118, 10), (10,)], 'train_accuracy': 0.1, 'test_accuracy': 0.1}}", "timing": 163}, "pdm_KL_reg 10": {"Best Result": {"Best Sigma0": 10, "Best sigma": 1, "Best gamma": 10, "Best Test accuracy": 0.1, "Train acc": 0.1}, "PDM log": "{(10, 1, 10): {'shapes': [(3072, 100), (100,), (100, 118), (118,), (118, 10), (10,)], 'train_accuracy': 0.1, 'test_accuracy': 0.1}}", "timing": 148}, "best_reg": 1}