{"seed": 0, "Data statistics": "{0: {0: 602, 2: 796, 3: 948, 4: 477, 5: 120, 6: 546, 7: 191, 8: 143, 9: 1650}, 1: {0: 820, 1: 2411, 2: 2824}, 2: {0: 770, 1: 25, 2: 669, 3: 963, 4: 2734, 5: 28, 6: 7, 7: 16, 8: 602, 9: 663}, 3: {0: 237, 1: 923, 2: 396, 3: 273, 4: 609, 5: 240, 6: 468, 7: 150, 8: 2975}, 4: {0: 241, 1: 409, 2: 58, 3: 1175, 4: 425, 5: 64, 6: 88, 7: 55, 8: 100, 9: 670}, 5: {0: 103, 1: 356, 3: 10, 4: 474, 5: 29, 6: 2121, 7: 554, 8: 888, 9: 2934}, 6: {0: 1430, 1: 2487, 2: 58, 3: 266, 4: 650, 5: 551, 6: 128, 7: 2929}, 7: {0: 554, 1: 1, 2: 160, 3: 51, 5: 1511, 6: 2451, 7: 1609}, 8: {0: 234, 1: 100, 2: 867, 3: 1177, 4: 77, 5: 2396, 6: 92, 7: 646, 8: 1133}, 9: {0: 932, 1: 30, 2: 130, 3: 1268, 4: 396, 5: 482, 6: 17, 7: 115, 8: 10, 9: 32}}", "local_train_accs": [0.9543212132285767, 0.9983484723369116, 0.9773043075497916, 0.9797480465635465, 0.9619482496194824, 0.9846030258401393, 0.9917637369102247, 0.9798011677449897, 0.9695031240702172, 0.9519343493552169], "local_test_accs": [0.7411, 0.3125, 0.6662, 0.8252, 0.806, 0.6709, 0.7067, 0.4666, 0.814, 0.6554], "Uniform ensemble (Train acc)": 0.9488, "Uniform ensemble (Test acc)": 0.944, "FedAvg (Train acc)": 0.09035, "FedAvg (Test acc)": 0.0892, "pdm_match": {"Best Result": {"Best Sigma0": 1.0, "Best sigma": 0.1, "Best gamma": 50.0, "Best Test accuracy": 0.8097, "Train acc": 0.8089833333333334}, "PDM log": "{(1.0, 1.0, 1.0): {'shapes': [(784, 357), (357,), (357, 100), (100,), (100, 100), (100,), (100, 100), (100,), (100, 101), (101,), (101, 10), (10,)], 'train_accuracy': 0.0993, 'test_accuracy': 0.1032}, (10.0, 1.0, 1.0): {'shapes': [(784, 609), (609,), (609, 118), (118,), (118, 118), (118,), (118, 109), (109,), (109, 106), (106,), (106, 10), (10,)], 'train_accuracy': 0.0986, 'test_accuracy': 0.1027}, (1.0, 0.1, 1.0): {'shapes': [(784, 700), (700,), (700, 700), (700,), (700, 700), (700,), (700, 689), (689,), (689, 145), (145,), (145, 10), (10,)], 'train_accuracy': 0.7669833333333334, 'test_accuracy': 0.7644}, (10.0, 0.1, 1.0): {'shapes': [(784, 700), (700,), (700, 700), (700,), (700, 700), (700,), (700, 700), (700,), (700, 162), (162,), (162, 10), (10,)], 'train_accuracy': 0.7399166666666667, 'test_accuracy': 0.7466}, (1.0, 0.5, 1.0): {'shapes': [(784, 615), (615,), (615, 138), (138,), (138, 117), (117,), (117, 117), (117,), (117, 105), (105,), (105, 10), (10,)], 'train_accuracy': 0.09931666666666666, 'test_accuracy': 0.1033}, (10.0, 0.5, 1.0): {'shapes': [(784, 657), (657,), (657, 238), (238,), (238, 180), (180,), (180, 150), (150,), (150, 110), (110,), (110, 10), (10,)], 'train_accuracy': 0.20576666666666665, 'test_accuracy': 0.2072}, (1.0, 1.0, 10.0): {'shapes': [(784, 463), (463,), (463, 136), (136,), (136, 136), (136,), (136, 134), (134,), (134, 108), (108,), (108, 10), (10,)], 'train_accuracy': 0.09993333333333333, 'test_accuracy': 0.1039}, (10.0, 1.0, 10.0): {'shapes': [(784, 638), (638,), (638, 234), (234,), (234, 199), (199,), (199, 171), (171,), (171, 127), (127,), (127, 10), (10,)], 'train_accuracy': 0.1641, 'test_accuracy': 0.1667}, (1.0, 0.1, 10.0): {'shapes': [(784, 700), (700,), (700, 700), (700,), (700, 700), (700,), (700, 700), (700,), (700, 197), (197,), (197, 10), (10,)], 'train_accuracy': 0.8066666666666666, 'test_accuracy': 0.8107}, (10.0, 0.1, 10.0): {'shapes': [(784, 700), (700,), (700, 700), (700,), (700, 700), (700,), (700, 700), (700,), (700, 216), (216,), (216, 10), (10,)], 'train_accuracy': 0.7935333333333333, 'test_accuracy': 0.7949}, (1.0, 0.5, 10.0): {'shapes': [(784, 649), (649,), (649, 256), (256,), (256, 201), (201,), (201, 165), (165,), (165, 119), (119,), (119, 10), (10,)], 'train_accuracy': 0.188, 'test_accuracy': 0.1924}, (10.0, 0.5, 10.0): {'shapes': [(784, 700), (700,), (700, 506), (506,), (506, 374), (374,), (374, 289), (289,), (289, 131), (131,), (131, 10), (10,)], 'train_accuracy': 0.57335, 'test_accuracy': 0.5864}, (1.0, 1.0, 50.0): {'shapes': [(784, 562), (562,), (562, 271), (271,), (271, 253), (253,), (253, 235), (235,), (235, 178), (178,), (178, 10), (10,)], 'train_accuracy': 0.18926666666666667, 'test_accuracy': 0.1932}, (10.0, 1.0, 50.0): {'shapes': [(784, 688), (688,), (688, 523), (523,), (523, 433), (433,), (433, 388), (388,), (388, 226), (226,), (226, 10), (10,)], 'train_accuracy': 0.74515, 'test_accuracy': 0.7487}, (1.0, 0.1, 50.0): {'shapes': [(784, 700), (700,), (700, 700), (700,), (700, 700), (700,), (700, 700), (700,), (700, 303), (303,), (303, 10), (10,)], 'train_accuracy': 0.8089833333333334, 'test_accuracy': 0.8097}, (10.0, 0.1, 50.0): {'shapes': [(784, 700), (700,), (700, 700), (700,), (700, 700), (700,), (700, 700), (700,), (700, 330), (330,), (330, 10), (10,)], 'train_accuracy': 0.8078833333333333, 'test_accuracy': 0.8095}, (1.0, 0.5, 50.0): {'shapes': [(784, 700), (700,), (700, 573), (573,), (573, 438), (438,), (438, 338), (338,), (338, 182), (182,), (182, 10), (10,)], 'train_accuracy': 0.65425, 'test_accuracy': 0.6555}, (10.0, 0.5, 50.0): {'shapes': [(784, 700), (700,), (700, 700), (700,), (700, 649), (649,), (649, 586), (586,), (586, 226), (226,), (226, 10), (10,)], 'train_accuracy': 0.75695, 'test_accuracy': 0.7606}}", "timing": "28926"}, "pdm_KL_match": {}, "pdm_KL2_match": {"Best Result": {"Best Sigma0": 1.0, "Best sigma": 0.1, "Best gamma": 50.0, "Best Test accuracy": 0.8101, "Train acc": 0.80565},