{"seed": 5, "Data statistics": "{0: {0: 1274, 1: 582, 3: 276, 4: 2899, 5: 487, 6: 472, 7: 30}, 1: {0: 2625, 1: 243, 2: 511, 3: 1290, 4: 253, 5: 1031, 6: 601}, 2: {0: 927, 1: 1352, 2: 97, 3: 196, 4: 833, 5: 111, 6: 25, 7: 1460, 8: 231, 9: 134}, 3: {0: 12, 1: 382, 2: 692, 3: 41, 4: 55, 5: 73, 6: 59, 7: 274, 8: 782, 9: 653}, 4: {0: 16, 1: 32, 2: 4, 3: 31, 4: 410, 5: 1631, 6: 13, 7: 148, 8: 3007, 9: 2564}, 5: {0: 63, 1: 315, 2: 43, 3: 3062, 4: 9, 5: 287, 6: 1396, 7: 1188}, 6: {1: 2919, 2: 102, 3: 33, 4: 980, 5: 573, 6: 1114, 7: 47, 8: 1144}, 7: {0: 332, 1: 36, 2: 3305, 3: 223, 4: 56, 5: 446, 6: 328, 7: 2857}, 8: {0: 564, 1: 28, 2: 1048, 3: 932, 4: 277, 5: 696, 6: 142, 7: 144, 8: 395, 9: 481}, 9: {0: 110, 1: 853, 2: 156, 3: 47, 4: 70, 5: 86, 6: 1768, 7: 117, 8: 292, 9: 2117}}", "local_train_accs": [0.9913621262458472, 0.9603295697284101, 0.9355199403652628, 0.9546807806814422, 0.9770875763747454, 0.9794122269369794, 0.9892939814814815, 0.9837795067915073, 0.9515615041427661, 0.9702635327635327], "local_test_accs": [0.6398, 0.6528, 0.7409, 0.6954, 0.5579, 0.5545, 0.6391, 0.6252, 0.8566, 0.8142], "Uniform ensemble (Train acc)": 0.9451833333333334, "Uniform ensemble (Test acc)": 0.9446, "FedAvg (Train acc)": 0.09035, "FedAvg (Test acc)": 0.0892, "pdm_match": {"Best Result": {"Best Sigma0": 10.0, "Best sigma": 0.1, "Best gamma": 50.0, "Best Test accuracy": 0.8086, "Train acc": 0.8122833333333334}, "PDM log": "{(1.0, 1.0, 1.0): {'shapes': [(784, 347), (347,), (347, 100), (100,), (100, 100), (100,), (100, 100), (100,), (100, 100), (100,), (100, 10), (10,)], 'train_accuracy': 0.16183333333333333, 'test_accuracy': 0.1598}, (10.0, 1.0, 1.0): {'shapes': [(784, 588), (588,), (588, 125), (125,), (125, 110), (110,), (110, 109), (109,), (109, 105), (105,), (105, 10), (10,)], 'train_accuracy': 0.07255, 'test_accuracy': 0.0681}, (1.0, 0.1, 1.0): {'shapes': [(784, 700), (700,), (700, 700), (700,), (700, 700), (700,), (700, 682), (682,), (682, 150), (150,), (150, 10), (10,)], 'train_accuracy': 0.7143, 'test_accuracy': 0.7079}, (10.0, 0.1, 1.0): {'shapes': [(784, 700), (700,), (700, 700), (700,), (700, 700), (700,), (700, 700), (700,), (700, 164), (164,), (164, 10), (10,)], 'train_accuracy': 0.7528166666666667, 'test_accuracy': 0.7493}, (1.0, 0.5, 1.0): {'shapes': [(784, 600), (600,), (600, 133), (133,), (133, 120), (120,), (120, 115), (115,), (115, 104), (104,), (104, 10), (10,)], 'train_accuracy': 0.22461666666666666, 'test_accuracy': 0.2204}, (10.0, 0.5, 1.0): {'shapes': [(784, 646), (646,), (646, 248), (248,), (248, 177), (177,), (177, 142), (142,), (142, 110), (110,), (110, 10), (10,)], 'train_accuracy': 0.29675, 'test_accuracy': 0.301}, (1.0, 1.0, 10.0): {'shapes': [(784, 446), (446,), (446, 135), (135,), (135, 127), (127,), (127, 127), (127,), (127, 112), (112,), (112, 10), (10,)], 'train_accuracy': 0.09035, 'test_accuracy': 0.0892}, (10.0, 1.0, 10.0): {'shapes': [(784, 627), (627,), (627, 226), (226,), (226, 197), (197,), (197, 172), (172,), (172, 122), (122,), (122, 10), (10,)], 'train_accuracy': 0.22481666666666666, 'test_accuracy': 0.2294}, (1.0, 0.1, 10.0): {'shapes': [(784, 700), (700,), (700, 700), (700,), (700, 700), (700,), (700, 700), (700,), (700, 208), (208,), (208, 10), (10,)], 'train_accuracy': 0.77655, 'test_accuracy': 0.7721}, (10.0, 0.1, 10.0): {'shapes': [(784, 700), (700,), (700, 700), (700,), (700, 700), (700,), (700, 700), (700,), (700, 226), (226,), (226, 10), (10,)], 'train_accuracy': 0.7549, 'test_accuracy': 0.744}, (1.0, 0.5, 10.0): {'shapes': [(784, 642), (642,), (642, 268), (268,), (268, 201), (201,), (201, 171), (171,), (171, 118), (118,), (118, 10), (10,)], 'train_accuracy': 0.16285, 'test_accuracy': 0.1642}, (10.0, 0.5, 10.0): {'shapes': [(784, 700), (700,), (700, 528), (528,), (528, 396), (396,), (396, 276), (276,), (276, 138), (138,), (138, 10), (10,)], 'train_accuracy': 0.6927333333333333, 'test_accuracy': 0.6858}, (1.0, 1.0, 50.0): {'shapes': [(784, 550), (550,), (550, 269), (269,), (269, 253), (253,), (253, 244), (244,), (244, 182), (182,), (182, 10), (10,)], 'train_accuracy': 0.14481666666666668, 'test_accuracy': 0.1462}, (10.0, 1.0, 50.0): {'shapes': [(784, 695), (695,), (695, 541), (541,), (541, 478), (478,), (478, 379), (379,), (379, 233), (233,), (233, 10), (10,)], 'train_accuracy': 0.7107166666666667, 'test_accuracy': 0.707}, (1.0, 0.1, 50.0): {'shapes': [(784, 700), (700,), (700, 700), (700,), (700, 700), (700,), (700, 700), (700,), (700, 310), (310,), (310, 10), (10,)], 'train_accuracy': 0.7826666666666666, 'test_accuracy': 0.7775}, (10.0, 0.1, 50.0): {'shapes': [(784, 700), (700,), (700, 700), (700,), (700, 700), (700,), (700, 700), (700,), (700, 341), (341,), (341, 10), (10,)], 'train_accuracy': 0.8122833333333334, 'test_accuracy': 0.8086}, (1.0, 0.5, 50.0): {'shapes': [(784, 700), (700,), (700, 583), (583,), (583, 476), (476,), (476, 342), (342,), (342, 185), (185,), (185, 10), (10,)], 'train_accuracy': 0.6789, 'test_accuracy': 0.675}, (10.0, 0.5, 50.0): {'shapes': [(784, 700), (700,), (700, 700), (700,), (700, 658), (658,), (658, 559), (559,), (559, 225), (225,), (225, 10), (10,)], 'train_accuracy': 0.7588333333333334, 'test_accuracy': 0.7501}}", "timing": "26196"}, "pdm_KL_match": {}, "pdm_KL2_match": {"Best Result": {"Best Sigma0": 1.0, "Best sigma": 0.1, "Best gamma": 50.0, "Best Test accuracy": 0.7537, "Train acc": 0.7583666666666666},