{"seed": 2, "Data statistics": "{0: {0: 1593, 1: 475, 2: 877, 3: 767, 4: 2, 5: 8, 6: 895, 7: 50, 8: 962, 9: 212}, 1: {0: 260, 1: 1498, 2: 2, 3: 84, 4: 346, 5: 957, 6: 1195, 7: 381, 8: 642, 9: 2884}, 2: {0: 1433, 1: 390, 2: 392, 3: 285, 4: 2456, 5: 192, 6: 418, 7: 586}, 3: {0: 68, 1: 2184, 2: 1, 3: 162, 4: 195, 5: 473, 6: 704, 7: 293, 8: 1474, 9: 12}, 4: {0: 997, 2: 102, 3: 259, 4: 100, 5: 1559, 6: 164, 7: 88, 8: 1216, 9: 6}, 5: {0: 371, 1: 826, 2: 1594, 3: 2116, 4: 906, 5: 127, 6: 1421}, 6: {0: 203, 1: 1300, 2: 255, 3: 53, 4: 67, 5: 54, 6: 308, 7: 900, 8: 432, 9: 455}, 7: {0: 2, 1: 19, 2: 86, 3: 846, 4: 1087, 5: 1307, 6: 694, 7: 185, 9: 519}, 8: {0: 992, 1: 15, 2: 1552, 3: 1413, 4: 514, 5: 329, 6: 99, 7: 142, 8: 660, 9: 569}, 9: {0: 4, 1: 35, 2: 1097, 3: 146, 4: 169, 5: 415, 6: 20, 7: 3640, 8: 465, 9: 1292}}", "local_train_accs": [0.9650744735490498, 0.9753909564795733, 0.9858582574772432, 0.9678404599353216, 0.9728345580048987, 0.9649504143458769, 0.9689595232182766, 0.9812434141201265, 0.9707239459029435, 0.9649869559247563], "local_test_accs": [0.7108, 0.8003, 0.7504, 0.7303, 0.6767, 0.6042, 0.8405, 0.723, 0.8086, 0.6762], "Uniform ensemble (Train acc)": 0.9559166666666666, "Uniform ensemble (Test acc)": 0.9534, "FedAvg (Train acc)": 0.09035, "FedAvg (Test acc)": 0.0892, "pdm_match": {"Best Result": {"Best Sigma0": 10.0, "Best sigma": 0.1, "Best gamma": 50.0, "Best Test accuracy": 0.9209, "Train acc": 0.9277166666666666}, "PDM log": "{(1.0, 1.0, 1.0): {'shapes': [(784, 373), (373,), (373, 103), (103,), (103, 100), (100,), (100, 100), (100,), (100, 100), (100,), (100, 10), (10,)], 'train_accuracy': 0.09073333333333333, 'test_accuracy': 0.0897}, (10.0, 1.0, 1.0): {'shapes': [(784, 643), (643,), (643, 130), (130,), (130, 118), (118,), (118, 109), (109,), (109, 103), (103,), (103, 10), (10,)], 'train_accuracy': 0.08488333333333334, 'test_accuracy': 0.0812}, (1.0, 0.1, 1.0): {'shapes': [(784, 700), (700,), (700, 700), (700,), (700, 700), (700,), (700, 700), (700,), (700, 153), (153,), (153, 10), (10,)], 'train_accuracy': 0.9192, 'test_accuracy': 0.9166}, (10.0, 0.1, 1.0): {'shapes': [(784, 700), (700,), (700, 700), (700,), (700, 700), (700,), (700, 700), (700,), (700, 165), (165,), (165, 10), (10,)], 'train_accuracy': 0.9099833333333334, 'test_accuracy': 0.9088}, (1.0, 0.5, 1.0): {'shapes': [(784, 652), (652,), (652, 155), (155,), (155, 130), (130,), (130, 114), (114,), (114, 103), (103,), (103, 10), (10,)], 'train_accuracy': 0.09718333333333333, 'test_accuracy': 0.0943}, (10.0, 0.5, 1.0): {'shapes': [(784, 700), (700,), (700, 297), (297,), (297, 201), (201,), (201, 149), (149,), (149, 108), (108,), (108, 10), (10,)], 'train_accuracy': 0.3801833333333333, 'test_accuracy': 0.3734}, (1.0, 1.0, 10.0): {'shapes': [(784, 490), (490,), (490, 143), (143,), (143, 136), (136,), (136, 127), (127,), (127, 116), (116,), (116, 10), (10,)], 'train_accuracy': 0.10198333333333333, 'test_accuracy': 0.1008}, (10.0, 1.0, 10.0): {'shapes': [(784, 686), (686,), (686, 257), (257,), (257, 198), (198,), (198, 172), (172,), (172, 127), (127,), (127, 10), (10,)], 'train_accuracy': 0.3728, 'test_accuracy': 0.375}, (1.0, 0.1, 10.0): {'shapes': [(784, 700), (700,), (700, 700), (700,), (700, 700), (700,), (700, 700), (700,), (700, 208), (208,), (208, 10), (10,)], 'train_accuracy': 0.9168333333333333, 'test_accuracy': 0.9104}, (10.0, 0.1, 10.0): {'shapes': [(784, 700), (700,), (700, 700), (700,), (700, 700), (700,), (700, 700), (700,), (700, 233), (233,), (233, 10), (10,)], 'train_accuracy': 0.9218166666666666, 'test_accuracy': 0.9145}, (1.0, 0.5, 10.0): {'shapes': [(784, 696), (696,), (696, 316), (316,), (316, 222), (222,), (222, 170), (170,), (170, 115), (115,), (115, 10), (10,)], 'train_accuracy': 0.30915, 'test_accuracy': 0.304}, (10.0, 0.5, 10.0): {'shapes': [(784, 700), (700,), (700, 583), (583,), (583, 432), (432,), (432, 286), (286,), (286, 136), (136,), (136, 10), (10,)], 'train_accuracy': 0.6731333333333334, 'test_accuracy': 0.6811}, (1.0, 1.0, 50.0): {'shapes': [(784, 588), (588,), (588, 260), (260,), (260, 253), (253,), (253, 244), (244,), (244, 188), (188,), (188, 10), (10,)], 'train_accuracy': 0.27075, 'test_accuracy': 0.2761}, (10.0, 1.0, 50.0): {'shapes': [(784, 700), (700,), (700, 586), (586,), (586, 487), (487,), (487, 379), (379,), (379, 226), (226,), (226, 10), (10,)], 'train_accuracy': 0.8685666666666667, 'test_accuracy': 0.865}, (1.0, 0.1, 50.0): {'shapes': [(784, 700), (700,), (700, 700), (700,), (700, 700), (700,), (700, 700), (700,), (700, 326), (326,), (326, 10), (10,)], 'train_accuracy': 0.92395, 'test_accuracy': 0.9184}, (10.0, 0.1, 50.0): {'shapes': [(784, 700), (700,), (700, 700), (700,), (700, 700), (700,), (700, 700), (700,), (700, 358), (358,), (358, 10), (10,)], 'train_accuracy': 0.9277166666666666, 'test_accuracy': 0.9209}, (1.0, 0.5, 50.0): {'shapes': [(784, 700), (700,), (700, 620), (620,), (620, 490), (490,), (490, 342), (342,), (342, 190), (190,), (190, 10), (10,)], 'train_accuracy': 0.7344833333333334, 'test_accuracy': 0.7356}, (10.0, 0.5, 50.0): {'shapes': [(784, 700), (700,), (700, 700), (700,), (700, 658), (658,), (658, 568), (568,), (568, 235), (235,), (235, 10), (10,)], 'train_accuracy': 0.9097666666666666, 'test_accuracy': 0.906}}", "timing": "31591"}, "pdm_KL_match": {}, "pdm_KL2_match": {"Best Result": {"Best Sigma0": 1.0, "Best sigma": 0.1, "Best gamma": 50.0, "Best Test accuracy": 0.9297, "Train acc": 0.9339},