{"seed": 8, "Data statistics": "{0: {0: 588, 1: 601, 2: 566, 3: 535, 4: 165, 5: 3, 6: 1215, 7: 1269, 8: 1173}, 1: {0: 461, 1: 185, 2: 96, 3: 3974, 4: 2103}, 2: {0: 361, 1: 4, 2: 3, 3: 40, 4: 50, 5: 2242, 6: 364, 7: 148, 8: 4444}, 3: {0: 445, 1: 921, 2: 1207, 3: 32, 4: 566, 5: 5, 6: 389, 7: 26, 8: 160, 9: 698}, 4: {0: 195, 1: 178, 2: 470, 3: 83, 4: 673, 5: 1991, 6: 1114, 7: 301, 8: 30, 9: 1077}, 5: {0: 562, 1: 1196, 2: 911, 3: 171, 4: 495, 5: 14, 6: 155, 7: 3853}, 6: {0: 2595, 1: 742, 2: 2407, 3: 316}, 7: {0: 81, 1: 15, 2: 169, 3: 333, 4: 1, 5: 127, 6: 293, 7: 297, 8: 26, 9: 4172}, 8: {0: 482, 1: 996, 2: 6, 3: 55, 4: 1783, 5: 935, 6: 2201}, 9: {0: 153, 1: 1904, 2: 123, 3: 592, 4: 6, 5: 104, 6: 187, 7: 371, 8: 18, 9: 2}}", "loading time": 18, "local_train_accs": [0.9988552739165986, 0.993254142836193, 0.9862852664576802, 0.9995504607777028, 0.9852748691099477, 0.9899415522631507, 0.9976897689768977, 0.9922016684802322, 0.9998451532982348, 1.0], "local_test_accs": [0.784, 0.4881, 0.6297, 0.8173, 0.874, 0.7093, 0.4083, 0.7713, 0.5831, 0.7726], "pdm_pdm_it 5": {"Best Result": {"Best Sigma0": 3, "Best sigma": 0.9, "Best gamma": 1, "Best Test accuracy": 0.8168, "Train acc": 0.8215666666666667}, "PDM log": "{(3, 0.9, 1): {'shapes': [(784, 687), (687,), (687, 10), (10,)], 'train_accuracy': 0.8215666666666667, 'test_accuracy': 0.8168}}", "timing": 92}, "pdm_pdm_it 10": {"Best Result": {"Best Sigma0": 3, "Best sigma": 0.9, "Best gamma": 1, "Best Test accuracy": 0.8172, "Train acc": 0.8218}, "PDM log": "{(3, 0.9, 1): {'shapes': [(784, 683), (683,), (683, 10), (10,)], 'train_accuracy': 0.8218, 'test_accuracy': 0.8172}}", "timing": 171}, "pdm_pdm_it 15": {"Best Result": {"Best Sigma0": 3, "Best sigma": 0.9, "Best gamma": 1, "Best Test accuracy": 0.8168, "Train acc": 0.8213666666666667}, "PDM log": "{(3, 0.9, 1): {'shapes': [(784, 685), (685,), (685, 10), (10,)], 'train_accuracy': 0.8213666666666667, 'test_accuracy': 0.8168}}", "timing": 273}, "pdm_pdm_it 20": {"Best Result": {"Best Sigma0": 3, "Best sigma": 0.9, "Best gamma": 1, "Best Test accuracy": 0.8172, "Train acc": 0.8216333333333333}, "PDM log": "{(3, 0.9, 1): {'shapes': [(784, 684), (684,), (684, 10), (10,)], 'train_accuracy': 0.8216333333333333, 'test_accuracy': 0.8172}}", "timing": 339}}