{"seed": 8, "Data statistics": "{0: {0: 218, 1: 484, 2: 19, 3: 291, 4: 93, 5: 2, 6: 674, 7: 23, 8: 281, 9: 75}, 1: {0: 4, 1: 481, 2: 3, 3: 361, 4: 29, 5: 97, 6: 235, 7: 2003}, 2: {0: 175, 1: 119, 2: 163, 3: 118, 4: 130, 5: 299, 6: 367, 7: 311, 8: 51, 9: 416}, 3: {0: 11, 1: 37, 2: 119, 3: 784, 5: 340, 6: 48, 7: 112, 8: 17, 9: 635}, 4: {0: 9, 1: 523, 2: 29, 3: 138, 4: 8, 5: 116, 6: 2, 7: 1421, 8: 1784}, 5: {0: 23, 1: 290, 2: 203, 3: 187, 4: 10, 5: 48, 6: 184, 7: 150, 9: 181}, 6: {0: 70, 1: 154, 2: 3, 3: 2, 4: 27, 5: 13, 7: 139, 8: 49, 9: 1628}, 7: {0: 1398, 1: 162, 2: 144, 3: 421, 4: 91, 5: 31, 6: 322}, 8: {0: 164, 1: 411, 2: 352, 3: 371, 4: 250, 5: 191, 6: 398, 7: 83, 8: 650}, 9: {0: 10, 1: 11, 2: 81, 3: 7, 4: 392, 5: 1184, 6: 539, 7: 225, 8: 223}, 10: {0: 273, 1: 150, 3: 221, 4: 22, 5: 56, 6: 111, 7: 161, 8: 18, 9: 193}, 11: {0: 22, 1: 983, 2: 506, 3: 27, 4: 8, 5: 305, 6: 225, 7: 50, 8: 475}, 12: {0: 1285, 1: 6, 2: 23, 3: 558, 4: 526, 5: 310}, 13: {0: 1057, 1: 242, 2: 21, 3: 403, 4: 51, 5: 15, 7: 48, 8: 177, 9: 433}, 14: {0: 63, 1: 115, 2: 1193, 3: 87, 4: 33, 5: 706, 6: 920}, 15: {1: 191, 2: 2, 3: 365, 4: 854, 5: 194, 6: 20, 7: 161, 8: 16, 9: 2}, 16: {0: 1, 1: 9, 2: 584, 3: 526, 4: 297, 5: 204, 6: 51, 7: 51, 8: 1016}, 17: {0: 30, 1: 5, 2: 189, 3: 39, 4: 9, 5: 290, 6: 779, 7: 61, 8: 99, 9: 740}, 18: {0: 12, 1: 63, 3: 82, 4: 2149, 5: 594}, 19: {0: 175, 1: 564, 2: 1366, 3: 12, 4: 21, 5: 5, 6: 125, 7: 1, 8: 144, 9: 697}}", "loading time": 137, "local_train_accs": [0.6203703703703703, 0.7563025210084033, 0.47975802698929737, 0.6286257727056586, 0.7915632754342432, 0.49843260188087773, 0.8177458033573142, 0.6722460101206695, 0.4937282229965157, 0.5759730538922155, 0.5676348547717842, 0.6432141484044598, 0.7145494830132939, 0.6375153248876175, 0.6098812961180622, 0.6326869806094183, 0.6239503468419131, 0.6564033913431504, 0.7989655172413793, 0.6617363344051447], "local_test_accs": [0.2754, 0.2016, 0.2856, 0.1864, 0.2363, 0.2523, 0.1821, 0.1945, 0.3092, 0.2114, 0.2826, 0.2335, 0.2165, 0.2291, 0.2138, 0.2, 0.2188, 0.2454, 0.1327, 0.2365], "Uniform ensemble (Train acc)": 0.40312, "Uniform ensemble (Test acc)": 0.3974, "FedAvg (Train acc)": 0.1, "FedAvg (Test acc)": 0.1, "pdm_KL_reg 0": {"Best Result": {"Best Sigma0": 0.5, "Best sigma": 1, "Best gamma": 10, "Best Test accuracy": 0.1931, "Train acc": 0.19262}, "PDM log": "{(0.5, 1, 10): {'shapes': [(3072, 801), (801,), (801, 10), (10,)], 'train_accuracy': 0.19262, 'test_accuracy': 0.1931}}", "timing": 1152}, "pdm_KL_reg 0.001": {"Best Result": {"Best Sigma0": 0.5, "Best sigma": 1, "Best gamma": 10, "Best Test accuracy": 0.2119, "Train acc": 0.20958}, "PDM log": "{(0.5, 1, 10): {'shapes': [(3072, 800), (800,), (800, 10), (10,)], 'train_accuracy': 0.20958, 'test_accuracy': 0.2119}}", "timing": 2801}, "pdm_KL_reg 0.005": {"Best Result": {"Best Sigma0": 0.5, "Best sigma": 1, "Best gamma": 10, "Best Test accuracy": 0.2254, "Train acc": 0.2224}, "PDM log": "{(0.5, 1, 10): {'shapes': [(3072, 801), (801,), (801, 10), (10,)], 'train_accuracy': 0.2224, 'test_accuracy': 0.2254}}", "timing": 2796}, "pdm_KL_reg 0.01": {"Best Result": {"Best Sigma0": 0.5, "Best sigma": 1, "Best gamma": 10, "Best Test accuracy": 0.215, "Train acc": 0.21466}, "PDM log": "{(0.5, 1, 10): {'shapes': [(3072, 801), (801,), (801, 10), (10,)], 'train_accuracy': 0.21466, 'test_accuracy': 0.215}}", "timing": 2795}, "pdm_KL_reg 0.05": {"Best Result": {"Best Sigma0": 0.5, "Best sigma": 1, "Best gamma": 10, "Best Test accuracy": 0.2254, "Train acc": 0.2261}, "PDM log": "{(0.5, 1, 10): {'shapes': [(3072, 801), (801,), (801, 10), (10,)], 'train_accuracy': 0.2261, 'test_accuracy': 0.2254}}", "timing": 2761}, "pdm_KL_reg 0.1": {"Best Result": {"Best Sigma0": 0.5, "Best sigma": 1, "Best gamma": 10, "Best Test accuracy": 0.2134, "Train acc": 0.21242}, "PDM log": "{(0.5, 1, 10): {'shapes': [(3072, 801), (801,), (801, 10), (10,)], 'train_accuracy': 0.21242, 'test_accuracy': 0.2134}}", "timing": 2774}, "pdm_KL_reg 0.5": {"Best Result": {"Best Sigma0": 0.5, "Best sigma": 1, "Best gamma": 10, "Best Test accuracy": 0.1943, "Train acc": 0.1953}, "PDM log": "{(0.5, 1, 10): {'shapes': [(3072, 802), (802,), (802, 10), (10,)], 'train_accuracy': 0.1953, 'test_accuracy': 0.1943}}", "timing": 2742}, "pdm_KL_reg 1": {"Best Result": {"Best Sigma0": 0.5, "Best sigma": 1, "Best gamma": 10, "Best Test accuracy": 0.2326, "Train acc": 0.23066}, "PDM log": "{(0.5, 1, 10): {'shapes': [(3072, 700), (700,), (700, 10), (10,)], 'train_accuracy': 0.23066, 'test_accuracy': 0.2326}}", "timing": 2537}, "pdm_KL_reg 2": {"Best Result": {"Best Sigma0": 0.5, "Best sigma": 1, "Best gamma": 10, "Best Test accuracy": 0.2292, "Train acc": 0.23008}, "PDM log": "{(0.5, 1, 10): {'shapes': [(3072, 216), (216,), (216, 10), (10,)], 'train_accuracy': 0.23008, 'test_accuracy': 0.2292}}", "timing": 1485}, "pdm_KL_reg 5": {"Best Result": {"Best Sigma0": 0.5, "Best sigma": 1, "Best gamma": 10, "Best Test accuracy": 0.1, "Train acc": 0.10004}, "PDM log": "{(0.5, 1, 10): {'shapes': [(3072, 119), (119,), (119, 10), (10,)], 'train_accuracy': 0.10004, 'test_accuracy': 0.1}}", "timing": 963}, "pdm_KL_reg 10": {"Best Result": {"Best Sigma0": 0.5, "Best sigma": 1, "Best gamma": 10, "Best Test accuracy": 0.1001, "Train acc": 0.10004}, "PDM log": "{(0.5, 1, 10): {'shapes': [(3072, 119), (119,), (119, 10), (10,)], 'train_accuracy': 0.10004, 'test_accuracy': 0.1001}}", "timing": 904}, "best_reg": 1}