{"seed": 8, "Data statistics": "{0: {0: 1040, 1: 1006, 2: 993, 3: 1004, 4: 1014, 5: 988, 6: 1032, 7: 958, 8: 932, 9: 1033}, 1: {0: 966, 1: 1014, 2: 979, 3: 977, 4: 1001, 5: 1030, 6: 984, 7: 994, 8: 1045, 9: 1010}, 2: {0: 976, 1: 965, 2: 989, 3: 979, 4: 1031, 5: 998, 6: 1003, 7: 1011, 8: 1037, 9: 1011}, 3: {0: 978, 1: 1018, 2: 1048, 3: 1026, 4: 993, 5: 971, 6: 982, 7: 995, 8: 1029, 9: 960}, 4: {0: 1040, 1: 997, 2: 991, 3: 1014, 4: 961, 5: 1013, 6: 999, 7: 1042, 8: 957, 9: 986}}", "loading time": 34, "local_train_accs": [0.4469, 0.4312, 0.4248, 0.4576, 0.4425], "local_test_accs": [0.4064, 0.3748, 0.3918, 0.4056, 0.3968], "Uniform ensemble (Train acc)": 0.44106, "Uniform ensemble (Test acc)": 0.4378, "FedAvg (Train acc)": 0.10332, "FedAvg (Test acc)": 0.1026, "pdm_KL_reg 0": {"Best Result": {"Best Sigma0": 0.5, "Best sigma": 1, "Best gamma": 10, "Best Test accuracy": 0.4276, "Train acc": 0.42838}, "PDM log": "{(0.5, 1, 10): {'shapes': [(3072, 288), (288,), (288, 10), (10,)], 'train_accuracy': 0.42838, 'test_accuracy': 0.4276}}", "timing": 120}, "pdm_KL_reg 0.001": {"Best Result": {"Best Sigma0": 0.5, "Best sigma": 1, "Best gamma": 10, "Best Test accuracy": 0.4263, "Train acc": 0.42998}, "PDM log": "{(0.5, 1, 10): {'shapes': [(3072, 288), (288,), (288, 10), (10,)], 'train_accuracy': 0.42998, 'test_accuracy': 0.4263}}", "timing": 236}, "pdm_KL_reg 0.005": {"Best Result": {"Best Sigma0": 0.5, "Best sigma": 1, "Best gamma": 10, "Best Test accuracy": 0.4275, "Train acc": 0.42846}, "PDM log": "{(0.5, 1, 10): {'shapes': [(3072, 292), (292,), (292, 10), (10,)], 'train_accuracy': 0.42846, 'test_accuracy': 0.4275}}", "timing": 229}, "pdm_KL_reg 0.01": {"Best Result": {"Best Sigma0": 0.5, "Best sigma": 1, "Best gamma": 10, "Best Test accuracy": 0.4275, "Train acc": 0.42888}, "PDM log": "{(0.5, 1, 10): {'shapes': [(3072, 289), (289,), (289, 10), (10,)], 'train_accuracy': 0.42888, 'test_accuracy': 0.4275}}", "timing": 235}, "pdm_KL_reg 0.05": {"Best Result": {"Best Sigma0": 0.5, "Best sigma": 1, "Best gamma": 10, "Best Test accuracy": 0.4278, "Train acc": 0.42956}, "PDM log": "{(0.5, 1, 10): {'shapes': [(3072, 292), (292,), (292, 10), (10,)], 'train_accuracy': 0.42956, 'test_accuracy': 0.4278}}", "timing": 236}, "pdm_KL_reg 0.1": {"Best Result": {"Best Sigma0": 0.5, "Best sigma": 1, "Best gamma": 10, "Best Test accuracy": 0.4246, "Train acc": 0.42408}, "PDM log": "{(0.5, 1, 10): {'shapes': [(3072, 294), (294,), (294, 10), (10,)], 'train_accuracy': 0.42408, 'test_accuracy': 0.4246}}", "timing": 255}, "pdm_KL_reg 0.5": {"Best Result": {"Best Sigma0": 0.5, "Best sigma": 1, "Best gamma": 10, "Best Test accuracy": 0.4306, "Train acc": 0.43322}, "PDM log": "{(0.5, 1, 10): {'shapes': [(3072, 309), (309,), (309, 10), (10,)], 'train_accuracy': 0.43322, 'test_accuracy': 0.4306}}", "timing": 239}, "pdm_KL_reg 1": {"Best Result": {"Best Sigma0": 0.5, "Best sigma": 1, "Best gamma": 10, "Best Test accuracy": 0.4331, "Train acc": 0.43594}, "PDM log": "{(0.5, 1, 10): {'shapes': [(3072, 328), (328,), (328, 10), (10,)], 'train_accuracy': 0.43594, 'test_accuracy': 0.4331}}", "timing": 258}, "pdm_KL_reg 2": {"Best Result": {"Best Sigma0": 0.5, "Best sigma": 1, "Best gamma": 10, "Best Test accuracy": 0.4337, "Train acc": 0.43596}, "PDM log": "{(0.5, 1, 10): {'shapes': [(3072, 372), (372,), (372, 10), (10,)], 'train_accuracy': 0.43596, 'test_accuracy': 0.4337}}", "timing": 283}, "pdm_KL_reg 5": {"Best Result": {"Best Sigma0": 0.5, "Best sigma": 1, "Best gamma": 10, "Best Test accuracy": 0.4313, "Train acc": 0.43472}, "PDM log": "{(0.5, 1, 10): {'shapes': [(3072, 380), (380,), (380, 10), (10,)], 'train_accuracy': 0.43472, 'test_accuracy': 0.4313}}", "timing": 257}, "pdm_KL_reg 10": {"Best Result": {"Best Sigma0": 0.5, "Best sigma": 1, "Best gamma": 10, "Best Test accuracy": 0.21, "Train acc": 0.21228}, "PDM log": "{(0.5, 1, 10): {'shapes': [(3072, 250), (250,), (250, 10), (10,)], 'train_accuracy': 0.21228, 'test_accuracy': 0.21}}", "timing": 216}, "best_reg": 2}