{"seed": 5, "Data statistics": "{0: {0: 996, 1: 961, 2: 1001, 3: 1054, 4: 970, 5: 1018, 6: 992, 7: 982, 8: 1009, 9: 1017}, 1: {0: 975, 1: 1021, 2: 996, 3: 998, 4: 1003, 5: 985, 6: 995, 7: 1004, 8: 1021, 9: 1002}, 2: {0: 1074, 1: 1010, 2: 975, 3: 965, 4: 1049, 5: 997, 6: 977, 7: 1024, 8: 966, 9: 963}, 3: {0: 994, 1: 999, 2: 1029, 3: 965, 4: 979, 5: 1007, 6: 1049, 7: 994, 8: 983, 9: 1001}, 4: {0: 961, 1: 1009, 2: 999, 3: 1018, 4: 999, 5: 993, 6: 987, 7: 996, 8: 1021, 9: 1017}}", "loading time": 52, "local_train_accs": [0.4274, 0.4232, 0.4268, 0.4465, 0.4183], "local_test_accs": [0.3899, 0.381, 0.391, 0.3962, 0.38], "Uniform ensemble (Train acc)": 0.4356, "Uniform ensemble (Test acc)": 0.4268, "FedAvg (Train acc)": 0.11548, "FedAvg (Test acc)": 0.1137, "pdm_KL_reg 0": {"Best Result": {"Best Sigma0": 0.5, "Best sigma": 1, "Best gamma": 10, "Best Test accuracy": 0.4153, "Train acc": 0.42364}, "PDM log": "{(0.5, 1, 10): {'shapes': [(3072, 289), (289,), (289, 10), (10,)], 'train_accuracy': 0.42364, 'test_accuracy': 0.4153}}", "timing": 152}, "pdm_KL_reg 0.001": {"Best Result": {"Best Sigma0": 0.5, "Best sigma": 1, "Best gamma": 10, "Best Test accuracy": 0.4136, "Train acc": 0.42346}, "PDM log": "{(0.5, 1, 10): {'shapes': [(3072, 289), (289,), (289, 10), (10,)], 'train_accuracy': 0.42346, 'test_accuracy': 0.4136}}", "timing": 288}, "pdm_KL_reg 0.005": {"Best Result": {"Best Sigma0": 0.5, "Best sigma": 1, "Best gamma": 10, "Best Test accuracy": 0.4145, "Train acc": 0.42282}, "PDM log": "{(0.5, 1, 10): {'shapes': [(3072, 291), (291,), (291, 10), (10,)], 'train_accuracy': 0.42282, 'test_accuracy': 0.4145}}", "timing": 296}, "pdm_KL_reg 0.01": {"Best Result": {"Best Sigma0": 0.5, "Best sigma": 1, "Best gamma": 10, "Best Test accuracy": 0.4151, "Train acc": 0.42388}, "PDM log": "{(0.5, 1, 10): {'shapes': [(3072, 291), (291,), (291, 10), (10,)], 'train_accuracy': 0.42388, 'test_accuracy': 0.4151}}", "timing": 323}, "pdm_KL_reg 0.05": {"Best Result": {"Best Sigma0": 0.5, "Best sigma": 1, "Best gamma": 10, "Best Test accuracy": 0.4189, "Train acc": 0.42628}, "PDM log": "{(0.5, 1, 10): {'shapes': [(3072, 293), (293,), (293, 10), (10,)], 'train_accuracy': 0.42628, 'test_accuracy': 0.4189}}", "timing": 308}, "pdm_KL_reg 0.1": {"Best Result": {"Best Sigma0": 0.5, "Best sigma": 1, "Best gamma": 10, "Best Test accuracy": 0.4214, "Train acc": 0.42554}, "PDM log": "{(0.5, 1, 10): {'shapes': [(3072, 297), (297,), (297, 10), (10,)], 'train_accuracy': 0.42554, 'test_accuracy': 0.4214}}", "timing": 311}, "pdm_KL_reg 0.5": {"Best Result": {"Best Sigma0": 0.5, "Best sigma": 1, "Best gamma": 10, "Best Test accuracy": 0.4177, "Train acc": 0.42628}, "PDM log": "{(0.5, 1, 10): {'shapes': [(3072, 312), (312,), (312, 10), (10,)], 'train_accuracy': 0.42628, 'test_accuracy': 0.4177}}", "timing": 332}, "pdm_KL_reg 1": {"Best Result": {"Best Sigma0": 0.5, "Best sigma": 1, "Best gamma": 10, "Best Test accuracy": 0.4238, "Train acc": 0.43166}, "PDM log": "{(0.5, 1, 10): {'shapes': [(3072, 326), (326,), (326, 10), (10,)], 'train_accuracy': 0.43166, 'test_accuracy': 0.4238}}", "timing": 327}, "pdm_KL_reg 2": {"Best Result": {"Best Sigma0": 0.5, "Best sigma": 1, "Best gamma": 10, "Best Test accuracy": 0.4237, "Train acc": 0.43168}, "PDM log": "{(0.5, 1, 10): {'shapes': [(3072, 376), (376,), (376, 10), (10,)], 'train_accuracy': 0.43168, 'test_accuracy': 0.4237}}", "timing": 376}, "pdm_KL_reg 5": {"Best Result": {"Best Sigma0": 0.5, "Best sigma": 1, "Best gamma": 10, "Best Test accuracy": 0.4237, "Train acc": 0.43178}, "PDM log": "{(0.5, 1, 10): {'shapes': [(3072, 392), (392,), (392, 10), (10,)], 'train_accuracy': 0.43178, 'test_accuracy': 0.4237}}", "timing": 365}, "pdm_KL_reg 10": {"Best Result": {"Best Sigma0": 0.5, "Best sigma": 1, "Best gamma": 10, "Best Test accuracy": 0.165, "Train acc": 0.1678}, "PDM log": "{(0.5, 1, 10): {'shapes': [(3072, 282), (282,), (282, 10), (10,)], 'train_accuracy': 0.1678, 'test_accuracy': 0.165}}", "timing": 319}, "best_reg": 1}