{"seed": 7, "Data statistics": "{0: {0: 1009, 1: 999, 2: 1013, 3: 1047, 4: 974, 5: 964, 6: 1033, 7: 970, 8: 1009, 9: 982}, 1: {0: 978, 1: 959, 2: 978, 3: 993, 4: 979, 5: 1044, 6: 959, 7: 1033, 8: 1034, 9: 1043}, 2: {0: 1023, 1: 1003, 2: 1022, 3: 990, 4: 1002, 5: 1004, 6: 959, 7: 984, 8: 1003, 9: 1010}, 3: {0: 999, 1: 994, 2: 974, 3: 973, 4: 1031, 5: 993, 6: 1044, 7: 1046, 8: 999, 9: 947}, 4: {0: 991, 1: 1045, 2: 1013, 3: 997, 4: 1014, 5: 995, 6: 1005, 7: 967, 8: 955, 9: 1018}}", "loading time": 43, "local_train_accs": [0.4212, 0.4206, 0.4563, 0.4469, 0.4334], "local_test_accs": [0.3754, 0.3777, 0.4041, 0.3973, 0.3946], "Uniform ensemble (Train acc)": 0.43914, "Uniform ensemble (Test acc)": 0.4327, "FedAvg (Train acc)": 0.0997, "FedAvg (Test acc)": 0.1003, "pdm_KL_reg 0": {"Best Result": {"Best Sigma0": 0.5, "Best sigma": 1, "Best gamma": 10, "Best Test accuracy": 0.4229, "Train acc": 0.43004}, "PDM log": "{(0.5, 1, 10): {'shapes': [(3072, 294), (294,), (294, 10), (10,)], 'train_accuracy': 0.43004, 'test_accuracy': 0.4229}}", "timing": 151}, "pdm_KL_reg 0.001": {"Best Result": {"Best Sigma0": 0.5, "Best sigma": 1, "Best gamma": 10, "Best Test accuracy": 0.4198, "Train acc": 0.42664}, "PDM log": "{(0.5, 1, 10): {'shapes': [(3072, 295), (295,), (295, 10), (10,)], 'train_accuracy': 0.42664, 'test_accuracy': 0.4198}}", "timing": 291}, "pdm_KL_reg 0.005": {"Best Result": {"Best Sigma0": 0.5, "Best sigma": 1, "Best gamma": 10, "Best Test accuracy": 0.4201, "Train acc": 0.42828}, "PDM log": "{(0.5, 1, 10): {'shapes': [(3072, 294), (294,), (294, 10), (10,)], 'train_accuracy': 0.42828, 'test_accuracy': 0.4201}}", "timing": 302}, "pdm_KL_reg 0.01": {"Best Result": {"Best Sigma0": 0.5, "Best sigma": 1, "Best gamma": 10, "Best Test accuracy": 0.4228, "Train acc": 0.43006}, "PDM log": "{(0.5, 1, 10): {'shapes': [(3072, 293), (293,), (293, 10), (10,)], 'train_accuracy': 0.43006, 'test_accuracy': 0.4228}}", "timing": 299}, "pdm_KL_reg 0.05": {"Best Result": {"Best Sigma0": 0.5, "Best sigma": 1, "Best gamma": 10, "Best Test accuracy": 0.4184, "Train acc": 0.42944}, "PDM log": "{(0.5, 1, 10): {'shapes': [(3072, 296), (296,), (296, 10), (10,)], 'train_accuracy': 0.42944, 'test_accuracy': 0.4184}}", "timing": 293}, "pdm_KL_reg 0.1": {"Best Result": {"Best Sigma0": 0.5, "Best sigma": 1, "Best gamma": 10, "Best Test accuracy": 0.4192, "Train acc": 0.42844}, "PDM log": "{(0.5, 1, 10): {'shapes': [(3072, 299), (299,), (299, 10), (10,)], 'train_accuracy': 0.42844, 'test_accuracy': 0.4192}}", "timing": 277}, "pdm_KL_reg 0.5": {"Best Result": {"Best Sigma0": 0.5, "Best sigma": 1, "Best gamma": 10, "Best Test accuracy": 0.4216, "Train acc": 0.4293}, "PDM log": "{(0.5, 1, 10): {'shapes': [(3072, 311), (311,), (311, 10), (10,)], 'train_accuracy': 0.4293, 'test_accuracy': 0.4216}}", "timing": 243}, "pdm_KL_reg 1": {"Best Result": {"Best Sigma0": 0.5, "Best sigma": 1, "Best gamma": 10, "Best Test accuracy": 0.4297, "Train acc": 0.4351}, "PDM log": "{(0.5, 1, 10): {'shapes': [(3072, 326), (326,), (326, 10), (10,)], 'train_accuracy': 0.4351, 'test_accuracy': 0.4297}}", "timing": 264}, "pdm_KL_reg 2": {"Best Result": {"Best Sigma0": 0.5, "Best sigma": 1, "Best gamma": 10, "Best Test accuracy": 0.4296, "Train acc": 0.43514}, "PDM log": "{(0.5, 1, 10): {'shapes': [(3072, 376), (376,), (376, 10), (10,)], 'train_accuracy': 0.43514, 'test_accuracy': 0.4296}}", "timing": 299}, "pdm_KL_reg 5": {"Best Result": {"Best Sigma0": 0.5, "Best sigma": 1, "Best gamma": 10, "Best Test accuracy": 0.4193, "Train acc": 0.43354}, "PDM log": "{(0.5, 1, 10): {'shapes': [(3072, 377), (377,), (377, 10), (10,)], 'train_accuracy': 0.43354, 'test_accuracy': 0.4193}}", "timing": 272}, "pdm_KL_reg 10": {"Best Result": {"Best Sigma0": 0.5, "Best sigma": 1, "Best gamma": 10, "Best Test accuracy": 0.1557, "Train acc": 0.15684}, "PDM log": "{(0.5, 1, 10): {'shapes': [(3072, 244), (244,), (244, 10), (10,)], 'train_accuracy': 0.15684, 'test_accuracy': 0.1557}}", "timing": 251}, "best_reg": 1}