{"seed": 2, "Data statistics": "{0: {0: 20, 1: 166, 2: 805, 3: 1865, 4: 1297, 5: 1014}, 1: {0: 318, 1: 1068, 2: 10, 3: 177, 4: 73, 5: 25, 6: 630, 7: 719, 8: 206, 9: 1249}, 2: {0: 527, 1: 20, 2: 32, 3: 198, 4: 71, 5: 33, 6: 27, 7: 626, 8: 383, 9: 244}, 3: {0: 271, 1: 1707, 2: 2, 3: 229, 4: 526, 5: 372, 6: 24, 7: 175, 8: 413, 9: 1788}, 4: {0: 930, 1: 357, 2: 340, 3: 268, 4: 2215, 5: 2429}, 5: {0: 226, 1: 83, 2: 2028, 3: 461, 4: 131, 5: 293, 6: 10, 7: 3134}, 6: {0: 39, 1: 1568, 2: 691, 3: 1584, 4: 370, 5: 669, 6: 1506}, 7: {0: 1548, 1: 6, 2: 397, 3: 188, 4: 35, 5: 155, 6: 806, 7: 179, 8: 2216}, 8: {0: 1107, 1: 22, 2: 294, 3: 17, 4: 264, 6: 1214, 7: 8, 8: 749, 9: 929}, 9: {0: 14, 1: 3, 2: 401, 3: 13, 4: 18, 5: 10, 6: 783, 7: 159, 8: 1033, 9: 790}}", "local_train_accs": [0.5378362686278305, 0.6301675977653631, 0.5886163813049514, 0.6255674595968767, 0.6225722587551613, 0.6734213006597549, 0.6163062081842228, 0.6462929475587703, 0.6218505647263249, 0.7323200992555832], "local_test_accs": [0.1989, 0.317, 0.2612, 0.3331, 0.212, 0.1735, 0.2692, 0.2514, 0.2771, 0.2811], "Uniform ensemble (Train acc)": 0.4369, "Uniform ensemble (Test acc)": 0.4278, "FedAvg (Train acc)": 0.1, "FedAvg (Test acc)": 0.1, "pdm_match": {"Best Result": {"Best Sigma0": 10.0, "Best sigma": 0.1, "Best gamma": 50.0, "Best Test accuracy": 0.2689, "Train acc": 0.27038}, "PDM log": "{(1.0, 1.0, 1.0): {'shapes': [(3072, 566), (566,), (566, 100), (100,), (100, 100), (100,), (100, 10), (10,)], 'train_accuracy': 0.17844, 'test_accuracy': 0.1784}, (10.0, 1.0, 1.0): {'shapes': [(3072, 700), (700,), (700, 100), (100,), (100, 100), (100,), (100, 10), (10,)], 'train_accuracy': 0.18616, 'test_accuracy': 0.1897}, (1.0, 0.1, 1.0): {'shapes': [(3072, 700), (700,), (700, 184), (184,), (184, 108), (108,), (108, 10), (10,)], 'train_accuracy': 0.20976, 'test_accuracy': 0.2102}, (10.0, 0.1, 1.0): {'shapes': [(3072, 700), (700,), (700, 232), (232,), (232, 109), (109,), (109, 10), (10,)], 'train_accuracy': 0.24216, 'test_accuracy': 0.2424}, (1.0, 0.5, 1.0): {'shapes': [(3072, 700), (700,), (700, 100), (100,), (100, 100), (100,), (100, 10), (10,)], 'train_accuracy': 0.17732, 'test_accuracy': 0.1758}, (10.0, 0.5, 1.0): {'shapes': [(3072, 700), (700,), (700, 100), (100,), (100, 100), (100,), (100, 10), (10,)], 'train_accuracy': 0.20966, 'test_accuracy': 0.2127}, (1.0, 1.0, 10.0): {'shapes': [(3072, 700), (700,), (700, 127), (127,), (127, 109), (109,), (109, 10), (10,)], 'train_accuracy': 0.15362, 'test_accuracy': 0.1555}, (10.0, 1.0, 10.0): {'shapes': [(3072, 700), (700,), (700, 136), (136,), (136, 118), (118,), (118, 10), (10,)], 'train_accuracy': 0.21386, 'test_accuracy': 0.2148}, (1.0, 0.1, 10.0): {'shapes': [(3072, 700), (700,), (700, 522), (522,), (522, 129), (129,), (129, 10), (10,)], 'train_accuracy': 0.25326, 'test_accuracy': 0.2512}, (10.0, 0.1, 10.0): {'shapes': [(3072, 700), (700,), (700, 647), (647,), (647, 131), (131,), (131, 10), (10,)], 'train_accuracy': 0.2699, 'test_accuracy': 0.2683}, (1.0, 0.5, 10.0): {'shapes': [(3072, 700), (700,), (700, 136), (136,), (136, 116), (116,), (116, 10), (10,)], 'train_accuracy': 0.24198, 'test_accuracy': 0.2416}, (10.0, 0.5, 10.0): {'shapes': [(3072, 700), (700,), (700, 154), (154,), (154, 127), (127,), (127, 10), (10,)], 'train_accuracy': 0.18594, 'test_accuracy': 0.1854}, (1.0, 1.0, 50.0): {'shapes': [(3072, 700), (700,), (700, 235), (235,), (235, 181), (181,), (181, 10), (10,)], 'train_accuracy': 0.19398, 'test_accuracy': 0.1926}, (10.0, 1.0, 50.0): {'shapes': [(3072, 700), (700,), (700, 271), (271,), (271, 226), (226,), (226, 10), (10,)], 'train_accuracy': 0.24452, 'test_accuracy': 0.2454}, (1.0, 0.1, 50.0): {'shapes': [(3072, 700), (700,), (700, 700), (700,), (700, 222), (222,), (222, 10), (10,)], 'train_accuracy': 0.26978, 'test_accuracy': 0.2696}, (10.0, 0.1, 50.0): {'shapes': [(3072, 700), (700,), (700, 700), (700,), (700, 244), (244,), (244, 10), (10,)], 'train_accuracy': 0.27038, 'test_accuracy': 0.2689}, (1.0, 0.5, 50.0): {'shapes': [(3072, 700), (700,), (700, 271), (271,), (271, 197), (197,), (197, 10), (10,)], 'train_accuracy': 0.24494, 'test_accuracy': 0.2437}, (10.0, 0.5, 50.0): {'shapes': [(3072, 700), (700,), (700, 343), (343,), (343, 226), (226,), (226, 10), (10,)], 'train_accuracy': 0.26946, 'test_accuracy': 0.2662}}", "timing": "32531"}, "pdm_KL_match": {}, "pdm_KL2_match": {"Best Result": {"Best Sigma0": 1.0, "Best sigma": 0.1, "Best gamma": 50.0, "Best Test accuracy": 0.2536, "Train acc": 0.25434}, "PDM log": "{(1.0, 1.0, 1.0): {'shapes': [(3072, 306), (306,), (306, 100), (100,), (100, 100), (100,), (100, 10), (10,)], 'train_accuracy': 0.15418, 'test_accuracy': 0.1505}, (10.0, 1.0, 1.0): {'shapes': [(3072, 118), (118,), (118, 100), (100,), (100, 100), (100,), (100, 10), (10,)], 'train_accuracy': 0.1658, 'test_accuracy': 0.1668}, (1.0, 0.1, 1.0): {'shapes': [(3072, 700), (700,), (700, 100), (100,), (100, 100), (100,), (100, 10), (10,)], 'train_accuracy': 0.15918, 'test_accuracy': 0.1567}, (10.0, 0.1, 1.0): {'shapes': [(3072, 127), (127,), (127, 100), (100,), (100, 100), (100,), (100, 10), (10,)], 'train_accuracy': 0.14532, 'test_accuracy': 0.1491}, (1.0, 0.5, 1.0): {'shapes': [(3072, 694), (694,), (694, 100), (100,), (100, 100), (100,), (100, 10), (10,)], 'train_accuracy': 0.18488, 'test_accuracy': 0.1856}, (10.0, 0.5, 1.0): {'shapes': [(3072, 118), (118,), (118, 100), (100,), (100, 100), (100,), (100, 10), (10,)], 'train_accuracy': 0.15838, 'test_accuracy': 0.156}, (1.0, 1.0, 10.0): {'shapes': [(3072, 676), (676,), (676, 127), (127,), (127, 127), (127,), (127, 10), (10,)], 'train_accuracy': 0.2063, 'test_accuracy': 0.2059}, (10.0, 1.0, 10.0): {'shapes': [(3072, 289), (289,), (289, 127), (127,), (127, 127), (127,), (127, 10), (10,)], 'train_accuracy': 0.17384, 'test_accuracy': 0.1785}, (1.0, 0.1, 10.0): {'shapes': [(3072, 700), (700,), (700, 145), (145,), (145, 127), (127,), (127, 10), (10,)], 'train_accuracy': 0.12904, 'test_accuracy': 0.1273}, (10.0, 0.1, 10.0): {'shapes': [(3072, 361), (361,), (361, 127), (127,), (127, 127), (127,), (127, 10), (10,)], 'train_accuracy': 0.20142, 'test_accuracy': 0.2015}, (1.0, 0.5, 10.0): {'shapes': [(3072, 700), (700,), (700, 127), (127,), (127, 127), (127,), (127, 10), (10,)], 'train_accuracy': 0.14332, 'test_accuracy': 0.1476}, (10.0, 0.5, 10.0): {'shapes': [(3072, 325), (325,), (325, 127), (127,), (127, 127), (127,), (127, 10), (10,)], 'train_accuracy': 0.22276, 'test_accuracy': 0.2229}, (1.0, 1.0, 50.0): {'shapes': [(3072, 700), (700,), (700, 244), (244,), (244, 235), (235,), (235, 10), (10,)], 'train_accuracy': 0.2317, 'test_accuracy': 0.2308}, (10.0, 1.0, 50.0): {'shapes': [(3072, 514), (514,), (514, 235), (235,), (235, 235), (235,), (235, 10), (10,)], 'train_accuracy': 0.20156, 'test_accuracy': 0.2035}, (1.0, 0.1, 50.0): {'shapes': [(3072, 700), (700,), (700, 325), (325,), (325, 244), (244,), (244, 10), (10,)], 'train_accuracy': 0.25434, 'test_accuracy': 0.2536}, (10.0, 0.1, 50.0): {'shapes': [(3072, 577), (577,), (577, 244), (244,), (244, 235), (235,), (235, 10), (10,)], 'train_accuracy': 0.18892, 'test_accuracy': 0.1872}, (1.0, 0.5, 50.0): {'shapes': [(3072, 700), (700,), (700, 271), (271,), (271, 235), (235,), (235, 10), (10,)], 'train_accuracy': 0.21126, 'test_accuracy': 0.2113}, (10.0, 0.5, 50.0): {'shapes': [(3072, 532), (532,), (532, 244), (244,), (244, 235), (235,), (235, 10), (10,)], 'train_accuracy': 0.20516, 'test_accuracy': 0.2035}}", "timing": 49254}}