{"seed": 0, "Data statistics": "{0: {0: 953, 1: 142, 2: 141, 3: 75, 4: 695, 5: 819, 7: 2482}, 1: {0: 16, 1: 43, 2: 902, 3: 1650, 4: 86, 5: 182, 7: 693, 8: 110, 9: 6}, 2: {0: 9, 1: 8, 2: 290, 3: 769, 4: 841, 5: 283, 6: 119, 7: 1044, 8: 1014, 9: 58}, 3: {0: 395, 1: 1200, 2: 48, 3: 68, 4: 896, 5: 681, 6: 90, 7: 17, 8: 1351, 9: 301}, 4: {0: 504, 1: 2917, 2: 570, 3: 721, 4: 121, 5: 356}, 5: {0: 1262, 1: 71, 2: 325, 3: 119, 4: 1560, 5: 14, 6: 1, 7: 85, 8: 366}, 6: {0: 9, 1: 273, 2: 1657, 3: 40, 4: 1, 5: 130, 6: 1911, 7: 21, 8: 1160}, 7: {0: 722, 1: 3, 2: 281, 3: 738, 4: 22, 5: 974, 6: 624, 7: 1, 8: 82, 9: 878}, 8: {0: 1127, 1: 153, 2: 680, 3: 500, 4: 698, 5: 1139, 6: 92, 7: 23, 8: 1, 9: 3665}, 9: {0: 3, 1: 190, 2: 106, 3: 320, 4: 80, 5: 422, 6: 2163, 7: 634, 8: 916, 9: 92}}", "local_train_accs": [0.6800452232899944, 0.6328633405639913, 0.581510710259301, 0.6508817119080642, 0.7097706687222972, 0.6344990796739416, 0.6787773933102653, 0.563699421965318, 0.6518940331765288, 0.6721477872513195], "local_test_accs": [0.264, 0.2054, 0.2555, 0.3096, 0.2221, 0.191, 0.2276, 0.2782, 0.2745, 0.2698], "Uniform ensemble (Train acc)": 0.42234, "Uniform ensemble (Test acc)": 0.4124, "FedAvg (Train acc)": 0.1, "FedAvg (Test acc)": 0.1, "pdm_match": {"Best Result": {"Best Sigma0": 1.0, "Best sigma": 0.1, "Best gamma": 10.0, "Best Test accuracy": 0.2559, "Train acc": 0.25882}, "PDM log": "{(1.0, 1.0, 1.0): {'shapes': [(3072, 578), (578,), (578, 100), (100,), (100, 100), (100,), (100, 10), (10,)], 'train_accuracy': 0.19116, 'test_accuracy': 0.1906}, (10.0, 1.0, 1.0): {'shapes': [(3072, 700), (700,), (700, 100), (100,), (100, 100), (100,), (100, 10), (10,)], 'train_accuracy': 0.16284, 'test_accuracy': 0.1626}, (1.0, 0.1, 1.0): {'shapes': [(3072, 700), (700,), (700, 185), (185,), (185, 102), (102,), (102, 10), (10,)], 'train_accuracy': 0.251, 'test_accuracy': 0.2493}, (10.0, 0.1, 1.0): {'shapes': [(3072, 700), (700,), (700, 220), (220,), (220, 103), (103,), (103, 10), (10,)], 'train_accuracy': 0.25408, 'test_accuracy': 0.2504}, (1.0, 0.5, 1.0): {'shapes': [(3072, 700), (700,), (700, 100), (100,), (100, 100), (100,), (100, 10), (10,)], 'train_accuracy': 0.14998, 'test_accuracy': 0.1516}, (10.0, 0.5, 1.0): {'shapes': [(3072, 700), (700,), (700, 100), (100,), (100, 100), (100,), (100, 10), (10,)], 'train_accuracy': 0.17024, 'test_accuracy': 0.1706}, (1.0, 1.0, 10.0): {'shapes': [(3072, 700), (700,), (700, 127), (127,), (127, 118), (118,), (118, 10), (10,)], 'train_accuracy': 0.20496, 'test_accuracy': 0.2013}, (10.0, 1.0, 10.0): {'shapes': [(3072, 700), (700,), (700, 136), (136,), (136, 127), (127,), (127, 10), (10,)], 'train_accuracy': 0.2182, 'test_accuracy': 0.2124}, (1.0, 0.1, 10.0): {'shapes': [(3072, 700), (700,), (700, 515), (515,), (515, 127), (127,), (127, 10), (10,)], 'train_accuracy': 0.25882, 'test_accuracy': 0.2559}, (10.0, 0.1, 10.0): {'shapes': [(3072, 700), (700,), (700, 619), (619,), (619, 128), (128,), (128, 10), (10,)], 'train_accuracy': 0.25526, 'test_accuracy': 0.2493}, (1.0, 0.5, 10.0): {'shapes': [(3072, 700), (700,), (700, 136), (136,), (136, 118), (118,), (118, 10), (10,)], 'train_accuracy': 0.17672, 'test_accuracy': 0.1734}, (10.0, 0.5, 10.0): {'shapes': [(3072, 700), (700,), (700, 145), (145,), (145, 127), (127,), (127, 10), (10,)], 'train_accuracy': 0.19158, 'test_accuracy': 0.1914}, (1.0, 1.0, 50.0): {'shapes': [(3072, 700), (700,), (700, 235), (235,), (235, 208), (208,), (208, 10), (10,)], 'train_accuracy': 0.19936, 'test_accuracy': 0.1981}, (10.0, 1.0, 50.0): {'shapes': [(3072, 700), (700,), (700, 271), (271,), (271, 226), (226,), (226, 10), (10,)], 'train_accuracy': 0.227, 'test_accuracy': 0.2252}, (1.0, 0.1, 50.0): {'shapes': [(3072, 700), (700,), (700, 700), (700,), (700, 226), (226,), (226, 10), (10,)], 'train_accuracy': 0.251, 'test_accuracy': 0.2504}, (10.0, 0.1, 50.0): {'shapes': [(3072, 700), (700,), (700, 700), (700,), (700, 235), (235,), (235, 10), (10,)], 'train_accuracy': 0.2543, 'test_accuracy': 0.2494}, (1.0, 0.5, 50.0): {'shapes': [(3072, 700), (700,), (700, 262), (262,), (262, 208), (208,), (208, 10), (10,)], 'train_accuracy': 0.22284, 'test_accuracy': 0.2193}, (10.0, 0.5, 50.0): {'shapes': [(3072, 700), (700,), (700, 343), (343,), (343, 235), (235,), (235, 10), (10,)], 'train_accuracy': 0.2463, 'test_accuracy': 0.2429}}", "timing": "23656"}, "pdm_KL_match": {}, "pdm_KL2_match": {"Best Result": {"Best Sigma0": 10.0, "Best sigma": 0.5, "Best gamma": 10.0, "Best Test accuracy": 0.2331, "Train acc": 0.2385}, "PDM log": "{(1.0, 1.0, 1.0): {'shapes': [(3072, 307), (307,), (307, 100), (100,), (100, 100), (100,), (100, 10), (10,)], 'train_accuracy': 0.17706, 'test_accuracy': 0.1748}, (10.0, 1.0, 1.0): {'shapes': [(3072, 118), (118,), (118, 100), (100,), (100, 100), (100,), (100, 10), (10,)], 'train_accuracy': 0.15968, 'test_accuracy': 0.1653}, (1.0, 0.1, 1.0): {'shapes': [(3072, 700), (700,), (700, 100), (100,), (100, 100), (100,), (100, 10), (10,)], 'train_accuracy': 0.16486, 'test_accuracy': 0.1597}, (10.0, 0.1, 1.0): {'shapes': [(3072, 127), (127,), (127, 100), (100,), (100, 100), (100,), (100, 10), (10,)], 'train_accuracy': 0.16984, 'test_accuracy': 0.173}, (1.0, 0.5, 1.0): {'shapes': [(3072, 700), (700,), (700, 100), (100,), (100, 100), (100,), (100, 10), (10,)], 'train_accuracy': 0.18778, 'test_accuracy': 0.1857}, (10.0, 0.5, 1.0): {'shapes': [(3072, 118), (118,), (118, 100), (100,), (100, 100), (100,), (100, 10), (10,)], 'train_accuracy': 0.16152, 'test_accuracy': 0.1589}, (1.0, 1.0, 10.0): {'shapes': [(3072, 700), (700,), (700, 127), (127,), (127, 127), (127,), (127, 10), (10,)], 'train_accuracy': 0.15538, 'test_accuracy': 0.1544}, (10.0, 1.0, 10.0): {'shapes': [(3072, 289), (289,), (289, 127), (127,), (127, 127), (127,), (127, 10), (10,)], 'train_accuracy': 0.1639, 'test_accuracy': 0.1637}, (1.0, 0.1, 10.0): {'shapes': [(3072, 700), (700,), (700, 145), (145,), (145, 127), (127,), (127, 10), (10,)], 'train_accuracy': 0.20452, 'test_accuracy': 0.2027}, (10.0, 0.1, 10.0): {'shapes': [(3072, 370), (370,), (370, 127), (127,), (127, 127), (127,), (127, 10), (10,)], 'train_accuracy': 0.17818, 'test_accuracy': 0.1759}, (1.0, 0.5, 10.0): {'shapes': [(3072, 700), (700,), (700, 136), (136,), (136, 127), (127,), (127, 10), (10,)], 'train_accuracy': 0.17554, 'test_accuracy': 0.1784}, (10.0, 0.5, 10.0): {'shapes': [(3072, 325), (325,), (325, 127), (127,), (127, 127), (127,), (127, 10), (10,)], 'train_accuracy': 0.2385, 'test_accuracy': 0.2331}, (1.0, 1.0, 50.0): {'shapes': [(3072, 700), (700,), (700, 244), (244,), (244, 235), (235,), (235, 10), (10,)], 'train_accuracy': 0.17456, 'test_accuracy': 0.1733}, (10.0, 1.0, 50.0): {'shapes': [(3072, 487), (487,), (487, 235), (235,), (235, 235), (235,), (235, 10), (10,)], 'train_accuracy': 0.22512, 'test_accuracy': 0.2301}, (1.0, 0.1, 50.0): {'shapes': [(3072, 700), (700,), (700, 325), (325,), (325, 244), (244,), (244, 10), (10,)], 'train_accuracy': 0.21994, 'test_accuracy': 0.2185}, (10.0, 0.1, 50.0): {'shapes': [(3072, 487), (487,), (487, 244), (244,), (244, 235), (235,), (235, 10), (10,)], 'train_accuracy': 0.22964, 'test_accuracy': 0.2288}, (1.0, 0.5, 50.0): {'shapes': [(3072, 700), (700,), (700, 271), (271,), (271, 235), (235,), (235, 10), (10,)], 'train_accuracy': 0.18356, 'test_accuracy': 0.1832}, (10.0, 0.5, 50.0): {'shapes': [(3072, 532), (532,), (532, 235), (235,), (235, 235), (235,), (235, 10), (10,)], 'train_accuracy': 0.22668, 'test_accuracy': 0.2258}}", "timing": 50851}}