{"seed": 3, "Data statistics": "{0: {0: 324, 1: 286, 2: 177, 3: 114, 4: 936, 5: 105, 6: 350, 7: 5, 8: 428, 9: 978}, 1: {0: 906, 1: 924, 2: 1139, 3: 191, 4: 579, 5: 333, 6: 718, 7: 28, 8: 83, 9: 1105}, 2: {0: 381, 1: 108, 2: 483, 3: 1152, 4: 1050, 5: 78, 6: 954, 7: 206, 8: 620}, 3: {0: 7, 1: 1745, 2: 1728, 3: 388, 4: 193, 5: 831, 6: 841}, 4: {0: 1403, 1: 431, 2: 577, 3: 316, 4: 1020, 5: 559, 6: 1770}, 5: {0: 635, 1: 195, 2: 61, 3: 595, 4: 275, 5: 842, 6: 4, 7: 3009}, 6: {0: 23, 1: 46, 2: 454, 3: 833, 4: 189, 5: 117, 6: 161, 7: 426, 8: 1887, 9: 1182}, 7: {0: 1227, 1: 455, 2: 49, 3: 370, 4: 150, 5: 261, 6: 18, 7: 1, 8: 35, 9: 120}, 8: {0: 88, 1: 72, 2: 3, 3: 1022, 4: 57, 5: 627, 6: 66, 7: 1039, 8: 1251, 9: 1308}, 9: {0: 6, 1: 738, 2: 329, 3: 19, 4: 551, 5: 1247, 6: 118, 7: 286, 8: 696, 9: 307}}", "local_train_accs": [0.6111261139616527, 0.531968031968032, 0.5292130365659777, 0.6445142159427873, 0.5734035549703752, 0.6791310541310541, 0.6792027077848816, 0.5860014892032762, 0.6018434845472619, 0.5631836164766116], "local_test_accs": [0.3206, 0.3085, 0.3029, 0.2558, 0.2776, 0.2461, 0.293, 0.1759, 0.2651, 0.2759], "Uniform ensemble (Train acc)": 0.4379, "Uniform ensemble (Test acc)": 0.4313, "FedAvg (Train acc)": 0.09994, "FedAvg (Test acc)": 0.1, "pdm_match": {"Best Result": {"Best Sigma0": 10.0, "Best sigma": 0.1, "Best gamma": 10.0, "Best Test accuracy": 0.3053, "Train acc": 0.30382}, "PDM log": "{(1.0, 1.0, 1.0): {'shapes': [(3072, 577), (577,), (577, 100), (100,), (100, 100), (100,), (100, 10), (10,)], 'train_accuracy': 0.15716, 'test_accuracy': 0.1595}, (10.0, 1.0, 1.0): {'shapes': [(3072, 700), (700,), (700, 100), (100,), (100, 100), (100,), (100, 10), (10,)], 'train_accuracy': 0.21674, 'test_accuracy': 0.2217}, (1.0, 0.1, 1.0): {'shapes': [(3072, 700), (700,), (700, 193), (193,), (193, 103), (103,), (103, 10), (10,)], 'train_accuracy': 0.25958, 'test_accuracy': 0.263}, (10.0, 0.1, 1.0): {'shapes': [(3072, 700), (700,), (700, 232), (232,), (232, 103), (103,), (103, 10), (10,)], 'train_accuracy': 0.25848, 'test_accuracy': 0.2582}, (1.0, 0.5, 1.0): {'shapes': [(3072, 700), (700,), (700, 100), (100,), (100, 100), (100,), (100, 10), (10,)], 'train_accuracy': 0.1779, 'test_accuracy': 0.1772}, (10.0, 0.5, 1.0): {'shapes': [(3072, 700), (700,), (700, 100), (100,), (100, 100), (100,), (100, 10), (10,)], 'train_accuracy': 0.1868, 'test_accuracy': 0.187}, (1.0, 1.0, 10.0): {'shapes': [(3072, 700), (700,), (700, 127), (127,), (127, 118), (118,), (118, 10), (10,)], 'train_accuracy': 0.21012, 'test_accuracy': 0.2127}, (10.0, 1.0, 10.0): {'shapes': [(3072, 700), (700,), (700, 136), (136,), (136, 118), (118,), (118, 10), (10,)], 'train_accuracy': 0.20072, 'test_accuracy': 0.2009}, (1.0, 0.1, 10.0): {'shapes': [(3072, 700), (700,), (700, 536), (536,), (536, 126), (126,), (126, 10), (10,)], 'train_accuracy': 0.2908, 'test_accuracy': 0.2927}, (10.0, 0.1, 10.0): {'shapes': [(3072, 700), (700,), (700, 648), (648,), (648, 127), (127,), (127, 10), (10,)], 'train_accuracy': 0.30382, 'test_accuracy': 0.3053}, (1.0, 0.5, 10.0): {'shapes': [(3072, 700), (700,), (700, 136), (136,), (136, 117), (117,), (117, 10), (10,)], 'train_accuracy': 0.2232, 'test_accuracy': 0.2227}, (10.0, 0.5, 10.0): {'shapes': [(3072, 700), (700,), (700, 154), (154,), (154, 126), (126,), (126, 10), (10,)], 'train_accuracy': 0.2552, 'test_accuracy': 0.2595}, (1.0, 1.0, 50.0): {'shapes': [(3072, 700), (700,), (700, 235), (235,), (235, 190), (190,), (190, 10), (10,)], 'train_accuracy': 0.25356, 'test_accuracy': 0.2588}, (10.0, 1.0, 50.0): {'shapes': [(3072, 700), (700,), (700, 271), (271,), (271, 226), (226,), (226, 10), (10,)], 'train_accuracy': 0.24224, 'test_accuracy': 0.2409}, (1.0, 0.1, 50.0): {'shapes': [(3072, 700), (700,), (700, 700), (700,), (700, 234), (234,), (234, 10), (10,)], 'train_accuracy': 0.29042, 'test_accuracy': 0.2892}, (10.0, 0.1, 50.0): {'shapes': [(3072, 700), (700,), (700, 700), (700,), (700, 244), (244,), (244, 10), (10,)], 'train_accuracy': 0.29812, 'test_accuracy': 0.2969}, (1.0, 0.5, 50.0): {'shapes': [(3072, 700), (700,), (700, 271), (271,), (271, 198), (198,), (198, 10), (10,)], 'train_accuracy': 0.25552, 'test_accuracy': 0.256}, (10.0, 0.5, 50.0): {'shapes': [(3072, 700), (700,), (700, 343), (343,), (343, 234), (234,), (234, 10), (10,)], 'train_accuracy': 0.26226, 'test_accuracy': 0.2591}}", "timing": "33034"}, "pdm_KL_match": {}, "pdm_KL2_match": {"Best Result": {"Best Sigma0": 1.0, "Best sigma": 0.1, "Best gamma": 50.0, "Best Test accuracy": 0.2606, "Train acc": 0.26062}, "PDM log": "{(1.0, 1.0, 1.0): {'shapes': [(3072, 298), (298,), (298, 100), (100,), (100, 100), (100,), (100, 10), (10,)], 'train_accuracy': 0.22724, 'test_accuracy': 0.2219}, (10.0, 1.0, 1.0): {'shapes': [(3072, 118), (118,), (118, 100), (100,), (100, 100), (100,), (100, 10), (10,)], 'train_accuracy': 0.20208, 'test_accuracy': 0.2039}, (1.0, 0.1, 1.0): {'shapes': [(3072, 700), (700,), (700, 100), (100,), (100, 100), (100,), (100, 10), (10,)], 'train_accuracy': 0.1674, 'test_accuracy': 0.1753}, (10.0, 0.1, 1.0): {'shapes': [(3072, 127), (127,), (127, 100), (100,), (100, 100), (100,), (100, 10), (10,)], 'train_accuracy': 0.19028, 'test_accuracy': 0.1891}, (1.0, 0.5, 1.0): {'shapes': [(3072, 700), (700,), (700, 100), (100,), (100, 100), (100,), (100, 10), (10,)], 'train_accuracy': 0.23526, 'test_accuracy': 0.2356}, (10.0, 0.5, 1.0): {'shapes': [(3072, 127), (127,), (127, 100), (100,), (100, 100), (100,), (100, 10), (10,)], 'train_accuracy': 0.20758, 'test_accuracy': 0.2074}, (1.0, 1.0, 10.0): {'shapes': [(3072, 667), (667,), (667, 127), (127,), (127, 127), (127,), (127, 10), (10,)], 'train_accuracy': 0.22384, 'test_accuracy': 0.2267}, (10.0, 1.0, 10.0): {'shapes': [(3072, 280), (280,), (280, 127), (127,), (127, 127), (127,), (127, 10), (10,)], 'train_accuracy': 0.21218, 'test_accuracy': 0.2109}, (1.0, 0.1, 10.0): {'shapes': [(3072, 700), (700,), (700, 145), (145,), (145, 127), (127,), (127, 10), (10,)], 'train_accuracy': 0.20086, 'test_accuracy': 0.2018}, (10.0, 0.1, 10.0): {'shapes': [(3072, 370), (370,), (370, 127), (127,), (127, 127), (127,), (127, 10), (10,)], 'train_accuracy': 0.221, 'test_accuracy': 0.2249}, (1.0, 0.5, 10.0): {'shapes': [(3072, 700), (700,), (700, 127), (127,), (127, 127), (127,), (127, 10), (10,)], 'train_accuracy': 0.2015, 'test_accuracy': 0.2015}, (10.0, 0.5, 10.0): {'shapes': [(3072, 325), (325,), (325, 127), (127,), (127, 127), (127,), (127, 10), (10,)], 'train_accuracy': 0.21964, 'test_accuracy': 0.2212}, (1.0, 1.0, 50.0): {'shapes': [(3072, 700), (700,), (700, 244), (244,), (244, 235), (235,), (235, 10), (10,)], 'train_accuracy': 0.21514, 'test_accuracy': 0.2139}, (10.0, 1.0, 50.0): {'shapes': [(3072, 496), (496,), (496, 235), (235,), (235, 235), (235,), (235, 10), (10,)], 'train_accuracy': 0.21946, 'test_accuracy': 0.219}, (1.0, 0.1, 50.0): {'shapes': [(3072, 700), (700,), (700, 334), (334,), (334, 244), (244,), (244, 10), (10,)], 'train_accuracy': 0.26062, 'test_accuracy': 0.2606}, (10.0, 0.1, 50.0): {'shapes': [(3072, 577), (577,), (577, 244), (244,), (244, 235), (235,), (235, 10), (10,)], 'train_accuracy': 0.23224, 'test_accuracy': 0.2298}, (1.0, 0.5, 50.0): {'shapes': [(3072, 700), (700,), (700, 271), (271,), (271, 235), (235,), (235, 10), (10,)], 'train_accuracy': 0.24782, 'test_accuracy': 0.2486}, (10.0, 0.5, 50.0): {'shapes': [(3072, 532), (532,), (532, 244), (244,), (244, 235), (235,), (235, 10), (10,)], 'train_accuracy': 0.24278, 'test_accuracy': 0.2403}}", "timing": 45469}}