{"seed": 7, "Data statistics": "{0: {0: 554, 1: 669, 2: 572, 3: 681, 4: 598, 5: 558, 6: 636, 7: 619, 8: 562, 9: 551}, 1: {0: 590, 1: 674, 2: 557, 3: 563, 4: 600, 5: 553, 6: 565, 7: 674, 8: 639, 9: 585}, 2: {0: 605, 1: 703, 2: 584, 3: 644, 4: 578, 5: 529, 6: 563, 7: 606, 8: 577, 9: 611}, 3: {0: 581, 1: 680, 2: 615, 3: 621, 4: 560, 5: 588, 6: 616, 7: 604, 8: 523, 9: 612}, 4: {0: 623, 1: 671, 2: 621, 3: 623, 4: 589, 5: 521, 6: 604, 7: 610, 8: 560, 9: 578}, 5: {0: 571, 1: 610, 2: 573, 3: 626, 4: 602, 5: 557, 6: 561, 7: 678, 8: 604, 9: 618}, 6: {0: 552, 1: 679, 2: 615, 3: 613, 4: 559, 5: 514, 6: 599, 7: 643, 8: 606, 9: 620}, 7: {0: 620, 1: 710, 2: 621, 3: 598, 4: 568, 5: 520, 6: 575, 7: 612, 8: 597, 9: 579}, 8: {0: 625, 1: 671, 2: 596, 3: 560, 4: 620, 5: 530, 6: 646, 7: 593, 8: 558, 9: 601}, 9: {0: 602, 1: 675, 2: 604, 3: 602, 4: 568, 5: 551, 6: 553, 7: 626, 8: 625, 9: 594}}", "loading time": 50, "local_train_accs": [0.9863333333333333, 0.9926666666666667, 0.994, 0.9935, 0.9838333333333333, 0.9923333333333333, 0.9846666666666667, 0.9876666666666667, 0.9871666666666666, 0.9866666666666667], "local_test_accs": [0.9363, 0.9368, 0.9413, 0.9476, 0.9328, 0.9482, 0.9323, 0.9359, 0.9352, 0.9403], "Uniform ensemble (Train acc)": 0.9714, "Uniform ensemble (Test acc)": 0.969, "FedAvg (Train acc)": 0.14548333333333333, "FedAvg (Test acc)": 0.1411, "pdm_KL_reg 0": {"Best Result": {"Best Sigma0": 10, "Best sigma": 0.5, "Best gamma": 10, "Best Test accuracy": 0.9689, "Train acc": 0.9713333333333334}, "PDM log": "{(10, 0.5, 10): {'shapes': [(784, 700), (700,), (700, 10), (10,)], 'train_accuracy': 0.9713333333333334, 'test_accuracy': 0.9689}}", "timing": 316}, "pdm_KL_reg 0.001": {"Best Result": {"Best Sigma0": 10, "Best sigma": 0.5, "Best gamma": 10, "Best Test accuracy": 0.9691, "Train acc": 0.97135}, "PDM log": "{(10, 0.5, 10): {'shapes': [(784, 700), (700,), (700, 10), (10,)], 'train_accuracy': 0.97135, 'test_accuracy': 0.9691}}", "timing": 585}, "pdm_KL_reg 0.005": {"Best Result": {"Best Sigma0": 10, "Best sigma": 0.5, "Best gamma": 10, "Best Test accuracy": 0.9687, "Train acc": 0.9713}, "PDM log": "{(10, 0.5, 10): {'shapes': [(784, 700), (700,), (700, 10), (10,)], 'train_accuracy': 0.9713, 'test_accuracy': 0.9687}}", "timing": 516}, "pdm_KL_reg 0.01": {"Best Result": {"Best Sigma0": 10, "Best sigma": 0.5, "Best gamma": 10, "Best Test accuracy": 0.9685, "Train acc": 0.9713666666666667}, "PDM log": "{(10, 0.5, 10): {'shapes': [(784, 700), (700,), (700, 10), (10,)], 'train_accuracy': 0.9713666666666667, 'test_accuracy': 0.9685}}", "timing": 602}, "pdm_KL_reg 0.05": {"Best Result": {"Best Sigma0": 10, "Best sigma": 0.5, "Best gamma": 10, "Best Test accuracy": 0.969, "Train acc": 0.9716}, "PDM log": "{(10, 0.5, 10): {'shapes': [(784, 700), (700,), (700, 10), (10,)], 'train_accuracy': 0.9716, 'test_accuracy': 0.969}}", "timing": 603}, "pdm_KL_reg 0.1": {"Best Result": {"Best Sigma0": 10, "Best sigma": 0.5, "Best gamma": 10, "Best Test accuracy": 0.9688, "Train acc": 0.9713666666666667}, "PDM log": "{(10, 0.5, 10): {'shapes': [(784, 700), (700,), (700, 10), (10,)], 'train_accuracy': 0.9713666666666667, 'test_accuracy': 0.9688}}", "timing": 492}, "pdm_KL_reg 0.5": {"Best Result": {"Best Sigma0": 10, "Best sigma": 0.5, "Best gamma": 10, "Best Test accuracy": 0.9688, "Train acc": 0.9714166666666667}, "PDM log": "{(10, 0.5, 10): {'shapes': [(784, 700), (700,), (700, 10), (10,)], 'train_accuracy': 0.9714166666666667, 'test_accuracy': 0.9688}}", "timing": 483}, "pdm_KL_reg 1": {"Best Result": {"Best Sigma0": 10, "Best sigma": 0.5, "Best gamma": 10, "Best Test accuracy": 0.969, "Train acc": 0.97125}, "PDM log": "{(10, 0.5, 10): {'shapes': [(784, 676), (676,), (676, 10), (10,)], 'train_accuracy': 0.97125, 'test_accuracy': 0.969}}", "timing": 291}, "pdm_KL_reg 2": {"Best Result": {"Best Sigma0": 10, "Best sigma": 0.5, "Best gamma": 10, "Best Test accuracy": 0.0974, "Train acc": 0.09751666666666667}, "PDM log": "{(10, 0.5, 10): {'shapes': [(784, 100), (100,), (100, 10), (10,)], 'train_accuracy': 0.09751666666666667, 'test_accuracy': 0.0974}}", "timing": 58}, "pdm_KL_reg 5": {"Best Result": {"Best Sigma0": 10, "Best sigma": 0.5, "Best gamma": 10, "Best Test accuracy": 0.0974, "Train acc": 0.09751666666666667}, "PDM log": "{(10, 0.5, 10): {'shapes': [(784, 100), (100,), (100, 10), (10,)], 'train_accuracy': 0.09751666666666667, 'test_accuracy': 0.0974}}", "timing": 62}, "pdm_KL_reg 10": {"Best Result": {"Best Sigma0": 10, "Best sigma": 0.5, "Best gamma": 10, "Best Test accuracy": 0.0974, "Train acc": 0.09751666666666667}, "PDM log": "{(10, 0.5, 10): {'shapes': [(784, 100), (100,), (100, 10), (10,)], 'train_accuracy': 0.09751666666666667, 'test_accuracy': 0.0974}}", "timing": 74}, "best_reg": 0.001}