{"seed": 7, "Data statistics": "{0: {0: 23, 1: 85, 2: 1, 3: 1035, 4: 553}, 1: {0: 72, 1: 62, 2: 8, 3: 36, 4: 3, 5: 405, 6: 724, 7: 39, 8: 18, 9: 640}, 2: {0: 6, 1: 22, 2: 123, 3: 78, 4: 146, 5: 479, 6: 29, 7: 243, 8: 11, 9: 306}, 3: {0: 59, 1: 601, 2: 358, 3: 26, 4: 56, 5: 29, 6: 7, 7: 696}, 4: {0: 10, 1: 23, 2: 5, 3: 117, 4: 367, 5: 12, 6: 88, 7: 684, 8: 313, 9: 48}, 5: {0: 223, 1: 25, 2: 122, 4: 93, 5: 79, 6: 65, 7: 558, 8: 159, 9: 240}, 6: {0: 478, 1: 33, 2: 30, 3: 2, 4: 179, 5: 21, 6: 48, 7: 294, 8: 205, 9: 9}, 7: {0: 4, 1: 141, 2: 310, 3: 1370}, 8: {0: 920, 1: 44, 2: 103, 3: 97, 4: 687}, 9: {0: 418, 1: 96, 2: 117, 3: 33, 4: 390, 5: 90, 6: 986}, 10: {0: 72, 1: 79, 2: 62, 3: 4, 4: 1, 5: 33, 6: 23, 7: 163, 8: 893, 9: 4}, 11: {0: 310, 1: 7, 2: 61, 3: 5, 4: 25, 5: 155, 6: 3, 7: 31, 8: 1035, 9: 11}, 12: {0: 103, 1: 1, 2: 133, 4: 37, 5: 1, 6: 1, 7: 453, 8: 68, 9: 57}, 13: {0: 806, 1: 103, 2: 211, 3: 91, 4: 40, 6: 5, 7: 505}, 14: {0: 84, 1: 48, 2: 149, 3: 124, 4: 7, 6: 128, 7: 26, 8: 2, 9: 604}, 15: {0: 213, 1: 100, 2: 206, 3: 75, 4: 172, 5: 114, 6: 10, 7: 3, 8: 297, 9: 811}, 16: {0: 30, 1: 78, 2: 477, 3: 37, 4: 655, 5: 366, 6: 6, 7: 32}, 17: {0: 116, 1: 97, 2: 301, 3: 202, 4: 1, 5: 15, 6: 101, 9: 30}, 18: {0: 27, 1: 295, 2: 351, 3: 228, 4: 132, 5: 143, 6: 1273}, 19: {1: 1816}, 20: {0: 2, 1: 8, 2: 3, 3: 72, 4: 44, 5: 52, 6: 24, 7: 36, 8: 687, 9: 564}, 21: {0: 289, 1: 392, 2: 24, 3: 109, 4: 105, 5: 6, 6: 177, 7: 2, 8: 459, 9: 64}, 22: {0: 205, 1: 15, 2: 13, 3: 134, 4: 86, 5: 355, 6: 215, 7: 20, 8: 67, 9: 1}, 23: {0: 22, 1: 42, 2: 93, 3: 359, 4: 417, 5: 136, 6: 72, 7: 1, 8: 330, 9: 45}, 24: {0: 99, 1: 18, 2: 231, 3: 247, 4: 33, 5: 1210}, 25: {0: 48, 1: 72, 2: 452, 4: 97, 5: 779, 6: 6, 7: 784}, 26: {0: 5, 1: 468, 2: 438, 3: 37, 4: 645, 5: 177}, 27: {0: 3, 2: 81, 3: 391, 4: 14, 5: 224, 6: 70, 7: 16, 8: 10}, 28: {0: 270, 1: 223, 2: 523, 3: 1, 4: 1, 5: 3, 6: 548, 7: 27, 8: 24, 9: 469}, 29: {0: 83, 1: 6, 2: 14, 3: 90, 4: 14, 5: 116, 6: 391, 7: 387, 8: 422, 9: 1097}}", "loading time": 72, "local_train_accs": [0.7613435474366529, 0.6960637767812655, 0.5634095634095634, 0.6834061135371179, 0.611877624475105, 0.5492327365728901, 0.5927636643571979, 0.7989041095890411, 0.7655321447866018, 0.6281690140845071, 0.7481259370314842, 0.7017650639074863, 0.6487119437939111, 0.6428165814877911, 0.6800341296928327, 0.5997001499250375, 0.5330160618679357, 0.5886442641946698, 0.657819518170682, 1.0, 0.7365951742627346, 0.553779963122311, 0.5715571557155715, 0.5299934080421885, 0.6887921653971708, 0.5679177837354781, 0.6389830508474577, 0.5302843016069221, 0.5773097175682145, 0.6538167938931297], "local_test_accs": [0.1675, 0.2253, 0.2083, 0.2064, 0.2673, 0.2362, 0.2187, 0.1314, 0.1954, 0.2244, 0.173, 0.1658, 0.1813, 0.1973, 0.2134, 0.2546, 0.1627, 0.2516, 0.226, 0.1, 0.2028, 0.2458, 0.2498, 0.2154, 0.1422, 0.1721, 0.1949, 0.1153, 0.2585, 0.2536], "Uniform ensemble (Train acc)": 0.3915, "Uniform ensemble (Test acc)": 0.3832, "FedAvg (Train acc)": 0.09998, "FedAvg (Test acc)": 0.1, "pdm_KL_reg 0": {"Best Result": {"Best Sigma0": 10, "Best sigma": 1, "Best gamma": 50, "Best Test accuracy": 0.2204, "Train acc": 0.21596}, "PDM log": "{(10, 1, 50): {'shapes': [(3072, 700), (700,), (700, 10), (10,)], 'train_accuracy': 0.21596, 'test_accuracy': 0.2204}}", "timing": 684}, "pdm_KL_reg 0.001": {"Best Result": {"Best Sigma0": 10, "Best sigma": 1, "Best gamma": 50, "Best Test accuracy": 0.2143, "Train acc": 0.21184}, "PDM log": "{(10, 1, 50): {'shapes': [(3072, 700), (700,), (700, 10), (10,)], 'train_accuracy': 0.21184, 'test_accuracy': 0.2143}}", "timing": 1494}, "pdm_KL_reg 0.005": {"Best Result": {"Best Sigma0": 10, "Best sigma": 1, "Best gamma": 50, "Best Test accuracy": 0.2383, "Train acc": 0.2356}, "PDM log": "{(10, 1, 50): {'shapes': [(3072, 700), (700,), (700, 10), (10,)], 'train_accuracy': 0.2356, 'test_accuracy': 0.2383}}", "timing": 1393}, "pdm_KL_reg 0.01": {"Best Result": {"Best Sigma0": 10, "Best sigma": 1, "Best gamma": 50, "Best Test accuracy": 0.2478, "Train acc": 0.24808}, "PDM log": "{(10, 1, 50): {'shapes': [(3072, 700), (700,), (700, 10), (10,)], 'train_accuracy': 0.24808, 'test_accuracy': 0.2478}}", "timing": 1354}, "pdm_KL_reg 0.05": {"Best Result": {"Best Sigma0": 10, "Best sigma": 1, "Best gamma": 50, "Best Test accuracy": 0.2338, "Train acc": 0.23156}, "PDM log": "{(10, 1, 50): {'shapes': [(3072, 700), (700,), (700, 10), (10,)], 'train_accuracy': 0.23156, 'test_accuracy': 0.2338}}", "timing": 1461}, "pdm_KL_reg 0.1": {"Best Result": {"Best Sigma0": 10, "Best sigma": 1, "Best gamma": 50, "Best Test accuracy": 0.2447, "Train acc": 0.24156}, "PDM log": "{(10, 1, 50): {'shapes': [(3072, 700), (700,), (700, 10), (10,)], 'train_accuracy': 0.24156, 'test_accuracy': 0.2447}}", "timing": 1468}, "pdm_KL_reg 0.5": {"Best Result": {"Best Sigma0": 10, "Best sigma": 1, "Best gamma": 50, "Best Test accuracy": 0.2478, "Train acc": 0.24906}, "PDM log": "{(10, 1, 50): {'shapes': [(3072, 700), (700,), (700, 10), (10,)], 'train_accuracy': 0.24906, 'test_accuracy': 0.2478}}", "timing": 1476}, "pdm_KL_reg 1": {"Best Result": {"Best Sigma0": 10, "Best sigma": 1, "Best gamma": 50, "Best Test accuracy": 0.2345, "Train acc": 0.24}, "PDM log": "{(10, 1, 50): {'shapes': [(3072, 464), (464,), (464, 10), (10,)], 'train_accuracy': 0.24, 'test_accuracy': 0.2345}}", "timing": 1032}, "pdm_KL_reg 2": {"Best Result": {"Best Sigma0": 10, "Best sigma": 1, "Best gamma": 50, "Best Test accuracy": 0.1554, "Train acc": 0.15926}, "PDM log": "{(10, 1, 50): {'shapes': [(3072, 154), (154,), (154, 10), (10,)], 'train_accuracy': 0.15926, 'test_accuracy': 0.1554}}", "timing": 323}, "pdm_KL_reg 5": {"Best Result": {"Best Sigma0": 10, "Best sigma": 1, "Best gamma": 50, "Best Test accuracy": 0.1, "Train acc": 0.1}, "PDM log": "{(10, 1, 50): {'shapes': [(3072, 131), (131,), (131, 10), (10,)], 'train_accuracy': 0.1, 'test_accuracy': 0.1}}", "timing": 255}, "pdm_KL_reg 10": {"Best Result": {"Best Sigma0": 10, "Best sigma": 1, "Best gamma": 50, "Best Test accuracy": 0.1397, "Train acc": 0.13994}, "PDM log": "{(10, 1, 50): {'shapes': [(3072, 126), (126,), (126, 10), (10,)], 'train_accuracy': 0.13994, 'test_accuracy': 0.1397}}", "timing": 213}, "best_reg": 0.01}