{"seed": 4, "Data statistics": "{0: {0: 1033, 1: 1027, 2: 974, 3: 985, 4: 965, 5: 1004, 6: 1020, 7: 1013, 8: 960, 9: 1019}, 1: {0: 1020, 1: 992, 2: 1010, 3: 956, 4: 1030, 5: 989, 6: 1081, 7: 989, 8: 985, 9: 948}, 2: {0: 987, 1: 1001, 2: 1032, 3: 1058, 4: 980, 5: 1025, 6: 925, 7: 982, 8: 1025, 9: 985}, 3: {0: 989, 1: 975, 2: 975, 3: 1003, 4: 1018, 5: 1003, 6: 979, 7: 1014, 8: 998, 9: 1046}, 4: {0: 971, 1: 1005, 2: 1009, 3: 998, 4: 1007, 5: 979, 6: 995, 7: 1002, 8: 1032, 9: 1002}}", "local_train_accs": [0.4657, 0.4418, 0.4447, 0.4347, 0.4527], "local_test_accs": [0.4141, 0.3894, 0.3915, 0.3805, 0.3995], "pdm_match": {}, "pdm_KL_match": {}, "pdm_KL2_match": {"Best Result": {"Best Sigma0": 1.0, "Best sigma": 1.0, "Best gamma": 50.0, "Best Test accuracy": 0.4316, "Train acc": 0.44198}, "PDM log": "{(1.0, 1.0, 1.0): {'shapes': [(3072, 203), (203,), (203, 10), (10,)], 'train_accuracy': 0.4414, 'test_accuracy': 0.4303}, (10.0, 1.0, 1.0): {'shapes': [(3072, 112), (112,), (112, 10), (10,)], 'train_accuracy': 0.23712, 'test_accuracy': 0.2324}, (1.0, 0.1, 1.0): {'shapes': [(3072, 453), (453,), (453, 10), (10,)], 'train_accuracy': 0.44114, 'test_accuracy': 0.4296}, (10.0, 0.1, 1.0): {'shapes': [(3072, 120), (120,), (120, 10), (10,)], 'train_accuracy': 0.27378, 'test_accuracy': 0.268}, (1.0, 0.5, 1.0): {'shapes': [(3072, 420), (420,), (420, 10), (10,)], 'train_accuracy': 0.4416, 'test_accuracy': 0.4295}, (10.0, 0.5, 1.0): {'shapes': [(3072, 116), (116,), (116, 10), (10,)], 'train_accuracy': 0.27432, 'test_accuracy': 0.2713}, (1.0, 1.0, 10.0): {'shapes': [(3072, 404), (404,), (404, 10), (10,)], 'train_accuracy': 0.44184, 'test_accuracy': 0.4315}, (10.0, 1.0, 10.0): {'shapes': [(3072, 200), (200,), (200, 10), (10,)], 'train_accuracy': 0.43386, 'test_accuracy': 0.4223}, (1.0, 0.1, 10.0): {'shapes': [(3072, 468), (468,), (468, 10), (10,)], 'train_accuracy': 0.44114, 'test_accuracy': 0.4296}, (10.0, 0.1, 10.0): {'shapes': [(3072, 240), (240,), (240, 10), (10,)], 'train_accuracy': 0.44116, 'test_accuracy': 0.4292}, (1.0, 0.5, 10.0): {'shapes': [(3072, 444), (444,), (444, 10), (10,)], 'train_accuracy': 0.4417, 'test_accuracy': 0.4297}, (10.0, 0.5, 10.0): {'shapes': [(3072, 220), (220,), (220, 10), (10,)], 'train_accuracy': 0.4412, 'test_accuracy': 0.429}, (1.0, 1.0, 50.0): {'shapes': [(3072, 444), (444,), (444, 10), (10,)], 'train_accuracy': 0.44198, 'test_accuracy': 0.4316}, (10.0, 1.0, 50.0): {'shapes': [(3072, 400), (400,), (400, 10), (10,)], 'train_accuracy': 0.44098, 'test_accuracy': 0.4295}, (1.0, 0.1, 50.0): {'shapes': [(3072, 480), (480,), (480, 10), (10,)], 'train_accuracy': 0.44114, 'test_accuracy': 0.4296}, (10.0, 0.1, 50.0): {'shapes': [(3072, 420), (420,), (420, 10), (10,)], 'train_accuracy': 0.44096, 'test_accuracy': 0.4297}, (1.0, 0.5, 50.0): {'shapes': [(3072, 468), (468,), (468, 10), (10,)], 'train_accuracy': 0.44172, 'test_accuracy': 0.4296}, (10.0, 0.5, 50.0): {'shapes': [(3072, 412), (412,), (412, 10), (10,)], 'train_accuracy': 0.44094, 'test_accuracy': 0.4297}}"}}