{"seed": 3, "Data statistics": "{0: {0: 1032, 1: 951, 2: 1033, 3: 994, 4: 918, 5: 1006, 6: 1043, 7: 1040, 8: 970, 9: 1013}, 1: {0: 978, 1: 1031, 2: 1004, 3: 1033, 4: 976, 5: 987, 6: 1018, 7: 1017, 8: 984, 9: 972}, 2: {0: 1002, 1: 1013, 2: 982, 3: 976, 4: 1003, 5: 1040, 6: 978, 7: 949, 8: 1059, 9: 998}, 3: {0: 992, 1: 1023, 2: 968, 3: 1022, 4: 1014, 5: 1019, 6: 984, 7: 970, 8: 1002, 9: 1006}, 4: {0: 996, 1: 982, 2: 1013, 3: 975, 4: 1089, 5: 948, 6: 977, 7: 1024, 8: 985, 9: 1011}}", "local_train_accs": [0.4583, 0.4338, 0.4365, 0.4375, 0.4474], "local_test_accs": [0.4034, 0.3989, 0.3881, 0.3946, 0.3978], "pdm_match": {}, "pdm_KL_match": {}, "pdm_KL2_match": {"Best Result": {"Best Sigma0": 1.0, "Best sigma": 1.0, "Best gamma": 50.0, "Best Test accuracy": 0.4335, "Train acc": 0.43756}, "PDM log": "{(1.0, 1.0, 1.0): {'shapes': [(3072, 204), (204,), (204, 10), (10,)], 'train_accuracy': 0.43732, 'test_accuracy': 0.4345}, (10.0, 1.0, 1.0): {'shapes': [(3072, 112), (112,), (112, 10), (10,)], 'train_accuracy': 0.35526, 'test_accuracy': 0.3516}, (1.0, 0.1, 1.0): {'shapes': [(3072, 464), (464,), (464, 10), (10,)], 'train_accuracy': 0.43564, 'test_accuracy': 0.4316}, (10.0, 0.1, 1.0): {'shapes': [(3072, 120), (120,), (120, 10), (10,)], 'train_accuracy': 0.3229, 'test_accuracy': 0.3227}, (1.0, 0.5, 1.0): {'shapes': [(3072, 412), (412,), (412, 10), (10,)], 'train_accuracy': 0.43646, 'test_accuracy': 0.4315}, (10.0, 0.5, 1.0): {'shapes': [(3072, 116), (116,), (116, 10), (10,)], 'train_accuracy': 0.33882, 'test_accuracy': 0.339}, (1.0, 1.0, 10.0): {'shapes': [(3072, 408), (408,), (408, 10), (10,)], 'train_accuracy': 0.43742, 'test_accuracy': 0.4333}, (10.0, 1.0, 10.0): {'shapes': [(3072, 200), (200,), (200, 10), (10,)], 'train_accuracy': 0.43568, 'test_accuracy': 0.432}, (1.0, 0.1, 10.0): {'shapes': [(3072, 476), (476,), (476, 10), (10,)], 'train_accuracy': 0.43564, 'test_accuracy': 0.4316}, (10.0, 0.1, 10.0): {'shapes': [(3072, 240), (240,), (240, 10), (10,)], 'train_accuracy': 0.43484, 'test_accuracy': 0.4312}, (1.0, 0.5, 10.0): {'shapes': [(3072, 452), (452,), (452, 10), (10,)], 'train_accuracy': 0.43664, 'test_accuracy': 0.4318}, (10.0, 0.5, 10.0): {'shapes': [(3072, 220), (220,), (220, 10), (10,)], 'train_accuracy': 0.43472, 'test_accuracy': 0.4311}, (1.0, 1.0, 50.0): {'shapes': [(3072, 452), (452,), (452, 10), (10,)], 'train_accuracy': 0.43756, 'test_accuracy': 0.4335}, (10.0, 1.0, 50.0): {'shapes': [(3072, 404), (404,), (404, 10), (10,)], 'train_accuracy': 0.43542, 'test_accuracy': 0.4315}, (1.0, 0.1, 50.0): {'shapes': [(3072, 480), (480,), (480, 10), (10,)], 'train_accuracy': 0.43564, 'test_accuracy': 0.4316}, (10.0, 0.1, 50.0): {'shapes': [(3072, 412), (412,), (412, 10), (10,)], 'train_accuracy': 0.435, 'test_accuracy': 0.4316}, (1.0, 0.5, 50.0): {'shapes': [(3072, 476), (476,), (476, 10), (10,)], 'train_accuracy': 0.43664, 'test_accuracy': 0.4318}, (10.0, 0.5, 50.0): {'shapes': [(3072, 408), (408,), (408, 10), (10,)], 'train_accuracy': 0.43524, 'test_accuracy': 0.4315}}"}}