{"seed": 8, "Data statistics": "{0: {0: 2948, 1: 3424, 2: 2979, 3: 3090, 4: 2912, 5: 2723, 6: 2894, 7: 3104, 8: 2935, 9: 2991}, 1: {0: 2975, 1: 3318, 2: 2979, 3: 3041, 4: 2930, 5: 2698, 6: 3024, 7: 3161, 8: 2916, 9: 2958}}", "local_train_accs": [0.9830666666666666, 0.9797333333333333], "local_test_accs": [0.9611, 0.9568], "pdm_match": {}, "pdm_KL_match": {}, "pdm_KL2_match": {"Best Result": {"Best Sigma0": 1.0, "Best sigma": 1.0, "Best gamma": 1.0, "Best Test accuracy": 0.9727, "Train acc": 0.98425}, "PDM log": "{(1.0, 1.0, 1.0): {'shapes': [(784, 182), (182,), (182, 10), (10,)], 'train_accuracy': 0.98425, 'test_accuracy': 0.9727}, (10.0, 1.0, 1.0): {'shapes': [(784, 173), (173,), (173, 10), (10,)], 'train_accuracy': 0.9833666666666666, 'test_accuracy': 0.9723}, (1.0, 0.1, 1.0): {'shapes': [(784, 185), (185,), (185, 10), (10,)], 'train_accuracy': 0.9834833333333334, 'test_accuracy': 0.9723}, (10.0, 0.1, 1.0): {'shapes': [(784, 175), (175,), (175, 10), (10,)], 'train_accuracy': 0.9831833333333333, 'test_accuracy': 0.9721}, (1.0, 0.5, 1.0): {'shapes': [(784, 184), (184,), (184, 10), (10,)], 'train_accuracy': 0.9839166666666667, 'test_accuracy': 0.9722}, (10.0, 0.5, 1.0): {'shapes': [(784, 174), (174,), (174, 10), (10,)], 'train_accuracy': 0.9834166666666667, 'test_accuracy': 0.9722}, (1.0, 1.0, 10.0): {'shapes': [(784, 183), (183,), (183, 10), (10,)], 'train_accuracy': 0.9842333333333333, 'test_accuracy': 0.9727}, (10.0, 1.0, 10.0): {'shapes': [(784, 180), (180,), (180, 10), (10,)], 'train_accuracy': 0.9834333333333334, 'test_accuracy': 0.9726}, (1.0, 0.1, 10.0): {'shapes': [(784, 187), (187,), (187, 10), (10,)], 'train_accuracy': 0.9834833333333334, 'test_accuracy': 0.9723}, (10.0, 0.1, 10.0): {'shapes': [(784, 182), (182,), (182, 10), (10,)], 'train_accuracy': 0.9834, 'test_accuracy': 0.9721}, (1.0, 0.5, 10.0): {'shapes': [(784, 185), (185,), (185, 10), (10,)], 'train_accuracy': 0.9839333333333333, 'test_accuracy': 0.9722}, (10.0, 0.5, 10.0): {'shapes': [(784, 181), (181,), (181, 10), (10,)], 'train_accuracy': 0.9834666666666667, 'test_accuracy': 0.9723}, (1.0, 1.0, 50.0): {'shapes': [(784, 185), (185,), (185, 10), (10,)], 'train_accuracy': 0.98425, 'test_accuracy': 0.9727}, (10.0, 1.0, 50.0): {'shapes': [(784, 183), (183,), (183, 10), (10,)], 'train_accuracy': 0.9834666666666667, 'test_accuracy': 0.9723}, (1.0, 0.1, 50.0): {'shapes': [(784, 190), (190,), (190, 10), (10,)], 'train_accuracy': 0.9834833333333334, 'test_accuracy': 0.9723}, (10.0, 0.1, 50.0): {'shapes': [(784, 184), (184,), (184, 10), (10,)], 'train_accuracy': 0.9834333333333334, 'test_accuracy': 0.9722}, (1.0, 0.5, 50.0): {'shapes': [(784, 187), (187,), (187, 10), (10,)], 'train_accuracy': 0.9839333333333333, 'test_accuracy': 0.9722}, (10.0, 0.5, 50.0): {'shapes': [(784, 184), (184,), (184, 10), (10,)], 'train_accuracy': 0.9835, 'test_accuracy': 0.9723}}"}}