{"seed": 8, "Data statistics": "{0: {0: 3323, 1: 4315, 2: 5005, 3: 705, 4: 633, 5: 3504, 6: 22, 7: 3358, 8: 195, 9: 5949}, 1: {0: 2600, 1: 2427, 2: 953, 3: 5426, 4: 5209, 5: 1917, 6: 5896, 7: 2907, 8: 5656}}", "loading time": 31, "local_train_accs": [0.9575326742937539, 0.9500166712133612], "local_test_accs": [0.7923, 0.8457], "ot_fusion_acc": 80.4}