{"seed": 9, "Data statistics": "{0: {0: 653, 1: 1418, 2: 3459, 3: 3985, 4: 4320, 5: 5071, 6: 568, 7: 9, 8: 5722, 9: 1049}, 1: {0: 5270, 1: 5324, 2: 2499, 3: 2146, 4: 1522, 5: 350, 6: 5350, 7: 6256, 8: 129, 9: 4900}}", "loading time": 30, "local_train_accs": [0.9537975165689038, 0.9669886801398684], "local_test_accs": [0.827, 0.8589], "ot_fusion_acc": 78.84}