{"seed": 7, "Data statistics": "{0: {0: 1417, 1: 2830, 2: 3754, 3: 6122, 4: 2677, 5: 3047, 6: 730, 7: 6264, 8: 2074, 9: 1675}, 1: {0: 4506, 1: 3912, 2: 2204, 3: 9, 4: 3165, 5: 2374, 6: 5188, 7: 1, 8: 3777, 9: 4274}}", "loading time": 31, "local_train_accs": [0.9560640732265446, 0.9595715742944577], "local_test_accs": [0.9389, 0.7596], "ot_fusion_acc": 73.43}