{"seed": 0, "Data statistics": "{0: {0: 503, 1: 483, 2: 487, 3: 527, 4: 473, 5: 548, 6: 491, 7: 502, 8: 482, 9: 504}, 1: {0: 501, 1: 503, 2: 529, 3: 503, 4: 494, 5: 468, 6: 462, 7: 497, 8: 507, 9: 536}, 2: {0: 510, 1: 540, 2: 498, 3: 461, 4: 516, 5: 483, 6: 502, 7: 515, 8: 492, 9: 483}, 3: {0: 487, 1: 487, 2: 493, 3: 498, 4: 523, 5: 482, 6: 500, 7: 487, 8: 495, 9: 548}, 4: {0: 505, 1: 480, 2: 488, 3: 488, 4: 480, 5: 509, 6: 537, 7: 490, 8: 490, 9: 533}, 5: {0: 504, 1: 480, 2: 511, 3: 494, 4: 530, 5: 509, 6: 521, 7: 489, 8: 490, 9: 472}, 6: {0: 512, 1: 509, 2: 512, 3: 488, 4: 488, 5: 465, 6: 490, 7: 538, 8: 506, 9: 492}, 7: {0: 472, 1: 521, 2: 463, 3: 549, 4: 502, 5: 515, 6: 518, 7: 496, 8: 479, 9: 485}, 8: {0: 505, 1: 485, 2: 487, 3: 505, 4: 497, 5: 512, 6: 508, 7: 501, 8: 531, 9: 469}, 9: {0: 501, 1: 512, 2: 532, 3: 487, 4: 497, 5: 509, 6: 471, 7: 485, 8: 528, 9: 478}}", "loading time": 24, "local_train_accs": [0.2096, 0.2244, 0.3158, 0.2718, 0.3302, 0.3414, 0.2952, 0.2728, 0.275, 0.288], "local_test_accs": [0.1957, 0.2225, 0.2852, 0.2469, 0.3029, 0.3094, 0.2709, 0.2541, 0.2637, 0.27], "pdm_KL_reg 0": {"Best Result": {"Best Sigma0": 10, "Best sigma": 1, "Best gamma": 10, "Best Test accuracy": 0.1875, "Train acc": 0.1883}, "PDM log": "{(10, 1, 10): {'shapes': [(3072, 888), (888,), (888, 136), (136,), (136, 118), (118,), (118, 10), (10,)], 'train_accuracy': 0.1883, 'test_accuracy': 0.1875}}", "timing": 376}, "best_reg": 0, "skip_pdm": {"Best Result": {"Best Sigma0": 10, "Best sigma": 1, "Best gamma": 10, "Best Test accuracy": 0.1, "Train acc": 0.10004}, "PDM log": "{(10, 1, 10): {'shapes': [(891, 3073), (101, 891), (146, 101), (10, 146)], 'train_accuracy': 0.10004, 'test_accuracy': 0.1}}", "timing": 361}}