{"seed": 6, "Data statistics": "{0: {0: 525, 1: 492, 2: 476, 3: 486, 4: 508, 5: 495, 6: 524, 7: 481, 8: 510, 9: 503}, 1: {0: 492, 1: 515, 2: 471, 3: 507, 4: 523, 5: 503, 6: 486, 7: 482, 8: 510, 9: 511}, 2: {0: 513, 1: 485, 2: 481, 3: 511, 4: 480, 5: 511, 6: 512, 7: 479, 8: 516, 9: 512}, 3: {0: 467, 1: 473, 2: 526, 3: 496, 4: 514, 5: 514, 6: 469, 7: 513, 8: 520, 9: 508}, 4: {0: 500, 1: 492, 2: 499, 3: 519, 4: 534, 5: 460, 6: 525, 7: 485, 8: 514, 9: 472}, 5: {0: 508, 1: 492, 2: 507, 3: 512, 4: 466, 5: 513, 6: 523, 7: 492, 8: 494, 9: 493}, 6: {0: 468, 1: 508, 2: 533, 3: 506, 4: 439, 5: 510, 6: 510, 7: 519, 8: 501, 9: 506}, 7: {0: 540, 1: 511, 2: 499, 3: 452, 4: 508, 5: 501, 6: 464, 7: 529, 8: 474, 9: 522}, 8: {0: 497, 1: 497, 2: 496, 3: 517, 4: 511, 5: 497, 6: 493, 7: 509, 8: 497, 9: 486}, 9: {0: 490, 1: 535, 2: 512, 3: 494, 4: 517, 5: 496, 6: 494, 7: 511, 8: 464, 9: 487}}", "loading time": 37, "local_train_accs": [0.1048, 0.3318, 0.2628, 0.2814, 0.279, 0.2026, 0.2692, 0.2942, 0.3006, 0.255], "local_test_accs": [0.1, 0.3086, 0.2441, 0.2691, 0.2595, 0.1887, 0.2627, 0.2793, 0.2867, 0.2424], "pdm_KL_reg 0": {"Best Result": {"Best Sigma0": 10, "Best sigma": 1, "Best gamma": 10, "Best Test accuracy": 0.2292, "Train acc": 0.2296}, "PDM log": "{(10, 1, 10): {'shapes': [(3072, 891), (891,), (891, 136), (136,), (136, 118), (118,), (118, 10), (10,)], 'train_accuracy': 0.2296, 'test_accuracy': 0.2292}}", "timing": 305}, "best_reg": 0, "skip_pdm": {"Best Result": {"Best Sigma0": 10, "Best sigma": 1, "Best gamma": 10, "Best Test accuracy": 0.1002, "Train acc": 0.10078}, "PDM log": "{(10, 1, 10): {'shapes': [(893, 3073), (101, 893), (146, 101), (10, 146)], 'train_accuracy': 0.10078, 'test_accuracy': 0.1002}}", "timing": 379}}