{"seed": 6, "Data statistics": "{0: {0: 193, 1: 210, 3: 460, 4: 26, 5: 5, 6: 126, 7: 49, 8: 874, 9: 332}, 1: {0: 1769, 1: 168, 2: 620, 3: 158, 4: 2341}, 2: {0: 346, 1: 931, 2: 26, 3: 64, 4: 636, 5: 23, 6: 462, 7: 144, 8: 1123, 9: 3145}, 3: {0: 126, 1: 415, 2: 75, 3: 2, 4: 736, 5: 57, 6: 327, 7: 3568}, 4: {1: 503, 2: 2042, 3: 114, 4: 84, 5: 81, 6: 1902, 7: 282}, 5: {0: 1, 1: 1891, 2: 88, 3: 53, 4: 33, 5: 2056, 6: 159, 7: 13, 8: 1196}, 6: {0: 1958, 1: 90, 2: 196, 3: 739, 4: 670, 5: 89, 6: 25, 7: 71, 8: 1494}, 7: {0: 147, 1: 44, 2: 165, 3: 2558, 4: 99, 5: 1075, 6: 1979}, 8: {0: 453, 1: 735, 2: 111, 3: 484, 4: 164, 5: 1328, 6: 16, 7: 565, 8: 300, 9: 1430}, 9: {0: 7, 1: 13, 2: 1677, 3: 368, 4: 211, 5: 286, 6: 4, 7: 308, 8: 13, 9: 93}}", "loading time": 66, "local_train_accs": [0.5503296703296703, 0.6785996835443038, 0.5689855072463769, 0.6928006030908406, 0.45886581469648563, 0.7085610200364298, 0.5084396099024756, 0.5529915938684687, 0.42660221983530255, 0.562751677852349], "local_test_accs": [0.1881, 0.1707, 0.2083, 0.1338, 0.12, 0.2069, 0.1956, 0.1453, 0.1694, 0.1], "pdm_KL_reg 0": {"Best Result": {"Best Sigma0": 10, "Best sigma": 1, "Best gamma": 50, "Best Test accuracy": 0.2683, "Train acc": 0.26844}, "PDM log": "{(10, 1, 50): {'shapes': [(3072, 891), (891,), (891, 298), (298,), (298, 298), (298,), (298, 298), (298,), (298, 226), (226,), (226, 10), (10,)], 'train_accuracy': 0.26844, 'test_accuracy': 0.2683}}", "timing": 734}, "best_reg": 0, "skip_pdm": {"Best Result": {"Best Sigma0": 10, "Best sigma": 1, "Best gamma": 50, "Best Test accuracy": 0.1, "Train acc": 0.1}, "PDM log": "{(10, 1, 50): {'shapes': [(894, 3073), (101, 894), (389, 101), (101, 389), (308, 101), (10, 308)], 'train_accuracy': 0.1, 'test_accuracy': 0.1}}", "timing": 692}}