{"seed": 2, "Data statistics": "{0: {0: 20, 1: 166, 2: 805, 3: 1865, 4: 1297, 5: 1014}, 1: {0: 318, 1: 1068, 2: 10, 3: 177, 4: 73, 5: 25, 6: 630, 7: 719, 8: 206, 9: 1249}, 2: {0: 527, 1: 20, 2: 32, 3: 198, 4: 71, 5: 33, 6: 27, 7: 626, 8: 383, 9: 244}, 3: {0: 271, 1: 1707, 2: 2, 3: 229, 4: 526, 5: 372, 6: 24, 7: 175, 8: 413, 9: 1788}, 4: {0: 930, 1: 357, 2: 340, 3: 268, 4: 2215, 5: 2429}, 5: {0: 226, 1: 83, 2: 2028, 3: 461, 4: 131, 5: 293, 6: 10, 7: 3134}, 6: {0: 39, 1: 1568, 2: 691, 3: 1584, 4: 370, 5: 669, 6: 1506}, 7: {0: 1548, 1: 6, 2: 397, 3: 188, 4: 35, 5: 155, 6: 806, 7: 179, 8: 2216}, 8: {0: 1107, 1: 22, 2: 294, 3: 17, 4: 264, 6: 1214, 7: 8, 8: 749, 9: 929}, 9: {0: 14, 1: 3, 2: 401, 3: 13, 4: 18, 5: 10, 6: 783, 7: 159, 8: 1033, 9: 790}}", "local_train_accs": [0.5163537836268628, 0.6440223463687151, 0.5987968533086534, 0.5870710005447612, 0.6751796910842637, 0.6704366949418787, 0.5865878325812977, 0.6464737793851718, 0.6409643788010426, 0.7143300248138957], "local_test_accs": [0.1849, 0.3324, 0.25, 0.2725, 0.2589, 0.1703, 0.2658, 0.2526, 0.2807, 0.2615], "Uniform ensemble (Train acc)": 0.4324, "Uniform ensemble (Test acc)": 0.4237, "FedAvg (Train acc)": 0.1, "FedAvg (Test acc)": 0.1, "pdm_match": {"Best Result": {"Best Sigma0": 10.0, "Best sigma": 0.1, "Best gamma": 10.0, "Best Test accuracy": 0.2723, "Train acc": 0.27472}, "PDM log": "{(1.0, 1.0, 1.0): {'shapes': [(3072, 543), (543,), (543, 100), (100,), (100, 100), (100,), (100, 100), (100,), (100, 100), (100,), (100, 10), (10,)], 'train_accuracy': 0.1, 'test_accuracy': 0.1}, (10.0, 1.0, 1.0): {'shapes': [(3072, 700), (700,), (700, 100), (100,), (100, 100), (100,), (100, 100), (100,), (100, 100), (100,), (100, 10), (10,)], 'train_accuracy': 0.1, 'test_accuracy': 0.1}, (1.0, 0.1, 1.0): {'shapes': [(3072, 700), (700,), (700, 210), (210,), (210, 183), (183,), (183, 169), (169,), (169, 104), (104,), (104, 10), (10,)], 'train_accuracy': 0.16828, 'test_accuracy': 0.1698}, (10.0, 0.1, 1.0): {'shapes': [(3072, 700), (700,), (700, 251), (251,), (251, 234), (234,), (234, 201), (201,), (201, 107), (107,), (107, 10), (10,)], 'train_accuracy': 0.18588, 'test_accuracy': 0.1865}, (1.0, 0.5, 1.0): {'shapes': [(3072, 700), (700,), (700, 100), (100,), (100, 100), (100,), (100, 100), (100,), (100, 100), (100,), (100, 10), (10,)], 'train_accuracy': 0.10004, 'test_accuracy': 0.1001}, (10.0, 0.5, 1.0): {'shapes': [(3072, 700), (700,), (700, 100), (100,), (100, 100), (100,), (100, 100), (100,), (100, 101), (101,), (101, 10), (10,)], 'train_accuracy': 0.10022, 'test_accuracy': 0.1002}, (1.0, 1.0, 10.0): {'shapes': [(3072, 700), (700,), (700, 127), (127,), (127, 127), (127,), (127, 127), (127,), (127, 109), (109,), (109, 10), (10,)], 'train_accuracy': 0.1, 'test_accuracy': 0.1001}, (10.0, 1.0, 10.0): {'shapes': [(3072, 700), (700,), (700, 136), (136,), (136, 136), (136,), (136, 136), (136,), (136, 118), (118,), (118, 10), (10,)], 'train_accuracy': 0.1013, 'test_accuracy': 0.1008}, (1.0, 0.1, 10.0): {'shapes': [(3072, 700), (700,), (700, 621), (621,), (621, 574), (574,), (574, 467), (467,), (467, 130), (130,), (130, 10), (10,)], 'train_accuracy': 0.24536, 'test_accuracy': 0.2416}, (10.0, 0.1, 10.0): {'shapes': [(3072, 700), (700,), (700, 667), (667,), (667, 685), (685,), (685, 555), (555,), (555, 138), (138,), (138, 10), (10,)], 'train_accuracy': 0.27472, 'test_accuracy': 0.2723}, (1.0, 0.5, 10.0): {'shapes': [(3072, 700), (700,), (700, 136), (136,), (136, 136), (136,), (136, 136), (136,), (136, 116), (116,), (116, 10), (10,)], 'train_accuracy': 0.10034, 'test_accuracy': 0.1004}, (10.0, 0.5, 10.0): {'shapes': [(3072, 700), (700,), (700, 154), (154,), (154, 154), (154,), (154, 145), (145,), (145, 125), (125,), (125, 10), (10,)], 'train_accuracy': 0.1307, 'test_accuracy': 0.1272}, (1.0, 1.0, 50.0): {'shapes': [(3072, 700), (700,), (700, 235), (235,), (235, 235), (235,), (235, 235), (235,), (235, 179), (179,), (179, 10), (10,)], 'train_accuracy': 0.1, 'test_accuracy': 0.1}, (10.0, 1.0, 50.0): {'shapes': [(3072, 700), (700,), (700, 280), (280,), (280, 280), (280,), (280, 271), (271,), (271, 217), (217,), (217, 10), (10,)], 'train_accuracy': 0.17426, 'test_accuracy': 0.1688}, (1.0, 0.1, 50.0): {'shapes': [(3072, 700), (700,), (700, 700), (700,), (700, 700), (700,), (700, 700), (700,), (700, 230), (230,), (230, 10), (10,)], 'train_accuracy': 0.26294, 'test_accuracy': 0.2621}, (10.0, 0.1, 50.0): {'shapes': [(3072, 700), (700,), (700, 700), (700,), (700, 700), (700,), (700, 700), (700,), (700, 244), (244,), (244, 10), (10,)], 'train_accuracy': 0.26832, 'test_accuracy': 0.2649}, (1.0, 0.5, 50.0): {'shapes': [(3072, 700), (700,), (700, 271), (271,), (271, 280), (280,), (280, 262), (262,), (262, 195), (195,), (195, 10), (10,)], 'train_accuracy': 0.14336, 'test_accuracy': 0.1415}, (10.0, 0.5, 50.0): {'shapes': [(3072, 700), (700,), (700, 352), (352,), (352, 343), (343,), (343, 325), (325,), (325, 234), (234,), (234, 10), (10,)], 'train_accuracy': 0.15584, 'test_accuracy': 0.1525}}", "timing": "48654"}, "pdm_KL_match": {}, "pdm_KL2_match": {"Best Result": {"Best Sigma0": 1.0, "Best sigma": 0.1, "Best gamma": 50.0, "Best Test accuracy": 0.1505, "Train acc": 0.152},