{"seed": 1, "Data statistics": "{0: {0: 64, 1: 306, 2: 78, 3: 575, 4: 153, 5: 1405, 6: 540, 7: 346, 8: 1359, 9: 1110}, 1: {0: 727, 1: 1165, 2: 328, 3: 541, 4: 88, 5: 2, 6: 289, 7: 5, 8: 96, 9: 963}, 2: {0: 97, 1: 6, 2: 449, 3: 1188, 4: 884, 5: 1983, 6: 1198}, 3: {0: 1155, 1: 249, 2: 41, 3: 844, 4: 1354, 5: 27, 6: 2, 7: 612, 8: 1013}, 4: {0: 11, 1: 434, 2: 412, 3: 239, 4: 1707, 5: 740, 6: 107, 7: 830, 8: 236, 9: 272}, 5: {0: 2048, 1: 1819, 2: 716, 3: 194, 4: 566}, 6: {0: 12, 1: 682, 2: 1563, 3: 2, 4: 108, 5: 36, 6: 1697, 7: 811, 8: 52, 9: 2532}, 7: {0: 381, 1: 270, 2: 1103, 3: 250, 4: 16, 5: 214, 6: 381, 7: 1715, 8: 828}, 8: {0: 231, 1: 5, 3: 617, 4: 123, 5: 326, 6: 2, 8: 664, 9: 12}, 9: {0: 274, 1: 64, 2: 310, 3: 550, 4: 1, 5: 267, 6: 784, 7: 681, 8: 752, 9: 111}}", "local_train_accs": [0.5820417789757413, 0.5851569933396765, 0.45564168819982775, 0.6273362280536152, 0.5545308740978349, 0.6953022646453303, 0.6837891927951968, 0.592865451725475, 0.5909090909090909, 0.5242488139167106], "local_test_accs": [0.3106, 0.2935, 0.2318, 0.3121, 0.2873, 0.2478, 0.2781, 0.2977, 0.1898, 0.272], "Uniform ensemble (Train acc)": 0.41972, "Uniform ensemble (Test acc)": 0.4155, "FedAvg (Train acc)": 0.1, "FedAvg (Test acc)": 0.1, "pdm_match": {"Best Result": {"Best Sigma0": 10.0, "Best sigma": 0.1, "Best gamma": 50.0, "Best Test accuracy": 0.2936, "Train acc": 0.2971}, "PDM log": "{(1.0, 1.0, 1.0): {'shapes': [(3072, 530), (530,), (530, 100), (100,), (100, 100), (100,), (100, 100), (100,), (100, 100), (100,), (100, 10), (10,)], 'train_accuracy': 0.12478, 'test_accuracy': 0.1238}, (10.0, 1.0, 1.0): {'shapes': [(3072, 700), (700,), (700, 100), (100,), (100, 100), (100,), (100, 100), (100,), (100, 100), (100,), (100, 10), (10,)], 'train_accuracy': 0.12978, 'test_accuracy': 0.1297}, (1.0, 0.1, 1.0): {'shapes': [(3072, 700), (700,), (700, 190), (190,), (190, 180), (180,), (180, 171), (171,), (171, 102), (102,), (102, 10), (10,)], 'train_accuracy': 0.1129, 'test_accuracy': 0.1127}, (10.0, 0.1, 1.0): {'shapes': [(3072, 700), (700,), (700, 234), (234,), (234, 217), (217,), (217, 213), (213,), (213, 104), (104,), (104, 10), (10,)], 'train_accuracy': 0.14678, 'test_accuracy': 0.1446}, (1.0, 0.5, 1.0): {'shapes': [(3072, 700), (700,), (700, 100), (100,), (100, 100), (100,), (100, 100), (100,), (100, 100), (100,), (100, 10), (10,)], 'train_accuracy': 0.10328, 'test_accuracy': 0.1014}, (10.0, 0.5, 1.0): {'shapes': [(3072, 700), (700,), (700, 100), (100,), (100, 100), (100,), (100, 100), (100,), (100, 100), (100,), (100, 10), (10,)], 'train_accuracy': 0.11032, 'test_accuracy': 0.1113}, (1.0, 1.0, 10.0): {'shapes': [(3072, 700), (700,), (700, 127), (127,), (127, 127), (127,), (127, 127), (127,), (127, 118), (118,), (118, 10), (10,)], 'train_accuracy': 0.10068, 'test_accuracy': 0.1004}, (10.0, 1.0, 10.0): {'shapes': [(3072, 700), (700,), (700, 136), (136,), (136, 136), (136,), (136, 136), (136,), (136, 127), (127,), (127, 10), (10,)], 'train_accuracy': 0.10412, 'test_accuracy': 0.1037}, (1.0, 0.1, 10.0): {'shapes': [(3072, 700), (700,), (700, 592), (592,), (592, 560), (560,), (560, 478), (478,), (478, 128), (128,), (128, 10), (10,)], 'train_accuracy': 0.26302, 'test_accuracy': 0.2584}, (10.0, 0.1, 10.0): {'shapes': [(3072, 700), (700,), (700, 667), (667,), (667, 649), (649,), (649, 573), (573,), (573, 129), (129,), (129, 10), (10,)], 'train_accuracy': 0.2847, 'test_accuracy': 0.2817}, (1.0, 0.5, 10.0): {'shapes': [(3072, 700), (700,), (700, 136), (136,), (136, 136), (136,), (136, 127), (127,), (127, 118), (118,), (118, 10), (10,)], 'train_accuracy': 0.12128, 'test_accuracy': 0.1205}, (10.0, 0.5, 10.0): {'shapes': [(3072, 700), (700,), (700, 154), (154,), (154, 145), (145,), (145, 145), (145,), (145, 127), (127,), (127, 10), (10,)], 'train_accuracy': 0.13554, 'test_accuracy': 0.136}, (1.0, 1.0, 50.0): {'shapes': [(3072, 700), (700,), (700, 235), (235,), (235, 235), (235,), (235, 235), (235,), (235, 208), (208,), (208, 10), (10,)], 'train_accuracy': 0.12424, 'test_accuracy': 0.1226}, (10.0, 1.0, 50.0): {'shapes': [(3072, 700), (700,), (700, 280), (280,), (280, 271), (271,), (271, 271), (271,), (271, 235), (235,), (235, 10), (10,)], 'train_accuracy': 0.14268, 'test_accuracy': 0.1415}, (1.0, 0.1, 50.0): {'shapes': [(3072, 700), (700,), (700, 700), (700,), (700, 700), (700,), (700, 700), (700,), (700, 226), (226,), (226, 10), (10,)], 'train_accuracy': 0.2816, 'test_accuracy': 0.2773}, (10.0, 0.1, 50.0): {'shapes': [(3072, 700), (700,), (700, 700), (700,), (700, 700), (700,), (700, 700), (700,), (700, 244), (244,), (244, 10), (10,)], 'train_accuracy': 0.2971, 'test_accuracy': 0.2936}, (1.0, 0.5, 50.0): {'shapes': [(3072, 700), (700,), (700, 271), (271,), (271, 271), (271,), (271, 262), (262,), (262, 208), (208,), (208, 10), (10,)], 'train_accuracy': 0.14508, 'test_accuracy': 0.1419}, (10.0, 0.5, 50.0): {'shapes': [(3072, 700), (700,), (700, 352), (352,), (352, 334), (334,), (334, 334), (334,), (334, 235), (235,), (235, 10), (10,)], 'train_accuracy': 0.21802, 'test_accuracy': 0.2188}}", "timing": "50323"}, "pdm_KL_match": {}, "pdm_KL2_match": {"Best Result": {"Best Sigma0": 1.0, "Best sigma": 0.1, "Best gamma": 50.0, "Best Test accuracy": 0.1527, "Train acc": 0.15112},