{"seed": 0, "Data statistics": "{0: {0: 558, 1: 94, 2: 1590, 3: 140, 4: 1197}, 1: {0: 10, 1: 28, 2: 269, 3: 18, 4: 386, 5: 3, 6: 946, 7: 18, 8: 230, 9: 364}, 2: {0: 5, 1: 6, 2: 653, 3: 1, 4: 278, 5: 6, 6: 560, 7: 2, 8: 121, 9: 692}, 3: {0: 231, 1: 792, 2: 102, 3: 29, 4: 82, 5: 748, 6: 719, 7: 374, 8: 247, 9: 1478}, 4: {0: 296, 1: 1927, 2: 2, 3: 431, 4: 146, 5: 35, 6: 1, 7: 499}, 5: {0: 740, 1: 46, 2: 384, 3: 572, 4: 7, 5: 348, 6: 188, 7: 1520}, 6: {0: 5, 1: 181, 2: 514, 3: 760, 4: 134, 5: 309, 6: 235, 7: 51, 8: 762, 9: 917}, 7: {0: 423, 1: 2, 2: 133, 3: 1399, 5: 1645}, 8: {0: 661, 1: 101, 2: 6, 3: 34, 4: 1692, 5: 16, 6: 4, 7: 9, 8: 502, 9: 948}, 9: {0: 1, 1: 125, 3: 156, 4: 313, 5: 147, 6: 89, 7: 195, 8: 698, 9: 152}, 10: {0: 681, 1: 650, 2: 107, 3: 94, 4: 38, 5: 175, 6: 718, 7: 737, 8: 3, 9: 254}, 11: {0: 303, 1: 54, 2: 694, 3: 240, 4: 221, 5: 50, 6: 887, 7: 584, 8: 300, 9: 191}, 12: {0: 271, 1: 14, 2: 54, 3: 7, 4: 83, 5: 105, 6: 245, 7: 6, 8: 875, 9: 4}, 13: {0: 288, 1: 883, 2: 16, 3: 169, 4: 422, 5: 813, 6: 61, 7: 947}, 14: {0: 527, 1: 97, 2: 476, 3: 950, 4: 1, 5: 600, 6: 347, 7: 58, 8: 1262}}", "loading time": 37, "local_train_accs": [0.6317407096954456, 0.6320422535211268, 0.6424268502581756, 0.5857975843398584, 0.7698531615223254, 0.5863337713534823, 0.5442088934850051, 0.603553581343698, 0.6539139189529323, 0.6119402985074627, 0.4723748915244432, 0.5039727582292849, 0.6881009615384616, 0.6062795220894693, 0.5331171838814266], "local_test_accs": [0.1976, 0.253, 0.2353, 0.3264, 0.2387, 0.2329, 0.2709, 0.1644, 0.2479, 0.2615, 0.23, 0.2873, 0.2196, 0.2658, 0.2702], "pdm_KL_reg 0": {"Best Result": {"Best Sigma0": 10, "Best sigma": 1, "Best gamma": 50, "Best Test accuracy": 0.2801, "Train acc": 0.28114}, "PDM log": "{(10, 1, 50): {'shapes': [(3072, 1441), (1441,), (1441, 10), (10,)], 'train_accuracy': 0.28114, 'test_accuracy': 0.2801}}", "timing": 1209}, "pdm_KL_reg 0.001": {"Best Result": {"Best Sigma0": 10, "Best sigma": 1, "Best gamma": 50, "Best Test accuracy": 0.2801, "Train acc": 0.28114}, "PDM log": "{(10, 1, 50): {'shapes': [(3072, 1441), (1441,), (1441, 10), (10,)], 'train_accuracy': 0.28114, 'test_accuracy': 0.2801}}", "timing": 3341}, "pdm_KL_reg 0.005": {"Best Result": {"Best Sigma0": 10, "Best sigma": 1, "Best gamma": 50, "Best Test accuracy": 0.2801, "Train acc": 0.28114}, "PDM log": "{(10, 1, 50): {'shapes': [(3072, 1441), (1441,), (1441, 10), (10,)], 'train_accuracy': 0.28114, 'test_accuracy': 0.2801}}", "timing": 3270}, "pdm_KL_reg 0.01": {"Best Result": {"Best Sigma0": 10, "Best sigma": 1, "Best gamma": 50, "Best Test accuracy": 0.2801, "Train acc": 0.28114}, "PDM log": "{(10, 1, 50): {'shapes': [(3072, 1441), (1441,), (1441, 10), (10,)], 'train_accuracy': 0.28114, 'test_accuracy': 0.2801}}", "timing": 3377}, "pdm_KL_reg 0.05": {"Best Result": {"Best Sigma0": 10, "Best sigma": 1, "Best gamma": 50, "Best Test accuracy": 0.2801, "Train acc": 0.28114}, "PDM log": "{(10, 1, 50): {'shapes': [(3072, 1439), (1439,), (1439, 10), (10,)], 'train_accuracy': 0.28114, 'test_accuracy': 0.2801}}", "timing": 3283}, "pdm_KL_reg 0.1": {"Best Result": {"Best Sigma0": 10, "Best sigma": 1, "Best gamma": 50, "Best Test accuracy": 0.2801, "Train acc": 0.28114}, "PDM log": "{(10, 1, 50): {'shapes': [(3072, 1438), (1438,), (1438, 10), (10,)], 'train_accuracy': 0.28114, 'test_accuracy': 0.2801}}", "timing": 3022}, "pdm_KL_reg 0.5": {"Best Result": {"Best Sigma0": 10, "Best sigma": 1, "Best gamma": 50, "Best Test accuracy": 0.2801, "Train acc": 0.28114}, "PDM log": "{(10, 1, 50): {'shapes': [(3072, 1407), (1407,), (1407, 10), (10,)], 'train_accuracy': 0.28114, 'test_accuracy': 0.2801}}", "timing": 2990}, "pdm_KL_reg 1": {"Best Result": {"Best Sigma0": 10, "Best sigma": 1, "Best gamma": 50, "Best Test accuracy": 0.2783, "Train acc": 0.27908}, "PDM log": "{(10, 1, 50): {'shapes': [(3072, 1024), (1024,), (1024, 10), (10,)], 'train_accuracy': 0.27908, 'test_accuracy': 0.2783}}", "timing": 2090}, "pdm_KL_reg 2": {"Best Result": {"Best Sigma0": 10, "Best sigma": 1, "Best gamma": 50, "Best Test accuracy": 0.1001, "Train acc": 0.09992}, "PDM log": "{(10, 1, 50): {'shapes': [(3072, 114), (114,), (114, 10), (10,)], 'train_accuracy': 0.09992, 'test_accuracy': 0.1001}}", "timing": 228}, "pdm_KL_reg 5": {"Best Result": {"Best Sigma0": 10, "Best sigma": 1, "Best gamma": 50, "Best Test accuracy": 0.1, "Train acc": 0.10002}, "PDM log": "{(10, 1, 50): {'shapes': [(3072, 105), (105,), (105, 10), (10,)], 'train_accuracy': 0.10002, 'test_accuracy': 0.1}}", "timing": 167}, "pdm_KL_reg 10": {"Best Result": {"Best Sigma0": 10, "Best sigma": 1, "Best gamma": 50, "Best Test accuracy": 0.1001, "Train acc": 0.10002}, "PDM log": "{(10, 1, 50): {'shapes': [(3072, 100), (100,), (100, 10), (10,)], 'train_accuracy': 0.10002, 'test_accuracy': 0.1001}}", "timing": 179}, "best_reg": 0}