{"seed": 7, "Data statistics": "{0: {0: 32, 1: 286, 2: 24, 3: 691, 4: 2, 6: 40, 8: 3, 9: 9}, 1: {0: 100, 1: 641, 2: 1927, 3: 642, 4: 407}, 2: {0: 9, 1: 904, 2: 263, 3: 276, 4: 128, 5: 157, 6: 33, 7: 167, 8: 215, 9: 491}, 3: {0: 82, 1: 386, 2: 32, 3: 906, 4: 409, 5: 161, 6: 795, 7: 83, 8: 275, 9: 448}, 4: {0: 15, 1: 66, 2: 53, 3: 61, 4: 884, 5: 158, 6: 42, 7: 236, 8: 669, 9: 101}, 5: {0: 309, 1: 1026, 2: 342, 3: 398, 4: 6, 5: 2682}, 6: {0: 666, 1: 275, 2: 10, 3: 279, 4: 18, 5: 266, 6: 167, 7: 116, 8: 217, 9: 27}, 7: {0: 7, 1: 7, 2: 35, 3: 122, 4: 449, 5: 1125, 6: 604, 7: 3, 8: 556, 9: 194}, 8: {0: 1281, 1: 433, 2: 3, 3: 227, 4: 178, 5: 178, 6: 38, 7: 818, 9: 1882}, 9: {0: 583, 1: 17, 2: 752, 3: 802, 4: 517, 5: 5, 6: 820}, 10: {0: 100, 1: 612, 2: 301, 4: 25, 5: 8, 6: 1017, 7: 1443}, 11: {0: 431, 1: 24, 2: 1036, 3: 13, 4: 607, 5: 39, 6: 1189}, 12: {0: 144, 1: 163, 2: 126, 3: 92, 4: 57, 5: 140, 6: 5, 7: 952, 8: 228, 9: 1848}, 13: {0: 1123, 1: 116, 2: 44, 3: 458, 4: 1038, 5: 54, 6: 9, 7: 805}, 14: {0: 118, 1: 44, 2: 52, 3: 33, 4: 275, 5: 27, 6: 241, 7: 377, 8: 2837}}", "loading time": 36, "local_train_accs": [0.7985280588776449, 0.6238902340597255, 0.559213015512675, 0.5515795359239586, 0.6722100656455142, 0.7371404576947302, 0.5781479666829985, 0.5934880722114765, 0.6504565303691942, 0.5471967963386728, 0.7256132344552196, 0.5792153339323151, 0.7033288948069241, 0.6213326021387442, 0.801948051948052], "local_test_accs": [0.1922, 0.2119, 0.2818, 0.3267, 0.2465, 0.2411, 0.2536, 0.2766, 0.2545, 0.2436, 0.2467, 0.2181, 0.2374, 0.2306, 0.2187], "pdm_KL_reg 0": {"Best Result": {"Best Sigma0": 10, "Best sigma": 1, "Best gamma": 50, "Best Test accuracy": 0.2705, "Train acc": 0.27054}, "PDM log": "{(10, 1, 50): {'shapes': [(3072, 1432), (1432,), (1432, 10), (10,)], 'train_accuracy': 0.27054, 'test_accuracy': 0.2705}}", "timing": 2014}, "pdm_KL_reg 0.001": {"Best Result": {"Best Sigma0": 10, "Best sigma": 1, "Best gamma": 50, "Best Test accuracy": 0.2705, "Train acc": 0.27054}, "PDM log": "{(10, 1, 50): {'shapes': [(3072, 1432), (1432,), (1432, 10), (10,)], 'train_accuracy': 0.27054, 'test_accuracy': 0.2705}}", "timing": 4637}, "pdm_KL_reg 0.005": {"Best Result": {"Best Sigma0": 10, "Best sigma": 1, "Best gamma": 50, "Best Test accuracy": 0.2705, "Train acc": 0.27054}, "PDM log": "{(10, 1, 50): {'shapes': [(3072, 1432), (1432,), (1432, 10), (10,)], 'train_accuracy': 0.27054, 'test_accuracy': 0.2705}}", "timing": 4524}, "pdm_KL_reg 0.01": {"Best Result": {"Best Sigma0": 10, "Best sigma": 1, "Best gamma": 50, "Best Test accuracy": 0.2705, "Train acc": 0.27054}, "PDM log": "{(10, 1, 50): {'shapes': [(3072, 1432), (1432,), (1432, 10), (10,)], 'train_accuracy': 0.27054, 'test_accuracy': 0.2705}}", "timing": 4874}, "pdm_KL_reg 0.05": {"Best Result": {"Best Sigma0": 10, "Best sigma": 1, "Best gamma": 50, "Best Test accuracy": 0.2705, "Train acc": 0.27054}, "PDM log": "{(10, 1, 50): {'shapes': [(3072, 1432), (1432,), (1432, 10), (10,)], 'train_accuracy': 0.27054, 'test_accuracy': 0.2705}}", "timing": 4311}, "pdm_KL_reg 0.1": {"Best Result": {"Best Sigma0": 10, "Best sigma": 1, "Best gamma": 50, "Best Test accuracy": 0.2705, "Train acc": 0.27054}, "PDM log": "{(10, 1, 50): {'shapes': [(3072, 1428), (1428,), (1428, 10), (10,)], 'train_accuracy': 0.27054, 'test_accuracy': 0.2705}}", "timing": 4208}, "pdm_KL_reg 0.5": {"Best Result": {"Best Sigma0": 10, "Best sigma": 1, "Best gamma": 50, "Best Test accuracy": 0.2706, "Train acc": 0.27052}, "PDM log": "{(10, 1, 50): {'shapes': [(3072, 1393), (1393,), (1393, 10), (10,)], 'train_accuracy': 0.27052, 'test_accuracy': 0.2706}}", "timing": 4108}, "pdm_KL_reg 1": {"Best Result": {"Best Sigma0": 10, "Best sigma": 1, "Best gamma": 50, "Best Test accuracy": 0.2738, "Train acc": 0.27274}, "PDM log": "{(10, 1, 50): {'shapes': [(3072, 1010), (1010,), (1010, 10), (10,)], 'train_accuracy': 0.27274, 'test_accuracy': 0.2738}}", "timing": 2829}, "pdm_KL_reg 2": {"Best Result": {"Best Sigma0": 10, "Best sigma": 1, "Best gamma": 50, "Best Test accuracy": 0.1, "Train acc": 0.1}, "PDM log": "{(10, 1, 50): {'shapes': [(3072, 112), (112,), (112, 10), (10,)], 'train_accuracy': 0.1, 'test_accuracy': 0.1}}", "timing": 322}, "pdm_KL_reg 5": {"Best Result": {"Best Sigma0": 10, "Best sigma": 1, "Best gamma": 50, "Best Test accuracy": 0.1, "Train acc": 0.09998}, "PDM log": "{(10, 1, 50): {'shapes': [(3072, 107), (107,), (107, 10), (10,)], 'train_accuracy': 0.09998, 'test_accuracy': 0.1}}", "timing": 241}, "pdm_KL_reg 10": {"Best Result": {"Best Sigma0": 10, "Best sigma": 1, "Best gamma": 50, "Best Test accuracy": 0.1, "Train acc": 0.1}, "PDM log": "{(10, 1, 50): {'shapes': [(3072, 100), (100,), (100, 10), (10,)], 'train_accuracy': 0.1, 'test_accuracy': 0.1}}", "timing": 206}, "best_reg": 1}