{"seed": 2, "Data statistics": "{0: {0: 9, 1: 17, 2: 257, 3: 300, 4: 41, 5: 9, 6: 804, 7: 1228, 8: 117, 9: 836}, 1: {0: 154, 1: 15, 2: 90, 3: 344, 4: 61, 5: 4, 6: 637, 7: 217, 8: 354, 9: 2}, 2: {0: 253, 1: 2, 2: 1863, 3: 39, 4: 199, 5: 94, 6: 3, 7: 147, 8: 1635}, 3: {0: 130, 1: 333, 2: 326, 3: 394, 4: 81, 5: 4, 6: 352, 7: 35, 8: 990, 9: 1311}, 4: {0: 448, 1: 95, 2: 401, 3: 43, 4: 604, 5: 57, 6: 488, 7: 491, 8: 273, 9: 66}, 5: {0: 109, 1: 141, 2: 79, 3: 2615, 4: 318, 5: 483}, 6: {0: 18, 1: 1608, 2: 80, 3: 49, 4: 1439, 5: 283}, 7: {0: 745, 1: 535, 2: 68, 3: 611, 4: 200, 5: 954, 6: 169, 7: 751}, 8: {0: 533, 1: 546, 2: 51, 3: 107, 4: 140, 5: 446, 6: 1580}, 9: {0: 6, 1: 327, 2: 240, 3: 18, 4: 7, 5: 138, 6: 239, 7: 19, 8: 325, 9: 1022}, 10: {0: 383, 1: 9, 2: 62, 3: 24, 4: 27, 5: 488, 6: 30, 7: 145, 8: 201, 9: 1203}, 11: {0: 1382, 1: 341, 2: 539, 3: 70, 4: 37, 5: 305, 7: 13, 8: 641, 9: 506}, 12: {0: 1, 1: 87, 2: 559, 3: 98, 4: 569, 5: 1189, 6: 284, 7: 617}, 13: {1: 595, 2: 158, 3: 51, 4: 42, 5: 328, 6: 293, 7: 635, 8: 464, 9: 54}, 14: {0: 829, 1: 349, 2: 227, 3: 237, 4: 1235, 5: 218, 6: 121, 7: 702}}", "loading time": 35, "local_train_accs": [0.6556108347153123, 0.6288604898828541, 0.7378984651711924, 0.6241152679474217, 0.48280512474713416, 0.7140186915887851, 0.818809318377912, 0.5209521448053558, 0.7052600646488393, 0.6480136693720632, 0.6862363919129082, 0.5563380281690141, 0.4870740305522914, 0.5977099236641221, 0.5643185298621746], "local_test_accs": [0.2729, 0.2669, 0.1789, 0.2993, 0.3025, 0.2117, 0.1942, 0.2576, 0.2626, 0.2798, 0.2385, 0.2388, 0.1793, 0.2642, 0.2484], "pdm_KL_reg 0": {"Best Result": {"Best Sigma0": 10, "Best sigma": 1, "Best gamma": 50, "Best Test accuracy": 0.2595, "Train acc": 0.26114}, "PDM log": "{(10, 1, 50): {'shapes': [(3072, 1450), (1450,), (1450, 10), (10,)], 'train_accuracy': 0.26114, 'test_accuracy': 0.2595}}", "timing": 1341}, "pdm_KL_reg 0.001": {"Best Result": {"Best Sigma0": 10, "Best sigma": 1, "Best gamma": 50, "Best Test accuracy": 0.2595, "Train acc": 0.26114}, "PDM log": "{(10, 1, 50): {'shapes': [(3072, 1448), (1448,), (1448, 10), (10,)], 'train_accuracy': 0.26114, 'test_accuracy': 0.2595}}", "timing": 2990}, "pdm_KL_reg 0.005": {"Best Result": {"Best Sigma0": 10, "Best sigma": 1, "Best gamma": 50, "Best Test accuracy": 0.2595, "Train acc": 0.26114}, "PDM log": "{(10, 1, 50): {'shapes': [(3072, 1448), (1448,), (1448, 10), (10,)], 'train_accuracy': 0.26114, 'test_accuracy': 0.2595}}", "timing": 3040}, "pdm_KL_reg 0.01": {"Best Result": {"Best Sigma0": 10, "Best sigma": 1, "Best gamma": 50, "Best Test accuracy": 0.2595, "Train acc": 0.26114}, "PDM log": "{(10, 1, 50): {'shapes': [(3072, 1448), (1448,), (1448, 10), (10,)], 'train_accuracy': 0.26114, 'test_accuracy': 0.2595}}", "timing": 3148}, "pdm_KL_reg 0.05": {"Best Result": {"Best Sigma0": 10, "Best sigma": 1, "Best gamma": 50, "Best Test accuracy": 0.2595, "Train acc": 0.26114}, "PDM log": "{(10, 1, 50): {'shapes': [(3072, 1444), (1444,), (1444, 10), (10,)], 'train_accuracy': 0.26114, 'test_accuracy': 0.2595}}", "timing": 5558}, "pdm_KL_reg 0.1": {"Best Result": {"Best Sigma0": 10, "Best sigma": 1, "Best gamma": 50, "Best Test accuracy": 0.2595, "Train acc": 0.26114}, "PDM log": "{(10, 1, 50): {'shapes': [(3072, 1443), (1443,), (1443, 10), (10,)], 'train_accuracy': 0.26114, 'test_accuracy': 0.2595}}", "timing": 6344}, "pdm_KL_reg 0.5": {"Best Result": {"Best Sigma0": 10, "Best sigma": 1, "Best gamma": 50, "Best Test accuracy": 0.2595, "Train acc": 0.26122}, "PDM log": "{(10, 1, 50): {'shapes': [(3072, 1410), (1410,), (1410, 10), (10,)], 'train_accuracy': 0.26122, 'test_accuracy': 0.2595}}", "timing": 6528}, "pdm_KL_reg 1": {"Best Result": {"Best Sigma0": 10, "Best sigma": 1, "Best gamma": 50, "Best Test accuracy": 0.2533, "Train acc": 0.25452}, "PDM log": "{(10, 1, 50): {'shapes': [(3072, 996), (996,), (996, 10), (10,)], 'train_accuracy': 0.25452, 'test_accuracy': 0.2533}}", "timing": 4144}, "pdm_KL_reg 2": {"Best Result": {"Best Sigma0": 10, "Best sigma": 1, "Best gamma": 50, "Best Test accuracy": 0.1, "Train acc": 0.10008}, "PDM log": "{(10, 1, 50): {'shapes': [(3072, 112), (112,), (112, 10), (10,)], 'train_accuracy': 0.10008, 'test_accuracy': 0.1}}", "timing": 503}, "pdm_KL_reg 5": {"Best Result": {"Best Sigma0": 10, "Best sigma": 1, "Best gamma": 50, "Best Test accuracy": 0.1, "Train acc": 0.09998}, "PDM log": "{(10, 1, 50): {'shapes': [(3072, 107), (107,), (107, 10), (10,)], 'train_accuracy': 0.09998, 'test_accuracy': 0.1}}", "timing": 424}, "pdm_KL_reg 10": {"Best Result": {"Best Sigma0": 10, "Best sigma": 1, "Best gamma": 50, "Best Test accuracy": 0.1, "Train acc": 0.1}, "PDM log": "{(10, 1, 50): {'shapes': [(3072, 100), (100,), (100, 10), (10,)], 'train_accuracy': 0.1, 'test_accuracy': 0.1}}", "timing": 386}, "best_reg": 0}