{"seed": 3, "Data statistics": "{0: {0: 324, 1: 286, 2: 177, 3: 114, 4: 936, 5: 105, 6: 350, 7: 5, 8: 428, 9: 978}, 1: {0: 906, 1: 924, 2: 1139, 3: 191, 4: 579, 5: 333, 6: 718, 7: 28, 8: 83, 9: 1105}, 2: {0: 381, 1: 108, 2: 483, 3: 1152, 4: 1050, 5: 78, 6: 954, 7: 206, 8: 620}, 3: {0: 7, 1: 1745, 2: 1728, 3: 388, 4: 193, 5: 831, 6: 841}, 4: {0: 1403, 1: 431, 2: 577, 3: 316, 4: 1020, 5: 559, 6: 1770}, 5: {0: 635, 1: 195, 2: 61, 3: 595, 4: 275, 5: 842, 6: 4, 7: 3009}, 6: {0: 23, 1: 46, 2: 454, 3: 833, 4: 189, 5: 117, 6: 161, 7: 426, 8: 1887, 9: 1182}, 7: {0: 1227, 1: 455, 2: 49, 3: 370, 4: 150, 5: 261, 6: 18, 7: 1, 8: 35, 9: 120}, 8: {0: 88, 1: 72, 2: 3, 3: 1022, 4: 57, 5: 627, 6: 66, 7: 1039, 8: 1251, 9: 1308}, 9: {0: 6, 1: 738, 2: 329, 3: 19, 4: 551, 5: 1247, 6: 118, 7: 286, 8: 696, 9: 307}}", "loading time": 219, "local_train_accs": [0.5600864164191196, 0.5128205128205128, 0.5089427662957074, 0.6467817896389325, 0.5737327188940092, 0.6237535612535613, 0.6449793155321549, 0.6370067014147431, 0.6365443701427796, 0.5652781010006982], "local_test_accs": [0.2649, 0.3039, 0.2831, 0.2477, 0.2688, 0.2635, 0.2874, 0.2375, 0.2791, 0.2865], "Uniform ensemble (Train acc)": 0.42092, "Uniform ensemble (Test acc)": 0.411, "FedAvg (Train acc)": 0.10424, "FedAvg (Test acc)": 0.1052, "pdm_KL_reg 0": {"Best Result": {"Best Sigma0": 10, "Best sigma": 1, "Best gamma": 50, "Best Test accuracy": 0.2913, "Train acc": 0.29048}, "PDM log": "{(10, 1, 50): {'shapes': [(3072, 700), (700,), (700, 10), (10,)], 'train_accuracy': 0.29048, 'test_accuracy': 0.2913}}", "timing": 1470}, "pdm_KL_reg 0.001": {"Best Result": {"Best Sigma0": 10, "Best sigma": 1, "Best gamma": 50, "Best Test accuracy": 0.2921, "Train acc": 0.29116}, "PDM log": "{(10, 1, 50): {'shapes': [(3072, 700), (700,), (700, 10), (10,)], 'train_accuracy': 0.29116, 'test_accuracy': 0.2921}}", "timing": 3032}, "pdm_KL_reg 0.005": {"Best Result": {"Best Sigma0": 10, "Best sigma": 1, "Best gamma": 50, "Best Test accuracy": 0.2913, "Train acc": 0.29048}, "PDM log": "{(10, 1, 50): {'shapes': [(3072, 700), (700,), (700, 10), (10,)], 'train_accuracy': 0.29048, 'test_accuracy': 0.2913}}", "timing": 3048}, "pdm_KL_reg 0.01": {"Best Result": {"Best Sigma0": 10, "Best sigma": 1, "Best gamma": 50, "Best Test accuracy": 0.2912, "Train acc": 0.29046}, "PDM log": "{(10, 1, 50): {'shapes': [(3072, 700), (700,), (700, 10), (10,)], 'train_accuracy': 0.29046, 'test_accuracy': 0.2912}}", "timing": 3169}, "pdm_KL_reg 0.05": {"Best Result": {"Best Sigma0": 10, "Best sigma": 1, "Best gamma": 50, "Best Test accuracy": 0.2914, "Train acc": 0.29046}, "PDM log": "{(10, 1, 50): {'shapes': [(3072, 700), (700,), (700, 10), (10,)], 'train_accuracy': 0.29046, 'test_accuracy': 0.2914}}", "timing": 2981}, "pdm_KL_reg 0.1": {"Best Result": {"Best Sigma0": 10, "Best sigma": 1, "Best gamma": 50, "Best Test accuracy": 0.2913, "Train acc": 0.29048}, "PDM log": "{(10, 1, 50): {'shapes': [(3072, 700), (700,), (700, 10), (10,)], 'train_accuracy': 0.29048, 'test_accuracy': 0.2913}}", "timing": 2756}, "pdm_KL_reg 0.5": {"Best Result": {"Best Sigma0": 10, "Best sigma": 1, "Best gamma": 50, "Best Test accuracy": 0.2913, "Train acc": 0.2905}, "PDM log": "{(10, 1, 50): {'shapes': [(3072, 700), (700,), (700, 10), (10,)], 'train_accuracy': 0.2905, 'test_accuracy': 0.2913}}", "timing": 2704}, "pdm_KL_reg 1": {"Best Result": {"Best Sigma0": 10, "Best sigma": 1, "Best gamma": 50, "Best Test accuracy": 0.2965, "Train acc": 0.29494}, "PDM log": "{(10, 1, 50): {'shapes': [(3072, 487), (487,), (487, 10), (10,)], 'train_accuracy': 0.29494, 'test_accuracy': 0.2965}}", "timing": 2154}, "pdm_KL_reg 2": {"Best Result": {"Best Sigma0": 10, "Best sigma": 1, "Best gamma": 50, "Best Test accuracy": 0.0998, "Train acc": 0.10012}, "PDM log": "{(10, 1, 50): {'shapes': [(3072, 118), (118,), (118, 10), (10,)], 'train_accuracy': 0.10012, 'test_accuracy': 0.0998}}", "timing": 620}, "pdm_KL_reg 5": {"Best Result": {"Best Sigma0": 10, "Best sigma": 1, "Best gamma": 50, "Best Test accuracy": 0.1, "Train acc": 0.1}, "PDM log": "{(10, 1, 50): {'shapes': [(3072, 109), (109,), (109, 10), (10,)], 'train_accuracy': 0.1, 'test_accuracy': 0.1}}", "timing": 567}, "pdm_KL_reg 10": {"Best Result": {"Best Sigma0": 10, "Best sigma": 1, "Best gamma": 50, "Best Test accuracy": 0.1, "Train acc": 0.10006}, "PDM log": "{(10, 1, 50): {'shapes': [(3072, 109), (109,), (109, 10), (10,)], 'train_accuracy': 0.10006, 'test_accuracy': 0.1}}", "timing": 524}, "best_reg": 1}