{"seed": 3, "Data statistics": "{0: {0: 5356, 1: 6212, 2: 5726, 3: 5437, 4: 225, 5: 1131, 6: 4960, 7: 3308}, 1: {0: 567, 1: 530, 2: 232, 3: 694, 4: 5617, 5: 4290, 6: 958, 7: 2957, 8: 5851, 9: 5949}}", "loading time": 26, "local_train_accs": [0.9962911451089476, 0.9885331886417074], "local_test_accs": [0.7672, 0.9464], "Uniform ensemble (Train acc)": 0.9601666666666666, "Uniform ensemble (Test acc)": 0.9484, "FedAvg (Train acc)": 0.6909, "FedAvg (Test acc)": 0.6835, "pdm_KL_reg 0": {"Best Result": {"Best Sigma0": 0.5, "Best sigma": 1, "Best gamma": 10, "Best Test accuracy": 0.8953, "Train acc": 0.9006666666666666}, "PDM log": "{(0.5, 1, 10): {'shapes': [(784, 132), (132,), (132, 10), (10,)], 'train_accuracy': 0.9006666666666666, 'test_accuracy': 0.8953}}", "timing": 39}, "pdm_KL_reg 0.001": {"Best Result": {"Best Sigma0": 0.5, "Best sigma": 1, "Best gamma": 10, "Best Test accuracy": 0.8953, "Train acc": 0.9006666666666666}, "PDM log": "{(0.5, 1, 10): {'shapes': [(784, 132), (132,), (132, 10), (10,)], 'train_accuracy': 0.9006666666666666, 'test_accuracy': 0.8953}}", "timing": 39}, "pdm_KL_reg 0.005": {"Best Result": {"Best Sigma0": 0.5, "Best sigma": 1, "Best gamma": 10, "Best Test accuracy": 0.8953, "Train acc": 0.9006666666666666}, "PDM log": "{(0.5, 1, 10): {'shapes': [(784, 132), (132,), (132, 10), (10,)], 'train_accuracy': 0.9006666666666666, 'test_accuracy': 0.8953}}", "timing": 42}, "pdm_KL_reg 0.01": {"Best Result": {"Best Sigma0": 0.5, "Best sigma": 1, "Best gamma": 10, "Best Test accuracy": 0.8965, "Train acc": 0.9020833333333333}, "PDM log": "{(0.5, 1, 10): {'shapes': [(784, 133), (133,), (133, 10), (10,)], 'train_accuracy': 0.9020833333333333, 'test_accuracy': 0.8965}}", "timing": 44}, "pdm_KL_reg 0.05": {"Best Result": {"Best Sigma0": 0.5, "Best sigma": 1, "Best gamma": 10, "Best Test accuracy": 0.8963, "Train acc": 0.90255}, "PDM log": "{(0.5, 1, 10): {'shapes': [(784, 134), (134,), (134, 10), (10,)], 'train_accuracy': 0.90255, 'test_accuracy': 0.8963}}", "timing": 50}, "pdm_KL_reg 0.1": {"Best Result": {"Best Sigma0": 0.5, "Best sigma": 1, "Best gamma": 10, "Best Test accuracy": 0.9025, "Train acc": 0.90675}, "PDM log": "{(0.5, 1, 10): {'shapes': [(784, 135), (135,), (135, 10), (10,)], 'train_accuracy': 0.90675, 'test_accuracy': 0.9025}}", "timing": 34}, "pdm_KL_reg 0.5": {"Best Result": {"Best Sigma0": 0.5, "Best sigma": 1, "Best gamma": 10, "Best Test accuracy": 0.8914, "Train acc": 0.89565}, "PDM log": "{(0.5, 1, 10): {'shapes': [(784, 161), (161,), (161, 10), (10,)], 'train_accuracy': 0.89565, 'test_accuracy': 0.8914}}", "timing": 43}, "pdm_KL_reg 1": {"Best Result": {"Best Sigma0": 0.5, "Best sigma": 1, "Best gamma": 10, "Best Test accuracy": 0.8757, "Train acc": 0.8835166666666666}, "PDM log": "{(0.5, 1, 10): {'shapes': [(784, 173), (173,), (173, 10), (10,)], 'train_accuracy': 0.8835166666666666, 'test_accuracy': 0.8757}}", "timing": 42}, "pdm_KL_reg 2": {"Best Result": {"Best Sigma0": 0.5, "Best sigma": 1, "Best gamma": 10, "Best Test accuracy": 0.8757, "Train acc": 0.8836166666666667}, "PDM log": "{(0.5, 1, 10): {'shapes': [(784, 176), (176,), (176, 10), (10,)], 'train_accuracy': 0.8836166666666667, 'test_accuracy': 0.8757}}", "timing": 41}, "pdm_KL_reg 5": {"Best Result": {"Best Sigma0": 0.5, "Best sigma": 1, "Best gamma": 10, "Best Test accuracy": 0.8757, "Train acc": 0.8836166666666667}, "PDM log": "{(0.5, 1, 10): {'shapes': [(784, 177), (177,), (177, 10), (10,)], 'train_accuracy': 0.8836166666666667, 'test_accuracy': 0.8757}}", "timing": 43}, "pdm_KL_reg 10": {"Best Result": {"Best Sigma0": 0.5, "Best sigma": 1, "Best gamma": 10, "Best Test accuracy": 0.8478, "Train acc": 0.8590833333333333}, "PDM log": "{(0.5, 1, 10): {'shapes': [(784, 161), (161,), (161, 10), (10,)], 'train_accuracy': 0.8590833333333333, 'test_accuracy': 0.8478}}", "timing": 40}, "best_reg": 0.1}