{"seed": 2, "Data statistics": "{0: {0: 5093, 1: 5737, 2: 2195, 3: 6128, 4: 1026, 5: 1, 6: 2252, 7: 4895, 8: 277, 9: 1488}, 1: {0: 830, 1: 1005, 2: 3763, 3: 3, 4: 4816, 5: 5420, 6: 3666, 7: 1370, 8: 5574, 9: 4461}}", "loading time": 26, "local_train_accs": [0.9918534304963564, 0.9882554678400414], "local_test_accs": [0.8584, 0.865], "Uniform ensemble (Train acc)": 0.9705666666666667, "Uniform ensemble (Test acc)": 0.9602, "FedAvg (Train acc)": 0.6652833333333333, "FedAvg (Test acc)": 0.6636, "pdm_KL_reg 0": {"Best Result": {"Best Sigma0": 0.5, "Best sigma": 1, "Best gamma": 10, "Best Test accuracy": 0.9085, "Train acc": 0.9094333333333333}, "PDM log": "{(0.5, 1, 10): {'shapes': [(784, 126), (126,), (126, 10), (10,)], 'train_accuracy': 0.9094333333333333, 'test_accuracy': 0.9085}}", "timing": 29}, "pdm_KL_reg 0.001": {"Best Result": {"Best Sigma0": 0.5, "Best sigma": 1, "Best gamma": 10, "Best Test accuracy": 0.9073, "Train acc": 0.9076333333333333}, "PDM log": "{(0.5, 1, 10): {'shapes': [(784, 127), (127,), (127, 10), (10,)], 'train_accuracy': 0.9076333333333333, 'test_accuracy': 0.9073}}", "timing": 34}, "pdm_KL_reg 0.005": {"Best Result": {"Best Sigma0": 0.5, "Best sigma": 1, "Best gamma": 10, "Best Test accuracy": 0.9073, "Train acc": 0.9076333333333333}, "PDM log": "{(0.5, 1, 10): {'shapes': [(784, 127), (127,), (127, 10), (10,)], 'train_accuracy': 0.9076333333333333, 'test_accuracy': 0.9073}}", "timing": 38}, "pdm_KL_reg 0.01": {"Best Result": {"Best Sigma0": 0.5, "Best sigma": 1, "Best gamma": 10, "Best Test accuracy": 0.9073, "Train acc": 0.9076333333333333}, "PDM log": "{(0.5, 1, 10): {'shapes': [(784, 127), (127,), (127, 10), (10,)], 'train_accuracy': 0.9076333333333333, 'test_accuracy': 0.9073}}", "timing": 36}, "pdm_KL_reg 0.05": {"Best Result": {"Best Sigma0": 0.5, "Best sigma": 1, "Best gamma": 10, "Best Test accuracy": 0.9066, "Train acc": 0.9061333333333333}, "PDM log": "{(0.5, 1, 10): {'shapes': [(784, 129), (129,), (129, 10), (10,)], 'train_accuracy': 0.9061333333333333, 'test_accuracy': 0.9066}}", "timing": 40}, "pdm_KL_reg 0.1": {"Best Result": {"Best Sigma0": 0.5, "Best sigma": 1, "Best gamma": 10, "Best Test accuracy": 0.9023, "Train acc": 0.90095}, "PDM log": "{(0.5, 1, 10): {'shapes': [(784, 132), (132,), (132, 10), (10,)], 'train_accuracy': 0.90095, 'test_accuracy': 0.9023}}", "timing": 39}, "pdm_KL_reg 0.5": {"Best Result": {"Best Sigma0": 0.5, "Best sigma": 1, "Best gamma": 10, "Best Test accuracy": 0.9085, "Train acc": 0.9081833333333333}, "PDM log": "{(0.5, 1, 10): {'shapes': [(784, 151), (151,), (151, 10), (10,)], 'train_accuracy': 0.9081833333333333, 'test_accuracy': 0.9085}}", "timing": 36}, "pdm_KL_reg 1": {"Best Result": {"Best Sigma0": 0.5, "Best sigma": 1, "Best gamma": 10, "Best Test accuracy": 0.9182, "Train acc": 0.9211833333333334}, "PDM log": "{(0.5, 1, 10): {'shapes': [(784, 169), (169,), (169, 10), (10,)], 'train_accuracy': 0.9211833333333334, 'test_accuracy': 0.9182}}", "timing": 41}, "pdm_KL_reg 2": {"Best Result": {"Best Sigma0": 0.5, "Best sigma": 1, "Best gamma": 10, "Best Test accuracy": 0.9183, "Train acc": 0.9211333333333334}, "PDM log": "{(0.5, 1, 10): {'shapes': [(784, 171), (171,), (171, 10), (10,)], 'train_accuracy': 0.9211333333333334, 'test_accuracy': 0.9183}}", "timing": 44}, "pdm_KL_reg 5": {"Best Result": {"Best Sigma0": 0.5, "Best sigma": 1, "Best gamma": 10, "Best Test accuracy": 0.9183, "Train acc": 0.9211333333333334}, "PDM log": "{(0.5, 1, 10): {'shapes': [(784, 174), (174,), (174, 10), (10,)], 'train_accuracy': 0.9211333333333334, 'test_accuracy': 0.9183}}", "timing": 41}, "pdm_KL_reg 10": {"Best Result": {"Best Sigma0": 0.5, "Best sigma": 1, "Best gamma": 10, "Best Test accuracy": 0.8413, "Train acc": 0.8496333333333334}, "PDM log": "{(0.5, 1, 10): {'shapes': [(784, 157), (157,), (157, 10), (10,)], 'train_accuracy': 0.8496333333333334, 'test_accuracy': 0.8413}}", "timing": 30}, "best_reg": 2}