{"seed": 6, "Data statistics": "{0: {0: 1151, 1: 1377, 2: 1193, 3: 1260, 4: 1181, 5: 1089, 6: 1175, 7: 1237, 8: 1171, 9: 1166}, 1: {0: 1195, 1: 1380, 2: 1135, 3: 1224, 4: 1140, 5: 1083, 6: 1203, 7: 1243, 8: 1175, 9: 1222}, 2: {0: 1164, 1: 1375, 2: 1245, 3: 1265, 4: 1133, 5: 1067, 6: 1166, 7: 1272, 8: 1158, 9: 1155}, 3: {0: 1243, 1: 1313, 2: 1187, 3: 1156, 4: 1206, 5: 1060, 6: 1221, 7: 1254, 8: 1145, 9: 1215}, 4: {0: 1170, 1: 1297, 2: 1198, 3: 1226, 4: 1182, 5: 1122, 6: 1153, 7: 1259, 8: 1202, 9: 1191}}", "local_train_accs": [0.98325, 0.98925, 0.9850833333333333, 0.98675, 0.9953333333333333], "local_test_accs": [0.9486, 0.951, 0.9488, 0.9538, 0.9566], "pdm_match": {}, "pdm_KL_match": {}, "pdm_KL2_match": {"Best Result": {"Best Sigma0": 1.0, "Best sigma": 1.0, "Best gamma": 1.0, "Best Test accuracy": 0.9764, "Train acc": 0.9798166666666667}, "PDM log": "{(1.0, 1.0, 1.0): {'shapes': [(784, 411), (411,), (411, 10), (10,)], 'train_accuracy': 0.9798166666666667, 'test_accuracy': 0.9764}, (10.0, 1.0, 1.0): {'shapes': [(784, 328), (328,), (328, 10), (10,)], 'train_accuracy': 0.9793333333333333, 'test_accuracy': 0.9751}, (1.0, 0.1, 1.0): {'shapes': [(784, 437), (437,), (437, 10), (10,)], 'train_accuracy': 0.97965, 'test_accuracy': 0.9765}, (10.0, 0.1, 1.0): {'shapes': [(784, 368), (368,), (368, 10), (10,)], 'train_accuracy': 0.9796666666666667, 'test_accuracy': 0.9755}, (1.0, 0.5, 1.0): {'shapes': [(784, 428), (428,), (428, 10), (10,)], 'train_accuracy': 0.9796666666666667, 'test_accuracy': 0.9765}, (10.0, 0.5, 1.0): {'shapes': [(784, 352), (352,), (352, 10), (10,)], 'train_accuracy': 0.9795666666666667, 'test_accuracy': 0.9748}, (1.0, 1.0, 10.0): {'shapes': [(784, 424), (424,), (424, 10), (10,)], 'train_accuracy': 0.97975, 'test_accuracy': 0.9764}, (10.0, 1.0, 10.0): {'shapes': [(784, 404), (404,), (404, 10), (10,)], 'train_accuracy': 0.9795166666666667, 'test_accuracy': 0.9764}, (1.0, 0.1, 10.0): {'shapes': [(784, 444), (444,), (444, 10), (10,)], 'train_accuracy': 0.97965, 'test_accuracy': 0.9765}, (10.0, 0.1, 10.0): {'shapes': [(784, 412), (412,), (412, 10), (10,)], 'train_accuracy': 0.9796666666666667, 'test_accuracy': 0.9765}, (1.0, 0.5, 10.0): {'shapes': [(784, 436), (436,), (436, 10), (10,)], 'train_accuracy': 0.9796666666666667, 'test_accuracy': 0.9765}, (10.0, 0.5, 10.0): {'shapes': [(784, 408), (408,), (408, 10), (10,)], 'train_accuracy': 0.9797, 'test_accuracy': 0.9765}, (1.0, 1.0, 50.0): {'shapes': [(784, 435), (435,), (435, 10), (10,)], 'train_accuracy': 0.9797666666666667, 'test_accuracy': 0.9764}, (10.0, 1.0, 50.0): {'shapes': [(784, 416), (416,), (416, 10), (10,)], 'train_accuracy': 0.9796666666666667, 'test_accuracy': 0.9765}, (1.0, 0.1, 50.0): {'shapes': [(784, 476), (476,), (476, 10), (10,)], 'train_accuracy': 0.97965, 'test_accuracy': 0.9765}, (10.0, 0.1, 50.0): {'shapes': [(784, 424), (424,), (424, 10), (10,)], 'train_accuracy': 0.9796333333333334, 'test_accuracy': 0.9765}, (1.0, 0.5, 50.0): {'shapes': [(784, 442), (442,), (442, 10), (10,)], 'train_accuracy': 0.9796666666666667, 'test_accuracy': 0.9765}, (10.0, 0.5, 50.0): {'shapes': [(784, 420), (420,), (420, 10), (10,)], 'train_accuracy': 0.9796666666666667, 'test_accuracy': 0.9765}}"}}