{"seed": 5, "Data statistics": "{0: {0: 1198, 1: 1323, 2: 1171, 3: 1249, 4: 1175, 5: 1014, 6: 1205, 7: 1300, 8: 1182, 9: 1183}, 1: {0: 1229, 1: 1351, 2: 1172, 3: 1196, 4: 1147, 5: 1109, 6: 1157, 7: 1255, 8: 1145, 9: 1239}, 2: {0: 1158, 1: 1356, 2: 1208, 3: 1260, 4: 1136, 5: 1100, 6: 1153, 7: 1273, 8: 1196, 9: 1160}, 3: {0: 1151, 1: 1342, 2: 1219, 3: 1223, 4: 1219, 5: 1115, 6: 1190, 7: 1216, 8: 1122, 9: 1203}, 4: {0: 1187, 1: 1370, 2: 1188, 3: 1203, 4: 1165, 5: 1083, 6: 1213, 7: 1221, 8: 1206, 9: 1164}}", "local_train_accs": [0.986, 0.9850833333333333, 0.9868333333333333, 0.9796666666666667, 0.9891666666666666], "local_test_accs": [0.9498, 0.9524, 0.9535, 0.9399, 0.9502], "pdm_match": {}, "pdm_KL_match": {}, "pdm_KL2_match": {"Best Result": {"Best Sigma0": 1.0, "Best sigma": 1.0, "Best gamma": 50.0, "Best Test accuracy": 0.9735, "Train acc": 0.979}, "PDM log": "{(1.0, 1.0, 1.0): {'shapes': [(784, 401), (401,), (401, 10), (10,)], 'train_accuracy': 0.9788166666666667, 'test_accuracy': 0.9738}, (10.0, 1.0, 1.0): {'shapes': [(784, 312), (312,), (312, 10), (10,)], 'train_accuracy': 0.9767, 'test_accuracy': 0.973}, (1.0, 0.1, 1.0): {'shapes': [(784, 428), (428,), (428, 10), (10,)], 'train_accuracy': 0.9788166666666667, 'test_accuracy': 0.9734}, (10.0, 0.1, 1.0): {'shapes': [(784, 352), (352,), (352, 10), (10,)], 'train_accuracy': 0.9776166666666667, 'test_accuracy': 0.974}, (1.0, 0.5, 1.0): {'shapes': [(784, 417), (417,), (417, 10), (10,)], 'train_accuracy': 0.97885, 'test_accuracy': 0.9732}, (10.0, 0.5, 1.0): {'shapes': [(784, 348), (348,), (348, 10), (10,)], 'train_accuracy': 0.9772666666666666, 'test_accuracy': 0.9734}, (1.0, 1.0, 10.0): {'shapes': [(784, 414), (414,), (414, 10), (10,)], 'train_accuracy': 0.9788833333333333, 'test_accuracy': 0.9734}, (10.0, 1.0, 10.0): {'shapes': [(784, 384), (384,), (384, 10), (10,)], 'train_accuracy': 0.9785333333333334, 'test_accuracy': 0.9735}, (1.0, 0.1, 10.0): {'shapes': [(784, 433), (433,), (433, 10), (10,)], 'train_accuracy': 0.9788166666666667, 'test_accuracy': 0.9734}, (10.0, 0.1, 10.0): {'shapes': [(784, 392), (392,), (392, 10), (10,)], 'train_accuracy': 0.9786666666666667, 'test_accuracy': 0.9735}, (1.0, 0.5, 10.0): {'shapes': [(784, 424), (424,), (424, 10), (10,)], 'train_accuracy': 0.9789, 'test_accuracy': 0.9734}, (10.0, 0.5, 10.0): {'shapes': [(784, 388), (388,), (388, 10), (10,)], 'train_accuracy': 0.9786, 'test_accuracy': 0.9736}, (1.0, 1.0, 50.0): {'shapes': [(784, 423), (423,), (423, 10), (10,)], 'train_accuracy': 0.979, 'test_accuracy': 0.9735}, (10.0, 1.0, 50.0): {'shapes': [(784, 408), (408,), (408, 10), (10,)], 'train_accuracy': 0.9787166666666667, 'test_accuracy': 0.9734}, (1.0, 0.1, 50.0): {'shapes': [(784, 472), (472,), (472, 10), (10,)], 'train_accuracy': 0.9788166666666667, 'test_accuracy': 0.9734}, (10.0, 0.1, 50.0): {'shapes': [(784, 414), (414,), (414, 10), (10,)], 'train_accuracy': 0.9787333333333333, 'test_accuracy': 0.9734}, (1.0, 0.5, 50.0): {'shapes': [(784, 433), (433,), (433, 10), (10,)], 'train_accuracy': 0.9789, 'test_accuracy': 0.9734}, (10.0, 0.5, 50.0): {'shapes': [(784, 411), (411,), (411, 10), (10,)], 'train_accuracy': 0.9786666666666667, 'test_accuracy': 0.9735}}"}}