{"seed": 9, "Data statistics": "{0: {0: 490, 1: 482, 2: 496, 3: 501, 4: 516, 5: 513, 6: 508, 7: 486, 8: 504, 9: 504}, 1: {0: 513, 1: 502, 2: 507, 3: 476, 4: 496, 5: 476, 6: 494, 7: 502, 8: 507, 9: 527}, 2: {0: 522, 1: 476, 2: 517, 3: 485, 4: 499, 5: 500, 6: 520, 7: 481, 8: 499, 9: 501}, 3: {0: 496, 1: 502, 2: 519, 3: 490, 4: 472, 5: 502, 6: 500, 7: 536, 8: 496, 9: 487}, 4: {0: 507, 1: 522, 2: 514, 3: 506, 4: 531, 5: 481, 6: 497, 7: 507, 8: 465, 9: 470}, 5: {0: 497, 1: 510, 2: 499, 3: 467, 4: 539, 5: 520, 6: 494, 7: 468, 8: 484, 9: 522}, 6: {0: 478, 1: 569, 2: 478, 3: 535, 4: 485, 5: 492, 6: 487, 7: 498, 8: 510, 9: 468}, 7: {0: 486, 1: 459, 2: 494, 3: 516, 4: 492, 5: 497, 6: 510, 7: 517, 8: 524, 9: 505}, 8: {0: 511, 1: 495, 2: 478, 3: 538, 4: 463, 5: 513, 6: 470, 7: 511, 8: 499, 9: 522}, 9: {0: 500, 1: 483, 2: 498, 3: 486, 4: 507, 5: 506, 6: 520, 7: 494, 8: 512, 9: 494}}", "loading time": 183, "local_train_accs": [0.2686, 0.3026, 0.2662, 0.3156, 0.2976, 0.1078, 0.3226, 0.2512, 0.3082, 0.2342], "local_test_accs": [0.2534, 0.2728, 0.2629, 0.2998, 0.2786, 0.1, 0.3003, 0.2232, 0.2878, 0.2251], "Uniform ensemble (Train acc)": 0.3381, "Uniform ensemble (Test acc)": 0.3333, "FedAvg (Train acc)": 0.1, "FedAvg (Test acc)": 0.1, "pdm_KL_reg 0": {"Best Result": {"Best Sigma0": 0.5, "Best sigma": 1, "Best gamma": 10, "Best Test accuracy": 0.2201, "Train acc": 0.2176}, "PDM log": "{(0.5, 1, 10): {'shapes': [(3072, 246), (246,), (246, 118), (118,), (118, 118), (118,), (118, 10), (10,)], 'train_accuracy': 0.2176, 'test_accuracy': 0.2201}}", "timing": 606}, "pdm_KL_reg 0.001": {"Best Result": {"Best Sigma0": 0.5, "Best sigma": 1, "Best gamma": 10, "Best Test accuracy": 0.2068, "Train acc": 0.1986}, "PDM log": "{(0.5, 1, 10): {'shapes': [(3072, 244), (244,), (244, 118), (118,), (118, 118), (118,), (118, 10), (10,)], 'train_accuracy': 0.1986, 'test_accuracy': 0.2068}}", "timing": 1029}, "pdm_KL_reg 0.005": {"Best Result": {"Best Sigma0": 0.5, "Best sigma": 1, "Best gamma": 10, "Best Test accuracy": 0.2202, "Train acc": 0.21582}, "PDM log": "{(0.5, 1, 10): {'shapes': [(3072, 240), (240,), (240, 118), (118,), (118, 118), (118,), (118, 10), (10,)], 'train_accuracy': 0.21582, 'test_accuracy': 0.2202}}", "timing": 1291}, "pdm_KL_reg 0.01": {"Best Result": {"Best Sigma0": 0.5, "Best sigma": 1, "Best gamma": 10, "Best Test accuracy": 0.2325, "Train acc": 0.22578}, "PDM log": "{(0.5, 1, 10): {'shapes': [(3072, 242), (242,), (242, 118), (118,), (118, 118), (118,), (118, 10), (10,)], 'train_accuracy': 0.22578, 'test_accuracy': 0.2325}}", "timing": 1080}, "pdm_KL_reg 0.05": {"Best Result": {"Best Sigma0": 0.5, "Best sigma": 1, "Best gamma": 10, "Best Test accuracy": 0.213, "Train acc": 0.21}, "PDM log": "{(0.5, 1, 10): {'shapes': [(3072, 242), (242,), (242, 118), (118,), (118, 118), (118,), (118, 10), (10,)], 'train_accuracy': 0.21, 'test_accuracy': 0.213}}", "timing": 1190}, "pdm_KL_reg 0.1": {"Best Result": {"Best Sigma0": 0.5, "Best sigma": 1, "Best gamma": 10, "Best Test accuracy": 0.191, "Train acc": 0.18962}, "PDM log": "{(0.5, 1, 10): {'shapes': [(3072, 251), (251,), (251, 118), (118,), (118, 118), (118,), (118, 10), (10,)], 'train_accuracy': 0.18962, 'test_accuracy': 0.191}}", "timing": 1012}, "pdm_KL_reg 0.5": {"Best Result": {"Best Sigma0": 0.5, "Best sigma": 1, "Best gamma": 10, "Best Test accuracy": 0.2249, "Train acc": 0.219}, "PDM log": "{(0.5, 1, 10): {'shapes': [(3072, 323), (323,), (323, 127), (127,), (127, 118), (118,), (118, 10), (10,)], 'train_accuracy': 0.219, 'test_accuracy': 0.2249}}", "timing": 1437}, "pdm_KL_reg 1": {"Best Result": {"Best Sigma0": 0.5, "Best sigma": 1, "Best gamma": 10, "Best Test accuracy": 0.1686, "Train acc": 0.166}, "PDM log": "{(0.5, 1, 10): {'shapes': [(3072, 539), (539,), (539, 127), (127,), (127, 118), (118,), (118, 10), (10,)], 'train_accuracy': 0.166, 'test_accuracy': 0.1686}}", "timing": 2109}, "pdm_KL_reg 2": {"Best Result": {"Best Sigma0": 0.5, "Best sigma": 1, "Best gamma": 10, "Best Test accuracy": 0.1001, "Train acc": 0.10004}, "PDM log": "{(0.5, 1, 10): {'shapes': [(3072, 679), (679,), (679, 127), (127,), (127, 127), (127,), (127, 10), (10,)], 'train_accuracy': 0.10004, 'test_accuracy': 0.1001}}", "timing": 2036}, "pdm_KL_reg 5": {"Best Result": {"Best Sigma0": 0.5, "Best sigma": 1, "Best gamma": 10, "Best Test accuracy": 0.1, "Train acc": 0.1}, "PDM log": "{(0.5, 1, 10): {'shapes': [(3072, 670), (670,), (670, 127), (127,), (127, 118), (118,), (118, 10), (10,)], 'train_accuracy': 0.1, 'test_accuracy': 0.1}}", "timing": 1528}, "pdm_KL_reg 10": {"Best Result": {"Best Sigma0": 0.5, "Best sigma": 1, "Best gamma": 10, "Best Test accuracy": 0.1, "Train acc": 0.1}, "PDM log": "{(0.5, 1, 10): {'shapes': [(3072, 699), (699,), (699, 136), (136,), (136, 127), (127,), (127, 10), (10,)], 'train_accuracy': 0.1, 'test_accuracy': 0.1}}", "timing": 1539}, "best_reg": 0.01}