{"seed": 3, "Data statistics": "{0: {0: 488, 1: 493, 2: 515, 3: 499, 4: 453, 5: 505, 6: 526, 7: 512, 8: 497, 9: 512}, 1: {0: 544, 1: 458, 2: 518, 3: 495, 4: 465, 5: 501, 6: 517, 7: 528, 8: 473, 9: 501}, 2: {0: 512, 1: 504, 2: 490, 3: 521, 4: 482, 5: 504, 6: 507, 7: 506, 8: 502, 9: 472}, 3: {0: 466, 1: 527, 2: 514, 3: 512, 4: 494, 5: 483, 6: 511, 7: 511, 8: 482, 9: 500}, 4: {0: 528, 1: 511, 2: 487, 3: 506, 4: 506, 5: 478, 6: 481, 7: 484, 8: 541, 9: 478}, 5: {0: 474, 1: 502, 2: 495, 3: 470, 4: 497, 5: 562, 6: 497, 7: 465, 8: 518, 9: 520}, 6: {0: 500, 1: 514, 2: 478, 3: 515, 4: 509, 5: 533, 6: 477, 7: 484, 8: 494, 9: 496}, 7: {0: 492, 1: 509, 2: 490, 3: 507, 4: 505, 5: 486, 6: 507, 7: 486, 8: 508, 9: 510}, 8: {0: 518, 1: 514, 2: 503, 3: 464, 4: 534, 5: 465, 6: 492, 7: 497, 8: 484, 9: 529}, 9: {0: 478, 1: 468, 2: 510, 3: 511, 4: 555, 5: 483, 6: 485, 7: 527, 8: 501, 9: 482}}", "loading time": 86, "local_train_accs": [0.262, 0.2596, 0.245, 0.28, 0.2064, 0.3198, 0.2934, 0.309, 0.2718, 0.2788], "local_test_accs": [0.2466, 0.2504, 0.2371, 0.2711, 0.208, 0.2836, 0.2719, 0.284, 0.261, 0.2698], "Uniform ensemble (Train acc)": 0.329, "Uniform ensemble (Test acc)": 0.3281, "FedAvg (Train acc)": 0.1, "FedAvg (Test acc)": 0.1, "pdm_KL_reg 0": {"Best Result": {"Best Sigma0": 0.5, "Best sigma": 1, "Best gamma": 10, "Best Test accuracy": 0.227, "Train acc": 0.22746}, "PDM log": "{(0.5, 1, 10): {'shapes': [(3072, 247), (247,), (247, 118), (118,), (118, 118), (118,), (118, 10), (10,)], 'train_accuracy': 0.22746, 'test_accuracy': 0.227}}", "timing": 275}, "pdm_KL_reg 0.001": {"Best Result": {"Best Sigma0": 0.5, "Best sigma": 1, "Best gamma": 10, "Best Test accuracy": 0.2438, "Train acc": 0.2433}, "PDM log": "{(0.5, 1, 10): {'shapes': [(3072, 248), (248,), (248, 118), (118,), (118, 118), (118,), (118, 10), (10,)], 'train_accuracy': 0.2433, 'test_accuracy': 0.2438}}", "timing": 775}, "pdm_KL_reg 0.005": {"Best Result": {"Best Sigma0": 0.5, "Best sigma": 1, "Best gamma": 10, "Best Test accuracy": 0.2238, "Train acc": 0.22396}, "PDM log": "{(0.5, 1, 10): {'shapes': [(3072, 244), (244,), (244, 118), (118,), (118, 118), (118,), (118, 10), (10,)], 'train_accuracy': 0.22396, 'test_accuracy': 0.2238}}", "timing": 1362}, "pdm_KL_reg 0.01": {"Best Result": {"Best Sigma0": 0.5, "Best sigma": 1, "Best gamma": 10, "Best Test accuracy": 0.2371, "Train acc": 0.23828}, "PDM log": "{(0.5, 1, 10): {'shapes': [(3072, 244), (244,), (244, 118), (118,), (118, 118), (118,), (118, 10), (10,)], 'train_accuracy': 0.23828, 'test_accuracy': 0.2371}}", "timing": 1430}, "pdm_KL_reg 0.05": {"Best Result": {"Best Sigma0": 0.5, "Best sigma": 1, "Best gamma": 10, "Best Test accuracy": 0.2382, "Train acc": 0.23618}, "PDM log": "{(0.5, 1, 10): {'shapes': [(3072, 255), (255,), (255, 127), (127,), (127, 118), (118,), (118, 10), (10,)], 'train_accuracy': 0.23618, 'test_accuracy': 0.2382}}", "timing": 1501}, "pdm_KL_reg 0.1": {"Best Result": {"Best Sigma0": 0.5, "Best sigma": 1, "Best gamma": 10, "Best Test accuracy": 0.2247, "Train acc": 0.22064}, "PDM log": "{(0.5, 1, 10): {'shapes': [(3072, 255), (255,), (255, 118), (118,), (118, 118), (118,), (118, 10), (10,)], 'train_accuracy': 0.22064, 'test_accuracy': 0.2247}}", "timing": 1411}, "pdm_KL_reg 0.5": {"Best Result": {"Best Sigma0": 0.5, "Best sigma": 1, "Best gamma": 10, "Best Test accuracy": 0.2259, "Train acc": 0.22106}, "PDM log": "{(0.5, 1, 10): {'shapes': [(3072, 324), (324,), (324, 127), (127,), (127, 118), (118,), (118, 10), (10,)], 'train_accuracy': 0.22106, 'test_accuracy': 0.2259}}", "timing": 1766}, "pdm_KL_reg 1": {"Best Result": {"Best Sigma0": 0.5, "Best sigma": 1, "Best gamma": 10, "Best Test accuracy": 0.1867, "Train acc": 0.18494}, "PDM log": "{(0.5, 1, 10): {'shapes': [(3072, 537), (537,), (537, 127), (127,), (127, 118), (118,), (118, 10), (10,)], 'train_accuracy': 0.18494, 'test_accuracy': 0.1867}}", "timing": 2540}, "pdm_KL_reg 2": {"Best Result": {"Best Sigma0": 0.5, "Best sigma": 1, "Best gamma": 10, "Best Test accuracy": 0.103, "Train acc": 0.10254}, "PDM log": "{(0.5, 1, 10): {'shapes': [(3072, 690), (690,), (690, 127), (127,), (127, 127), (127,), (127, 10), (10,)], 'train_accuracy': 0.10254, 'test_accuracy': 0.103}}", "timing": 3154}, "pdm_KL_reg 5": {"Best Result": {"Best Sigma0": 0.5, "Best sigma": 1, "Best gamma": 10, "Best Test accuracy": 0.1, "Train acc": 0.1}, "PDM log": "{(0.5, 1, 10): {'shapes': [(3072, 672), (672,), (672, 136), (136,), (136, 127), (127,), (127, 10), (10,)], 'train_accuracy': 0.1, 'test_accuracy': 0.1}}", "timing": 3185}, "pdm_KL_reg 10": {"Best Result": {"Best Sigma0": 0.5, "Best sigma": 1, "Best gamma": 10, "Best Test accuracy": 0.1, "Train acc": 0.10004}, "PDM log": "{(0.5, 1, 10): {'shapes': [(3072, 700), (700,), (700, 136), (136,), (136, 118), (118,), (118, 10), (10,)], 'train_accuracy': 0.10004, 'test_accuracy': 0.1}}", "timing": 3207}, "best_reg": 0.001}