{"seed": 7, "Data statistics": "{0: {0: 554, 1: 669, 2: 572, 3: 681, 4: 598, 5: 558, 6: 636, 7: 619, 8: 562, 9: 551}, 1: {0: 590, 1: 674, 2: 557, 3: 563, 4: 600, 5: 553, 6: 565, 7: 674, 8: 639, 9: 585}, 2: {0: 605, 1: 703, 2: 584, 3: 644, 4: 578, 5: 529, 6: 563, 7: 606, 8: 577, 9: 611}, 3: {0: 581, 1: 680, 2: 615, 3: 621, 4: 560, 5: 588, 6: 616, 7: 604, 8: 523, 9: 612}, 4: {0: 623, 1: 671, 2: 621, 3: 623, 4: 589, 5: 521, 6: 604, 7: 610, 8: 560, 9: 578}, 5: {0: 571, 1: 610, 2: 573, 3: 626, 4: 602, 5: 557, 6: 561, 7: 678, 8: 604, 9: 618}, 6: {0: 552, 1: 679, 2: 615, 3: 613, 4: 559, 5: 514, 6: 599, 7: 643, 8: 606, 9: 620}, 7: {0: 620, 1: 710, 2: 621, 3: 598, 4: 568, 5: 520, 6: 575, 7: 612, 8: 597, 9: 579}, 8: {0: 625, 1: 671, 2: 596, 3: 560, 4: 620, 5: 530, 6: 646, 7: 593, 8: 558, 9: 601}, 9: {0: 602, 1: 675, 2: 604, 3: 602, 4: 568, 5: 551, 6: 553, 7: 626, 8: 625, 9: 594}}", "loading time": 20, "local_train_accs": [0.965, 0.949, 0.9625, 0.9281666666666667, 0.9095, 0.958, 0.9705, 0.9641666666666666, 0.9691666666666666, 0.9636666666666667], "local_test_accs": [0.9297, 0.9087, 0.9239, 0.8985, 0.8742, 0.9289, 0.9288, 0.9253, 0.9308, 0.9239], "pdm_KL_reg 0": {"Best Result": {"Best Sigma0": 10, "Best sigma": 0.5, "Best gamma": 10, "Best Test accuracy": 0.9296, "Train acc": 0.9290666666666667}, "PDM log": "{(10, 0.5, 10): {'shapes': [(784, 789), (789,), (789, 643), (643,), (643, 451), (451,), (451, 343), (343,), (343, 284), (284,), (284, 128), (128,), (128, 10), (10,)], 'train_accuracy': 0.9290666666666667, 'test_accuracy': 0.9296}}", "timing": 657}, "pdm_KL_reg 0.001": {"Best Result": {"Best Sigma0": 10, "Best sigma": 0.5, "Best gamma": 10, "Best Test accuracy": 0.9248, "Train acc": 0.9241333333333334}, "PDM log": "{(10, 0.5, 10): {'shapes': [(784, 794), (794,), (794, 641), (641,), (641, 450), (450,), (450, 352), (352,), (352, 285), (285,), (285, 128), (128,), (128, 10), (10,)], 'train_accuracy': 0.9241333333333334, 'test_accuracy': 0.9248}}", "timing": 1377}, "pdm_KL_reg 0.005": {"Best Result": {"Best Sigma0": 10, "Best sigma": 0.5, "Best gamma": 10, "Best Test accuracy": 0.8556, "Train acc": 0.8506666666666667}, "PDM log": "{(10, 0.5, 10): {'shapes': [(784, 800), (800,), (800, 646), (646,), (646, 450), (450,), (450, 342), (342,), (342, 278), (278,), (278, 128), (128,), (128, 10), (10,)], 'train_accuracy': 0.8506666666666667, 'test_accuracy': 0.8556}}", "timing": 1369}, "pdm_KL_reg 0.01": {"Best Result": {"Best Sigma0": 10, "Best sigma": 0.5, "Best gamma": 10, "Best Test accuracy": 0.9315, "Train acc": 0.9335166666666667}, "PDM log": "{(10, 0.5, 10): {'shapes': [(784, 794), (794,), (794, 632), (632,), (632, 440), (440,), (440, 343), (343,), (343, 278), (278,), (278, 128), (128,), (128, 10), (10,)], 'train_accuracy': 0.9335166666666667, 'test_accuracy': 0.9315}}", "timing": 1379}, "pdm_KL_reg 0.05": {"Best Result": {"Best Sigma0": 10, "Best sigma": 0.5, "Best gamma": 10, "Best Test accuracy": 0.8419, "Train acc": 0.8403666666666667}, "PDM log": "{(10, 0.5, 10): {'shapes': [(784, 794), (794,), (794, 615), (615,), (615, 422), (422,), (422, 338), (338,), (338, 276), (276,), (276, 128), (128,), (128, 10), (10,)], 'train_accuracy': 0.8403666666666667, 'test_accuracy': 0.8419}}", "timing": 1279}, "pdm_KL_reg 0.1": {"Best Result": {"Best Sigma0": 10, "Best sigma": 0.5, "Best gamma": 10, "Best Test accuracy": 0.913, "Train acc": 0.91075}, "PDM log": "{(10, 0.5, 10): {'shapes': [(784, 776), (776,), (776, 594), (594,), (594, 405), (405,), (405, 315), (315,), (315, 252), (252,), (252, 128), (128,), (128, 10), (10,)], 'train_accuracy': 0.91075, 'test_accuracy': 0.913}}", "timing": 1224}, "pdm_KL_reg 0.5": {"Best Result": {"Best Sigma0": 10, "Best sigma": 0.5, "Best gamma": 10, "Best Test accuracy": 0.6458, "Train acc": 0.6475166666666666}, "PDM log": "{(10, 0.5, 10): {'shapes': [(784, 726), (726,), (726, 333), (333,), (333, 243), (243,), (243, 208), (208,), (208, 181), (181,), (181, 127), (127,), (127, 10), (10,)], 'train_accuracy': 0.6475166666666666, 'test_accuracy': 0.6458}}", "timing": 912}, "pdm_KL_reg 1": {"Best Result": {"Best Sigma0": 10, "Best sigma": 0.5, "Best gamma": 10, "Best Test accuracy": 0.1796, "Train acc": 0.17523333333333332}, "PDM log": "{(10, 0.5, 10): {'shapes': [(784, 523), (523,), (523, 145), (145,), (145, 136), (136,), (136, 136), (136,), (136, 127), (127,), (127, 127), (127,), (127, 10), (10,)], 'train_accuracy': 0.17523333333333332, 'test_accuracy': 0.1796}}", "timing": 519}, "pdm_KL_reg 2": {"Best Result": {"Best Sigma0": 10, "Best sigma": 0.5, "Best gamma": 10, "Best Test accuracy": 0.0974, "Train acc": 0.09751666666666667}, "PDM log": "{(10, 0.5, 10): {'shapes': [(784, 100), (100,), (100, 109), (109,), (109, 109), (109,), (109, 109), (109,), (109, 109), (109,), (109, 118), (118,), (118, 10), (10,)], 'train_accuracy': 0.09751666666666667, 'test_accuracy': 0.0974}}", "timing": 81}, "pdm_KL_reg 5": {"Best Result": {"Best Sigma0": 10, "Best sigma": 0.5, "Best gamma": 10, "Best Test accuracy": 0.0974, "Train acc": 0.09751666666666667}, "PDM log": "{(10, 0.5, 10): {'shapes': [(784, 100), (100,), (100, 100), (100,), (100, 100), (100,), (100, 100), (100,), (100, 100), (100,), (100, 118), (118,), (118, 10), (10,)], 'train_accuracy': 0.09751666666666667, 'test_accuracy': 0.0974}}", "timing": 82}, "pdm_KL_reg 10": {"Best Result": {"Best Sigma0": 10, "Best sigma": 0.5, "Best gamma": 10, "Best Test accuracy": 0.0974, "Train acc": 0.09751666666666667}, "PDM log": "{(10, 0.5, 10): {'shapes': [(784, 100), (100,), (100, 100), (100,), (100, 100), (100,), (100, 100), (100,), (100, 100), (100,), (100, 109), (109,), (109, 10), (10,)], 'train_accuracy': 0.09751666666666667, 'test_accuracy': 0.0974}}", "timing": 81}, "best_reg": 0.01}