{"seed": 1, "Data statistics": "{0: {0: 248, 1: 83, 2: 207, 3: 99, 4: 776, 5: 380, 6: 206, 7: 350, 8: 326, 9: 117}, 1: {0: 32, 1: 787, 2: 107, 3: 76, 4: 860, 5: 388, 6: 1125, 7: 1, 8: 586, 9: 2654}, 2: {0: 1711, 1: 1222, 2: 2657, 3: 143, 4: 349}, 3: {0: 301, 1: 336, 2: 1374, 3: 1805, 4: 2026, 5: 2536}, 4: {0: 166, 1: 315, 2: 274, 3: 12, 4: 47, 5: 38, 6: 723, 7: 175, 8: 48, 9: 2474}, 5: {0: 2902, 1: 187, 3: 322, 4: 24, 5: 71, 6: 2360, 7: 2841}, 6: {0: 127, 1: 963, 2: 729, 3: 810, 4: 960, 5: 24, 6: 804, 7: 111, 8: 1703}, 7: {0: 28, 1: 1747, 2: 276, 3: 72, 4: 657, 5: 1128, 6: 668, 7: 58, 8: 457, 9: 122}, 8: {0: 4, 1: 364, 2: 138, 3: 177, 4: 45, 5: 798, 7: 2648, 8: 2247}, 9: {0: 404, 1: 738, 2: 196, 3: 2615, 4: 98, 5: 58, 6: 32, 7: 81, 8: 484, 9: 582}}", "loading time": 21, "local_train_accs": [0.9093839541547278, 0.9794437726723095, 0.9960539296284117, 0.9881833373120077, 0.9627808988764045, 0.9935683932468129, 0.9741614508104638, 0.9553040475733743, 0.9862949696308986, 0.972768532526475], "local_test_accs": [0.8234, 0.7647, 0.5, 0.5844, 0.6461, 0.5875, 0.7677, 0.7776, 0.6269, 0.7975], "pdm_KL_reg 0": {"Best Result": {"Best Sigma0": 3, "Best sigma": 0.9, "Best gamma": 1, "Best Test accuracy": 0.1526, "Train acc": 0.15168333333333334}, "PDM log": "{(3, 0.9, 1): {'shapes': [(784, 595), (595,), (595, 116), (116,), (116, 109), (109,), (109, 105), (105,), (105, 104), (104,), (104, 10), (10,)], 'train_accuracy': 0.15168333333333334, 'test_accuracy': 0.1526}}", "timing": 241}, "pdm_KL_reg 0.001": {"Best Result": {"Best Sigma0": 3, "Best sigma": 0.9, "Best gamma": 1, "Best Test accuracy": 0.178, "Train acc": 0.18008333333333335}, "PDM log": "{(3, 0.9, 1): {'shapes': [(784, 592), (592,), (592, 118), (118,), (118, 109), (109,), (109, 109), (109,), (109, 104), (104,), (104, 10), (10,)], 'train_accuracy': 0.18008333333333335, 'test_accuracy': 0.178}}", "timing": 622}, "pdm_KL_reg 0.005": {"Best Result": {"Best Sigma0": 3, "Best sigma": 0.9, "Best gamma": 1, "Best Test accuracy": 0.1599, "Train acc": 0.15965}, "PDM log": "{(3, 0.9, 1): {'shapes': [(784, 595), (595,), (595, 118), (118,), (118, 109), (109,), (109, 104), (104,), (104, 104), (104,), (104, 10), (10,)], 'train_accuracy': 0.15965, 'test_accuracy': 0.1599}}", "timing": 606}, "pdm_KL_reg 0.01": {"Best Result": {"Best Sigma0": 3, "Best sigma": 0.9, "Best gamma": 1, "Best Test accuracy": 0.1591, "Train acc": 0.1557}, "PDM log": "{(3, 0.9, 1): {'shapes': [(784, 593), (593,), (593, 117), (117,), (117, 109), (109,), (109, 103), (103,), (103, 104), (104,), (104, 10), (10,)], 'train_accuracy': 0.1557, 'test_accuracy': 0.1591}}", "timing": 617}, "pdm_KL_reg 0.05": {"Best Result": {"Best Sigma0": 3, "Best sigma": 0.9, "Best gamma": 1, "Best Test accuracy": 0.19, "Train acc": 0.18638333333333335}, "PDM log": "{(3, 0.9, 1): {'shapes': [(784, 590), (590,), (590, 117), (117,), (117, 109), (109,), (109, 109), (109,), (109, 104), (104,), (104, 10), (10,)], 'train_accuracy': 0.18638333333333335, 'test_accuracy': 0.19}}", "timing": 578}, "pdm_KL_reg 0.1": {"Best Result": {"Best Sigma0": 3, "Best sigma": 0.9, "Best gamma": 1, "Best Test accuracy": 0.1132, "Train acc": 0.11671666666666666}, "PDM log": "{(3, 0.9, 1): {'shapes': [(784, 587), (587,), (587, 117), (117,), (117, 109), (109,), (109, 101), (101,), (101, 104), (104,), (104, 10), (10,)], 'train_accuracy': 0.11671666666666666, 'test_accuracy': 0.1132}}", "timing": 586}, "pdm_KL_reg 0.5": {"Best Result": {"Best Sigma0": 3, "Best sigma": 0.9, "Best gamma": 1, "Best Test accuracy": 0.2448, "Train acc": 0.2505833333333333}, "PDM log": "{(3, 0.9, 1): {'shapes': [(784, 553), (553,), (553, 109), (109,), (109, 109), (109,), (109, 100), (100,), (100, 102), (102,), (102, 10), (10,)], 'train_accuracy': 0.2505833333333333, 'test_accuracy': 0.2448}}", "timing": 534}, "pdm_KL_reg 1": {"Best Result": {"Best Sigma0": 3, "Best sigma": 0.9, "Best gamma": 1, "Best Test accuracy": 0.1136, "Train acc": 0.117}, "PDM log": "{(3, 0.9, 1): {'shapes': [(784, 445), (445,), (445, 100), (100,), (100, 100), (100,), (100, 100), (100,), (100, 100), (100,), (100, 10), (10,)], 'train_accuracy': 0.117, 'test_accuracy': 0.1136}}", "timing": 385}, "pdm_KL_reg 2": {"Best Result": {"Best Sigma0": 3, "Best sigma": 0.9, "Best gamma": 1, "Best Test accuracy": 0.0892, "Train acc": 0.09035}, "PDM log": "{(3, 0.9, 1): {'shapes': [(784, 100), (100,), (100, 100), (100,), (100, 100), (100,), (100, 100), (100,), (100, 100), (100,), (100, 10), (10,)], 'train_accuracy': 0.09035, 'test_accuracy': 0.0892}}", "timing": 84}, "pdm_KL_reg 5": {"Best Result": {"Best Sigma0": 3, "Best sigma": 0.9, "Best gamma": 1, "Best Test accuracy": 0.0892, "Train acc": 0.09035}, "PDM log": "{(3, 0.9, 1): {'shapes': [(784, 100), (100,), (100, 100), (100,), (100, 100), (100,), (100, 100), (100,), (100, 100), (100,), (100, 10), (10,)], 'train_accuracy': 0.09035, 'test_accuracy': 0.0892}}", "timing": 82}, "pdm_KL_reg 10": {"Best Result": {"Best Sigma0": 3, "Best sigma": 0.9, "Best gamma": 1, "Best Test accuracy": 0.0892, "Train acc": 0.09035}, "PDM log": "{(3, 0.9, 1): {'shapes': [(784, 100), (100,), (100, 100), (100,), (100, 100), (100,), (100, 100), (100,), (100, 100), (100,), (100, 10), (10,)], 'train_accuracy': 0.09035, 'test_accuracy': 0.0892}}", "timing": 81}, "best_reg": 0.5}