{"seed": 2, "Data statistics": "{0: {0: 613, 1: 691, 2: 569, 3: 611, 4: 600, 5: 562, 6: 585, 7: 610, 8: 590, 9: 569}, 1: {0: 570, 1: 663, 2: 625, 3: 641, 4: 617, 5: 521, 6: 584, 7: 610, 8: 576, 9: 593}, 2: {0: 595, 1: 669, 2: 620, 3: 637, 4: 572, 5: 563, 6: 606, 7: 618, 8: 547, 9: 573}, 3: {0: 572, 1: 675, 2: 577, 3: 575, 4: 587, 5: 546, 6: 611, 7: 637, 8: 606, 9: 614}, 4: {0: 569, 1: 623, 2: 612, 3: 646, 4: 593, 5: 550, 6: 617, 7: 608, 8: 584, 9: 598}, 5: {0: 587, 1: 695, 2: 601, 3: 613, 4: 563, 5: 546, 6: 576, 7: 657, 8: 593, 9: 569}, 6: {0: 618, 1: 690, 2: 608, 3: 559, 4: 573, 5: 541, 6: 572, 7: 633, 8: 590, 9: 616}, 7: {0: 611, 1: 691, 2: 579, 3: 637, 4: 587, 5: 530, 6: 551, 7: 660, 8: 555, 9: 599}, 8: {0: 640, 1: 672, 2: 587, 3: 574, 4: 581, 5: 525, 6: 595, 7: 632, 8: 580, 9: 614}, 9: {0: 548, 1: 673, 2: 580, 3: 638, 4: 569, 5: 537, 6: 621, 7: 600, 8: 630, 9: 604}}", "loading time": 39, "local_train_accs": [0.9678333333333333, 0.9645, 0.963, 0.9713333333333334, 0.9735, 0.9621666666666666, 0.9813333333333333, 0.9773333333333334, 0.9723333333333334, 0.9655], "local_test_accs": [0.9266, 0.9235, 0.9269, 0.9341, 0.9321, 0.9262, 0.9422, 0.9341, 0.9343, 0.9237], "Uniform ensemble (Train acc)": 0.9644166666666667, "Uniform ensemble (Test acc)": 0.9626, "FedAvg (Train acc)": 0.09751666666666667, "FedAvg (Test acc)": 0.0974, "pdm_KL_reg 0": {"Best Result": {"Best Sigma0": 0.5, "Best sigma": 1, "Best gamma": 10, "Best Test accuracy": 0.1515, "Train acc": 0.1501}, "PDM log": "{(0.5, 1, 10): {'shapes': [(784, 237), (237,), (237, 125), (125,), (125, 118), (118,), (118, 118), (118,), (118, 118), (118,), (118, 10), (10,)], 'train_accuracy': 0.1501, 'test_accuracy': 0.1515}}", "timing": 210}, "pdm_KL_reg 0.001": {"Best Result": {"Best Sigma0": 0.5, "Best sigma": 1, "Best gamma": 10, "Best Test accuracy": 0.1879, "Train acc": 0.18655}, "PDM log": "{(0.5, 1, 10): {'shapes': [(784, 237), (237,), (237, 126), (126,), (126, 118), (118,), (118, 118), (118,), (118, 118), (118,), (118, 10), (10,)], 'train_accuracy': 0.18655, 'test_accuracy': 0.1879}}", "timing": 210}, "pdm_KL_reg 0.005": {"Best Result": {"Best Sigma0": 0.5, "Best sigma": 1, "Best gamma": 10, "Best Test accuracy": 0.1931, "Train acc": 0.19185}, "PDM log": "{(0.5, 1, 10): {'shapes': [(784, 235), (235,), (235, 118), (118,), (118, 127), (127,), (127, 118), (118,), (118, 118), (118,), (118, 10), (10,)], 'train_accuracy': 0.19185, 'test_accuracy': 0.1931}}", "timing": 259}, "pdm_KL_reg 0.01": {"Best Result": {"Best Sigma0": 0.5, "Best sigma": 1, "Best gamma": 10, "Best Test accuracy": 0.2518, "Train acc": 0.25293333333333334}, "PDM log": "{(0.5, 1, 10): {'shapes': [(784, 238), (238,), (238, 127), (127,), (127, 118), (118,), (118, 118), (118,), (118, 118), (118,), (118, 10), (10,)], 'train_accuracy': 0.25293333333333334, 'test_accuracy': 0.2518}}", "timing": 171}, "pdm_KL_reg 0.05": {"Best Result": {"Best Sigma0": 0.5, "Best sigma": 1, "Best gamma": 10, "Best Test accuracy": 0.1791, "Train acc": 0.17625}, "PDM log": "{(0.5, 1, 10): {'shapes': [(784, 244), (244,), (244, 127), (127,), (127, 127), (127,), (127, 118), (118,), (118, 118), (118,), (118, 10), (10,)], 'train_accuracy': 0.17625, 'test_accuracy': 0.1791}}", "timing": 250}, "pdm_KL_reg 0.1": {"Best Result": {"Best Sigma0": 0.5, "Best sigma": 1, "Best gamma": 10, "Best Test accuracy": 0.1087, "Train acc": 0.10656666666666667}, "PDM log": "{(0.5, 1, 10): {'shapes': [(784, 258), (258,), (258, 127), (127,), (127, 118), (118,), (118, 118), (118,), (118, 118), (118,), (118, 10), (10,)], 'train_accuracy': 0.10656666666666667, 'test_accuracy': 0.1087}}", "timing": 192}, "pdm_KL_reg 0.5": {"Best Result": {"Best Sigma0": 0.5, "Best sigma": 1, "Best gamma": 10, "Best Test accuracy": 0.1487, "Train acc": 0.14761666666666667}, "PDM log": "{(0.5, 1, 10): {'shapes': [(784, 392), (392,), (392, 127), (127,), (127, 127), (127,), (127, 127), (127,), (127, 118), (118,), (118, 10), (10,)], 'train_accuracy': 0.14761666666666667, 'test_accuracy': 0.1487}}", "timing": 317}, "pdm_KL_reg 1": {"Best Result": {"Best Sigma0": 0.5, "Best sigma": 1, "Best gamma": 10, "Best Test accuracy": 0.1963, "Train acc": 0.19513333333333333}, "PDM log": "{(0.5, 1, 10): {'shapes': [(784, 606), (606,), (606, 136), (136,), (136, 127), (127,), (127, 127), (127,), (127, 118), (118,), (118, 10), (10,)], 'train_accuracy': 0.19513333333333333, 'test_accuracy': 0.1963}}", "timing": 622}, "pdm_KL_reg 2": {"Best Result": {"Best Sigma0": 0.5, "Best sigma": 1, "Best gamma": 10, "Best Test accuracy": 0.0974, "Train acc": 0.09751666666666667}, "PDM log": "{(0.5, 1, 10): {'shapes': [(784, 651), (651,), (651, 163), (163,), (163, 145), (145,), (145, 145), (145,), (145, 127), (127,), (127, 10), (10,)], 'train_accuracy': 0.09751666666666667, 'test_accuracy': 0.0974}}", "timing": 579}, "pdm_KL_reg 5": {"Best Result": {"Best Sigma0": 0.5, "Best sigma": 1, "Best gamma": 10, "Best Test accuracy": 0.0974, "Train acc": 0.09751666666666667}, "PDM log": "{(0.5, 1, 10): {'shapes': [(784, 308), (308,), (308, 190), (190,), (190, 163), (163,), (163, 163), (163,), (163, 118), (118,), (118, 10), (10,)], 'train_accuracy': 0.09751666666666667, 'test_accuracy': 0.0974}}", "timing": 380}, "pdm_KL_reg 10": {"Best Result": {"Best Sigma0": 0.5, "Best sigma": 1, "Best gamma": 10, "Best Test accuracy": 0.0974, "Train acc": 0.09751666666666667}, "PDM log": "{(0.5, 1, 10): {'shapes': [(784, 222), (222,), (222, 226), (226,), (226, 190), (190,), (190, 190), (190,), (190, 118), (118,), (118, 10), (10,)], 'train_accuracy': 0.09751666666666667, 'test_accuracy': 0.0974}}", "timing": 338}, "best_reg": 0.01}