{"seed": 9, "Data statistics": "{0: {0: 598, 1: 728, 2: 564, 3: 603, 4: 586, 5: 530, 6: 612, 7: 624, 8: 566, 9: 589}, 1: {0: 563, 1: 676, 2: 586, 3: 616, 4: 577, 5: 556, 6: 577, 7: 649, 8: 605, 9: 595}, 2: {0: 620, 1: 667, 2: 583, 3: 639, 4: 578, 5: 532, 6: 603, 7: 583, 8: 558, 9: 637}, 3: {0: 588, 1: 689, 2: 594, 3: 604, 4: 561, 5: 551, 6: 585, 7: 658, 8: 580, 9: 590}, 4: {0: 601, 1: 679, 2: 570, 3: 626, 4: 610, 5: 558, 6: 563, 7: 634, 8: 591, 9: 568}, 5: {0: 588, 1: 639, 2: 616, 3: 626, 4: 579, 5: 545, 6: 570, 7: 626, 8: 593, 9: 618}, 6: {0: 589, 1: 685, 2: 623, 3: 599, 4: 599, 5: 526, 6: 599, 7: 614, 8: 608, 9: 558}, 7: {0: 590, 1: 667, 2: 618, 3: 633, 4: 582, 5: 498, 6: 604, 7: 596, 8: 594, 9: 618}, 8: {0: 586, 1: 666, 2: 650, 3: 570, 4: 599, 5: 533, 6: 573, 7: 660, 8: 563, 9: 600}, 9: {0: 600, 1: 646, 2: 554, 3: 615, 4: 571, 5: 592, 6: 632, 7: 621, 8: 593, 9: 576}}", "loading time": 17, "local_train_accs": [0.97, 0.9543333333333334, 0.9748333333333333, 0.9816666666666667, 0.9453333333333334, 0.9738333333333333, 0.9786666666666667, 0.9735, 0.981, 0.9583333333333334], "local_test_accs": [0.9294, 0.9211, 0.9268, 0.9381, 0.9084, 0.9347, 0.9418, 0.9348, 0.9353, 0.9198], "Uniform ensemble (Train acc)": 0.9649166666666666, "Uniform ensemble (Test acc)": 0.9621, "FedAvg (Train acc)": 0.09751666666666667, "FedAvg (Test acc)": 0.0974, "pdm_KL_reg 0": {"Best Result": {"Best Sigma0": 0.5, "Best sigma": 1, "Best gamma": 10, "Best Test accuracy": 0.1736, "Train acc": 0.1721}, "PDM log": "{(0.5, 1, 10): {'shapes': [(784, 237), (237,), (237, 127), (127,), (127, 127), (127,), (127, 118), (118,), (118, 118), (118,), (118, 10), (10,)], 'train_accuracy': 0.1721, 'test_accuracy': 0.1736}}", "timing": 51}, "pdm_KL_reg 0.001": {"Best Result": {"Best Sigma0": 0.5, "Best sigma": 1, "Best gamma": 10, "Best Test accuracy": 0.1921, "Train acc": 0.19106666666666666}, "PDM log": "{(0.5, 1, 10): {'shapes': [(784, 235), (235,), (235, 126), (126,), (126, 118), (118,), (118, 118), (118,), (118, 118), (118,), (118, 10), (10,)], 'train_accuracy': 0.19106666666666666, 'test_accuracy': 0.1921}}", "timing": 71}, "pdm_KL_reg 0.005": {"Best Result": {"Best Sigma0": 0.5, "Best sigma": 1, "Best gamma": 10, "Best Test accuracy": 0.1729, "Train acc": 0.1697}, "PDM log": "{(0.5, 1, 10): {'shapes': [(784, 232), (232,), (232, 118), (118,), (118, 125), (125,), (125, 118), (118,), (118, 118), (118,), (118, 10), (10,)], 'train_accuracy': 0.1697, 'test_accuracy': 0.1729}}", "timing": 72}, "pdm_KL_reg 0.01": {"Best Result": {"Best Sigma0": 0.5, "Best sigma": 1, "Best gamma": 10, "Best Test accuracy": 0.1913, "Train acc": 0.18976666666666667}, "PDM log": "{(0.5, 1, 10): {'shapes': [(784, 234), (234,), (234, 118), (118,), (118, 118), (118,), (118, 118), (118,), (118, 118), (118,), (118, 10), (10,)], 'train_accuracy': 0.18976666666666667, 'test_accuracy': 0.1913}}", "timing": 71}, "pdm_KL_reg 0.05": {"Best Result": {"Best Sigma0": 0.5, "Best sigma": 1, "Best gamma": 10, "Best Test accuracy": 0.1529, "Train acc": 0.15011666666666668}, "PDM log": "{(0.5, 1, 10): {'shapes': [(784, 239), (239,), (239, 127), (127,), (127, 118), (118,), (118, 118), (118,), (118, 118), (118,), (118, 10), (10,)], 'train_accuracy': 0.15011666666666668, 'test_accuracy': 0.1529}}", "timing": 73}, "pdm_KL_reg 0.1": {"Best Result": {"Best Sigma0": 0.5, "Best sigma": 1, "Best gamma": 10, "Best Test accuracy": 0.1911, "Train acc": 0.1896}, "PDM log": "{(0.5, 1, 10): {'shapes': [(784, 250), (250,), (250, 118), (118,), (118, 127), (127,), (127, 127), (127,), (127, 118), (118,), (118, 10), (10,)], 'train_accuracy': 0.1896, 'test_accuracy': 0.1911}}", "timing": 72}, "pdm_KL_reg 0.5": {"Best Result": {"Best Sigma0": 0.5, "Best sigma": 1, "Best gamma": 10, "Best Test accuracy": 0.1775, "Train acc": 0.17373333333333332}, "PDM log": "{(0.5, 1, 10): {'shapes': [(784, 385), (385,), (385, 127), (127,), (127, 127), (127,), (127, 127), (127,), (127, 118), (118,), (118, 10), (10,)], 'train_accuracy': 0.17373333333333332, 'test_accuracy': 0.1775}}", "timing": 135}, "pdm_KL_reg 1": {"Best Result": {"Best Sigma0": 0.5, "Best sigma": 1, "Best gamma": 10, "Best Test accuracy": 0.14, "Train acc": 0.13623333333333335}, "PDM log": "{(0.5, 1, 10): {'shapes': [(784, 582), (582,), (582, 127), (127,), (127, 127), (127,), (127, 127), (127,), (127, 118), (118,), (118, 10), (10,)], 'train_accuracy': 0.13623333333333335, 'test_accuracy': 0.14}}", "timing": 257}, "pdm_KL_reg 2": {"Best Result": {"Best Sigma0": 0.5, "Best sigma": 1, "Best gamma": 10, "Best Test accuracy": 0.0974, "Train acc": 0.09751666666666667}, "PDM log": "{(0.5, 1, 10): {'shapes': [(784, 625), (625,), (625, 154), (154,), (154, 145), (145,), (145, 145), (145,), (145, 127), (127,), (127, 10), (10,)], 'train_accuracy': 0.09751666666666667, 'test_accuracy': 0.0974}}", "timing": 225}, "pdm_KL_reg 5": {"Best Result": {"Best Sigma0": 0.5, "Best sigma": 1, "Best gamma": 10, "Best Test accuracy": 0.0974, "Train acc": 0.09751666666666667}, "PDM log": "{(0.5, 1, 10): {'shapes': [(784, 296), (296,), (296, 190), (190,), (190, 172), (172,), (172, 154), (154,), (154, 127), (127,), (127, 10), (10,)], 'train_accuracy': 0.09751666666666667, 'test_accuracy': 0.0974}}", "timing": 146}, "pdm_KL_reg 10": {"Best Result": {"Best Sigma0": 0.5, "Best sigma": 1, "Best gamma": 10, "Best Test accuracy": 0.0974, "Train acc": 0.09751666666666667}, "PDM log": "{(0.5, 1, 10): {'shapes': [(784, 223), (223,), (223, 242), (242,), (242, 199), (199,), (199, 181), (181,), (181, 127), (127,), (127, 10), (10,)], 'train_accuracy': 0.09751666666666667, 'test_accuracy': 0.0974}}", "timing": 110}, "best_reg": 0.001}