{"seed": 6, "Data statistics": "{0: {0: 1658, 1: 4, 2: 651, 3: 1118, 4: 124, 5: 860}, 1: {0: 1935, 1: 263, 2: 66, 3: 326, 4: 564, 5: 466, 6: 105, 7: 42, 8: 1239}, 2: {0: 166, 1: 805, 2: 513, 3: 23, 4: 1356, 5: 147, 6: 590, 7: 290, 8: 412}, 3: {0: 19, 1: 25, 2: 1040, 3: 42, 4: 4, 5: 252, 6: 1123, 7: 26, 8: 448, 9: 204}, 4: {0: 107, 1: 31, 2: 15, 3: 32, 4: 1208, 5: 380, 6: 4, 7: 22, 8: 562, 9: 317}, 5: {0: 1, 1: 5, 2: 463, 3: 83, 4: 52, 5: 7, 6: 971, 7: 1318, 8: 39, 9: 1371}, 6: {0: 858, 1: 346, 2: 351, 3: 507, 4: 370, 5: 202, 6: 1628}, 7: {0: 46, 1: 1712, 2: 826, 3: 162, 4: 15, 5: 269, 6: 341, 7: 6, 8: 331, 9: 533}, 8: {0: 191, 1: 101, 2: 29, 3: 24, 4: 61, 5: 1, 6: 199, 7: 118, 8: 44, 9: 1504}, 9: {0: 6, 1: 2, 2: 363, 3: 1024, 4: 508, 5: 403, 6: 510, 7: 64, 8: 481, 9: 1606}, 10: {0: 333, 1: 481, 2: 422, 3: 1067, 4: 280, 5: 74, 6: 8, 8: 50, 9: 355}, 11: {0: 14, 1: 1781, 2: 347, 3: 630, 4: 132, 6: 3, 7: 1, 8: 1864}, 12: {0: 109, 1: 698, 2: 168, 3: 452, 4: 163, 5: 26, 6: 19, 7: 380, 8: 381, 9: 58}, 13: {0: 15, 1: 487, 2: 691, 3: 519, 4: 712, 5: 874, 6: 378, 7: 1941}, 14: {0: 465, 1: 1, 2: 13, 3: 122, 4: 293, 5: 1460, 6: 39, 7: 2057, 9: 1}}", "comm 0": {"training timing": 301, "local_train_accs": [1.0, 1.0, 1.0, 1.0, 1.0, 1.0, 1.0, 1.0, 1.0, 1.0, 1.0, 0.998742665549036, 0.9987775061124694, 1.0, 1.0], "local_test_accs": [1.0, 1.0, 1.0, 1.0, 1.0, 1.0, 1.0, 1.0, 1.0, 1.0, 1.0, 0.998742665549036, 0.9987775061124694, 1.0, 1.0], "Uniform ensemble (Train acc)": 0.9507666666666666, "Uniform ensemble (Test acc)": 0.9484, "FedAvg (Train acc)": 0.16643333333333332, "FedAvg (Test acc)": 0.1712, "pdm_KL (Train acc)": 0.7843833333333333, "pdm_KL (Test acc)": 0.7863}, "comm 1": {"training timing": 471, "local_train_accs": [0.9988674971687429, 0.9980023971234518, 1.0, 1.0, 1.0, 1.0, 1.0, 1.0, 1.0, 0.9993960136903564, 1.0, 1.0, 0.9991850040749797, 0.9987537831582696, 0.9950572904965176], "local_test_accs": [0.9988674971687429, 0.9980023971234518, 1.0, 1.0, 1.0, 1.0, 1.0, 1.0, 1.0, 0.9993960136903564, 1.0, 1.0, 0.9991850040749797, 0.9987537831582696, 0.9950572904965176], "Uniform ensemble (Train acc)": 0.9540166666666666, "Uniform ensemble (Test acc)": 0.9495, "FedAvg (Train acc)": 0.10571666666666667, "FedAvg (Test acc)": 0.1107, "pdm_KL (Train acc)": 0.88665, "pdm_KL (Test acc)": 0.8886}, "comm 2": {"training timing": 427, "local_train_accs": [1.0, 1.0, 0.99767549976755, 1.0, 1.0, 1.0, 1.0, 0.9995284131101155, 1.0, 1.0, 1.0, 1.0, 1.0, 0.9998219690226099, 1.0], "local_test_accs": [1.0, 1.0, 0.99767549976755, 1.0, 1.0, 1.0, 1.0, 0.9995284131101155, 1.0, 1.0, 1.0, 1.0, 1.0, 0.9998219690226099, 1.0], "Uniform ensemble (Train acc)": 0.9541833333333334, "Uniform ensemble (Test acc)": 0.9517, "FedAvg (Train acc)": 0.14046666666666666, "FedAvg (Test acc)": 0.1467, "pdm_KL (Train acc)": 0.9017, "pdm_KL (Test acc)": 0.9071}, "comm 3": {"training timing": 443, "local_train_accs": [0.9977349943374858, 1.0, 0.9988377498837749, 1.0, 0.9981329350261389, 1.0, 1.0, 1.0, 1.0, 0.9987920273807127, 1.0, 0.998742665549036, 1.0, 1.0, 1.0], "local_test_accs": [0.9977349943374858, 1.0, 0.9988377498837749, 1.0, 0.9981329350261389, 1.0, 1.0, 1.0, 1.0, 0.9987920273807127, 1.0, 0.998742665549036, 1.0, 1.0, 1.0], "Uniform ensemble (Train acc)": 0.9585666666666667, "Uniform ensemble (Test acc)": 0.9551, "FedAvg (Train acc)": 0.19161666666666666, "FedAvg (Test acc)": 0.1949, "pdm_KL (Train acc)": 0.9231166666666667, "pdm_KL (Test acc)": 0.9256}, "comm 4": {"training timing": 453, "local_train_accs": [0.9997734994337486, 1.0, 1.0, 0.9996858309770656, 1.0, 1.0, 1.0, 1.0, 1.0, 0.9979867123011879, 1.0, 0.9997904442581727, 1.0, 0.9998219690226099, 1.0], "local_test_accs": [0.9997734994337486, 1.0, 1.0, 0.9996858309770656, 1.0, 1.0, 1.0, 1.0, 1.0, 0.9979867123011879, 1.0, 0.9997904442581727, 1.0, 0.9998219690226099, 1.0], "Uniform ensemble (Train acc)": 0.95735, "Uniform ensemble (Test acc)": 0.9552, "FedAvg (Train acc)": 0.17855, "FedAvg (Test acc)": 0.1788, "pdm_KL (Train acc)": 0.93325, "pdm_KL (Test acc)": 0.9357}, "comm 5": {"training timing": 413, "local_train_accs": [1.0, 1.0, 1.0, 1.0, 0.9985063480209111, 0.9981438515081207, 1.0, 1.0, 1.0, 1.0, 1.0, 1.0, 1.0, 1.0, 1.0], "local_test_accs": [1.0, 1.0, 1.0, 1.0, 0.9985063480209111, 0.9981438515081207, 1.0, 1.0, 1.0, 1.0, 1.0, 1.0, 1.0, 1.0, 1.0], "Uniform ensemble (Train acc)": 0.95765, "Uniform ensemble (Test acc)": 0.9555, "FedAvg (Train acc)": 0.18806666666666666, "FedAvg (Test acc)": 0.193, "pdm_KL (Train acc)": 0.9393166666666667, "pdm_KL (Test acc)": 0.9416}, "comm 6": {"training timing": 397, "local_train_accs": [0.9990939977349943, 1.0, 0.9918642491864249, 1.0, 1.0, 1.0, 1.0, 1.0, 1.0, 1.0, 0.9973941368078176, 1.0, 1.0, 1.0, 1.0], "local_test_accs": [0.9990939977349943, 1.0, 0.9918642491864249, 1.0, 1.0, 1.0, 1.0, 1.0, 1.0, 1.0, 0.9973941368078176, 1.0, 1.0, 1.0, 1.0], "Uniform ensemble (Train acc)": 0.9562833333333334, "Uniform ensemble (Test acc)": 0.9549, "FedAvg (Train acc)": 0.16438333333333333, "FedAvg (Test acc)": 0.166, "pdm_KL (Train acc)": 0.9421666666666667, "pdm_KL (Test acc)": 0.9407}, "comm 7": {"training timing": 415, "local_train_accs": [1.0, 1.0, 1.0, 1.0, 0.9985063480209111, 0.9997679814385151, 1.0, 1.0, 1.0, 1.0, 0.9996742671009772, 1.0, 1.0, 1.0, 1.0], "local_test_accs": [1.0, 1.0, 1.0, 1.0, 0.9985063480209111, 0.9997679814385151, 1.0, 1.0, 1.0, 1.0, 0.9996742671009772, 1.0, 1.0, 1.0, 1.0], "Uniform ensemble (Train acc)": 0.9564, "Uniform ensemble (Test acc)": 0.9538, "FedAvg (Train acc)": 0.17983333333333335, "FedAvg (Test acc)": 0.1858, "pdm_KL (Train acc)": 0.9468, "pdm_KL (Test acc)": 0.9462}, "comm 8": {"training timing": 412, "local_train_accs": [1.0, 1.0, 1.0, 1.0, 1.0, 1.0, 1.0, 0.9976420655505777, 0.996919014084507, 1.0, 0.9996742671009772, 1.0, 1.0, 0.997329535339149, 1.0], "local_test_accs": [1.0, 1.0, 1.0, 1.0, 1.0, 1.0, 1.0, 0.9976420655505777, 0.996919014084507, 1.0, 0.9996742671009772, 1.0, 1.0, 0.997329535339149, 1.0], "Uniform ensemble (Train acc)": 0.9563833333333334, "Uniform ensemble (Test acc)": 0.954, "FedAvg (Train acc)": 0.19363333333333332, "FedAvg (Test acc)": 0.2017, "pdm_KL (Train acc)": 0.94715, "pdm_KL (Test acc)": 0.9444}, "comm 9": {"training timing": 428, "local_train_accs": [1.0, 1.0, 0.99907019990702, 1.0, 1.0, 1.0, 1.0, 1.0, 0.9955985915492958, 0.9993960136903564, 0.9996742671009772, 1.0, 0.9991850040749797, 1.0, 1.0], "local_test_accs": [1.0, 1.0, 0.99907019990702, 1.0, 1.0, 1.0, 1.0, 1.0, 0.9955985915492958, 0.9993960136903564, 0.9996742671009772, 1.0, 0.9991850040749797, 1.0, 1.0], "Uniform ensemble (Train acc)": 0.9596666666666667, "Uniform ensemble (Test acc)": 0.9589, "FedAvg (Train acc)": 0.21136666666666667, "FedAvg (Test acc)": 0.2144, "pdm_KL (Train acc)": 0.9461333333333334, "pdm_KL (Test acc)": 0.9442}, "comm 10": {"training timing": 398, "local_train_accs": [1.0, 1.0, 1.0, 1.0, 0.9992531740104555, 1.0, 1.0, 1.0, 0.9995598591549296, 1.0, 1.0, 1.0, 1.0, 1.0, 1.0], "local_test_accs": [1.0, 1.0, 1.0, 1.0, 0.9992531740104555, 1.0, 1.0, 1.0, 0.9995598591549296, 1.0, 1.0, 1.0, 1.0, 1.0, 1.0], "Uniform ensemble (Train acc)": 0.9583666666666667, "Uniform ensemble (Test acc)": 0.9557, "FedAvg (Train acc)": 0.18031666666666665, "FedAvg (Test acc)": 0.1825, "pdm_KL (Train acc)": 0.9509833333333333, "pdm_KL (Test acc)": 0.9475}, "comm 11": {"training timing": 399, "local_train_accs": [1.0, 1.0, 1.0, 1.0, 0.9831964152352501, 1.0, 0.9992961051149695, 0.9988210327752889, 1.0, 0.9985906986108315, 1.0, 1.0, 1.0, 0.9992878760904398, 0.9957312963379016], "local_test_accs": [1.0, 1.0, 1.0, 1.0, 0.9831964152352501, 1.0, 0.9992961051149695, 0.9988210327752889, 1.0, 0.9985906986108315, 1.0, 1.0, 1.0, 0.9992878760904398, 0.9957312963379016], "Uniform ensemble (Train acc)": 0.9588666666666666, "Uniform ensemble (Test acc)": 0.9563, "FedAvg (Train acc)": 0.24208333333333334, "FedAvg (Test acc)": 0.2482, "pdm_KL (Train acc)": 0.9515833333333333, "pdm_KL (Test acc)": 0.9472},