{"seed": 4, "Data statistics": "{0: {0: 116, 1: 167, 2: 88, 3: 501, 4: 1763, 5: 100, 6: 1147, 7: 1088, 8: 101}, 1: {0: 1327, 1: 229, 2: 881, 3: 372, 4: 1411, 5: 4, 6: 263, 7: 15, 8: 830}, 2: {0: 866, 1: 225, 2: 26, 3: 5, 4: 46, 5: 576, 6: 123, 7: 66, 8: 2380, 9: 108}, 3: {0: 1036, 1: 224, 2: 53, 3: 278, 4: 529, 5: 27, 6: 210, 7: 986, 8: 945, 9: 642}, 4: {0: 177, 1: 95, 2: 97, 3: 238, 4: 1032, 5: 782, 6: 1659, 7: 18, 8: 55, 9: 19}, 5: {0: 218, 1: 12, 2: 2048, 3: 2046, 4: 22, 5: 257, 6: 1287}, 6: {0: 161, 1: 358, 2: 10, 3: 353, 4: 105, 5: 1008, 6: 3, 7: 102, 8: 192, 9: 1874}, 7: {0: 2, 1: 3399, 2: 1473, 3: 595}, 8: {0: 151, 1: 187, 2: 41, 3: 128, 4: 67, 5: 398, 6: 54, 7: 181, 8: 497, 9: 2357}, 9: {0: 946, 1: 104, 2: 283, 3: 484, 4: 25, 5: 1848, 6: 254, 7: 2544}}", "loading time": 41, "local_train_accs": [0.3476631828041806, 0.42704426106526633, 0.6104953630400362, 0.3764705882352941, 0.4597315436241611, 0.3473684210526316, 0.6017762842054729, 0.7730846589870177, 0.5803989165230239, 0.5750616522811344], "local_test_accs": [0.1, 0.1677, 0.1618, 0.1953, 0.1674, 0.1, 0.1705, 0.1637, 0.1, 0.2047], "pdm_KL_reg 0": {"Best Result": {"Best Sigma0": 10, "Best sigma": 1, "Best gamma": 50, "Best Test accuracy": 0.2624, "Train acc": 0.2653}, "PDM log": "{(10, 1, 50): {'shapes': [(3072, 850), (850,), (850, 289), (289,), (289, 280), (280,), (280, 289), (289,), (289, 289), (289,), (289, 226), (226,), (226, 10), (10,)], 'train_accuracy': 0.2653, 'test_accuracy': 0.2624}}", "timing": 960}, "best_reg": 0, "skip_pdm": {"Best Result": {"Best Sigma0": 10, "Best sigma": 1, "Best gamma": 50, "Best Test accuracy": 0.1, "Train acc": 0.1}, "PDM log": "{(10, 1, 50): {'shapes': [(852, 3073), (101, 852), (362, 101), (101, 362), (371, 101), (101, 371), (10, 101)], 'train_accuracy': 0.1, 'test_accuracy': 0.1}}", "timing": 666}}