{"seed": 7, "Data statistics": "{0: {0: 52, 1: 603, 2: 315, 3: 412, 5: 3608, 6: 16}, 1: {0: 162, 1: 1520, 2: 51, 3: 67, 4: 978, 5: 22, 6: 467, 7: 46, 9: 76}, 2: {0: 15, 1: 17, 2: 1323, 3: 1633, 4: 80, 5: 211, 6: 2577}, 3: {0: 133, 1: 14, 2: 5, 3: 1, 4: 47, 5: 760, 6: 167, 7: 266, 8: 2296, 9: 2060}, 4: {0: 23, 1: 546, 2: 655, 3: 267, 4: 307, 5: 19, 6: 17, 7: 2045, 8: 2274}, 5: {0: 502, 1: 44, 2: 36, 3: 1384, 4: 56, 5: 169, 6: 353, 7: 78, 8: 163, 9: 1041}, 6: {0: 1081, 1: 586, 2: 261, 3: 178, 4: 3212}, 7: {0: 10, 1: 549, 2: 1142, 3: 864, 4: 131, 5: 7, 6: 967, 7: 1968}, 8: {0: 2077, 1: 24, 2: 767, 3: 109, 4: 114, 5: 34, 6: 12, 7: 596, 8: 261, 9: 602}, 9: {0: 945, 1: 1097, 2: 445, 3: 85, 4: 75, 5: 170, 6: 424, 7: 1, 8: 6, 9: 1221}}", "loading time": 94, "local_train_accs": [0.7790651218537755, 0.6444378872823842, 0.6038251366120219, 0.6966428944164202, 0.644563627498781, 0.6176163094615786, 0.7491538172245205, 0.4098971266406527, 0.5596170583115753, 0.49966435444170954], "local_test_accs": [0.1448, 0.1731, 0.165, 0.2251, 0.2129, 0.2336, 0.1909, 0.1685, 0.2078, 0.2478], "Uniform ensemble (Train acc)": 0.35926, "Uniform ensemble (Test acc)": 0.3553, "FedAvg (Train acc)": 0.1, "FedAvg (Test acc)": 0.1, "pdm_KL_reg 0": {"Best Result": {"Best Sigma0": 10, "Best sigma": 1, "Best gamma": 50, "Best Test accuracy": 0.2266, "Train acc": 0.22848}, "PDM log": "{(10, 1, 50): {'shapes': [(3072, 700), (700,), (700, 10), (10,)], 'train_accuracy': 0.22848, 'test_accuracy': 0.2266}}", "timing": 606}, "pdm_KL_reg 0.001": {"Best Result": {"Best Sigma0": 10, "Best sigma": 1, "Best gamma": 50, "Best Test accuracy": 0.2266, "Train acc": 0.22848}, "PDM log": "{(10, 1, 50): {'shapes': [(3072, 700), (700,), (700, 10), (10,)], 'train_accuracy': 0.22848, 'test_accuracy': 0.2266}}", "timing": 1523}, "pdm_KL_reg 0.005": {"Best Result": {"Best Sigma0": 10, "Best sigma": 1, "Best gamma": 50, "Best Test accuracy": 0.2266, "Train acc": 0.22848}, "PDM log": "{(10, 1, 50): {'shapes': [(3072, 700), (700,), (700, 10), (10,)], 'train_accuracy': 0.22848, 'test_accuracy': 0.2266}}", "timing": 1298}, "pdm_KL_reg 0.01": {"Best Result": {"Best Sigma0": 10, "Best sigma": 1, "Best gamma": 50, "Best Test accuracy": 0.2266, "Train acc": 0.22848}, "PDM log": "{(10, 1, 50): {'shapes': [(3072, 700), (700,), (700, 10), (10,)], 'train_accuracy': 0.22848, 'test_accuracy': 0.2266}}", "timing": 1579}, "pdm_KL_reg 0.05": {"Best Result": {"Best Sigma0": 10, "Best sigma": 1, "Best gamma": 50, "Best Test accuracy": 0.2266, "Train acc": 0.22848}, "PDM log": "{(10, 1, 50): {'shapes': [(3072, 700), (700,), (700, 10), (10,)], 'train_accuracy': 0.22848, 'test_accuracy': 0.2266}}", "timing": 1288}, "pdm_KL_reg 0.1": {"Best Result": {"Best Sigma0": 10, "Best sigma": 1, "Best gamma": 50, "Best Test accuracy": 0.2266, "Train acc": 0.22848}, "PDM log": "{(10, 1, 50): {'shapes': [(3072, 700), (700,), (700, 10), (10,)], 'train_accuracy': 0.22848, 'test_accuracy': 0.2266}}", "timing": 1469}, "pdm_KL_reg 0.5": {"Best Result": {"Best Sigma0": 10, "Best sigma": 1, "Best gamma": 50, "Best Test accuracy": 0.2266, "Train acc": 0.22848}, "PDM log": "{(10, 1, 50): {'shapes': [(3072, 700), (700,), (700, 10), (10,)], 'train_accuracy': 0.22848, 'test_accuracy': 0.2266}}", "timing": 1543}, "pdm_KL_reg 1": {"Best Result": {"Best Sigma0": 10, "Best sigma": 1, "Best gamma": 50, "Best Test accuracy": 0.2266, "Train acc": 0.22846}, "PDM log": "{(10, 1, 50): {'shapes': [(3072, 550), (550,), (550, 10), (10,)], 'train_accuracy': 0.22846, 'test_accuracy': 0.2266}}", "timing": 991}, "pdm_KL_reg 2": {"Best Result": {"Best Sigma0": 10, "Best sigma": 1, "Best gamma": 50, "Best Test accuracy": 0.1, "Train acc": 0.1}, "PDM log": "{(10, 1, 50): {'shapes': [(3072, 116), (116,), (116, 10), (10,)], 'train_accuracy': 0.1, 'test_accuracy': 0.1}}", "timing": 418}, "pdm_KL_reg 5": {"Best Result": {"Best Sigma0": 10, "Best sigma": 1, "Best gamma": 50, "Best Test accuracy": 0.1, "Train acc": 0.1}, "PDM log": "{(10, 1, 50): {'shapes': [(3072, 105), (105,), (105, 10), (10,)], 'train_accuracy': 0.1, 'test_accuracy': 0.1}}", "timing": 381}, "pdm_KL_reg 10": {"Best Result": {"Best Sigma0": 10, "Best sigma": 1, "Best gamma": 50, "Best Test accuracy": 0.1, "Train acc": 0.1}, "PDM log": "{(10, 1, 50): {'shapes': [(3072, 100), (100,), (100, 10), (10,)], 'train_accuracy': 0.1, 'test_accuracy': 0.1}}", "timing": 220}, "best_reg": 0}