{"seed": 2, "Data statistics": "{0: {0: 440, 1: 456, 2: 390, 3: 404, 4: 381, 5: 391, 6: 394, 7: 395, 8: 387, 9: 362}, 1: {0: 373, 1: 469, 2: 369, 3: 438, 4: 405, 5: 331, 6: 402, 7: 389, 8: 409, 9: 415}, 2: {0: 370, 1: 429, 2: 435, 3: 410, 4: 431, 5: 361, 6: 373, 7: 436, 8: 370, 9: 385}, 3: {0: 389, 1: 453, 2: 404, 3: 419, 4: 381, 5: 368, 6: 403, 7: 402, 8: 367, 9: 414}, 4: {0: 413, 1: 445, 2: 412, 3: 405, 4: 376, 5: 382, 6: 401, 7: 425, 8: 367, 9: 374}, 5: {0: 365, 1: 446, 2: 381, 3: 388, 4: 402, 5: 359, 6: 413, 7: 428, 8: 419, 9: 399}, 6: {0: 399, 1: 405, 2: 411, 3: 412, 4: 397, 5: 350, 6: 415, 7: 405, 8: 399, 9: 407}, 7: {0: 387, 1: 438, 2: 399, 3: 460, 4: 374, 5: 386, 6: 389, 7: 426, 8: 379, 9: 362}, 8: {0: 370, 1: 475, 2: 403, 3: 387, 4: 385, 5: 360, 6: 389, 7: 434, 8: 399, 9: 398}, 9: {0: 406, 1: 452, 2: 411, 3: 384, 4: 394, 5: 364, 6: 361, 7: 425, 8: 389, 9: 414}, 10: {0: 421, 1: 448, 2: 375, 3: 385, 4: 400, 5: 349, 6: 394, 7: 430, 8: 397, 9: 401}, 11: {0: 402, 1: 481, 2: 401, 3: 427, 4: 366, 5: 358, 6: 368, 7: 438, 8: 359, 9: 400}, 12: {0: 407, 1: 434, 2: 400, 3: 375, 4: 384, 5: 351, 6: 412, 7: 408, 8: 410, 9: 419}, 13: {0: 420, 1: 466, 2: 371, 3: 395, 4: 405, 5: 357, 6: 397, 7: 422, 8: 371, 9: 396}, 14: {0: 361, 1: 445, 2: 396, 3: 442, 4: 361, 5: 354, 6: 407, 7: 402, 8: 429, 9: 403}}", "comm 0": {"training timing": 535, "local_train_accs": [0.981, 0.977, 0.98575, 0.985, 0.982, 0.99125, 0.97925, 0.98925, 0.984, 0.9885, 0.9845, 0.981, 0.986, 0.98725, 0.99525], "local_test_accs": [0.981, 0.977, 0.98575, 0.985, 0.982, 0.99125, 0.97925, 0.98925, 0.984, 0.9885, 0.9845, 0.981, 0.986, 0.98725, 0.99525], "Uniform ensemble (Train acc)": 0.9661166666666666, "Uniform ensemble (Test acc)": 0.9631, "FedAvg (Train acc)": 0.09751666666666667, "FedAvg (Test acc)": 0.0974, "pdm_KL (Train acc)": 0.09751666666666667, "pdm_KL (Test acc)": 0.0974}, "comm 1": {"training timing": 1448, "local_train_accs": [0.98075, 0.9945, 0.98525, 0.98775, 0.98325, 0.995, 0.97775, 0.99, 0.97775, 0.9905, 0.98675, 0.98675, 0.9935, 0.979, 0.98725], "local_test_accs": [0.98075, 0.9945, 0.98525, 0.98775, 0.98325, 0.995, 0.97775, 0.99, 0.97775, 0.9905, 0.98675, 0.98675, 0.9935, 0.979, 0.98725], "Uniform ensemble (Train acc)": 0.9669166666666666, "Uniform ensemble (Test acc)": 0.9654, "FedAvg (Train acc)": 0.09751666666666667, "FedAvg (Test acc)": 0.0974, "pdm_KL (Train acc)": 0.11236666666666667, "pdm_KL (Test acc)": 0.1135}, "comm 2": {"training timing": 863, "local_train_accs": [0.9885, 0.99025, 0.98975, 0.98475, 0.9875, 0.973, 0.98425, 0.98775, 0.993, 0.9845, 0.99825, 0.98425, 0.9895, 0.98325, 0.996], "local_test_accs": [0.9885, 0.99025, 0.98975, 0.98475, 0.9875, 0.973, 0.98425, 0.98775, 0.993, 0.9845, 0.99825, 0.98425, 0.9895, 0.98325, 0.996], "Uniform ensemble (Train acc)": 0.9679166666666666, "Uniform ensemble (Test acc)": 0.9661, "FedAvg (Train acc)": 0.09751666666666667, "FedAvg (Test acc)": 0.0974, "pdm_KL (Train acc)": 0.11236666666666667, "pdm_KL (Test acc)": 0.1135}, "comm 3": {"training timing": 599, "local_train_accs": [0.9935, 0.992, 0.99725, 1.0, 0.98775, 0.9975, 0.9915, 0.99375, 0.9925, 0.99825, 0.997, 0.992, 0.9995, 0.99725, 0.99525], "local_test_accs": [0.9935, 0.992, 0.99725, 1.0, 0.98775, 0.9975, 0.9915, 0.99375, 0.9925, 0.99825, 0.997, 0.992, 0.9995, 0.99725, 0.99525], "Uniform ensemble (Train acc)": 0.96895, "Uniform ensemble (Test acc)": 0.9681, "FedAvg (Train acc)": 0.09751666666666667, "FedAvg (Test acc)": 0.0974, "pdm_KL (Train acc)": 0.11236666666666667, "pdm_KL (Test acc)": 0.1135}, "comm 4": {"training timing": 797, "local_train_accs": [0.9935, 1.0, 0.98175, 0.9935, 0.99, 0.9945, 0.99275, 0.987, 0.99325, 0.98975, 0.99925, 0.999, 0.992, 0.99425, 0.99625], "local_test_accs": [0.9935, 1.0, 0.98175, 0.9935, 0.99, 0.9945, 0.99275, 0.987, 0.99325, 0.98975, 0.99925, 0.999, 0.992, 0.99425, 0.99625], "Uniform ensemble (Train acc)": 0.9690166666666666, "Uniform ensemble (Test acc)": 0.9677, "FedAvg (Train acc)": 0.09751666666666667, "FedAvg (Test acc)": 0.0974, "pdm_KL (Train acc)": 0.11236666666666667, "pdm_KL (Test acc)": 0.1135}, "comm 5": {"training timing": 961, "local_train_accs": [0.99925, 0.99125, 0.99325, 0.998, 0.99125, 0.989, 0.98275, 0.998, 0.99275, 0.9955, 0.99925, 0.99675, 0.99875, 0.98975, 1.0], "local_test_accs": [0.99925, 0.99125, 0.99325, 0.998, 0.99125, 0.989, 0.98275, 0.998, 0.99275, 0.9955, 0.99925, 0.99675, 0.99875, 0.98975, 1.0], "Uniform ensemble (Train acc)": 0.9695666666666667, "Uniform ensemble (Test acc)": 0.9681, "FedAvg (Train acc)": 0.09751666666666667, "FedAvg (Test acc)": 0.0974, "pdm_KL (Train acc)": 0.11236666666666667, "pdm_KL (Test acc)": 0.1135}, "comm 6": {"training timing": 1289, "local_train_accs": [0.99375, 0.99375, 0.99725, 0.99725, 0.99675, 0.99525, 0.99825, 0.98975, 0.99675, 0.99125, 0.99925, 0.9995, 0.99075, 0.978, 0.99675], "local_test_accs": [0.99375, 0.99375, 0.99725, 0.99725, 0.99675, 0.99525, 0.99825, 0.98975, 0.99675, 0.99125, 0.99925, 0.9995, 0.99075, 0.978, 0.99675], "Uniform ensemble (Train acc)": 0.96935, "Uniform ensemble (Test acc)": 0.9669, "FedAvg (Train acc)": 0.09751666666666667, "FedAvg (Test acc)": 0.0974, "pdm_KL (Train acc)": 0.11236666666666667, "pdm_KL (Test acc)": 0.1135}, "comm 7": {"training timing": 1312, "local_train_accs": [0.995, 0.99525, 0.99825, 0.995, 0.995, 0.99825, 0.9935, 0.99675, 0.99525, 0.99575, 0.9985, 0.9915, 0.99775, 0.9915, 0.9965], "local_test_accs": [0.995, 0.99525, 0.99825, 0.995, 0.995, 0.99825, 0.9935, 0.99675, 0.99525, 0.99575, 0.9985, 0.9915, 0.99775, 0.9915, 0.9965], "Uniform ensemble (Train acc)": 0.9691166666666666, "Uniform ensemble (Test acc)": 0.967, "FedAvg (Train acc)": 0.09751666666666667, "FedAvg (Test acc)": 0.0974, "pdm_KL (Train acc)": 0.11236666666666667, "pdm_KL (Test acc)": 0.1135}, "comm 8": {"training timing": 1033, "local_train_accs": [0.991, 0.9995, 0.99525, 0.99975, 0.996, 0.99875, 0.99375, 0.99875, 0.99, 0.992, 0.9935, 0.98475, 0.99825, 0.9945, 0.99775], "local_test_accs": [0.991, 0.9995, 0.99525, 0.99975, 0.996, 0.99875, 0.99375, 0.99875, 0.99, 0.992, 0.9935, 0.98475, 0.99825, 0.9945, 0.99775], "Uniform ensemble (Train acc)": 0.9698666666666667, "Uniform ensemble (Test acc)": 0.9682, "FedAvg (Train acc)": 0.09751666666666667, "FedAvg (Test acc)": 0.0974, "pdm_KL (Train acc)": 0.11236666666666667, "pdm_KL (Test acc)": 0.1135}, "comm 9": {"training timing": 694, "local_train_accs": [0.99575, 0.986, 0.99325, 0.99275, 0.99575, 0.9945, 0.9965, 0.99875, 0.986, 0.9945, 0.99225, 0.99225, 0.99675, 0.99325, 0.9925], "local_test_accs": [0.99575, 0.986, 0.99325, 0.99275, 0.99575, 0.9945, 0.9965, 0.99875, 0.986, 0.9945, 0.99225, 0.99225, 0.99675, 0.99325, 0.9925], "Uniform ensemble (Train acc)": 0.96975, "Uniform ensemble (Test acc)": 0.9675, "FedAvg (Train acc)": 0.09751666666666667, "FedAvg (Test acc)": 0.0974, "pdm_KL (Train acc)": 0.11236666666666667, "pdm_KL (Test acc)": 0.1135}, "comm 10": {"training timing": 607, "local_train_accs": [0.99675, 0.984, 0.98225, 0.996, 0.99925, 0.995, 0.99375, 0.995, 0.994, 0.99825, 0.99825, 0.99925, 0.995, 0.999, 0.99975], "local_test_accs": [0.99675, 0.984, 0.98225, 0.996, 0.99925, 0.995, 0.99375, 0.995, 0.994, 0.99825, 0.99825, 0.99925, 0.995, 0.999, 0.99975], "Uniform ensemble (Train acc)": 0.9702166666666666, "Uniform ensemble (Test acc)": 0.9686, "FedAvg (Train acc)": 0.09751666666666667, "FedAvg (Test acc)": 0.0974, "pdm_KL (Train acc)": 0.11236666666666667, "pdm_KL (Test acc)": 0.1135}, "comm 11": {"training timing": 731, "local_train_accs": [0.99425, 0.993, 0.99875, 0.996, 0.996, 0.993, 1.0, 0.999, 0.99875, 0.98075, 0.99875, 0.99375, 0.99875, 0.99725, 0.998], "local_test_accs": [0.99425, 0.993, 0.99875, 0.996, 0.996, 0.993, 1.0, 0.999, 0.99875, 0.98075, 0.99875, 0.99375, 0.99875, 0.99725, 0.998], "Uniform ensemble (Train acc)": 0.9700666666666666, "Uniform ensemble (Test acc)": 0.968, "FedAvg (Train acc)": 0.09751666666666667, "FedAvg (Test acc)": 0.0974, "pdm_KL (Train acc)": 0.11236666666666667,