{"seed": 8, "Data statistics": "{0: {0: 402, 1: 495, 2: 391, 3: 410, 4: 394, 5: 355, 6: 385, 7: 397, 8: 383, 9: 388}, 1: {0: 411, 1: 464, 2: 373, 3: 412, 4: 390, 5: 377, 6: 367, 7: 414, 8: 386, 9: 406}, 2: {0: 368, 1: 469, 2: 396, 3: 426, 4: 366, 5: 356, 6: 390, 7: 427, 8: 408, 9: 394}, 3: {0: 385, 1: 475, 2: 398, 3: 401, 4: 408, 5: 355, 6: 331, 7: 428, 8: 411, 9: 408}, 4: {0: 365, 1: 409, 2: 419, 3: 425, 4: 376, 5: 358, 6: 410, 7: 438, 8: 398, 9: 402}, 5: {0: 398, 1: 452, 2: 404, 3: 416, 4: 392, 5: 373, 6: 391, 7: 391, 8: 395, 9: 388}, 6: {0: 411, 1: 437, 2: 380, 3: 412, 4: 378, 5: 379, 6: 418, 7: 404, 8: 381, 9: 400}, 7: {0: 403, 1: 436, 2: 400, 3: 419, 4: 411, 5: 344, 6: 405, 7: 416, 8: 366, 9: 400}, 8: {0: 420, 1: 422, 2: 405, 3: 372, 4: 415, 5: 357, 6: 409, 7: 424, 8: 382, 9: 394}, 9: {0: 401, 1: 428, 2: 378, 3: 408, 4: 370, 5: 364, 6: 374, 7: 459, 8: 396, 9: 422}, 10: {0: 374, 1: 476, 2: 388, 3: 438, 4: 375, 5: 388, 6: 369, 7: 424, 8: 373, 9: 395}, 11: {0: 389, 1: 430, 2: 420, 3: 389, 4: 387, 5: 376, 6: 429, 7: 399, 8: 383, 9: 398}, 12: {0: 392, 1: 440, 2: 423, 3: 402, 4: 403, 5: 344, 6: 388, 7: 412, 8: 403, 9: 393}, 13: {0: 389, 1: 432, 2: 380, 3: 414, 4: 383, 5: 324, 6: 442, 7: 432, 8: 404, 9: 400}, 14: {0: 415, 1: 477, 2: 403, 3: 387, 4: 394, 5: 371, 6: 410, 7: 400, 8: 382, 9: 361}}", "comm 0": {"training timing": 270, "local_train_accs": [1.0, 0.99325, 0.9985, 0.99275, 0.99975, 0.99975, 0.997, 1.0, 0.99875, 0.9985, 0.99575, 1.0, 0.997, 1.0, 1.0], "local_test_accs": [1.0, 0.99325, 0.9985, 0.99275, 0.99975, 0.99975, 0.997, 1.0, 0.99875, 0.9985, 0.99575, 1.0, 0.997, 1.0, 1.0], "Uniform ensemble (Train acc)": 0.9640666666666666, "Uniform ensemble (Test acc)": 0.9637, "FedAvg (Train acc)": 0.14885, "FedAvg (Test acc)": 0.1514, "pdm_KL (Train acc)": 0.0993, "pdm_KL (Test acc)": 0.1032}, "comm 1": {"training timing": 1486, "local_train_accs": [0.996, 0.98775, 1.0, 0.99, 0.98975, 0.99775, 0.9995, 0.99875, 0.9945, 0.993, 0.98875, 0.98525, 1.0, 0.99625, 0.9905], "local_test_accs": [0.996, 0.98775, 1.0, 0.99, 0.98975, 0.99775, 0.9995, 0.99875, 0.9945, 0.993, 0.98875, 0.98525, 1.0, 0.99625, 0.9905], "Uniform ensemble (Train acc)": 0.9661666666666666, "Uniform ensemble (Test acc)": 0.9653, "FedAvg (Train acc)": 0.09933333333333333, "FedAvg (Test acc)": 0.0969, "pdm_KL (Train acc)": 0.10441666666666667, "pdm_KL (Test acc)": 0.1028}, "comm 2": {"training timing": 1088, "local_train_accs": [1.0, 1.0, 1.0, 1.0, 0.9965, 0.99975, 0.99875, 0.99875, 1.0, 0.99825, 0.99925, 0.9815, 0.99325, 0.99875, 0.99625], "local_test_accs": [1.0, 1.0, 1.0, 1.0, 0.9965, 0.99975, 0.99875, 0.99875, 1.0, 0.99825, 0.99925, 0.9815, 0.99325, 0.99875, 0.99625], "Uniform ensemble (Train acc)": 0.9676, "Uniform ensemble (Test acc)": 0.9649, "FedAvg (Train acc)": 0.10458333333333333, "FedAvg (Test acc)": 0.1052, "pdm_KL (Train acc)": 0.09865, "pdm_KL (Test acc)": 0.0958}, "comm 3": {"training timing": 435, "local_train_accs": [0.996, 0.9985, 1.0, 0.99575, 1.0, 0.98225, 1.0, 1.0, 0.99925, 0.99675, 0.99775, 0.993, 0.98825, 0.99325, 0.99875], "local_test_accs": [0.996, 0.9985, 1.0, 0.99575, 1.0, 0.98225, 1.0, 1.0, 0.99925, 0.99675, 0.99775, 0.993, 0.98825, 0.99325, 0.99875], "Uniform ensemble (Train acc)": 0.9679666666666666, "Uniform ensemble (Test acc)": 0.9676, "FedAvg (Train acc)": 0.098, "FedAvg (Test acc)": 0.0979, "pdm_KL (Train acc)": 0.09881666666666666, "pdm_KL (Test acc)": 0.098}, "comm 4": {"training timing": 634, "local_train_accs": [0.99925, 0.998, 0.99975, 0.9985, 0.99825, 0.998, 1.0, 1.0, 0.99875, 0.99975, 0.998, 0.997, 0.99825, 0.9955, 0.9975], "local_test_accs": [0.99925, 0.998, 0.99975, 0.9985, 0.99825, 0.998, 1.0, 1.0, 0.99875, 0.99975, 0.998, 0.997, 0.99825, 0.9955, 0.9975], "Uniform ensemble (Train acc)": 0.9681, "Uniform ensemble (Test acc)": 0.9673, "FedAvg (Train acc)": 0.09751666666666667, "FedAvg (Test acc)": 0.0974, "pdm_KL (Train acc)": 0.09881666666666666, "pdm_KL (Test acc)": 0.0981}, "comm 5": {"training timing": 1227, "local_train_accs": [0.99625, 1.0, 0.99925, 0.99775, 0.9975, 0.98925, 1.0, 0.99625, 0.99975, 1.0, 0.999, 0.99675, 0.99625, 0.9995, 1.0], "local_test_accs": [0.99625, 1.0, 0.99925, 0.99775, 0.9975, 0.98925, 1.0, 0.99625, 0.99975, 1.0, 0.999, 0.99675, 0.99625, 0.9995, 1.0], "Uniform ensemble (Train acc)": 0.96895, "Uniform ensemble (Test acc)": 0.9671, "FedAvg (Train acc)": 0.09751666666666667, "FedAvg (Test acc)": 0.0974, "pdm_KL (Train acc)": 0.19146666666666667, "pdm_KL (Test acc)": 0.1921}, "comm 6": {"training timing": 1565, "local_train_accs": [1.0, 0.995, 0.9975, 1.0, 0.997, 0.991, 1.0, 0.9995, 0.9985, 0.99725, 0.9985, 1.0, 0.99975, 0.99675, 0.9985], "local_test_accs": [1.0, 0.995, 0.9975, 1.0, 0.997, 0.991, 1.0, 0.9995, 0.9985, 0.99725, 0.9985, 1.0, 0.99975, 0.99675, 0.9985], "Uniform ensemble (Train acc)": 0.96905, "Uniform ensemble (Test acc)": 0.9658, "FedAvg (Train acc)": 0.09751666666666667, "FedAvg (Test acc)": 0.0974, "pdm_KL (Train acc)": 0.19841666666666666, "pdm_KL (Test acc)": 0.1997}, "comm 7": {"training timing": 712, "local_train_accs": [0.99625, 0.9975, 0.99775, 0.98925, 0.992, 0.99925, 0.9995, 1.0, 0.99825, 0.99675, 1.0, 0.999, 1.0, 0.995, 0.99925], "local_test_accs": [0.99625, 0.9975, 0.99775, 0.98925, 0.992, 0.99925, 0.9995, 1.0, 0.99825, 0.99675, 1.0, 0.999, 1.0, 0.995, 0.99925], "Uniform ensemble (Train acc)": 0.9687, "Uniform ensemble (Test acc)": 0.9674, "FedAvg (Train acc)": 0.09751666666666667, "FedAvg (Test acc)": 0.0974, "pdm_KL (Train acc)": 0.20188333333333333, "pdm_KL (Test acc)": 0.2036}, "comm 8": {"training timing": 586, "local_train_accs": [0.986, 0.99975, 0.99425, 0.9945, 0.999, 0.99625, 0.99575, 0.999, 0.999, 0.9895, 1.0, 1.0, 0.97675, 0.99975, 0.99725], "local_test_accs": [0.986, 0.99975, 0.99425, 0.9945, 0.999, 0.99625, 0.99575, 0.999, 0.999, 0.9895, 1.0, 1.0, 0.97675, 0.99975, 0.99725], "Uniform ensemble (Train acc)": 0.96875, "Uniform ensemble (Test acc)": 0.9689, "FedAvg (Train acc)": 0.09751666666666667, "FedAvg (Test acc)": 0.0974, "pdm_KL (Train acc)": 0.19893333333333332, "pdm_KL (Test acc)": 0.2002}, "comm 9": {"training timing": 1177, "local_train_accs": [0.99875, 1.0, 0.99775, 0.99875, 0.99725, 0.997, 0.9955, 0.9985, 1.0, 0.995, 0.99825, 0.99875, 0.99975, 0.99675, 0.996], "local_test_accs": [0.99875, 1.0, 0.99775, 0.99875, 0.99725, 0.997, 0.9955, 0.9985, 1.0, 0.995, 0.99825, 0.99875, 0.99975, 0.99675, 0.996], "Uniform ensemble (Train acc)": 0.9698166666666667, "Uniform ensemble (Test acc)": 0.9687, "FedAvg (Train acc)": 0.09751666666666667, "FedAvg (Test acc)": 0.0974, "pdm_KL (Train acc)": 0.1978, "pdm_KL (Test acc)": 0.1988}, "comm 10": {"training timing": 1506, "local_train_accs": [0.999, 0.99875, 0.99525, 0.998, 0.99775, 0.9965, 0.99875, 0.99875, 0.99675, 0.9995, 0.9955, 1.0, 0.99875, 0.98775, 0.9975], "local_test_accs": [0.999, 0.99875, 0.99525, 0.998, 0.99775, 0.9965, 0.99875, 0.99875, 0.99675, 0.9995, 0.9955, 1.0, 0.99875, 0.98775, 0.9975], "Uniform ensemble (Train acc)": 0.9689166666666666, "Uniform ensemble (Test acc)": 0.9681, "FedAvg (Train acc)": 0.09751666666666667, "FedAvg (Test acc)": 0.0974, "pdm_KL (Train acc)": 0.18331666666666666, "pdm_KL (Test acc)": 0.1864}, "comm 11": {"training timing": 819, "local_train_accs": [0.99925, 0.9995, 1.0, 0.999, 0.9945, 1.0, 0.99925, 0.99975, 0.99875, 0.99425, 0.9955, 0.9955, 0.99875, 0.99875, 0.994], "local_test_accs": [0.99925, 0.9995, 1.0, 0.999, 0.9945, 1.0, 0.99925, 0.99975, 0.99875, 0.99425, 0.9955, 0.9955, 0.99875, 0.99875, 0.994], "Uniform ensemble (Train acc)": 0.9688333333333333, "Uniform ensemble (Test acc)": 0.9689, "FedAvg (Train acc)": 0.09751666666666667, "FedAvg (Test acc)": 0.0974, "pdm_KL (Train acc)": 0.18293333333333334, "pdm_KL (Test acc)": 0.1856}, "comm 12": {"training timing": 515, "local_train_accs": [0.99725, 0.99975, 1.0, 0.99925, 0.99725, 0.99925, 1.0, 0.99975, 0.997, 0.99575, 0.99625, 0.99925, 0.99825, 0.9985, 0.9955],