{"seed": 4, "Data statistics": "{0: {0: 493, 1: 510, 2: 503, 3: 481, 4: 493, 5: 486, 6: 511, 7: 523, 8: 478, 9: 522}, 1: {0: 540, 1: 517, 2: 471, 3: 504, 4: 472, 5: 518, 6: 509, 7: 490, 8: 482, 9: 497}, 2: {0: 488, 1: 490, 2: 482, 3: 472, 4: 540, 5: 512, 6: 512, 7: 501, 8: 519, 9: 484}, 3: {0: 532, 1: 502, 2: 528, 3: 484, 4: 490, 5: 477, 6: 569, 7: 488, 8: 466, 9: 464}, 4: {0: 475, 1: 525, 2: 514, 3: 524, 4: 516, 5: 509, 6: 467, 7: 494, 8: 487, 9: 489}, 5: {0: 512, 1: 476, 2: 518, 3: 534, 4: 464, 5: 516, 6: 458, 7: 488, 8: 538, 9: 496}, 6: {0: 471, 1: 503, 2: 487, 3: 516, 4: 493, 5: 509, 6: 500, 7: 508, 8: 497, 9: 516}, 7: {0: 518, 1: 472, 2: 488, 3: 487, 4: 525, 5: 494, 6: 479, 7: 506, 8: 501, 9: 530}, 8: {0: 494, 1: 497, 2: 489, 3: 491, 4: 514, 5: 507, 6: 476, 7: 519, 8: 524, 9: 489}, 9: {0: 477, 1: 508, 2: 520, 3: 507, 4: 493, 5: 472, 6: 519, 7: 483, 8: 508, 9: 513}}", "loading time": 48, "local_train_accs": [0.4494, 0.4324, 0.4166, 0.4184, 0.424, 0.4072, 0.436, 0.422, 0.4232, 0.4062], "local_test_accs": [0.3838, 0.3686, 0.3544, 0.3633, 0.3675, 0.3596, 0.3585, 0.3657, 0.3626, 0.3489], "Uniform ensemble (Train acc)": 0.4189, "Uniform ensemble (Test acc)": 0.4125, "FedAvg (Train acc)": 0.10012, "FedAvg (Test acc)": 0.1, "pdm_KL_reg 0": {"Best Result": {"Best Sigma0": 0.5, "Best sigma": 1, "Best gamma": 10, "Best Test accuracy": 0.4038, "Train acc": 0.40998}, "PDM log": "{(0.5, 1, 10): {'shapes': [(3072, 554), (554,), (554, 10), (10,)], 'train_accuracy': 0.40998, 'test_accuracy': 0.4038}}", "timing": 342}, "pdm_KL_reg 0.001": {"Best Result": {"Best Sigma0": 0.5, "Best sigma": 1, "Best gamma": 10, "Best Test accuracy": 0.3974, "Train acc": 0.40752}, "PDM log": "{(0.5, 1, 10): {'shapes': [(3072, 559), (559,), (559, 10), (10,)], 'train_accuracy': 0.40752, 'test_accuracy': 0.3974}}", "timing": 695}, "pdm_KL_reg 0.005": {"Best Result": {"Best Sigma0": 0.5, "Best sigma": 1, "Best gamma": 10, "Best Test accuracy": 0.401, "Train acc": 0.40724}, "PDM log": "{(0.5, 1, 10): {'shapes': [(3072, 556), (556,), (556, 10), (10,)], 'train_accuracy': 0.40724, 'test_accuracy': 0.401}}", "timing": 695}, "pdm_KL_reg 0.01": {"Best Result": {"Best Sigma0": 0.5, "Best sigma": 1, "Best gamma": 10, "Best Test accuracy": 0.401, "Train acc": 0.40756}, "PDM log": "{(0.5, 1, 10): {'shapes': [(3072, 557), (557,), (557, 10), (10,)], 'train_accuracy': 0.40756, 'test_accuracy': 0.401}}", "timing": 862}, "pdm_KL_reg 0.05": {"Best Result": {"Best Sigma0": 0.5, "Best sigma": 1, "Best gamma": 10, "Best Test accuracy": 0.3952, "Train acc": 0.40596}, "PDM log": "{(0.5, 1, 10): {'shapes': [(3072, 549), (549,), (549, 10), (10,)], 'train_accuracy': 0.40596, 'test_accuracy': 0.3952}}", "timing": 911}, "pdm_KL_reg 0.1": {"Best Result": {"Best Sigma0": 0.5, "Best sigma": 1, "Best gamma": 10, "Best Test accuracy": 0.3984, "Train acc": 0.4061}, "PDM log": "{(0.5, 1, 10): {'shapes': [(3072, 563), (563,), (563, 10), (10,)], 'train_accuracy': 0.4061, 'test_accuracy': 0.3984}}", "timing": 939}, "pdm_KL_reg 0.5": {"Best Result": {"Best Sigma0": 0.5, "Best sigma": 1, "Best gamma": 10, "Best Test accuracy": 0.4101, "Train acc": 0.4148}, "PDM log": "{(0.5, 1, 10): {'shapes': [(3072, 582), (582,), (582, 10), (10,)], 'train_accuracy': 0.4148, 'test_accuracy': 0.4101}}", "timing": 974}, "pdm_KL_reg 1": {"Best Result": {"Best Sigma0": 0.5, "Best sigma": 1, "Best gamma": 10, "Best Test accuracy": 0.41, "Train acc": 0.41584}, "PDM log": "{(0.5, 1, 10): {'shapes': [(3072, 618), (618,), (618, 10), (10,)], 'train_accuracy': 0.41584, 'test_accuracy': 0.41}}", "timing": 974}, "pdm_KL_reg 2": {"Best Result": {"Best Sigma0": 0.5, "Best sigma": 1, "Best gamma": 10, "Best Test accuracy": 0.4114, "Train acc": 0.41758}, "PDM log": "{(0.5, 1, 10): {'shapes': [(3072, 604), (604,), (604, 10), (10,)], 'train_accuracy': 0.41758, 'test_accuracy': 0.4114}}", "timing": 1026}, "pdm_KL_reg 5": {"Best Result": {"Best Sigma0": 0.5, "Best sigma": 1, "Best gamma": 10, "Best Test accuracy": 0.1021, "Train acc": 0.10354}, "PDM log": "{(0.5, 1, 10): {'shapes': [(3072, 171), (171,), (171, 10), (10,)], 'train_accuracy': 0.10354, 'test_accuracy': 0.1021}}", "timing": 594}, "pdm_KL_reg 10": {"Best Result": {"Best Sigma0": 0.5, "Best sigma": 1, "Best gamma": 10, "Best Test accuracy": 0.1, "Train acc": 0.09998}, "PDM log": "{(0.5, 1, 10): {'shapes': [(3072, 127), (127,), (127, 10), (10,)], 'train_accuracy': 0.09998, 'test_accuracy': 0.1}}", "timing": 416}, "best_reg": 2}