{"seed": 0, "Data statistics": "{0: {0: 503, 1: 483, 2: 487, 3: 527, 4: 473, 5: 548, 6: 491, 7: 502, 8: 482, 9: 504}, 1: {0: 501, 1: 503, 2: 529, 3: 503, 4: 494, 5: 468, 6: 462, 7: 497, 8: 507, 9: 536}, 2: {0: 510, 1: 540, 2: 498, 3: 461, 4: 516, 5: 483, 6: 502, 7: 515, 8: 492, 9: 483}, 3: {0: 487, 1: 487, 2: 493, 3: 498, 4: 523, 5: 482, 6: 500, 7: 487, 8: 495, 9: 548}, 4: {0: 505, 1: 480, 2: 488, 3: 488, 4: 480, 5: 509, 6: 537, 7: 490, 8: 490, 9: 533}, 5: {0: 504, 1: 480, 2: 511, 3: 494, 4: 530, 5: 509, 6: 521, 7: 489, 8: 490, 9: 472}, 6: {0: 512, 1: 509, 2: 512, 3: 488, 4: 488, 5: 465, 6: 490, 7: 538, 8: 506, 9: 492}, 7: {0: 472, 1: 521, 2: 463, 3: 549, 4: 502, 5: 515, 6: 518, 7: 496, 8: 479, 9: 485}, 8: {0: 505, 1: 485, 2: 487, 3: 505, 4: 497, 5: 512, 6: 508, 7: 501, 8: 531, 9: 469}, 9: {0: 501, 1: 512, 2: 532, 3: 487, 4: 497, 5: 509, 6: 471, 7: 485, 8: 528, 9: 478}}", "loading time": 44, "local_train_accs": [0.4302, 0.4162, 0.4516, 0.3866, 0.4262, 0.4488, 0.466, 0.4246, 0.4156, 0.4168], "local_test_accs": [0.3597, 0.3465, 0.3784, 0.3432, 0.3643, 0.3808, 0.3802, 0.3689, 0.3584, 0.3544], "Uniform ensemble (Train acc)": 0.42476, "Uniform ensemble (Test acc)": 0.421, "FedAvg (Train acc)": 0.10132, "FedAvg (Test acc)": 0.1014, "pdm_KL_reg 0": {"Best Result": {"Best Sigma0": 0.5, "Best sigma": 1, "Best gamma": 10, "Best Test accuracy": 0.4061, "Train acc": 0.4086}, "PDM log": "{(0.5, 1, 10): {'shapes': [(3072, 550), (550,), (550, 10), (10,)], 'train_accuracy': 0.4086, 'test_accuracy': 0.4061}}", "timing": 600}, "pdm_KL_reg 0.001": {"Best Result": {"Best Sigma0": 0.5, "Best sigma": 1, "Best gamma": 10, "Best Test accuracy": 0.4038, "Train acc": 0.40726}, "PDM log": "{(0.5, 1, 10): {'shapes': [(3072, 546), (546,), (546, 10), (10,)], 'train_accuracy': 0.40726, 'test_accuracy': 0.4038}}", "timing": 1435}, "pdm_KL_reg 0.005": {"Best Result": {"Best Sigma0": 0.5, "Best sigma": 1, "Best gamma": 10, "Best Test accuracy": 0.4052, "Train acc": 0.40596}, "PDM log": "{(0.5, 1, 10): {'shapes': [(3072, 551), (551,), (551, 10), (10,)], 'train_accuracy': 0.40596, 'test_accuracy': 0.4052}}", "timing": 1534}, "pdm_KL_reg 0.01": {"Best Result": {"Best Sigma0": 0.5, "Best sigma": 1, "Best gamma": 10, "Best Test accuracy": 0.405, "Train acc": 0.40962}, "PDM log": "{(0.5, 1, 10): {'shapes': [(3072, 549), (549,), (549, 10), (10,)], 'train_accuracy': 0.40962, 'test_accuracy': 0.405}}", "timing": 1484}, "pdm_KL_reg 0.05": {"Best Result": {"Best Sigma0": 0.5, "Best sigma": 1, "Best gamma": 10, "Best Test accuracy": 0.4122, "Train acc": 0.41356}, "PDM log": "{(0.5, 1, 10): {'shapes': [(3072, 549), (549,), (549, 10), (10,)], 'train_accuracy': 0.41356, 'test_accuracy': 0.4122}}", "timing": 1446}, "pdm_KL_reg 0.1": {"Best Result": {"Best Sigma0": 0.5, "Best sigma": 1, "Best gamma": 10, "Best Test accuracy": 0.4107, "Train acc": 0.41322}, "PDM log": "{(0.5, 1, 10): {'shapes': [(3072, 551), (551,), (551, 10), (10,)], 'train_accuracy': 0.41322, 'test_accuracy': 0.4107}}", "timing": 1426}, "pdm_KL_reg 0.5": {"Best Result": {"Best Sigma0": 0.5, "Best sigma": 1, "Best gamma": 10, "Best Test accuracy": 0.4114, "Train acc": 0.41522}, "PDM log": "{(0.5, 1, 10): {'shapes': [(3072, 576), (576,), (576, 10), (10,)], 'train_accuracy': 0.41522, 'test_accuracy': 0.4114}}", "timing": 1236}, "pdm_KL_reg 1": {"Best Result": {"Best Sigma0": 0.5, "Best sigma": 1, "Best gamma": 10, "Best Test accuracy": 0.4164, "Train acc": 0.41982}, "PDM log": "{(0.5, 1, 10): {'shapes': [(3072, 619), (619,), (619, 10), (10,)], 'train_accuracy': 0.41982, 'test_accuracy': 0.4164}}", "timing": 1349}, "pdm_KL_reg 2": {"Best Result": {"Best Sigma0": 0.5, "Best sigma": 1, "Best gamma": 10, "Best Test accuracy": 0.4112, "Train acc": 0.41676}, "PDM log": "{(0.5, 1, 10): {'shapes': [(3072, 640), (640,), (640, 10), (10,)], 'train_accuracy': 0.41676, 'test_accuracy': 0.4112}}", "timing": 1348}, "pdm_KL_reg 5": {"Best Result": {"Best Sigma0": 0.5, "Best sigma": 1, "Best gamma": 10, "Best Test accuracy": 0.1038, "Train acc": 0.10468}, "PDM log": "{(0.5, 1, 10): {'shapes': [(3072, 154), (154,), (154, 10), (10,)], 'train_accuracy': 0.10468, 'test_accuracy': 0.1038}}", "timing": 623}, "pdm_KL_reg 10": {"Best Result": {"Best Sigma0": 0.5, "Best sigma": 1, "Best gamma": 10, "Best Test accuracy": 0.0999, "Train acc": 0.10002}, "PDM log": "{(0.5, 1, 10): {'shapes': [(3072, 127), (127,), (127, 10), (10,)], 'train_accuracy': 0.10002, 'test_accuracy': 0.0999}}", "timing": 536}, "best_reg": 1}