{"seed": 3, "Data statistics": "{0: {0: 488, 1: 493, 2: 515, 3: 499, 4: 453, 5: 505, 6: 526, 7: 512, 8: 497, 9: 512}, 1: {0: 544, 1: 458, 2: 518, 3: 495, 4: 465, 5: 501, 6: 517, 7: 528, 8: 473, 9: 501}, 2: {0: 512, 1: 504, 2: 490, 3: 521, 4: 482, 5: 504, 6: 507, 7: 506, 8: 502, 9: 472}, 3: {0: 466, 1: 527, 2: 514, 3: 512, 4: 494, 5: 483, 6: 511, 7: 511, 8: 482, 9: 500}, 4: {0: 528, 1: 511, 2: 487, 3: 506, 4: 506, 5: 478, 6: 481, 7: 484, 8: 541, 9: 478}, 5: {0: 474, 1: 502, 2: 495, 3: 470, 4: 497, 5: 562, 6: 497, 7: 465, 8: 518, 9: 520}, 6: {0: 500, 1: 514, 2: 478, 3: 515, 4: 509, 5: 533, 6: 477, 7: 484, 8: 494, 9: 496}, 7: {0: 492, 1: 509, 2: 490, 3: 507, 4: 505, 5: 486, 6: 507, 7: 486, 8: 508, 9: 510}, 8: {0: 518, 1: 514, 2: 503, 3: 464, 4: 534, 5: 465, 6: 492, 7: 497, 8: 484, 9: 529}, 9: {0: 478, 1: 468, 2: 510, 3: 511, 4: 555, 5: 483, 6: 485, 7: 527, 8: 501, 9: 482}}", "loading time": 66, "local_train_accs": [0.3964, 0.4276, 0.4306, 0.43, 0.4396, 0.4526, 0.4042, 0.4182, 0.437, 0.4368], "local_test_accs": [0.3453, 0.3589, 0.3772, 0.3704, 0.3782, 0.3813, 0.3462, 0.3558, 0.3693, 0.3583], "Uniform ensemble (Train acc)": 0.4238, "Uniform ensemble (Test acc)": 0.4222, "FedAvg (Train acc)": 0.10092, "FedAvg (Test acc)": 0.1014, "pdm_KL_reg 0": {"Best Result": {"Best Sigma0": 0.5, "Best sigma": 1, "Best gamma": 10, "Best Test accuracy": 0.4046, "Train acc": 0.40276}, "PDM log": "{(0.5, 1, 10): {'shapes': [(3072, 568), (568,), (568, 10), (10,)], 'train_accuracy': 0.40276, 'test_accuracy': 0.4046}}", "timing": 366}, "pdm_KL_reg 0.001": {"Best Result": {"Best Sigma0": 0.5, "Best sigma": 1, "Best gamma": 10, "Best Test accuracy": 0.408, "Train acc": 0.4101}, "PDM log": "{(0.5, 1, 10): {'shapes': [(3072, 563), (563,), (563, 10), (10,)], 'train_accuracy': 0.4101, 'test_accuracy': 0.408}}", "timing": 790}, "pdm_KL_reg 0.005": {"Best Result": {"Best Sigma0": 0.5, "Best sigma": 1, "Best gamma": 10, "Best Test accuracy": 0.4052, "Train acc": 0.40684}, "PDM log": "{(0.5, 1, 10): {'shapes': [(3072, 557), (557,), (557, 10), (10,)], 'train_accuracy': 0.40684, 'test_accuracy': 0.4052}}", "timing": 805}, "pdm_KL_reg 0.01": {"Best Result": {"Best Sigma0": 0.5, "Best sigma": 1, "Best gamma": 10, "Best Test accuracy": 0.4055, "Train acc": 0.40508}, "PDM log": "{(0.5, 1, 10): {'shapes': [(3072, 562), (562,), (562, 10), (10,)], 'train_accuracy': 0.40508, 'test_accuracy': 0.4055}}", "timing": 679}, "pdm_KL_reg 0.05": {"Best Result": {"Best Sigma0": 0.5, "Best sigma": 1, "Best gamma": 10, "Best Test accuracy": 0.403, "Train acc": 0.40634}, "PDM log": "{(0.5, 1, 10): {'shapes': [(3072, 566), (566,), (566, 10), (10,)], 'train_accuracy': 0.40634, 'test_accuracy': 0.403}}", "timing": 717}, "pdm_KL_reg 0.1": {"Best Result": {"Best Sigma0": 0.5, "Best sigma": 1, "Best gamma": 10, "Best Test accuracy": 0.4075, "Train acc": 0.4087}, "PDM log": "{(0.5, 1, 10): {'shapes': [(3072, 561), (561,), (561, 10), (10,)], 'train_accuracy': 0.4087, 'test_accuracy': 0.4075}}", "timing": 705}, "pdm_KL_reg 0.5": {"Best Result": {"Best Sigma0": 0.5, "Best sigma": 1, "Best gamma": 10, "Best Test accuracy": 0.4117, "Train acc": 0.41366}, "PDM log": "{(0.5, 1, 10): {'shapes': [(3072, 597), (597,), (597, 10), (10,)], 'train_accuracy': 0.41366, 'test_accuracy': 0.4117}}", "timing": 756}, "pdm_KL_reg 1": {"Best Result": {"Best Sigma0": 0.5, "Best sigma": 1, "Best gamma": 10, "Best Test accuracy": 0.416, "Train acc": 0.41816}, "PDM log": "{(0.5, 1, 10): {'shapes': [(3072, 624), (624,), (624, 10), (10,)], 'train_accuracy': 0.41816, 'test_accuracy': 0.416}}", "timing": 744}, "pdm_KL_reg 2": {"Best Result": {"Best Sigma0": 0.5, "Best sigma": 1, "Best gamma": 10, "Best Test accuracy": 0.4163, "Train acc": 0.41784}, "PDM log": "{(0.5, 1, 10): {'shapes': [(3072, 595), (595,), (595, 10), (10,)], 'train_accuracy': 0.41784, 'test_accuracy': 0.4163}}", "timing": 757}, "pdm_KL_reg 5": {"Best Result": {"Best Sigma0": 0.5, "Best sigma": 1, "Best gamma": 10, "Best Test accuracy": 0.1004, "Train acc": 0.10026}, "PDM log": "{(0.5, 1, 10): {'shapes': [(3072, 145), (145,), (145, 10), (10,)], 'train_accuracy': 0.10026, 'test_accuracy': 0.1004}}", "timing": 404}, "pdm_KL_reg 10": {"Best Result": {"Best Sigma0": 0.5, "Best sigma": 1, "Best gamma": 10, "Best Test accuracy": 0.0997, "Train acc": 0.10012}, "PDM log": "{(0.5, 1, 10): {'shapes': [(3072, 127), (127,), (127, 10), (10,)], 'train_accuracy': 0.10012, 'test_accuracy': 0.0997}}", "timing": 372}, "best_reg": 2}