{"seed": 7, "Data statistics": "{0: {0: 482, 1: 521, 2: 535, 3: 522, 4: 467, 5: 501, 6: 526, 7: 471, 8: 489, 9: 486}, 1: {0: 527, 1: 478, 2: 478, 3: 525, 4: 507, 5: 463, 6: 507, 7: 499, 8: 520, 9: 496}, 2: {0: 489, 1: 470, 2: 493, 3: 474, 4: 505, 5: 539, 6: 476, 7: 516, 8: 519, 9: 519}, 3: {0: 489, 1: 489, 2: 485, 3: 519, 4: 474, 5: 505, 6: 483, 7: 517, 8: 515, 9: 524}, 4: {0: 516, 1: 492, 2: 514, 3: 501, 4: 490, 5: 513, 6: 497, 7: 486, 8: 500, 9: 491}, 5: {0: 507, 1: 511, 2: 508, 3: 489, 4: 512, 5: 491, 6: 462, 7: 498, 8: 503, 9: 519}, 6: {0: 487, 1: 497, 2: 481, 3: 477, 4: 494, 5: 531, 6: 534, 7: 484, 8: 539, 9: 476}, 7: {0: 512, 1: 497, 2: 493, 3: 496, 4: 537, 5: 462, 6: 510, 7: 562, 8: 460, 9: 471}, 8: {0: 527, 1: 536, 2: 509, 3: 474, 4: 504, 5: 500, 6: 486, 7: 464, 8: 468, 9: 532}, 9: {0: 464, 1: 509, 2: 504, 3: 523, 4: 510, 5: 495, 6: 519, 7: 503, 8: 487, 9: 486}}", "loading time": 110, "local_train_accs": [0.3942, 0.4204, 0.4306, 0.4336, 0.4392, 0.4058, 0.4474, 0.4418, 0.418, 0.4436], "local_test_accs": [0.3462, 0.3607, 0.367, 0.3583, 0.3691, 0.3591, 0.3777, 0.3891, 0.3548, 0.3789], "Uniform ensemble (Train acc)": 0.42306, "Uniform ensemble (Test acc)": 0.4165, "FedAvg (Train acc)": 0.10014, "FedAvg (Test acc)": 0.1001, "pdm_KL_reg 0": {"Best Result": {"Best Sigma0": 0.5, "Best sigma": 1, "Best gamma": 10, "Best Test accuracy": 0.4036, "Train acc": 0.40836}, "PDM log": "{(0.5, 1, 10): {'shapes': [(3072, 573), (573,), (573, 10), (10,)], 'train_accuracy': 0.40836, 'test_accuracy': 0.4036}}", "timing": 585}, "pdm_KL_reg 0.001": {"Best Result": {"Best Sigma0": 0.5, "Best sigma": 1, "Best gamma": 10, "Best Test accuracy": 0.4019, "Train acc": 0.40896}, "PDM log": "{(0.5, 1, 10): {'shapes': [(3072, 563), (563,), (563, 10), (10,)], 'train_accuracy': 0.40896, 'test_accuracy': 0.4019}}", "timing": 1374}, "pdm_KL_reg 0.005": {"Best Result": {"Best Sigma0": 0.5, "Best sigma": 1, "Best gamma": 10, "Best Test accuracy": 0.3991, "Train acc": 0.40534}, "PDM log": "{(0.5, 1, 10): {'shapes': [(3072, 564), (564,), (564, 10), (10,)], 'train_accuracy': 0.40534, 'test_accuracy': 0.3991}}", "timing": 1405}, "pdm_KL_reg 0.01": {"Best Result": {"Best Sigma0": 0.5, "Best sigma": 1, "Best gamma": 10, "Best Test accuracy": 0.4044, "Train acc": 0.41018}, "PDM log": "{(0.5, 1, 10): {'shapes': [(3072, 565), (565,), (565, 10), (10,)], 'train_accuracy': 0.41018, 'test_accuracy': 0.4044}}", "timing": 1431}, "pdm_KL_reg 0.05": {"Best Result": {"Best Sigma0": 0.5, "Best sigma": 1, "Best gamma": 10, "Best Test accuracy": 0.403, "Train acc": 0.41028}, "PDM log": "{(0.5, 1, 10): {'shapes': [(3072, 564), (564,), (564, 10), (10,)], 'train_accuracy': 0.41028, 'test_accuracy': 0.403}}", "timing": 1283}, "pdm_KL_reg 0.1": {"Best Result": {"Best Sigma0": 0.5, "Best sigma": 1, "Best gamma": 10, "Best Test accuracy": 0.4034, "Train acc": 0.40626}, "PDM log": "{(0.5, 1, 10): {'shapes': [(3072, 567), (567,), (567, 10), (10,)], 'train_accuracy': 0.40626, 'test_accuracy': 0.4034}}", "timing": 1380}, "pdm_KL_reg 0.5": {"Best Result": {"Best Sigma0": 0.5, "Best sigma": 1, "Best gamma": 10, "Best Test accuracy": 0.4085, "Train acc": 0.41518}, "PDM log": "{(0.5, 1, 10): {'shapes': [(3072, 590), (590,), (590, 10), (10,)], 'train_accuracy': 0.41518, 'test_accuracy': 0.4085}}", "timing": 1409}, "pdm_KL_reg 1": {"Best Result": {"Best Sigma0": 0.5, "Best sigma": 1, "Best gamma": 10, "Best Test accuracy": 0.4098, "Train acc": 0.41626}, "PDM log": "{(0.5, 1, 10): {'shapes': [(3072, 607), (607,), (607, 10), (10,)], 'train_accuracy': 0.41626, 'test_accuracy': 0.4098}}", "timing": 1536}, "pdm_KL_reg 2": {"Best Result": {"Best Sigma0": 0.5, "Best sigma": 1, "Best gamma": 10, "Best Test accuracy": 0.41, "Train acc": 0.41604}, "PDM log": "{(0.5, 1, 10): {'shapes': [(3072, 640), (640,), (640, 10), (10,)], 'train_accuracy': 0.41604, 'test_accuracy': 0.41}}", "timing": 1544}, "pdm_KL_reg 5": {"Best Result": {"Best Sigma0": 0.5, "Best sigma": 1, "Best gamma": 10, "Best Test accuracy": 0.1058, "Train acc": 0.10616}, "PDM log": "{(0.5, 1, 10): {'shapes': [(3072, 149), (149,), (149, 10), (10,)], 'train_accuracy': 0.10616, 'test_accuracy': 0.1058}}", "timing": 864}, "pdm_KL_reg 10": {"Best Result": {"Best Sigma0": 0.5, "Best sigma": 1, "Best gamma": 10, "Best Test accuracy": 0.1, "Train acc": 0.10002}, "PDM log": "{(0.5, 1, 10): {'shapes': [(3072, 127), (127,), (127, 10), (10,)], 'train_accuracy': 0.10002, 'test_accuracy': 0.1}}", "timing": 692}, "best_reg": 2}