{"seed": 5, "Data statistics": "{0: {0: 506, 1: 481, 2: 527, 3: 510, 4: 480, 5: 503, 6: 521, 7: 490, 8: 497, 9: 485}, 1: {0: 490, 1: 480, 2: 474, 3: 544, 4: 490, 5: 515, 6: 471, 7: 492, 8: 512, 9: 532}, 2: {0: 505, 1: 512, 2: 489, 3: 508, 4: 493, 5: 500, 6: 500, 7: 467, 8: 510, 9: 516}, 3: {0: 470, 1: 509, 2: 507, 3: 490, 4: 510, 5: 485, 6: 495, 7: 537, 8: 511, 9: 486}, 4: {0: 521, 1: 509, 2: 461, 3: 504, 4: 533, 5: 475, 6: 501, 7: 516, 8: 493, 9: 487}, 5: {0: 553, 1: 501, 2: 514, 3: 461, 4: 516, 5: 522, 6: 476, 7: 508, 8: 473, 9: 476}, 6: {0: 515, 1: 505, 2: 504, 3: 477, 4: 491, 5: 503, 6: 506, 7: 485, 8: 477, 9: 537}, 7: {0: 479, 1: 494, 2: 525, 3: 488, 4: 488, 5: 504, 6: 543, 7: 509, 8: 506, 9: 464}, 8: {0: 450, 1: 502, 2: 468, 3: 521, 4: 484, 5: 508, 6: 509, 7: 513, 8: 528, 9: 517}, 9: {0: 511, 1: 507, 2: 531, 3: 497, 4: 515, 5: 485, 6: 478, 7: 483, 8: 493, 9: 500}}", "loading time": 70, "local_train_accs": [0.4474, 0.4128, 0.4466, 0.4228, 0.411, 0.4228, 0.4256, 0.44, 0.446, 0.4226], "local_test_accs": [0.3779, 0.3531, 0.3739, 0.3633, 0.354, 0.3714, 0.3529, 0.3812, 0.3741, 0.3661], "Uniform ensemble (Train acc)": 0.41984, "Uniform ensemble (Test acc)": 0.4156, "FedAvg (Train acc)": 0.09386, "FedAvg (Test acc)": 0.0958, "pdm_KL_reg 0": {"Best Result": {"Best Sigma0": 0.5, "Best sigma": 1, "Best gamma": 10, "Best Test accuracy": 0.4101, "Train acc": 0.4117}, "PDM log": "{(0.5, 1, 10): {'shapes': [(3072, 566), (566,), (566, 10), (10,)], 'train_accuracy': 0.4117, 'test_accuracy': 0.4101}}", "timing": 446}, "pdm_KL_reg 0.001": {"Best Result": {"Best Sigma0": 0.5, "Best sigma": 1, "Best gamma": 10, "Best Test accuracy": 0.407, "Train acc": 0.40924}, "PDM log": "{(0.5, 1, 10): {'shapes': [(3072, 560), (560,), (560, 10), (10,)], 'train_accuracy': 0.40924, 'test_accuracy': 0.407}}", "timing": 972}, "pdm_KL_reg 0.005": {"Best Result": {"Best Sigma0": 0.5, "Best sigma": 1, "Best gamma": 10, "Best Test accuracy": 0.4097, "Train acc": 0.41334}, "PDM log": "{(0.5, 1, 10): {'shapes': [(3072, 565), (565,), (565, 10), (10,)], 'train_accuracy': 0.41334, 'test_accuracy': 0.4097}}", "timing": 1326}, "pdm_KL_reg 0.01": {"Best Result": {"Best Sigma0": 0.5, "Best sigma": 1, "Best gamma": 10, "Best Test accuracy": 0.4082, "Train acc": 0.40968}, "PDM log": "{(0.5, 1, 10): {'shapes': [(3072, 567), (567,), (567, 10), (10,)], 'train_accuracy': 0.40968, 'test_accuracy': 0.4082}}", "timing": 1434}, "pdm_KL_reg 0.05": {"Best Result": {"Best Sigma0": 0.5, "Best sigma": 1, "Best gamma": 10, "Best Test accuracy": 0.4094, "Train acc": 0.41166}, "PDM log": "{(0.5, 1, 10): {'shapes': [(3072, 567), (567,), (567, 10), (10,)], 'train_accuracy': 0.41166, 'test_accuracy': 0.4094}}", "timing": 1405}, "pdm_KL_reg 0.1": {"Best Result": {"Best Sigma0": 0.5, "Best sigma": 1, "Best gamma": 10, "Best Test accuracy": 0.4082, "Train acc": 0.41106}, "PDM log": "{(0.5, 1, 10): {'shapes': [(3072, 570), (570,), (570, 10), (10,)], 'train_accuracy': 0.41106, 'test_accuracy': 0.4082}}", "timing": 1438}, "pdm_KL_reg 0.5": {"Best Result": {"Best Sigma0": 0.5, "Best sigma": 1, "Best gamma": 10, "Best Test accuracy": 0.4079, "Train acc": 0.41166}, "PDM log": "{(0.5, 1, 10): {'shapes': [(3072, 591), (591,), (591, 10), (10,)], 'train_accuracy': 0.41166, 'test_accuracy': 0.4079}}", "timing": 1455}, "pdm_KL_reg 1": {"Best Result": {"Best Sigma0": 0.5, "Best sigma": 1, "Best gamma": 10, "Best Test accuracy": 0.4134, "Train acc": 0.41346}, "PDM log": "{(0.5, 1, 10): {'shapes': [(3072, 604), (604,), (604, 10), (10,)], 'train_accuracy': 0.41346, 'test_accuracy': 0.4134}}", "timing": 1467}, "pdm_KL_reg 2": {"Best Result": {"Best Sigma0": 0.5, "Best sigma": 1, "Best gamma": 10, "Best Test accuracy": 0.4141, "Train acc": 0.41524}, "PDM log": "{(0.5, 1, 10): {'shapes': [(3072, 604), (604,), (604, 10), (10,)], 'train_accuracy': 0.41524, 'test_accuracy': 0.4141}}", "timing": 1499}, "pdm_KL_reg 5": {"Best Result": {"Best Sigma0": 0.5, "Best sigma": 1, "Best gamma": 10, "Best Test accuracy": 0.1067, "Train acc": 0.10684}, "PDM log": "{(0.5, 1, 10): {'shapes': [(3072, 162), (162,), (162, 10), (10,)], 'train_accuracy': 0.10684, 'test_accuracy': 0.1067}}", "timing": 861}, "pdm_KL_reg 10": {"Best Result": {"Best Sigma0": 0.5, "Best sigma": 1, "Best gamma": 10, "Best Test accuracy": 0.1002, "Train acc": 0.10002}, "PDM log": "{(0.5, 1, 10): {'shapes': [(3072, 127), (127,), (127, 10), (10,)], 'train_accuracy': 0.10002, 'test_accuracy': 0.1002}}", "timing": 697}, "best_reg": 2}