{"seed": 0, "Data statistics": "{0: {0: 1184, 1: 1187, 2: 1206, 3: 1225, 4: 1217, 5: 1220, 6: 1186, 7: 1156, 8: 1208, 9: 1211}, 1: {0: 1198, 1: 1178, 2: 1191, 3: 1173, 4: 1227, 5: 1214, 6: 1185, 7: 1185, 8: 1191, 9: 1258}, 2: {0: 1226, 1: 1231, 2: 1216, 3: 1209, 4: 1194, 5: 1188, 6: 1196, 7: 1199, 8: 1166, 9: 1175}, 3: {0: 1219, 1: 1228, 2: 1202, 3: 1219, 4: 1160, 5: 1166, 6: 1181, 7: 1271, 8: 1178, 9: 1176}, 4: {0: 1173, 1: 1176, 2: 1185, 3: 1174, 4: 1202, 5: 1212, 6: 1252, 7: 1189, 8: 1257, 9: 1180}}", "loading time": 33, "local_train_accs": [0.8224166666666667, 0.818, 0.8096666666666666, 0.8206666666666667, 0.82], "local_test_accs": [0.8071, 0.7964, 0.7936, 0.8011, 0.8068], "FedAvg (Train acc)": 0.21913333333333335, "FedAvg (Test acc)": 0.2136}