{"seed": 6, "Data statistics": "{0: {0: 590, 1: 661, 2: 587, 3: 624, 4: 613, 5: 542, 6: 623, 7: 604, 8: 557, 9: 599}, 1: {0: 561, 1: 716, 2: 606, 3: 636, 4: 568, 5: 547, 6: 552, 7: 633, 8: 614, 9: 567}, 2: {0: 606, 1: 716, 2: 582, 3: 615, 4: 579, 5: 513, 6: 583, 7: 607, 8: 571, 9: 628}, 3: {0: 589, 1: 664, 2: 553, 3: 609, 4: 561, 5: 570, 6: 620, 7: 636, 8: 604, 9: 594}, 4: {0: 592, 1: 682, 2: 656, 3: 604, 4: 573, 5: 521, 6: 594, 7: 634, 8: 569, 9: 575}, 5: {0: 572, 1: 693, 2: 589, 3: 661, 4: 560, 5: 546, 6: 572, 7: 638, 8: 589, 9: 580}, 6: {0: 626, 1: 663, 2: 593, 3: 573, 4: 615, 5: 560, 6: 604, 7: 597, 8: 566, 9: 603}, 7: {0: 617, 1: 650, 2: 594, 3: 583, 4: 591, 5: 500, 6: 617, 7: 657, 8: 579, 9: 612}, 8: {0: 578, 1: 643, 2: 592, 3: 629, 4: 581, 5: 554, 6: 571, 7: 653, 8: 588, 9: 611}, 9: {0: 592, 1: 654, 2: 606, 3: 597, 4: 601, 5: 568, 6: 582, 7: 606, 8: 614, 9: 580}}", "loading time": 70, "local_train_accs": [0.9881666666666666, 0.9778333333333333, 0.9743333333333334, 0.9826666666666667, 0.9713333333333334, 0.9816666666666667, 0.9805, 0.9883333333333333, 0.988, 0.973], "local_test_accs": [0.945, 0.9295, 0.932, 0.9409, 0.9305, 0.9362, 0.9337, 0.9429, 0.9432, 0.9287], "Uniform ensemble (Train acc)": 0.9685166666666667, "Uniform ensemble (Test acc)": 0.9654, "FedAvg (Train acc)": 0.09751666666666667, "FedAvg (Test acc)": 0.0974, "pdm_KL_reg 0": {"Best Result": {"Best Sigma0": 10, "Best sigma": 0.5, "Best gamma": 10, "Best Test accuracy": 0.9556, "Train acc": 0.9580666666666666}, "PDM log": "{(10, 0.5, 10): {'shapes': [(784, 700), (700,), (700, 465), (465,), (465, 118), (118,), (118, 10), (10,)], 'train_accuracy': 0.9580666666666666, 'test_accuracy': 0.9556}}", "timing": 563}, "pdm_KL_reg 0.001": {"Best Result": {"Best Sigma0": 10, "Best sigma": 0.5, "Best gamma": 10, "Best Test accuracy": 0.9549, "Train acc": 0.9544}, "PDM log": "{(10, 0.5, 10): {'shapes': [(784, 700), (700,), (700, 470), (470,), (470, 118), (118,), (118, 10), (10,)], 'train_accuracy': 0.9544, 'test_accuracy': 0.9549}}", "timing": 705}, "pdm_KL_reg 0.005": {"Best Result": {"Best Sigma0": 10, "Best sigma": 0.5, "Best gamma": 10, "Best Test accuracy": 0.9549, "Train acc": 0.9567166666666667}, "PDM log": "{(10, 0.5, 10): {'shapes': [(784, 700), (700,), (700, 451), (451,), (451, 118), (118,), (118, 10), (10,)], 'train_accuracy': 0.9567166666666667, 'test_accuracy': 0.9549}}", "timing": 887}, "pdm_KL_reg 0.01": {"Best Result": {"Best Sigma0": 10, "Best sigma": 0.5, "Best gamma": 10, "Best Test accuracy": 0.9566, "Train acc": 0.9575333333333333}, "PDM log": "{(10, 0.5, 10): {'shapes': [(784, 700), (700,), (700, 463), (463,), (463, 118), (118,), (118, 10), (10,)], 'train_accuracy': 0.9575333333333333, 'test_accuracy': 0.9566}}", "timing": 644}, "pdm_KL_reg 0.05": {"Best Result": {"Best Sigma0": 10, "Best sigma": 0.5, "Best gamma": 10, "Best Test accuracy": 0.9551, "Train acc": 0.9567666666666667}, "PDM log": "{(10, 0.5, 10): {'shapes': [(784, 700), (700,), (700, 453), (453,), (453, 118), (118,), (118, 10), (10,)], 'train_accuracy': 0.9567666666666667, 'test_accuracy': 0.9551}}", "timing": 607}, "pdm_KL_reg 0.1": {"Best Result": {"Best Sigma0": 10, "Best sigma": 0.5, "Best gamma": 10, "Best Test accuracy": 0.9463, "Train acc": 0.9492166666666667}, "PDM log": "{(10, 0.5, 10): {'shapes': [(784, 700), (700,), (700, 428), (428,), (428, 127), (127,), (127, 10), (10,)], 'train_accuracy': 0.9492166666666667, 'test_accuracy': 0.9463}}", "timing": 711}, "pdm_KL_reg 0.5": {"Best Result": {"Best Sigma0": 10, "Best sigma": 0.5, "Best gamma": 10, "Best Test accuracy": 0.9417, "Train acc": 0.9451}, "PDM log": "{(10, 0.5, 10): {'shapes': [(784, 700), (700,), (700, 261), (261,), (261, 127), (127,), (127, 10), (10,)], 'train_accuracy': 0.9451, 'test_accuracy': 0.9417}}", "timing": 557}, "pdm_KL_reg 1": {"Best Result": {"Best Sigma0": 10, "Best sigma": 0.5, "Best gamma": 10, "Best Test accuracy": 0.9278, "Train acc": 0.9302666666666667}, "PDM log": "{(10, 0.5, 10): {'shapes': [(784, 568), (568,), (568, 136), (136,), (136, 127), (127,), (127, 10), (10,)], 'train_accuracy': 0.9302666666666667, 'test_accuracy': 0.9278}}", "timing": 475}, "pdm_KL_reg 2": {"Best Result": {"Best Sigma0": 10, "Best sigma": 0.5, "Best gamma": 10, "Best Test accuracy": 0.0974, "Train acc": 0.09751666666666667}, "PDM log": "{(10, 0.5, 10): {'shapes': [(784, 100), (100,), (100, 100), (100,), (100, 118), (118,), (118, 10), (10,)], 'train_accuracy': 0.09751666666666667, 'test_accuracy': 0.0974}}", "timing": 93}, "pdm_KL_reg 5": {"Best Result": {"Best Sigma0": 10, "Best sigma": 0.5, "Best gamma": 10, "Best Test accuracy": 0.0974, "Train acc": 0.09751666666666667}, "PDM log": "{(10, 0.5, 10): {'shapes': [(784, 100), (100,), (100, 100), (100,), (100, 118), (118,), (118, 10), (10,)], 'train_accuracy': 0.09751666666666667, 'test_accuracy': 0.0974}}", "timing": 94}, "pdm_KL_reg 10": {"Best Result": {"Best Sigma0": 10, "Best sigma": 0.5, "Best gamma": 10, "Best Test accuracy": 0.0974, "Train acc": 0.09751666666666667}, "PDM log": "{(10, 0.5, 10): {'shapes': [(784, 100), (100,), (100, 100), (100,), (100, 109), (109,), (109, 10), (10,)], 'train_accuracy': 0.09751666666666667, 'test_accuracy': 0.0974}}", "timing": 103}, "best_reg": 0.01}