{"seed": 8, "Data statistics": "{0: {0: 620, 1: 730, 2: 568, 3: 602, 4: 590, 5: 552, 6: 565, 7: 589, 8: 589, 9: 595}, 1: {0: 561, 1: 698, 2: 592, 3: 646, 4: 560, 5: 536, 6: 577, 7: 649, 8: 588, 9: 593}, 2: {0: 570, 1: 688, 2: 603, 3: 629, 4: 604, 5: 523, 6: 550, 7: 621, 8: 604, 9: 608}, 3: {0: 578, 1: 648, 2: 618, 3: 613, 4: 572, 5: 563, 6: 582, 7: 636, 8: 600, 9: 590}, 4: {0: 619, 1: 660, 2: 598, 3: 600, 4: 586, 5: 549, 6: 620, 7: 609, 8: 554, 9: 605}, 5: {0: 615, 1: 635, 2: 587, 3: 603, 4: 618, 5: 531, 6: 612, 7: 635, 8: 575, 9: 589}, 6: {0: 582, 1: 659, 2: 579, 3: 622, 4: 554, 5: 563, 6: 560, 7: 669, 8: 594, 9: 618}, 7: {0: 582, 1: 675, 2: 607, 3: 613, 4: 578, 5: 565, 6: 612, 7: 613, 8: 558, 9: 597}, 8: {0: 586, 1: 669, 2: 609, 3: 592, 4: 589, 5: 506, 6: 616, 7: 637, 8: 604, 9: 592}, 9: {0: 610, 1: 680, 2: 597, 3: 611, 4: 591, 5: 533, 6: 624, 7: 607, 8: 585, 9: 562}}", "loading time": 37, "local_train_accs": [0.9623333333333334, 0.9866666666666667, 0.9826666666666667, 0.966, 0.9558333333333333, 0.981, 0.9818333333333333, 0.952, 0.9801666666666666, 0.9468333333333333], "local_test_accs": [0.9228, 0.9411, 0.9377, 0.9163, 0.9153, 0.9362, 0.9336, 0.907, 0.9366, 0.903], "Uniform ensemble (Train acc)": 0.9673666666666667, "Uniform ensemble (Test acc)": 0.9642, "FedAvg (Train acc)": 0.09751666666666667, "FedAvg (Test acc)": 0.0974, "pdm_KL_reg 0": {"Best Result": {"Best Sigma0": 10, "Best sigma": 0.5, "Best gamma": 10, "Best Test accuracy": 0.9455, "Train acc": 0.9491166666666667}, "PDM log": "{(10, 0.5, 10): {'shapes': [(784, 700), (700,), (700, 477), (477,), (477, 127), (127,), (127, 10), (10,)], 'train_accuracy': 0.9491166666666667, 'test_accuracy': 0.9455}}", "timing": 363}, "pdm_KL_reg 0.001": {"Best Result": {"Best Sigma0": 10, "Best sigma": 0.5, "Best gamma": 10, "Best Test accuracy": 0.857, "Train acc": 0.8559166666666667}, "PDM log": "{(10, 0.5, 10): {'shapes': [(784, 700), (700,), (700, 476), (476,), (476, 127), (127,), (127, 10), (10,)], 'train_accuracy': 0.8559166666666667, 'test_accuracy': 0.857}}", "timing": 503}, "pdm_KL_reg 0.005": {"Best Result": {"Best Sigma0": 10, "Best sigma": 0.5, "Best gamma": 10, "Best Test accuracy": 0.9462, "Train acc": 0.9474666666666667}, "PDM log": "{(10, 0.5, 10): {'shapes': [(784, 700), (700,), (700, 475), (475,), (475, 127), (127,), (127, 10), (10,)], 'train_accuracy': 0.9474666666666667, 'test_accuracy': 0.9462}}", "timing": 531}, "pdm_KL_reg 0.01": {"Best Result": {"Best Sigma0": 10, "Best sigma": 0.5, "Best gamma": 10, "Best Test accuracy": 0.9477, "Train acc": 0.9493833333333334}, "PDM log": "{(10, 0.5, 10): {'shapes': [(784, 700), (700,), (700, 469), (469,), (469, 127), (127,), (127, 10), (10,)], 'train_accuracy': 0.9493833333333334, 'test_accuracy': 0.9477}}", "timing": 532}, "pdm_KL_reg 0.05": {"Best Result": {"Best Sigma0": 10, "Best sigma": 0.5, "Best gamma": 10, "Best Test accuracy": 0.9055, "Train acc": 0.9093833333333333}, "PDM log": "{(10, 0.5, 10): {'shapes': [(784, 700), (700,), (700, 454), (454,), (454, 127), (127,), (127, 10), (10,)], 'train_accuracy': 0.9093833333333333, 'test_accuracy': 0.9055}}", "timing": 500}, "pdm_KL_reg 0.1": {"Best Result": {"Best Sigma0": 10, "Best sigma": 0.5, "Best gamma": 10, "Best Test accuracy": 0.9499, "Train acc": 0.9482833333333334}, "PDM log": "{(10, 0.5, 10): {'shapes': [(784, 700), (700,), (700, 427), (427,), (427, 127), (127,), (127, 10), (10,)], 'train_accuracy': 0.9482833333333334, 'test_accuracy': 0.9499}}", "timing": 421}, "pdm_KL_reg 0.5": {"Best Result": {"Best Sigma0": 10, "Best sigma": 0.5, "Best gamma": 10, "Best Test accuracy": 0.9442, "Train acc": 0.94585}, "PDM log": "{(10, 0.5, 10): {'shapes': [(784, 700), (700,), (700, 266), (266,), (266, 127), (127,), (127, 10), (10,)], 'train_accuracy': 0.94585, 'test_accuracy': 0.9442}}", "timing": 298}, "pdm_KL_reg 1": {"Best Result": {"Best Sigma0": 10, "Best sigma": 0.5, "Best gamma": 10, "Best Test accuracy": 0.8777, "Train acc": 0.8784666666666666}, "PDM log": "{(10, 0.5, 10): {'shapes': [(784, 586), (586,), (586, 136), (136,), (136, 127), (127,), (127, 10), (10,)], 'train_accuracy': 0.8784666666666666, 'test_accuracy': 0.8777}}", "timing": 283}, "pdm_KL_reg 2": {"Best Result": {"Best Sigma0": 10, "Best sigma": 0.5, "Best gamma": 10, "Best Test accuracy": 0.0974, "Train acc": 0.09751666666666667}, "PDM log": "{(10, 0.5, 10): {'shapes': [(784, 100), (100,), (100, 109), (109,), (109, 118), (118,), (118, 10), (10,)], 'train_accuracy': 0.09751666666666667, 'test_accuracy': 0.0974}}", "timing": 50}, "pdm_KL_reg 5": {"Best Result": {"Best Sigma0": 10, "Best sigma": 0.5, "Best gamma": 10, "Best Test accuracy": 0.0974, "Train acc": 0.09751666666666667}, "PDM log": "{(10, 0.5, 10): {'shapes': [(784, 100), (100,), (100, 100), (100,), (100, 118), (118,), (118, 10), (10,)], 'train_accuracy': 0.09751666666666667, 'test_accuracy': 0.0974}}", "timing": 51}, "pdm_KL_reg 10": {"Best Result": {"Best Sigma0": 10, "Best sigma": 0.5, "Best gamma": 10, "Best Test accuracy": 0.0974, "Train acc": 0.09751666666666667}, "PDM log": "{(10, 0.5, 10): {'shapes': [(784, 100), (100,), (100, 100), (100,), (100, 109), (109,), (109, 10), (10,)], 'train_accuracy': 0.09751666666666667, 'test_accuracy': 0.0974}}", "timing": 57}, "best_reg": 0.1}