{"seed": 4, "Data statistics": "{0: {0: 493, 1: 510, 2: 503, 3: 481, 4: 493, 5: 486, 6: 511, 7: 523, 8: 478, 9: 522}, 1: {0: 540, 1: 517, 2: 471, 3: 504, 4: 472, 5: 518, 6: 509, 7: 490, 8: 482, 9: 497}, 2: {0: 488, 1: 490, 2: 482, 3: 472, 4: 540, 5: 512, 6: 512, 7: 501, 8: 519, 9: 484}, 3: {0: 532, 1: 502, 2: 528, 3: 484, 4: 490, 5: 477, 6: 569, 7: 488, 8: 466, 9: 464}, 4: {0: 475, 1: 525, 2: 514, 3: 524, 4: 516, 5: 509, 6: 467, 7: 494, 8: 487, 9: 489}, 5: {0: 512, 1: 476, 2: 518, 3: 534, 4: 464, 5: 516, 6: 458, 7: 488, 8: 538, 9: 496}, 6: {0: 471, 1: 503, 2: 487, 3: 516, 4: 493, 5: 509, 6: 500, 7: 508, 8: 497, 9: 516}, 7: {0: 518, 1: 472, 2: 488, 3: 487, 4: 525, 5: 494, 6: 479, 7: 506, 8: 501, 9: 530}, 8: {0: 494, 1: 497, 2: 489, 3: 491, 4: 514, 5: 507, 6: 476, 7: 519, 8: 524, 9: 489}, 9: {0: 477, 1: 508, 2: 520, 3: 507, 4: 493, 5: 472, 6: 519, 7: 483, 8: 508, 9: 513}}", "loading time": 26, "local_train_accs": [0.1046, 0.2732, 0.3052, 0.2922, 0.1924, 0.2556, 0.1992, 0.2336, 0.293, 0.2484], "local_test_accs": [0.1, 0.2592, 0.2821, 0.2813, 0.1859, 0.2448, 0.1929, 0.2276, 0.2789, 0.2367], "pdm_KL_reg 0": {"Best Result": {"Best Sigma0": 10, "Best sigma": 1, "Best gamma": 10, "Best Test accuracy": 0.2193, "Train acc": 0.21876}, "PDM log": "{(10, 1, 10): {'shapes': [(3072, 867), (867,), (867, 136), (136,), (136, 136), (136,), (136, 118), (118,), (118, 10), (10,)], 'train_accuracy': 0.21876, 'test_accuracy': 0.2193}}", "timing": 372}, "best_reg": 0, "skip_pdm": {"Best Result": {"Best Sigma0": 10, "Best sigma": 1, "Best gamma": 10, "Best Test accuracy": 0.1, "Train acc": 0.1}, "PDM log": "{(10, 1, 10): {'shapes': [(868, 3073), (101, 868), (164, 101), (101, 164), (10, 101)], 'train_accuracy': 0.1, 'test_accuracy': 0.1}}", "timing": 356}}