{"seed": 0, "Data statistics": "{0: {0: 503, 1: 483, 2: 487, 3: 527, 4: 473, 5: 548, 6: 491, 7: 502, 8: 482, 9: 504}, 1: {0: 501, 1: 503, 2: 529, 3: 503, 4: 494, 5: 468, 6: 462, 7: 497, 8: 507, 9: 536}, 2: {0: 510, 1: 540, 2: 498, 3: 461, 4: 516, 5: 483, 6: 502, 7: 515, 8: 492, 9: 483}, 3: {0: 487, 1: 487, 2: 493, 3: 498, 4: 523, 5: 482, 6: 500, 7: 487, 8: 495, 9: 548}, 4: {0: 505, 1: 480, 2: 488, 3: 488, 4: 480, 5: 509, 6: 537, 7: 490, 8: 490, 9: 533}, 5: {0: 504, 1: 480, 2: 511, 3: 494, 4: 530, 5: 509, 6: 521, 7: 489, 8: 490, 9: 472}, 6: {0: 512, 1: 509, 2: 512, 3: 488, 4: 488, 5: 465, 6: 490, 7: 538, 8: 506, 9: 492}, 7: {0: 472, 1: 521, 2: 463, 3: 549, 4: 502, 5: 515, 6: 518, 7: 496, 8: 479, 9: 485}, 8: {0: 505, 1: 485, 2: 487, 3: 505, 4: 497, 5: 512, 6: 508, 7: 501, 8: 531, 9: 469}, 9: {0: 501, 1: 512, 2: 532, 3: 487, 4: 497, 5: 509, 6: 471, 7: 485, 8: 528, 9: 478}}", "loading time": 41, "local_train_accs": [0.1614, 0.193, 0.2106, 0.2042, 0.215, 0.178, 0.2066, 0.2018, 0.1062, 0.21], "local_test_accs": [0.1553, 0.1864, 0.1989, 0.1953, 0.1963, 0.1799, 0.193, 0.1984, 0.1, 0.1902], "Uniform ensemble (Train acc)": 0.21126, "Uniform ensemble (Test acc)": 0.2111, "FedAvg (Train acc)": 0.1, "FedAvg (Test acc)": 0.1, "pdm_KL_reg 0": {"Best Result": {"Best Sigma0": 0.5, "Best sigma": 1, "Best gamma": 10, "Best Test accuracy": 0.1001, "Train acc": 0.10002}, "PDM log": "{(0.5, 1, 10): {'shapes': [(3072, 259), (259,), (259, 127), (127,), (127, 127), (127,), (127, 127), (127,), (127, 118), (118,), (118, 118), (118,), (118, 10), (10,)], 'train_accuracy': 0.10002, 'test_accuracy': 0.1001}}", "timing": 425}, "pdm_KL_reg 0.001": {"Best Result": {"Best Sigma0": 0.5, "Best sigma": 1, "Best gamma": 10, "Best Test accuracy": 0.1, "Train acc": 0.1}, "PDM log": "{(0.5, 1, 10): {'shapes': [(3072, 261), (261,), (261, 118), (118,), (118, 127), (127,), (127, 118), (118,), (118, 118), (118,), (118, 118), (118,), (118, 10), (10,)], 'train_accuracy': 0.1, 'test_accuracy': 0.1}}", "timing": 1009}, "pdm_KL_reg 0.005": {"Best Result": {"Best Sigma0": 0.5, "Best sigma": 1, "Best gamma": 10, "Best Test accuracy": 0.0999, "Train acc": 0.10002}, "PDM log": "{(0.5, 1, 10): {'shapes': [(3072, 255), (255,), (255, 118), (118,), (118, 118), (118,), (118, 123), (123,), (123, 118), (118,), (118, 118), (118,), (118, 10), (10,)], 'train_accuracy': 0.10002, 'test_accuracy': 0.0999}}", "timing": 999}, "pdm_KL_reg 0.01": {"Best Result": {"Best Sigma0": 0.5, "Best sigma": 1, "Best gamma": 10, "Best Test accuracy": 0.1, "Train acc": 0.10004}, "PDM log": "{(0.5, 1, 10): {'shapes': [(3072, 264), (264,), (264, 118), (118,), (118, 118), (118,), (118, 118), (118,), (118, 118), (118,), (118, 118), (118,), (118, 10), (10,)], 'train_accuracy': 0.10004, 'test_accuracy': 0.1}}", "timing": 1027}, "pdm_KL_reg 0.05": {"Best Result": {"Best Sigma0": 0.5, "Best sigma": 1, "Best gamma": 10, "Best Test accuracy": 0.1, "Train acc": 0.10004}, "PDM log": "{(0.5, 1, 10): {'shapes': [(3072, 263), (263,), (263, 127), (127,), (127, 118), (118,), (118, 118), (118,), (118, 118), (118,), (118, 118), (118,), (118, 10), (10,)], 'train_accuracy': 0.10004, 'test_accuracy': 0.1}}", "timing": 998}, "pdm_KL_reg 0.1": {"Best Result": {"Best Sigma0": 0.5, "Best sigma": 1, "Best gamma": 10, "Best Test accuracy": 0.1001, "Train acc": 0.10004}, "PDM log": "{(0.5, 1, 10): {'shapes': [(3072, 260), (260,), (260, 127), (127,), (127, 127), (127,), (127, 127), (127,), (127, 118), (118,), (118, 118), (118,), (118, 10), (10,)], 'train_accuracy': 0.10004, 'test_accuracy': 0.1001}}", "timing": 1037}, "pdm_KL_reg 0.5": {"Best Result": {"Best Sigma0": 0.5, "Best sigma": 1, "Best gamma": 10, "Best Test accuracy": 0.1085, "Train acc": 0.10612}, "PDM log": "{(0.5, 1, 10): {'shapes': [(3072, 319), (319,), (319, 127), (127,), (127, 127), (127,), (127, 127), (127,), (127, 127), (127,), (127, 118), (118,), (118, 10), (10,)], 'train_accuracy': 0.10612, 'test_accuracy': 0.1085}}", "timing": 1183}, "pdm_KL_reg 1": {"Best Result": {"Best Sigma0": 0.5, "Best sigma": 1, "Best gamma": 10, "Best Test accuracy": 0.1, "Train acc": 0.1}, "PDM log": "{(0.5, 1, 10): {'shapes': [(3072, 437), (437,), (437, 127), (127,), (127, 127), (127,), (127, 127), (127,), (127, 127), (127,), (127, 118), (118,), (118, 10), (10,)], 'train_accuracy': 0.1, 'test_accuracy': 0.1}}", "timing": 1706}, "pdm_KL_reg 2": {"Best Result": {"Best Sigma0": 0.5, "Best sigma": 1, "Best gamma": 10, "Best Test accuracy": 0.1, "Train acc": 0.1}, "PDM log": "{(0.5, 1, 10): {'shapes': [(3072, 547), (547,), (547, 127), (127,), (127, 127), (127,), (127, 127), (127,), (127, 127), (127,), (127, 127), (127,), (127, 10), (10,)], 'train_accuracy': 0.1, 'test_accuracy': 0.1}}", "timing": 1737}, "pdm_KL_reg 5": {"Best Result": {"Best Sigma0": 0.5, "Best sigma": 1, "Best gamma": 10, "Best Test accuracy": 0.1, "Train acc": 0.1}, "PDM log": "{(0.5, 1, 10): {'shapes': [(3072, 551), (551,), (551, 127), (127,), (127, 127), (127,), (127, 127), (127,), (127, 127), (127,), (127, 118), (118,), (118, 10), (10,)], 'train_accuracy': 0.1, 'test_accuracy': 0.1}}", "timing": 1749}, "pdm_KL_reg 10": {"Best Result": {"Best Sigma0": 0.5, "Best sigma": 1, "Best gamma": 10, "Best Test accuracy": 0.1, "Train acc": 0.1}, "PDM log": "{(0.5, 1, 10): {'shapes': [(3072, 593), (593,), (593, 127), (127,), (127, 127), (127,), (127, 136), (136,), (136, 136), (136,), (136, 118), (118,), (118, 10), (10,)], 'train_accuracy': 0.1, 'test_accuracy': 0.1}}", "timing": 1703}, "best_reg": 0.5}