{"seed": 7, "Data statistics": "{0: {0: 482, 1: 521, 2: 535, 3: 522, 4: 467, 5: 501, 6: 526, 7: 471, 8: 489, 9: 486}, 1: {0: 527, 1: 478, 2: 478, 3: 525, 4: 507, 5: 463, 6: 507, 7: 499, 8: 520, 9: 496}, 2: {0: 489, 1: 470, 2: 493, 3: 474, 4: 505, 5: 539, 6: 476, 7: 516, 8: 519, 9: 519}, 3: {0: 489, 1: 489, 2: 485, 3: 519, 4: 474, 5: 505, 6: 483, 7: 517, 8: 515, 9: 524}, 4: {0: 516, 1: 492, 2: 514, 3: 501, 4: 490, 5: 513, 6: 497, 7: 486, 8: 500, 9: 491}, 5: {0: 507, 1: 511, 2: 508, 3: 489, 4: 512, 5: 491, 6: 462, 7: 498, 8: 503, 9: 519}, 6: {0: 487, 1: 497, 2: 481, 3: 477, 4: 494, 5: 531, 6: 534, 7: 484, 8: 539, 9: 476}, 7: {0: 512, 1: 497, 2: 493, 3: 496, 4: 537, 5: 462, 6: 510, 7: 562, 8: 460, 9: 471}, 8: {0: 527, 1: 536, 2: 509, 3: 474, 4: 504, 5: 500, 6: 486, 7: 464, 8: 468, 9: 532}, 9: {0: 464, 1: 509, 2: 504, 3: 523, 4: 510, 5: 495, 6: 519, 7: 503, 8: 487, 9: 486}}", "loading time": 201, "local_train_accs": [0.2034, 0.2026, 0.211, 0.2072, 0.2092, 0.1988, 0.1078, 0.199, 0.1924, 0.1796], "local_test_accs": [0.1972, 0.1932, 0.1974, 0.1955, 0.2026, 0.184, 0.1, 0.1927, 0.1877, 0.176], "Uniform ensemble (Train acc)": 0.21138, "Uniform ensemble (Test acc)": 0.2086, "FedAvg (Train acc)": 0.1, "FedAvg (Test acc)": 0.1, "pdm_KL_reg 0": {"Best Result": {"Best Sigma0": 0.5, "Best sigma": 1, "Best gamma": 10, "Best Test accuracy": 0.1123, "Train acc": 0.11068}, "PDM log": "{(0.5, 1, 10): {'shapes': [(3072, 254), (254,), (254, 118), (118,), (118, 118), (118,), (118, 118), (118,), (118, 118), (118,), (118, 118), (118,), (118, 10), (10,)], 'train_accuracy': 0.11068, 'test_accuracy': 0.1123}}", "timing": 1072}, "pdm_KL_reg 0.001": {"Best Result": {"Best Sigma0": 0.5, "Best sigma": 1, "Best gamma": 10, "Best Test accuracy": 0.1029, "Train acc": 0.10176}, "PDM log": "{(0.5, 1, 10): {'shapes': [(3072, 256), (256,), (256, 127), (127,), (127, 127), (127,), (127, 118), (118,), (118, 118), (118,), (118, 118), (118,), (118, 10), (10,)], 'train_accuracy': 0.10176, 'test_accuracy': 0.1029}}", "timing": 1745}, "pdm_KL_reg 0.005": {"Best Result": {"Best Sigma0": 0.5, "Best sigma": 1, "Best gamma": 10, "Best Test accuracy": 0.1062, "Train acc": 0.1052}, "PDM log": "{(0.5, 1, 10): {'shapes': [(3072, 256), (256,), (256, 118), (118,), (118, 127), (127,), (127, 118), (118,), (118, 127), (127,), (127, 118), (118,), (118, 10), (10,)], 'train_accuracy': 0.1052, 'test_accuracy': 0.1062}}", "timing": 1717}, "pdm_KL_reg 0.01": {"Best Result": {"Best Sigma0": 0.5, "Best sigma": 1, "Best gamma": 10, "Best Test accuracy": 0.1005, "Train acc": 0.10004}, "PDM log": "{(0.5, 1, 10): {'shapes': [(3072, 259), (259,), (259, 118), (118,), (118, 118), (118,), (118, 118), (118,), (118, 118), (118,), (118, 118), (118,), (118, 10), (10,)], 'train_accuracy': 0.10004, 'test_accuracy': 0.1005}}", "timing": 1750}, "pdm_KL_reg 0.05": {"Best Result": {"Best Sigma0": 0.5, "Best sigma": 1, "Best gamma": 10, "Best Test accuracy": 0.1079, "Train acc": 0.107}, "PDM log": "{(0.5, 1, 10): {'shapes': [(3072, 254), (254,), (254, 127), (127,), (127, 118), (118,), (118, 118), (118,), (118, 127), (127,), (127, 118), (118,), (118, 10), (10,)], 'train_accuracy': 0.107, 'test_accuracy': 0.1079}}", "timing": 1544}, "pdm_KL_reg 0.1": {"Best Result": {"Best Sigma0": 0.5, "Best sigma": 1, "Best gamma": 10, "Best Test accuracy": 0.1181, "Train acc": 0.11634}, "PDM log": "{(0.5, 1, 10): {'shapes': [(3072, 264), (264,), (264, 118), (118,), (118, 118), (118,), (118, 118), (118,), (118, 127), (127,), (127, 118), (118,), (118, 10), (10,)], 'train_accuracy': 0.11634, 'test_accuracy': 0.1181}}", "timing": 1786}, "pdm_KL_reg 0.5": {"Best Result": {"Best Sigma0": 0.5, "Best sigma": 1, "Best gamma": 10, "Best Test accuracy": 0.108, "Train acc": 0.10594}, "PDM log": "{(0.5, 1, 10): {'shapes': [(3072, 311), (311,), (311, 127), (127,), (127, 127), (127,), (127, 118), (118,), (118, 127), (127,), (127, 118), (118,), (118, 10), (10,)], 'train_accuracy': 0.10594, 'test_accuracy': 0.108}}", "timing": 2032}, "pdm_KL_reg 1": {"Best Result": {"Best Sigma0": 0.5, "Best sigma": 1, "Best gamma": 10, "Best Test accuracy": 0.1, "Train acc": 0.1}, "PDM log": "{(0.5, 1, 10): {'shapes': [(3072, 459), (459,), (459, 127), (127,), (127, 127), (127,), (127, 127), (127,), (127, 127), (127,), (127, 118), (118,), (118, 10), (10,)], 'train_accuracy': 0.1, 'test_accuracy': 0.1}}", "timing": 2764}, "pdm_KL_reg 2": {"Best Result": {"Best Sigma0": 0.5, "Best sigma": 1, "Best gamma": 10, "Best Test accuracy": 0.1, "Train acc": 0.1}, "PDM log": "{(0.5, 1, 10): {'shapes': [(3072, 555), (555,), (555, 127), (127,), (127, 127), (127,), (127, 127), (127,), (127, 127), (127,), (127, 127), (127,), (127, 10), (10,)], 'train_accuracy': 0.1, 'test_accuracy': 0.1}}", "timing": 2720}, "pdm_KL_reg 5": {"Best Result": {"Best Sigma0": 0.5, "Best sigma": 1, "Best gamma": 10, "Best Test accuracy": 0.1, "Train acc": 0.1}, "PDM log": "{(0.5, 1, 10): {'shapes': [(3072, 543), (543,), (543, 127), (127,), (127, 127), (127,), (127, 127), (127,), (127, 127), (127,), (127, 118), (118,), (118, 10), (10,)], 'train_accuracy': 0.1, 'test_accuracy': 0.1}}", "timing": 2886}, "pdm_KL_reg 10": {"Best Result": {"Best Sigma0": 0.5, "Best sigma": 1, "Best gamma": 10, "Best Test accuracy": 0.1, "Train acc": 0.1}, "PDM log": "{(0.5, 1, 10): {'shapes': [(3072, 570), (570,), (570, 127), (127,), (127, 127), (127,), (127, 127), (127,), (127, 127), (127,), (127, 118), (118,), (118, 10), (10,)], 'train_accuracy': 0.1, 'test_accuracy': 0.1}}", "timing": 3330}, "best_reg": 0.1}