{"seed": 6, "Data statistics": "{0: {0: 525, 1: 492, 2: 476, 3: 486, 4: 508, 5: 495, 6: 524, 7: 481, 8: 510, 9: 503}, 1: {0: 492, 1: 515, 2: 471, 3: 507, 4: 523, 5: 503, 6: 486, 7: 482, 8: 510, 9: 511}, 2: {0: 513, 1: 485, 2: 481, 3: 511, 4: 480, 5: 511, 6: 512, 7: 479, 8: 516, 9: 512}, 3: {0: 467, 1: 473, 2: 526, 3: 496, 4: 514, 5: 514, 6: 469, 7: 513, 8: 520, 9: 508}, 4: {0: 500, 1: 492, 2: 499, 3: 519, 4: 534, 5: 460, 6: 525, 7: 485, 8: 514, 9: 472}, 5: {0: 508, 1: 492, 2: 507, 3: 512, 4: 466, 5: 513, 6: 523, 7: 492, 8: 494, 9: 493}, 6: {0: 468, 1: 508, 2: 533, 3: 506, 4: 439, 5: 510, 6: 510, 7: 519, 8: 501, 9: 506}, 7: {0: 540, 1: 511, 2: 499, 3: 452, 4: 508, 5: 501, 6: 464, 7: 529, 8: 474, 9: 522}, 8: {0: 497, 1: 497, 2: 496, 3: 517, 4: 511, 5: 497, 6: 493, 7: 509, 8: 497, 9: 486}, 9: {0: 490, 1: 535, 2: 512, 3: 494, 4: 517, 5: 496, 6: 494, 7: 511, 8: 464, 9: 487}}", "loading time": 263, "local_train_accs": [0.2062, 0.167, 0.2194, 0.2046, 0.0998, 0.197, 0.1918, 0.2066, 0.1708, 0.107], "local_test_accs": [0.195, 0.1615, 0.1969, 0.1984, 0.1, 0.1904, 0.1821, 0.1906, 0.1663, 0.1], "Uniform ensemble (Train acc)": 0.2299, "Uniform ensemble (Test acc)": 0.2274, "FedAvg (Train acc)": 0.1, "FedAvg (Test acc)": 0.1, "pdm_KL_reg 0": {"Best Result": {"Best Sigma0": 0.5, "Best sigma": 1, "Best gamma": 10, "Best Test accuracy": 0.1, "Train acc": 0.1}, "PDM log": "{(0.5, 1, 10): {'shapes': [(3072, 247), (247,), (247, 127), (127,), (127, 118), (118,), (118, 118), (118,), (118, 118), (118,), (118, 118), (118,), (118, 10), (10,)], 'train_accuracy': 0.1, 'test_accuracy': 0.1}}", "timing": 1010}, "pdm_KL_reg 0.001": {"Best Result": {"Best Sigma0": 0.5, "Best sigma": 1, "Best gamma": 10, "Best Test accuracy": 0.0945, "Train acc": 0.09492}, "PDM log": "{(0.5, 1, 10): {'shapes': [(3072, 250), (250,), (250, 127), (127,), (127, 118), (118,), (118, 118), (118,), (118, 118), (118,), (118, 118), (118,), (118, 10), (10,)], 'train_accuracy': 0.09492, 'test_accuracy': 0.0945}}", "timing": 1758}, "pdm_KL_reg 0.005": {"Best Result": {"Best Sigma0": 0.5, "Best sigma": 1, "Best gamma": 10, "Best Test accuracy": 0.1, "Train acc": 0.1}, "PDM log": "{(0.5, 1, 10): {'shapes': [(3072, 249), (249,), (249, 127), (127,), (127, 118), (118,), (118, 118), (118,), (118, 118), (118,), (118, 118), (118,), (118, 10), (10,)], 'train_accuracy': 0.1, 'test_accuracy': 0.1}}", "timing": 1826}, "pdm_KL_reg 0.01": {"Best Result": {"Best Sigma0": 0.5, "Best sigma": 1, "Best gamma": 10, "Best Test accuracy": 0.1, "Train acc": 0.1}, "PDM log": "{(0.5, 1, 10): {'shapes': [(3072, 253), (253,), (253, 127), (127,), (127, 118), (118,), (118, 118), (118,), (118, 118), (118,), (118, 118), (118,), (118, 10), (10,)], 'train_accuracy': 0.1, 'test_accuracy': 0.1}}", "timing": 1732}, "pdm_KL_reg 0.05": {"Best Result": {"Best Sigma0": 0.5, "Best sigma": 1, "Best gamma": 10, "Best Test accuracy": 0.1, "Train acc": 0.1}, "PDM log": "{(0.5, 1, 10): {'shapes': [(3072, 249), (249,), (249, 118), (118,), (118, 127), (127,), (127, 127), (127,), (127, 118), (118,), (118, 118), (118,), (118, 10), (10,)], 'train_accuracy': 0.1, 'test_accuracy': 0.1}}", "timing": 1790}, "pdm_KL_reg 0.1": {"Best Result": {"Best Sigma0": 0.5, "Best sigma": 1, "Best gamma": 10, "Best Test accuracy": 0.1029, "Train acc": 0.10162}, "PDM log": "{(0.5, 1, 10): {'shapes': [(3072, 252), (252,), (252, 118), (118,), (118, 118), (118,), (118, 118), (118,), (118, 127), (127,), (127, 118), (118,), (118, 10), (10,)], 'train_accuracy': 0.10162, 'test_accuracy': 0.1029}}", "timing": 1713}, "pdm_KL_reg 0.5": {"Best Result": {"Best Sigma0": 0.5, "Best sigma": 1, "Best gamma": 10, "Best Test accuracy": 0.1001, "Train acc": 0.1}, "PDM log": "{(0.5, 1, 10): {'shapes': [(3072, 316), (316,), (316, 127), (127,), (127, 127), (127,), (127, 127), (127,), (127, 127), (127,), (127, 118), (118,), (118, 10), (10,)], 'train_accuracy': 0.1, 'test_accuracy': 0.1001}}", "timing": 2024}, "pdm_KL_reg 1": {"Best Result": {"Best Sigma0": 0.5, "Best sigma": 1, "Best gamma": 10, "Best Test accuracy": 0.1036, "Train acc": 0.1034}, "PDM log": "{(0.5, 1, 10): {'shapes': [(3072, 436), (436,), (436, 127), (127,), (127, 127), (127,), (127, 127), (127,), (127, 127), (127,), (127, 118), (118,), (118, 10), (10,)], 'train_accuracy': 0.1034, 'test_accuracy': 0.1036}}", "timing": 2851}, "pdm_KL_reg 2": {"Best Result": {"Best Sigma0": 0.5, "Best sigma": 1, "Best gamma": 10, "Best Test accuracy": 0.1, "Train acc": 0.1}, "PDM log": "{(0.5, 1, 10): {'shapes': [(3072, 544), (544,), (544, 127), (127,), (127, 127), (127,), (127, 127), (127,), (127, 127), (127,), (127, 127), (127,), (127, 10), (10,)], 'train_accuracy': 0.1, 'test_accuracy': 0.1}}", "timing": 2857}, "pdm_KL_reg 5": {"Best Result": {"Best Sigma0": 0.5, "Best sigma": 1, "Best gamma": 10, "Best Test accuracy": 0.1, "Train acc": 0.1}, "PDM log": "{(0.5, 1, 10): {'shapes': [(3072, 573), (573,), (573, 127), (127,), (127, 127), (127,), (127, 127), (127,), (127, 127), (127,), (127, 127), (127,), (127, 10), (10,)], 'train_accuracy': 0.1, 'test_accuracy': 0.1}}", "timing": 2998}, "pdm_KL_reg 10": {"Best Result": {"Best Sigma0": 0.5, "Best sigma": 1, "Best gamma": 10, "Best Test accuracy": 0.1, "Train acc": 0.1}, "PDM log": "{(0.5, 1, 10): {'shapes': [(3072, 615), (615,), (615, 127), (127,), (127, 127), (127,), (127, 127), (127,), (127, 127), (127,), (127, 118), (118,), (118, 10), (10,)], 'train_accuracy': 0.1, 'test_accuracy': 0.1}}", "timing": 3304}, "best_reg": 1}