{"seed": 9, "Data statistics": "{0: {0: 490, 1: 482, 2: 496, 3: 501, 4: 516, 5: 513, 6: 508, 7: 486, 8: 504, 9: 504}, 1: {0: 513, 1: 502, 2: 507, 3: 476, 4: 496, 5: 476, 6: 494, 7: 502, 8: 507, 9: 527}, 2: {0: 522, 1: 476, 2: 517, 3: 485, 4: 499, 5: 500, 6: 520, 7: 481, 8: 499, 9: 501}, 3: {0: 496, 1: 502, 2: 519, 3: 490, 4: 472, 5: 502, 6: 500, 7: 536, 8: 496, 9: 487}, 4: {0: 507, 1: 522, 2: 514, 3: 506, 4: 531, 5: 481, 6: 497, 7: 507, 8: 465, 9: 470}, 5: {0: 497, 1: 510, 2: 499, 3: 467, 4: 539, 5: 520, 6: 494, 7: 468, 8: 484, 9: 522}, 6: {0: 478, 1: 569, 2: 478, 3: 535, 4: 485, 5: 492, 6: 487, 7: 498, 8: 510, 9: 468}, 7: {0: 486, 1: 459, 2: 494, 3: 516, 4: 492, 5: 497, 6: 510, 7: 517, 8: 524, 9: 505}, 8: {0: 511, 1: 495, 2: 478, 3: 538, 4: 463, 5: 513, 6: 470, 7: 511, 8: 499, 9: 522}, 9: {0: 500, 1: 483, 2: 498, 3: 486, 4: 507, 5: 506, 6: 520, 7: 494, 8: 512, 9: 494}}", "loading time": 121, "local_train_accs": [0.2108, 0.193, 0.1964, 0.1884, 0.2134, 0.207, 0.2006, 0.2184, 0.196, 0.2088], "local_test_accs": [0.2052, 0.1877, 0.1837, 0.1929, 0.2038, 0.1928, 0.1914, 0.2001, 0.1997, 0.1929], "Uniform ensemble (Train acc)": 0.21992, "Uniform ensemble (Test acc)": 0.2184, "FedAvg (Train acc)": 0.1, "FedAvg (Test acc)": 0.1, "pdm_KL_reg 0": {"Best Result": {"Best Sigma0": 0.5, "Best sigma": 1, "Best gamma": 10, "Best Test accuracy": 0.1031, "Train acc": 0.10174}, "PDM log": "{(0.5, 1, 10): {'shapes': [(3072, 251), (251,), (251, 118), (118,), (118, 118), (118,), (118, 118), (118,), (118, 118), (118,), (118, 118), (118,), (118, 10), (10,)], 'train_accuracy': 0.10174, 'test_accuracy': 0.1031}}", "timing": 541}, "pdm_KL_reg 0.001": {"Best Result": {"Best Sigma0": 0.5, "Best sigma": 1, "Best gamma": 10, "Best Test accuracy": 0.1004, "Train acc": 0.10042}, "PDM log": "{(0.5, 1, 10): {'shapes': [(3072, 248), (248,), (248, 118), (118,), (118, 118), (118,), (118, 118), (118,), (118, 118), (118,), (118, 118), (118,), (118, 10), (10,)], 'train_accuracy': 0.10042, 'test_accuracy': 0.1004}}", "timing": 763}, "pdm_KL_reg 0.005": {"Best Result": {"Best Sigma0": 0.5, "Best sigma": 1, "Best gamma": 10, "Best Test accuracy": 0.1123, "Train acc": 0.11036}, "PDM log": "{(0.5, 1, 10): {'shapes': [(3072, 249), (249,), (249, 118), (118,), (118, 127), (127,), (127, 118), (118,), (118, 118), (118,), (118, 118), (118,), (118, 10), (10,)], 'train_accuracy': 0.11036, 'test_accuracy': 0.1123}}", "timing": 663}, "pdm_KL_reg 0.01": {"Best Result": {"Best Sigma0": 0.5, "Best sigma": 1, "Best gamma": 10, "Best Test accuracy": 0.1026, "Train acc": 0.10202}, "PDM log": "{(0.5, 1, 10): {'shapes': [(3072, 252), (252,), (252, 127), (127,), (127, 118), (118,), (118, 118), (118,), (118, 118), (118,), (118, 118), (118,), (118, 10), (10,)], 'train_accuracy': 0.10202, 'test_accuracy': 0.1026}}", "timing": 570}, "pdm_KL_reg 0.05": {"Best Result": {"Best Sigma0": 0.5, "Best sigma": 1, "Best gamma": 10, "Best Test accuracy": 0.103, "Train acc": 0.10316}, "PDM log": "{(0.5, 1, 10): {'shapes': [(3072, 250), (250,), (250, 127), (127,), (127, 118), (118,), (118, 118), (118,), (118, 118), (118,), (118, 118), (118,), (118, 10), (10,)], 'train_accuracy': 0.10316, 'test_accuracy': 0.103}}", "timing": 677}, "pdm_KL_reg 0.1": {"Best Result": {"Best Sigma0": 0.5, "Best sigma": 1, "Best gamma": 10, "Best Test accuracy": 0.1015, "Train acc": 0.10098}, "PDM log": "{(0.5, 1, 10): {'shapes': [(3072, 255), (255,), (255, 118), (118,), (118, 127), (127,), (127, 118), (118,), (118, 118), (118,), (118, 118), (118,), (118, 10), (10,)], 'train_accuracy': 0.10098, 'test_accuracy': 0.1015}}", "timing": 658}, "pdm_KL_reg 0.5": {"Best Result": {"Best Sigma0": 0.5, "Best sigma": 1, "Best gamma": 10, "Best Test accuracy": 0.1242, "Train acc": 0.12412}, "PDM log": "{(0.5, 1, 10): {'shapes': [(3072, 321), (321,), (321, 127), (127,), (127, 127), (127,), (127, 127), (127,), (127, 118), (118,), (118, 118), (118,), (118, 10), (10,)], 'train_accuracy': 0.12412, 'test_accuracy': 0.1242}}", "timing": 671}, "pdm_KL_reg 1": {"Best Result": {"Best Sigma0": 0.5, "Best sigma": 1, "Best gamma": 10, "Best Test accuracy": 0.1003, "Train acc": 0.10018}, "PDM log": "{(0.5, 1, 10): {'shapes': [(3072, 448), (448,), (448, 127), (127,), (127, 127), (127,), (127, 127), (127,), (127, 127), (127,), (127, 118), (118,), (118, 10), (10,)], 'train_accuracy': 0.10018, 'test_accuracy': 0.1003}}", "timing": 696}, "pdm_KL_reg 2": {"Best Result": {"Best Sigma0": 0.5, "Best sigma": 1, "Best gamma": 10, "Best Test accuracy": 0.1, "Train acc": 0.1}, "PDM log": "{(0.5, 1, 10): {'shapes': [(3072, 575), (575,), (575, 127), (127,), (127, 127), (127,), (127, 127), (127,), (127, 127), (127,), (127, 127), (127,), (127, 10), (10,)], 'train_accuracy': 0.1, 'test_accuracy': 0.1}}", "timing": 827}, "pdm_KL_reg 5": {"Best Result": {"Best Sigma0": 0.5, "Best sigma": 1, "Best gamma": 10, "Best Test accuracy": 0.1, "Train acc": 0.1}, "PDM log": "{(0.5, 1, 10): {'shapes': [(3072, 563), (563,), (563, 127), (127,), (127, 136), (136,), (136, 127), (127,), (127, 127), (127,), (127, 118), (118,), (118, 10), (10,)], 'train_accuracy': 0.1, 'test_accuracy': 0.1}}", "timing": 417}, "pdm_KL_reg 10": {"Best Result": {"Best Sigma0": 0.5, "Best sigma": 1, "Best gamma": 10, "Best Test accuracy": 0.1, "Train acc": 0.1}, "PDM log": "{(0.5, 1, 10): {'shapes': [(3072, 598), (598,), (598, 136), (136,), (136, 136), (136,), (136, 136), (136,), (136, 127), (127,), (127, 118), (118,), (118, 10), (10,)], 'train_accuracy': 0.1, 'test_accuracy': 0.1}}", "timing": 445}, "best_reg": 0.5}