{"seed": 4, "Data statistics": "{0: {0: 493, 1: 510, 2: 503, 3: 481, 4: 493, 5: 486, 6: 511, 7: 523, 8: 478, 9: 522}, 1: {0: 540, 1: 517, 2: 471, 3: 504, 4: 472, 5: 518, 6: 509, 7: 490, 8: 482, 9: 497}, 2: {0: 488, 1: 490, 2: 482, 3: 472, 4: 540, 5: 512, 6: 512, 7: 501, 8: 519, 9: 484}, 3: {0: 532, 1: 502, 2: 528, 3: 484, 4: 490, 5: 477, 6: 569, 7: 488, 8: 466, 9: 464}, 4: {0: 475, 1: 525, 2: 514, 3: 524, 4: 516, 5: 509, 6: 467, 7: 494, 8: 487, 9: 489}, 5: {0: 512, 1: 476, 2: 518, 3: 534, 4: 464, 5: 516, 6: 458, 7: 488, 8: 538, 9: 496}, 6: {0: 471, 1: 503, 2: 487, 3: 516, 4: 493, 5: 509, 6: 500, 7: 508, 8: 497, 9: 516}, 7: {0: 518, 1: 472, 2: 488, 3: 487, 4: 525, 5: 494, 6: 479, 7: 506, 8: 501, 9: 530}, 8: {0: 494, 1: 497, 2: 489, 3: 491, 4: 514, 5: 507, 6: 476, 7: 519, 8: 524, 9: 489}, 9: {0: 477, 1: 508, 2: 520, 3: 507, 4: 493, 5: 472, 6: 519, 7: 483, 8: 508, 9: 513}}", "loading time": 211, "local_train_accs": [0.2002, 0.108, 0.1938, 0.1956, 0.1918, 0.1894, 0.2142, 0.1036, 0.2018, 0.2068], "local_test_accs": [0.1854, 0.1, 0.187, 0.1822, 0.182, 0.183, 0.1985, 0.1, 0.1898, 0.1925], "Uniform ensemble (Train acc)": 0.20184, "Uniform ensemble (Test acc)": 0.2004, "FedAvg (Train acc)": 0.1, "FedAvg (Test acc)": 0.1, "pdm_KL_reg 0": {"Best Result": {"Best Sigma0": 0.5, "Best sigma": 1, "Best gamma": 10, "Best Test accuracy": 0.1036, "Train acc": 0.10324}, "PDM log": "{(0.5, 1, 10): {'shapes': [(3072, 250), (250,), (250, 118), (118,), (118, 118), (118,), (118, 118), (118,), (118, 118), (118,), (118, 118), (118,), (118, 10), (10,)], 'train_accuracy': 0.10324, 'test_accuracy': 0.1036}}", "timing": 922}, "pdm_KL_reg 0.001": {"Best Result": {"Best Sigma0": 0.5, "Best sigma": 1, "Best gamma": 10, "Best Test accuracy": 0.1013, "Train acc": 0.10108}, "PDM log": "{(0.5, 1, 10): {'shapes': [(3072, 248), (248,), (248, 118), (118,), (118, 118), (118,), (118, 118), (118,), (118, 118), (118,), (118, 118), (118,), (118, 10), (10,)], 'train_accuracy': 0.10108, 'test_accuracy': 0.1013}}", "timing": 1800}, "pdm_KL_reg 0.005": {"Best Result": {"Best Sigma0": 0.5, "Best sigma": 1, "Best gamma": 10, "Best Test accuracy": 0.1027, "Train acc": 0.10272}, "PDM log": "{(0.5, 1, 10): {'shapes': [(3072, 257), (257,), (257, 118), (118,), (118, 118), (118,), (118, 118), (118,), (118, 118), (118,), (118, 118), (118,), (118, 10), (10,)], 'train_accuracy': 0.10272, 'test_accuracy': 0.1027}}", "timing": 1721}, "pdm_KL_reg 0.01": {"Best Result": {"Best Sigma0": 0.5, "Best sigma": 1, "Best gamma": 10, "Best Test accuracy": 0.0993, "Train acc": 0.0992}, "PDM log": "{(0.5, 1, 10): {'shapes': [(3072, 247), (247,), (247, 127), (127,), (127, 118), (118,), (118, 118), (118,), (118, 118), (118,), (118, 118), (118,), (118, 10), (10,)], 'train_accuracy': 0.0992, 'test_accuracy': 0.0993}}", "timing": 1791}, "pdm_KL_reg 0.05": {"Best Result": {"Best Sigma0": 0.5, "Best sigma": 1, "Best gamma": 10, "Best Test accuracy": 0.1034, "Train acc": 0.1034}, "PDM log": "{(0.5, 1, 10): {'shapes': [(3072, 256), (256,), (256, 118), (118,), (118, 127), (127,), (127, 118), (118,), (118, 118), (118,), (118, 118), (118,), (118, 10), (10,)], 'train_accuracy': 0.1034, 'test_accuracy': 0.1034}}", "timing": 1788}, "pdm_KL_reg 0.1": {"Best Result": {"Best Sigma0": 0.5, "Best sigma": 1, "Best gamma": 10, "Best Test accuracy": 0.1025, "Train acc": 0.10266}, "PDM log": "{(0.5, 1, 10): {'shapes': [(3072, 254), (254,), (254, 118), (118,), (118, 118), (118,), (118, 118), (118,), (118, 118), (118,), (118, 118), (118,), (118, 10), (10,)], 'train_accuracy': 0.10266, 'test_accuracy': 0.1025}}", "timing": 1804}, "pdm_KL_reg 0.5": {"Best Result": {"Best Sigma0": 0.5, "Best sigma": 1, "Best gamma": 10, "Best Test accuracy": 0.0952, "Train acc": 0.09472}, "PDM log": "{(0.5, 1, 10): {'shapes': [(3072, 321), (321,), (321, 118), (118,), (118, 118), (118,), (118, 118), (118,), (118, 127), (127,), (127, 118), (118,), (118, 10), (10,)], 'train_accuracy': 0.09472, 'test_accuracy': 0.0952}}", "timing": 2056}, "pdm_KL_reg 1": {"Best Result": {"Best Sigma0": 0.5, "Best sigma": 1, "Best gamma": 10, "Best Test accuracy": 0.1, "Train acc": 0.1}, "PDM log": "{(0.5, 1, 10): {'shapes': [(3072, 454), (454,), (454, 127), (127,), (127, 127), (127,), (127, 127), (127,), (127, 127), (127,), (127, 118), (118,), (118, 10), (10,)], 'train_accuracy': 0.1, 'test_accuracy': 0.1}}", "timing": 2843}, "pdm_KL_reg 2": {"Best Result": {"Best Sigma0": 0.5, "Best sigma": 1, "Best gamma": 10, "Best Test accuracy": 0.1, "Train acc": 0.1}, "PDM log": "{(0.5, 1, 10): {'shapes': [(3072, 579), (579,), (579, 127), (127,), (127, 127), (127,), (127, 127), (127,), (127, 127), (127,), (127, 127), (127,), (127, 10), (10,)], 'train_accuracy': 0.1, 'test_accuracy': 0.1}}", "timing": 3116}, "pdm_KL_reg 5": {"Best Result": {"Best Sigma0": 0.5, "Best sigma": 1, "Best gamma": 10, "Best Test accuracy": 0.1, "Train acc": 0.1}, "PDM log": "{(0.5, 1, 10): {'shapes': [(3072, 590), (590,), (590, 127), (127,), (127, 127), (127,), (127, 127), (127,), (127, 127), (127,), (127, 118), (118,), (118, 10), (10,)], 'train_accuracy': 0.1, 'test_accuracy': 0.1}}", "timing": 3074}, "pdm_KL_reg 10": {"Best Result": {"Best Sigma0": 0.5, "Best sigma": 1, "Best gamma": 10, "Best Test accuracy": 0.1, "Train acc": 0.1}, "PDM log": "{(0.5, 1, 10): {'shapes': [(3072, 607), (607,), (607, 127), (127,), (127, 127), (127,), (127, 127), (127,), (127, 127), (127,), (127, 118), (118,), (118, 10), (10,)], 'train_accuracy': 0.1, 'test_accuracy': 0.1}}", "timing": 3244}, "best_reg": 0}