{"seed": 0, "Data statistics": "{0: {0: 372, 1: 791, 2: 1756, 3: 393, 4: 49, 5: 269, 6: 2685}, 1: {0: 506, 1: 726, 2: 1, 3: 4, 4: 45, 5: 533, 6: 1, 7: 371, 8: 186, 9: 247}, 2: {0: 476, 1: 1436, 2: 222, 3: 160, 4: 277, 5: 168, 6: 8, 7: 447, 8: 142, 9: 4623}, 3: {0: 147, 1: 280, 2: 198, 3: 299, 4: 92, 5: 20, 6: 25, 7: 325, 8: 122, 9: 34}, 4: {0: 148, 1: 31, 2: 1, 3: 1101, 4: 1579, 5: 7, 6: 457, 7: 329, 8: 155, 9: 65}, 5: {0: 64, 1: 10, 2: 9, 3: 113, 4: 339, 5: 82, 6: 2, 7: 28, 8: 1868, 9: 4}, 6: {0: 884, 1: 4, 2: 408, 3: 2, 4: 75, 5: 890, 6: 21, 7: 1668, 8: 1548}, 7: {0: 342, 1: 842, 2: 33, 3: 237, 4: 153, 5: 274, 6: 138, 7: 111, 8: 1149, 9: 4}, 8: {0: 145, 1: 154, 2: 1061, 3: 1490, 4: 325, 5: 7, 6: 234, 7: 999}, 9: {0: 575, 1: 682, 2: 86, 3: 59, 5: 30, 6: 93, 7: 1, 8: 6, 9: 732}, 10: {0: 2066, 1: 1229, 2: 1, 3: 32, 4: 138, 5: 1523}, 11: {0: 15, 1: 2, 2: 185, 3: 78, 4: 1613, 5: 222, 6: 114, 7: 69, 9: 59}, 12: {0: 177, 1: 267, 2: 623, 3: 669, 4: 1044, 5: 62, 6: 2014}, 13: {0: 4, 1: 231, 2: 2, 3: 25, 4: 109, 5: 1319, 6: 47, 7: 905, 8: 675, 9: 181}, 14: {0: 2, 1: 57, 2: 1372, 3: 1469, 4: 4, 5: 15, 6: 79, 7: 1012}}", "loading time": 26, "local_train_accs": [0.9998416468725257, 0.999236641221374, 0.9875612514134942, 1.0, 1.0, 0.9928543072647876, 0.9930909090909091, 0.9936034115138592, 0.9995469988674972, 0.9982332155477032, 1.0, 1.0, 1.0, 0.9879931389365352, 0.9907730673316708], "local_test_accs": [0.6567, 0.6603, 0.8736, 0.8564, 0.7595, 0.6768, 0.6414, 0.8253, 0.7115, 0.6734, 0.4656, 0.7302, 0.6656, 0.7255, 0.5517], "pdm_KL_reg 0": {"Best Result": {"Best Sigma0": 3, "Best sigma": 0.9, "Best gamma": 1, "Best Test accuracy": 0.8605, "Train acc": 0.8613166666666666}, "PDM log": "{(3, 0.9, 1): {'shapes': [(784, 899), (899,), (899, 10), (10,)], 'train_accuracy': 0.8613166666666666, 'test_accuracy': 0.8605}}", "timing": 179}, "pdm_KL_reg 0.001": {"Best Result": {"Best Sigma0": 3, "Best sigma": 0.9, "Best gamma": 1, "Best Test accuracy": 0.8589, "Train acc": 0.8599333333333333}, "PDM log": "{(3, 0.9, 1): {'shapes': [(784, 896), (896,), (896, 10), (10,)], 'train_accuracy': 0.8599333333333333, 'test_accuracy': 0.8589}}", "timing": 267}, "pdm_KL_reg 0.005": {"Best Result": {"Best Sigma0": 3, "Best sigma": 0.9, "Best gamma": 1, "Best Test accuracy": 0.8619, "Train acc": 0.8621333333333333}, "PDM log": "{(3, 0.9, 1): {'shapes': [(784, 896), (896,), (896, 10), (10,)], 'train_accuracy': 0.8621333333333333, 'test_accuracy': 0.8619}}", "timing": 243}, "pdm_KL_reg 0.01": {"Best Result": {"Best Sigma0": 3, "Best sigma": 0.9, "Best gamma": 1, "Best Test accuracy": 0.8594, "Train acc": 0.8602333333333333}, "PDM log": "{(3, 0.9, 1): {'shapes': [(784, 904), (904,), (904, 10), (10,)], 'train_accuracy': 0.8602333333333333, 'test_accuracy': 0.8594}}", "timing": 261}, "pdm_KL_reg 0.05": {"Best Result": {"Best Sigma0": 3, "Best sigma": 0.9, "Best gamma": 1, "Best Test accuracy": 0.8593, "Train acc": 0.86035}, "PDM log": "{(3, 0.9, 1): {'shapes': [(784, 887), (887,), (887, 10), (10,)], 'train_accuracy': 0.86035, 'test_accuracy': 0.8593}}", "timing": 255}, "pdm_KL_reg 0.1": {"Best Result": {"Best Sigma0": 3, "Best sigma": 0.9, "Best gamma": 1, "Best Test accuracy": 0.8586, "Train acc": 0.8596166666666667}, "PDM log": "{(3, 0.9, 1): {'shapes': [(784, 872), (872,), (872, 10), (10,)], 'train_accuracy': 0.8596166666666667, 'test_accuracy': 0.8586}}", "timing": 250}, "pdm_KL_reg 0.5": {"Best Result": {"Best Sigma0": 3, "Best sigma": 0.9, "Best gamma": 1, "Best Test accuracy": 0.8489, "Train acc": 0.8529666666666667}, "PDM log": "{(3, 0.9, 1): {'shapes': [(784, 675), (675,), (675, 10), (10,)], 'train_accuracy': 0.8529666666666667, 'test_accuracy': 0.8489}}", "timing": 199}, "pdm_KL_reg 1": {"Best Result": {"Best Sigma0": 3, "Best sigma": 0.9, "Best gamma": 1, "Best Test accuracy": 0.8456, "Train acc": 0.83685}, "PDM log": "{(3, 0.9, 1): {'shapes': [(784, 210), (210,), (210, 10), (10,)], 'train_accuracy': 0.83685, 'test_accuracy': 0.8456}}", "timing": 65}, "pdm_KL_reg 2": {"Best Result": {"Best Sigma0": 3, "Best sigma": 0.9, "Best gamma": 1, "Best Test accuracy": 0.1009, "Train acc": 0.09915}, "PDM log": "{(3, 0.9, 1): {'shapes': [(784, 100), (100,), (100, 10), (10,)], 'train_accuracy': 0.09915, 'test_accuracy': 0.1009}}", "timing": 29}, "pdm_KL_reg 5": {"Best Result": {"Best Sigma0": 3, "Best sigma": 0.9, "Best gamma": 1, "Best Test accuracy": 0.1009, "Train acc": 0.09915}, "PDM log": "{(3, 0.9, 1): {'shapes': [(784, 100), (100,), (100, 10), (10,)], 'train_accuracy': 0.09915, 'test_accuracy': 0.1009}}", "timing": 30}, "pdm_KL_reg 10": {"Best Result": {"Best Sigma0": 3, "Best sigma": 0.9, "Best gamma": 1, "Best Test accuracy": 0.1009, "Train acc": 0.09915}, "PDM log": "{(3, 0.9, 1): {'shapes': [(784, 100), (100,), (100, 10), (10,)], 'train_accuracy': 0.09915, 'test_accuracy': 0.1009}}", "timing": 34}, "best_reg": 0.005}