{"seed": 6, "Data statistics": "{0: {0: 1658, 1: 4, 2: 651, 3: 1118, 4: 124, 5: 860}, 1: {0: 1935, 1: 263, 2: 66, 3: 326, 4: 564, 5: 466, 6: 105, 7: 42, 8: 1239}, 2: {0: 166, 1: 805, 2: 513, 3: 23, 4: 1356, 5: 147, 6: 590, 7: 290, 8: 412}, 3: {0: 19, 1: 25, 2: 1040, 3: 42, 4: 4, 5: 252, 6: 1123, 7: 26, 8: 448, 9: 204}, 4: {0: 107, 1: 31, 2: 15, 3: 32, 4: 1208, 5: 380, 6: 4, 7: 22, 8: 562, 9: 317}, 5: {0: 1, 1: 5, 2: 463, 3: 83, 4: 52, 5: 7, 6: 971, 7: 1318, 8: 39, 9: 1371}, 6: {0: 858, 1: 346, 2: 351, 3: 507, 4: 370, 5: 202, 6: 1628}, 7: {0: 46, 1: 1712, 2: 826, 3: 162, 4: 15, 5: 269, 6: 341, 7: 6, 8: 331, 9: 533}, 8: {0: 191, 1: 101, 2: 29, 3: 24, 4: 61, 5: 1, 6: 199, 7: 118, 8: 44, 9: 1504}, 9: {0: 6, 1: 2, 2: 363, 3: 1024, 4: 508, 5: 403, 6: 510, 7: 64, 8: 481, 9: 1606}, 10: {0: 333, 1: 481, 2: 422, 3: 1067, 4: 280, 5: 74, 6: 8, 8: 50, 9: 355}, 11: {0: 14, 1: 1781, 2: 347, 3: 630, 4: 132, 6: 3, 7: 1, 8: 1864}, 12: {0: 109, 1: 698, 2: 168, 3: 452, 4: 163, 5: 26, 6: 19, 7: 380, 8: 381, 9: 58}, 13: {0: 15, 1: 487, 2: 691, 3: 519, 4: 712, 5: 874, 6: 378, 7: 1941}, 14: {0: 465, 1: 1, 2: 13, 3: 122, 4: 293, 5: 1460, 6: 39, 7: 2057, 9: 1}}", "loading time": 25, "local_train_accs": [0.9907134767836919, 0.9958050339592489, 0.99814039981404, 1.0, 0.9992531740104555, 0.9756380510440835, 0.989206945096199, 0.9924546097618486, 0.9995598591549296, 0.9979867123011879, 0.9996742671009772, 1.0, 0.9995925020374898, 0.9992878760904398, 0.9883172320826781], "local_test_accs": [0.4789, 0.8106, 0.8277, 0.7908, 0.779, 0.5811, 0.6565, 0.7824, 0.7835, 0.7948, 0.7499, 0.5893, 0.8655, 0.759, 0.6575], "pdm_KL_reg 0": {"Best Result": {"Best Sigma0": 3, "Best sigma": 0.9, "Best gamma": 1, "Best Test accuracy": 0.8899, "Train acc": 0.8949333333333334}, "PDM log": "{(3, 0.9, 1): {'shapes': [(784, 953), (953,), (953, 10), (10,)], 'train_accuracy': 0.8949333333333334, 'test_accuracy': 0.8899}}", "timing": 171}, "pdm_KL_reg 0.001": {"Best Result": {"Best Sigma0": 3, "Best sigma": 0.9, "Best gamma": 1, "Best Test accuracy": 0.8874, "Train acc": 0.89305}, "PDM log": "{(3, 0.9, 1): {'shapes': [(784, 951), (951,), (951, 10), (10,)], 'train_accuracy': 0.89305, 'test_accuracy': 0.8874}}", "timing": 288}, "pdm_KL_reg 0.005": {"Best Result": {"Best Sigma0": 3, "Best sigma": 0.9, "Best gamma": 1, "Best Test accuracy": 0.8908, "Train acc": 0.89635}, "PDM log": "{(3, 0.9, 1): {'shapes': [(784, 954), (954,), (954, 10), (10,)], 'train_accuracy': 0.89635, 'test_accuracy': 0.8908}}", "timing": 275}, "pdm_KL_reg 0.01": {"Best Result": {"Best Sigma0": 3, "Best sigma": 0.9, "Best gamma": 1, "Best Test accuracy": 0.8868, "Train acc": 0.8923333333333333}, "PDM log": "{(3, 0.9, 1): {'shapes': [(784, 951), (951,), (951, 10), (10,)], 'train_accuracy': 0.8923333333333333, 'test_accuracy': 0.8868}}", "timing": 282}, "pdm_KL_reg 0.05": {"Best Result": {"Best Sigma0": 3, "Best sigma": 0.9, "Best gamma": 1, "Best Test accuracy": 0.8878, "Train acc": 0.8936833333333334}, "PDM log": "{(3, 0.9, 1): {'shapes': [(784, 943), (943,), (943, 10), (10,)], 'train_accuracy': 0.8936833333333334, 'test_accuracy': 0.8878}}", "timing": 294}, "pdm_KL_reg 0.1": {"Best Result": {"Best Sigma0": 3, "Best sigma": 0.9, "Best gamma": 1, "Best Test accuracy": 0.8888, "Train acc": 0.89515}, "PDM log": "{(3, 0.9, 1): {'shapes': [(784, 932), (932,), (932, 10), (10,)], 'train_accuracy': 0.89515, 'test_accuracy': 0.8888}}", "timing": 270}, "pdm_KL_reg 0.5": {"Best Result": {"Best Sigma0": 3, "Best sigma": 0.9, "Best gamma": 1, "Best Test accuracy": 0.8748, "Train acc": 0.88055}, "PDM log": "{(3, 0.9, 1): {'shapes': [(784, 755), (755,), (755, 10), (10,)], 'train_accuracy': 0.88055, 'test_accuracy': 0.8748}}", "timing": 211}, "pdm_KL_reg 1": {"Best Result": {"Best Sigma0": 3, "Best sigma": 0.9, "Best gamma": 1, "Best Test accuracy": 0.8368, "Train acc": 0.8400166666666666}, "PDM log": "{(3, 0.9, 1): {'shapes': [(784, 209), (209,), (209, 10), (10,)], 'train_accuracy': 0.8400166666666666, 'test_accuracy': 0.8368}}", "timing": 74}, "pdm_KL_reg 2": {"Best Result": {"Best Sigma0": 3, "Best sigma": 0.9, "Best gamma": 1, "Best Test accuracy": 0.0974, "Train acc": 0.09751666666666667}, "PDM log": "{(3, 0.9, 1): {'shapes': [(784, 100), (100,), (100, 10), (10,)], 'train_accuracy': 0.09751666666666667, 'test_accuracy': 0.0974}}", "timing": 31}, "pdm_KL_reg 5": {"Best Result": {"Best Sigma0": 3, "Best sigma": 0.9, "Best gamma": 1, "Best Test accuracy": 0.0974, "Train acc": 0.09751666666666667}, "PDM log": "{(3, 0.9, 1): {'shapes': [(784, 100), (100,), (100, 10), (10,)], 'train_accuracy': 0.09751666666666667, 'test_accuracy': 0.0974}}", "timing": 32}, "pdm_KL_reg 10": {"Best Result": {"Best Sigma0": 3, "Best sigma": 0.9, "Best gamma": 1, "Best Test accuracy": 0.0974, "Train acc": 0.09751666666666667}, "PDM log": "{(3, 0.9, 1): {'shapes': [(784, 100), (100,), (100, 10), (10,)], 'train_accuracy': 0.09751666666666667, 'test_accuracy': 0.0974}}", "timing": 33}, "best_reg": 0.005}