{"seed": 5, "Data statistics": "{0: {0: 307, 1: 115, 2: 873, 3: 475, 4: 401, 5: 96, 6: 836, 7: 8, 8: 219, 9: 106}, 1: {0: 633, 1: 40, 2: 50, 3: 145, 4: 148, 5: 39, 6: 970, 7: 2789}, 2: {0: 224, 1: 954, 2: 438, 3: 689, 4: 21, 5: 309, 6: 1011, 7: 16, 8: 482}, 3: {0: 3, 1: 58, 2: 24, 3: 55, 4: 437, 5: 44, 6: 1, 7: 840, 8: 221, 9: 227}, 4: {0: 4, 1: 31, 2: 140, 3: 113, 4: 100, 5: 291, 6: 572, 7: 580, 8: 816, 9: 342}, 5: {0: 15, 1: 177, 3: 67, 4: 912, 5: 45, 6: 625, 7: 72, 8: 314, 9: 265}, 6: {1: 992, 2: 111, 3: 967, 4: 46, 5: 1444, 6: 752}, 7: {0: 80, 1: 1761, 2: 1041, 3: 83, 4: 1219}, 8: {0: 136, 1: 1202, 2: 232, 3: 1013, 4: 439, 5: 14, 6: 7, 7: 425, 8: 271, 9: 1333}, 9: {0: 27, 1: 358, 2: 1816, 3: 282, 4: 249, 5: 296, 6: 27, 7: 5, 8: 2659}, 10: {0: 2072, 1: 152, 2: 6, 3: 138, 4: 3, 5: 809, 6: 227, 7: 288, 8: 94, 9: 288}, 11: {0: 4, 1: 441, 2: 237, 3: 264, 4: 1, 5: 1634, 6: 468, 7: 57, 8: 352, 9: 2813}, 12: {0: 1387, 1: 141, 2: 82, 3: 12, 5: 238, 6: 245, 7: 160, 8: 24, 9: 23}, 13: {0: 818, 1: 241, 2: 688, 3: 6, 4: 110, 5: 161, 6: 176, 7: 1025, 8: 398, 9: 552}, 14: {0: 213, 1: 79, 2: 220, 3: 1822, 4: 1756, 5: 1, 6: 1, 8: 1}}", "loading time": 26, "local_train_accs": [1.0, 0.9981304528458662, 0.9968629343629344, 1.0, 0.9919705587152894, 0.9959871589085072, 0.9786641929499073, 0.994980879541109, 0.9978312302839116, 0.988984088127295, 0.9997547216090262, 0.9918673257853612, 1.0, 0.9983233532934132, 1.0], "local_test_accs": [0.8775, 0.6953, 0.8069, 0.7184, 0.8308, 0.7868, 0.539, 0.493, 0.8417, 0.6907, 0.7797, 0.7427, 0.7697, 0.8928, 0.5052], "pdm_KL_reg 0": {"Best Result": {"Best Sigma0": 3, "Best sigma": 0.9, "Best gamma": 1, "Best Test accuracy": 0.9104, "Train acc": 0.9159}, "PDM log": "{(3, 0.9, 1): {'shapes': [(784, 899), (899,), (899, 10), (10,)], 'train_accuracy': 0.9159, 'test_accuracy': 0.9104}}", "timing": 152}, "pdm_KL_reg 0.001": {"Best Result": {"Best Sigma0": 3, "Best sigma": 0.9, "Best gamma": 1, "Best Test accuracy": 0.9175, "Train acc": 0.92195}, "PDM log": "{(3, 0.9, 1): {'shapes': [(784, 906), (906,), (906, 10), (10,)], 'train_accuracy': 0.92195, 'test_accuracy': 0.9175}}", "timing": 257}, "pdm_KL_reg 0.005": {"Best Result": {"Best Sigma0": 3, "Best sigma": 0.9, "Best gamma": 1, "Best Test accuracy": 0.9068, "Train acc": 0.9121833333333333}, "PDM log": "{(3, 0.9, 1): {'shapes': [(784, 900), (900,), (900, 10), (10,)], 'train_accuracy': 0.9121833333333333, 'test_accuracy': 0.9068}}", "timing": 243}, "pdm_KL_reg 0.01": {"Best Result": {"Best Sigma0": 3, "Best sigma": 0.9, "Best gamma": 1, "Best Test accuracy": 0.9114, "Train acc": 0.9166666666666666}, "PDM log": "{(3, 0.9, 1): {'shapes': [(784, 899), (899,), (899, 10), (10,)], 'train_accuracy': 0.9166666666666666, 'test_accuracy': 0.9114}}", "timing": 247}, "pdm_KL_reg 0.05": {"Best Result": {"Best Sigma0": 3, "Best sigma": 0.9, "Best gamma": 1, "Best Test accuracy": 0.9139, "Train acc": 0.9196166666666666}, "PDM log": "{(3, 0.9, 1): {'shapes': [(784, 891), (891,), (891, 10), (10,)], 'train_accuracy': 0.9196166666666666, 'test_accuracy': 0.9139}}", "timing": 252}, "pdm_KL_reg 0.1": {"Best Result": {"Best Sigma0": 3, "Best sigma": 0.9, "Best gamma": 1, "Best Test accuracy": 0.9055, "Train acc": 0.9112833333333333}, "PDM log": "{(3, 0.9, 1): {'shapes': [(784, 873), (873,), (873, 10), (10,)], 'train_accuracy': 0.9112833333333333, 'test_accuracy': 0.9055}}", "timing": 242}, "pdm_KL_reg 0.5": {"Best Result": {"Best Sigma0": 3, "Best sigma": 0.9, "Best gamma": 1, "Best Test accuracy": 0.9029, "Train acc": 0.9093166666666667}, "PDM log": "{(3, 0.9, 1): {'shapes': [(784, 712), (712,), (712, 10), (10,)], 'train_accuracy': 0.9093166666666667, 'test_accuracy': 0.9029}}", "timing": 204}, "pdm_KL_reg 1": {"Best Result": {"Best Sigma0": 3, "Best sigma": 0.9, "Best gamma": 1, "Best Test accuracy": 0.8819, "Train acc": 0.8811666666666667}, "PDM log": "{(3, 0.9, 1): {'shapes': [(784, 201), (201,), (201, 10), (10,)], 'train_accuracy': 0.8811666666666667, 'test_accuracy': 0.8819}}", "timing": 60}, "pdm_KL_reg 2": {"Best Result": {"Best Sigma0": 3, "Best sigma": 0.9, "Best gamma": 1, "Best Test accuracy": 0.0974, "Train acc": 0.09751666666666667}, "PDM log": "{(3, 0.9, 1): {'shapes': [(784, 100), (100,), (100, 10), (10,)], 'train_accuracy': 0.09751666666666667, 'test_accuracy': 0.0974}}", "timing": 31}, "pdm_KL_reg 5": {"Best Result": {"Best Sigma0": 3, "Best sigma": 0.9, "Best gamma": 1, "Best Test accuracy": 0.0974, "Train acc": 0.09751666666666667}, "PDM log": "{(3, 0.9, 1): {'shapes': [(784, 100), (100,), (100, 10), (10,)], 'train_accuracy': 0.09751666666666667, 'test_accuracy': 0.0974}}", "timing": 33}, "pdm_KL_reg 10": {"Best Result": {"Best Sigma0": 3, "Best sigma": 0.9, "Best gamma": 1, "Best Test accuracy": 0.0974, "Train acc": 0.09751666666666667}, "PDM log": "{(3, 0.9, 1): {'shapes': [(784, 100), (100,), (100, 10), (10,)], 'train_accuracy': 0.09751666666666667, 'test_accuracy': 0.0974}}", "timing": 29}, "best_reg": 0.001}