{"seed": 6, "Data statistics": "{0: {0: 385, 1: 454, 2: 370, 3: 419, 4: 416, 5: 359, 6: 426, 7: 408, 8: 368, 9: 395}, 1: {0: 389, 1: 429, 2: 399, 3: 439, 4: 380, 5: 346, 6: 383, 7: 403, 8: 407, 9: 425}, 2: {0: 377, 1: 494, 2: 424, 3: 402, 4: 385, 5: 384, 6: 366, 7: 426, 8: 396, 9: 346}, 3: {0: 410, 1: 467, 2: 387, 3: 414, 4: 379, 5: 338, 6: 395, 7: 403, 8: 401, 9: 406}, 4: {0: 396, 1: 477, 2: 374, 3: 412, 4: 387, 5: 367, 6: 398, 7: 406, 8: 369, 9: 414}, 5: {0: 389, 1: 436, 2: 374, 3: 398, 4: 374, 5: 378, 6: 410, 7: 434, 8: 405, 9: 402}, 6: {0: 396, 1: 463, 2: 427, 3: 401, 4: 422, 5: 319, 6: 394, 7: 436, 8: 371, 9: 371}, 7: {0: 395, 1: 448, 2: 441, 3: 443, 4: 340, 5: 374, 6: 380, 7: 415, 8: 381, 9: 383}, 8: {0: 373, 1: 464, 2: 377, 3: 421, 4: 371, 5: 374, 6: 392, 7: 421, 8: 406, 9: 401}, 9: {0: 397, 1: 437, 2: 382, 3: 388, 4: 408, 5: 365, 6: 410, 7: 391, 8: 400, 9: 422}, 10: {0: 431, 1: 445, 2: 398, 3: 371, 4: 410, 5: 363, 6: 403, 7: 426, 8: 366, 9: 387}, 11: {0: 415, 1: 431, 2: 407, 3: 397, 4: 388, 5: 332, 6: 408, 7: 437, 8: 379, 9: 406}, 12: {0: 388, 1: 425, 2: 395, 3: 418, 4: 399, 5: 348, 6: 394, 7: 452, 8: 384, 9: 397}, 13: {0: 377, 1: 440, 2: 413, 3: 404, 4: 382, 5: 397, 6: 357, 7: 431, 8: 397, 9: 402}, 14: {0: 405, 1: 432, 2: 390, 3: 404, 4: 401, 5: 377, 6: 402, 7: 376, 8: 421, 9: 392}}", "comm 0": {"training timing": 591, "local_train_accs": [0.99375, 0.998, 0.986, 0.9985, 0.9875, 0.9925, 0.98575, 0.99725, 0.99125, 1.0, 0.988, 0.9985, 0.995, 0.985, 0.99675], "local_test_accs": [0.99375, 0.998, 0.986, 0.9985, 0.9875, 0.9925, 0.98575, 0.99725, 0.99125, 1.0, 0.988, 0.9985, 0.995, 0.985, 0.99675], "Uniform ensemble (Train acc)": 0.9657, "Uniform ensemble (Test acc)": 0.9638, "FedAvg (Train acc)": 0.09036666666666666, "FedAvg (Test acc)": 0.0892, "pdm_KL (Train acc)": 0.9037333333333334, "pdm_KL (Test acc)": 0.9049}, "comm 1": {"training timing": 1597, "local_train_accs": [0.99125, 1.0, 0.99975, 0.993, 0.97925, 1.0, 0.99575, 0.9555, 0.98225, 0.9915, 0.98975, 0.9785, 0.99525, 0.96675, 0.9985], "local_test_accs": [0.99125, 1.0, 0.99975, 0.993, 0.97925, 1.0, 0.99575, 0.9555, 0.98225, 0.9915, 0.98975, 0.9785, 0.99525, 0.96675, 0.9985], "Uniform ensemble (Train acc)": 0.96705, "Uniform ensemble (Test acc)": 0.9655, "FedAvg (Train acc)": 0.11016666666666666, "FedAvg (Test acc)": 0.1106, "pdm_KL (Train acc)": 0.9049666666666667, "pdm_KL (Test acc)": 0.9001}, "comm 2": {"training timing": 795, "local_train_accs": [0.995, 0.99725, 0.98675, 0.9975, 0.9945, 0.999, 0.99575, 0.9985, 0.99675, 0.9815, 0.996, 0.9945, 0.98575, 0.99525, 0.992], "local_test_accs": [0.995, 0.99725, 0.98675, 0.9975, 0.9945, 0.999, 0.99575, 0.9985, 0.99675, 0.9815, 0.996, 0.9945, 0.98575, 0.99525, 0.992], "Uniform ensemble (Train acc)": 0.9687333333333333, "Uniform ensemble (Test acc)": 0.9676, "FedAvg (Train acc)": 0.09751666666666667, "FedAvg (Test acc)": 0.0974, "pdm_KL (Train acc)": 0.9076, "pdm_KL (Test acc)": 0.8987}, "comm 3": {"training timing": 598, "local_train_accs": [0.99575, 0.99575, 0.99675, 0.995, 0.997, 0.991, 0.99975, 0.98975, 0.99925, 1.0, 0.9955, 0.993, 0.99675, 0.99775, 0.9995], "local_test_accs": [0.99575, 0.99575, 0.99675, 0.995, 0.997, 0.991, 0.99975, 0.98975, 0.99925, 1.0, 0.9955, 0.993, 0.99675, 0.99775, 0.9995], "Uniform ensemble (Train acc)": 0.96915, "Uniform ensemble (Test acc)": 0.9674, "FedAvg (Train acc)": 0.09751666666666667, "FedAvg (Test acc)": 0.0974, "pdm_KL (Train acc)": 0.8646666666666667, "pdm_KL (Test acc)": 0.8594}, "comm 4": {"training timing": 1483, "local_train_accs": [1.0, 0.99775, 0.991, 0.991, 0.99825, 0.9875, 0.98875, 0.99925, 0.99175, 0.9915, 0.99025, 0.9895, 0.99825, 0.9775, 1.0], "local_test_accs": [1.0, 0.99775, 0.991, 0.991, 0.99825, 0.9875, 0.98875, 0.99925, 0.99175, 0.9915, 0.99025, 0.9895, 0.99825, 0.9775, 1.0], "Uniform ensemble (Train acc)": 0.968, "Uniform ensemble (Test acc)": 0.9649, "FedAvg (Train acc)": 0.09751666666666667, "FedAvg (Test acc)": 0.0974, "pdm_KL (Train acc)": 0.8456166666666667, "pdm_KL (Test acc)": 0.8384}, "comm 5": {"training timing": 1103, "local_train_accs": [0.99375, 0.998, 0.9985, 1.0, 0.99425, 0.98925, 0.99875, 0.9925, 0.9995, 0.994, 0.99575, 0.994, 0.99275, 0.9985, 0.9965], "local_test_accs": [0.99375, 0.998, 0.9985, 1.0, 0.99425, 0.98925, 0.99875, 0.9925, 0.9995, 0.994, 0.99575, 0.994, 0.99275, 0.9985, 0.9965], "Uniform ensemble (Train acc)": 0.9697166666666667, "Uniform ensemble (Test acc)": 0.9668, "FedAvg (Train acc)": 0.09751666666666667, "FedAvg (Test acc)": 0.0974, "pdm_KL (Train acc)": 0.8496166666666667, "pdm_KL (Test acc)": 0.8445}, "comm 6": {"training timing": 344, "local_train_accs": [1.0, 0.998, 0.9955, 0.998, 0.98725, 0.99875, 0.999, 0.99775, 1.0, 0.999, 0.999, 0.99875, 0.99575, 0.98175, 0.999], "local_test_accs": [1.0, 0.998, 0.9955, 0.998, 0.98725, 0.99875, 0.999, 0.99775, 1.0, 0.999, 0.999, 0.99875, 0.99575, 0.98175, 0.999], "Uniform ensemble (Train acc)": 0.9692166666666666, "Uniform ensemble (Test acc)": 0.9672, "FedAvg (Train acc)": 0.09751666666666667, "FedAvg (Test acc)": 0.0974, "pdm_KL (Train acc)": 0.88745, "pdm_KL (Test acc)": 0.8795}, "comm 7": {"training timing": 1039, "local_train_accs": [0.99575, 0.9955, 1.0, 0.997, 0.99725, 0.99525, 0.98675, 0.99675, 0.99475, 0.99625, 0.99325, 0.994, 0.9955, 0.9885, 0.99675], "local_test_accs": [0.99575, 0.9955, 1.0, 0.997, 0.99725, 0.99525, 0.98675, 0.99675, 0.99475, 0.99625, 0.99325, 0.994, 0.9955, 0.9885, 0.99675], "Uniform ensemble (Train acc)": 0.9698666666666667, "Uniform ensemble (Test acc)": 0.9682, "FedAvg (Train acc)": 0.09751666666666667, "FedAvg (Test acc)": 0.0974, "pdm_KL (Train acc)": 0.8989833333333334, "pdm_KL (Test acc)": 0.8914}, "comm 8": {"training timing": 1434, "local_train_accs": [0.9955, 0.99875, 0.99975, 0.9985, 0.99975, 0.99725, 0.98925, 0.999, 0.9995, 0.999, 0.98875, 0.99975, 1.0, 0.99875, 0.998], "local_test_accs": [0.9955, 0.99875, 0.99975, 0.9985, 0.99975, 0.99725, 0.98925, 0.999, 0.9995, 0.999, 0.98875, 0.99975, 1.0, 0.99875, 0.998], "Uniform ensemble (Train acc)": 0.9700166666666666, "Uniform ensemble (Test acc)": 0.9682, "FedAvg (Train acc)": 0.09751666666666667, "FedAvg (Test acc)": 0.0974, "pdm_KL (Train acc)": 0.9114166666666667, "pdm_KL (Test acc)": 0.9016}, "comm 9": {"training timing": 464, "local_train_accs": [0.99975, 0.99925, 0.99875, 0.99925, 0.997, 0.984, 0.99925, 0.9995, 0.9995, 0.999, 0.999, 0.99975, 0.9995, 0.996, 0.99025], "local_test_accs": [0.99975, 0.99925, 0.99875, 0.99925, 0.997, 0.984, 0.99925, 0.9995, 0.9995, 0.999, 0.999, 0.99975, 0.9995, 0.996, 0.99025], "Uniform ensemble (Train acc)": 0.97005, "Uniform ensemble (Test acc)": 0.9667, "FedAvg (Train acc)": 0.09751666666666667, "FedAvg (Test acc)": 0.0974, "pdm_KL (Train acc)": 0.91025, "pdm_KL (Test acc)": 0.903}, "comm 10": {"training timing": 778, "local_train_accs": [0.99475, 0.9875, 0.99525, 0.98875, 0.99925, 0.9965, 0.99675, 0.994, 0.9955, 0.9995, 0.99225, 0.997, 1.0, 0.9975, 0.9765], "local_test_accs": [0.99475, 0.9875, 0.99525, 0.98875, 0.99925, 0.9965, 0.99675, 0.994, 0.9955, 0.9995, 0.99225, 0.997, 1.0, 0.9975, 0.9765], "Uniform ensemble (Train acc)": 0.9692833333333334, "Uniform ensemble (Test acc)": 0.9655, "FedAvg (Train acc)": 0.09751666666666667, "FedAvg (Test acc)": 0.0974, "pdm_KL (Train acc)": 0.9223333333333333, "pdm_KL (Test acc)": 0.9165}, "comm 11": {"training timing": 1611, "local_train_accs": [0.9975, 0.9925, 1.0, 1.0, 0.9925, 0.997, 0.999, 0.997, 0.99775, 0.99925, 0.99875, 0.99625, 0.99975, 0.9995, 0.97675], "local_test_accs": [0.9975, 0.9925, 1.0, 1.0, 0.9925, 0.997, 0.999, 0.997, 0.99775, 0.99925, 0.99875, 0.99625, 0.99975, 0.9995, 0.97675], "Uniform ensemble (Train acc)": 0.9699833333333333, "Uniform ensemble (Test acc)": 0.9684, "FedAvg (Train acc)": 0.09751666666666667, "FedAvg (Test acc)": 0.0974, "pdm_KL (Train acc)": 0.9139833333333334, "pdm_KL (Test acc)": 0.9088}, "comm 12": {"training timing": 1121,