{"seed": 9, "Data statistics": "{0: {0: 75, 1: 214, 2: 297, 3: 150, 4: 780, 5: 298, 6: 2, 7: 233}, 1: {0: 609, 1: 70, 2: 100, 3: 170, 4: 3, 5: 52, 6: 83, 7: 863, 8: 260}, 2: {0: 64, 1: 832, 2: 945, 3: 366}, 3: {0: 121, 2: 187, 3: 2, 4: 244, 5: 129, 6: 442, 7: 256, 8: 14, 9: 85}, 4: {0: 163, 1: 4, 2: 378, 3: 10, 4: 394, 5: 1, 6: 20, 7: 409, 8: 55, 9: 261}, 5: {0: 412, 1: 87, 2: 82, 3: 387, 4: 283, 5: 310, 6: 205, 7: 262}, 6: {0: 23, 1: 157, 2: 90, 3: 50, 4: 49, 5: 55, 7: 248, 8: 1006, 9: 69}, 7: {0: 134, 1: 4, 2: 12, 3: 90, 4: 55, 5: 50, 6: 4, 7: 132, 8: 94, 9: 147}, 8: {0: 34, 1: 87, 2: 284, 3: 1, 4: 1, 5: 84, 6: 335, 7: 37, 8: 1707}, 9: {0: 143, 1: 145, 2: 308, 3: 2, 4: 13, 5: 14, 6: 619, 7: 396, 8: 2, 9: 244}, 10: {0: 5, 1: 339, 3: 92, 4: 283, 5: 46, 6: 36, 7: 45, 8: 579, 9: 1436}, 11: {0: 40, 1: 39, 2: 276, 3: 62, 4: 746, 5: 6, 6: 810, 7: 57}, 12: {0: 247, 1: 311, 2: 8, 3: 35, 4: 33, 5: 51, 6: 5, 7: 2, 8: 1, 9: 56}, 13: {0: 143, 1: 386, 2: 2, 4: 225, 5: 85, 6: 162, 7: 47, 8: 622, 9: 5}, 14: {0: 568, 1: 58, 2: 44, 3: 426, 4: 19, 5: 29, 6: 712, 7: 397}, 15: {0: 120, 1: 132, 2: 62, 3: 419, 4: 277, 5: 781, 6: 87, 7: 208}, 16: {0: 342, 1: 99, 2: 97, 3: 161, 4: 75, 5: 56, 6: 119, 7: 498, 8: 22, 9: 710}, 17: {0: 11, 1: 414, 2: 1, 3: 79, 4: 1149, 5: 428}, 18: {0: 61, 1: 224, 2: 5, 3: 599, 4: 2, 5: 106, 6: 59, 7: 28, 8: 140, 9: 353}, 19: {0: 110, 1: 70, 2: 51, 3: 251, 4: 186, 5: 14, 6: 31, 7: 58, 8: 27, 9: 196}, 20: {0: 74, 1: 289, 2: 50, 3: 181, 4: 24, 5: 112, 6: 37, 7: 3, 8: 1, 9: 435}, 21: {0: 6, 1: 301, 2: 61, 3: 107, 4: 133, 5: 5, 6: 499, 7: 280, 8: 605, 9: 339}, 22: {0: 783, 1: 81, 2: 101, 4: 122, 5: 2104}, 23: {0: 555, 1: 17, 2: 383, 3: 1, 4: 357, 5: 4, 6: 575, 7: 282}, 24: {0: 9, 1: 388, 2: 356, 3: 146, 4: 135, 5: 304, 6: 2, 7: 736}, 25: {0: 91, 1: 685, 2: 248, 3: 46, 4: 63, 5: 87, 6: 38, 7: 295, 8: 694}, 26: {0: 107, 1: 377, 2: 479, 3: 28, 4: 166, 5: 33, 6: 799, 7: 281}, 27: {0: 94, 1: 47, 2: 701, 3: 1949}, 28: {0: 133, 1: 87, 2: 345, 3: 296, 4: 23, 5: 169, 6: 220, 7: 56, 8: 1, 9: 124}, 29: {0: 646, 1: 798, 2: 5, 3: 25, 4: 2, 5: 8, 6: 17, 7: 156, 8: 21, 9: 1489}}", "loading time": 39, "local_train_accs": [1.0, 0.9882352941176471, 1.0, 1.0, 1.0, 0.9970414201183432, 1.0, 1.0, 0.9992217898832685, 0.996288441145281, 1.0, 1.0, 1.0, 1.0, 0.9995561473590768, 1.0, 1.0, 1.0, 0.9993658845909955, 1.0, 1.0, 0.9991438356164384, 0.9959260419931056, 1.0, 0.9985549132947977, 1.0, 0.9995594713656387, 0.9985668219276245, 1.0, 1.0], "local_test_accs": [0.6868, 0.7534, 0.407, 0.7012, 0.7384, 0.7454, 0.7938, 0.7656, 0.6264, 0.7119, 0.7366, 0.6894, 0.6502, 0.6739, 0.6826, 0.7543, 0.8975, 0.4663, 0.7334, 0.8566, 0.7196, 0.7896, 0.4601, 0.6031, 0.6407, 0.8138, 0.7311, 0.4066, 0.819, 0.6733], "Uniform ensemble (Train acc)": 0.9315333333333333, "Uniform ensemble (Test acc)": 0.9333, "FedAvg (Train acc)": 0.15641666666666668, "FedAvg (Test acc)": 0.1595, "pdm_KL_reg 0": {"Best Result": {"Best Sigma0": 0.5, "Best sigma": 1, "Best gamma": 10, "Best Test accuracy": 0.7987, "Train acc": 0.8003166666666667}, "PDM log": "{(0.5, 1, 10): {'shapes': [(784, 328), (328,), (328, 10), (10,)], 'train_accuracy': 0.8003166666666667, 'test_accuracy': 0.7987}}", "timing": 78}, "pdm_KL_reg 0.001": {"Best Result": {"Best Sigma0": 0.5, "Best sigma": 1, "Best gamma": 10, "Best Test accuracy": 0.8045, "Train acc": 0.80715}, "PDM log": "{(0.5, 1, 10): {'shapes': [(784, 339), (339,), (339, 10), (10,)], 'train_accuracy': 0.80715, 'test_accuracy': 0.8045}}", "timing": 138}, "pdm_KL_reg 0.005": {"Best Result": {"Best Sigma0": 0.5, "Best sigma": 1, "Best gamma": 10, "Best Test accuracy": 0.812, "Train acc": 0.8154666666666667}, "PDM log": "{(0.5, 1, 10): {'shapes': [(784, 344), (344,), (344, 10), (10,)], 'train_accuracy': 0.8154666666666667, 'test_accuracy': 0.812}}", "timing": 137}, "pdm_KL_reg 0.01": {"Best Result": {"Best Sigma0": 0.5, "Best sigma": 1, "Best gamma": 10, "Best Test accuracy": 0.8154, "Train acc": 0.8164166666666667}, "PDM log": "{(0.5, 1, 10): {'shapes': [(784, 331), (331,), (331, 10), (10,)], 'train_accuracy': 0.8164166666666667, 'test_accuracy': 0.8154}}", "timing": 131}, "pdm_KL_reg 0.05": {"Best Result": {"Best Sigma0": 0.5, "Best sigma": 1, "Best gamma": 10, "Best Test accuracy": 0.8122, "Train acc": 0.81645}, "PDM log": "{(0.5, 1, 10): {'shapes': [(784, 339), (339,), (339, 10), (10,)], 'train_accuracy': 0.81645, 'test_accuracy': 0.8122}}", "timing": 142}, "pdm_KL_reg 0.1": {"Best Result": {"Best Sigma0": 0.5, "Best sigma": 1, "Best gamma": 10, "Best Test accuracy": 0.8029, "Train acc": 0.8033333333333333}, "PDM log": "{(0.5, 1, 10): {'shapes': [(784, 339), (339,), (339, 10), (10,)], 'train_accuracy': 0.8033333333333333, 'test_accuracy': 0.8029}}", "timing": 142}, "pdm_KL_reg 0.5": {"Best Result": {"Best Sigma0": 0.5, "Best sigma": 1, "Best gamma": 10, "Best Test accuracy": 0.8067, "Train acc": 0.8073333333333333}, "PDM log": "{(0.5, 1, 10): {'shapes': [(784, 364), (364,), (364, 10), (10,)], 'train_accuracy': 0.8073333333333333, 'test_accuracy': 0.8067}}", "timing": 180}, "pdm_KL_reg 1": {"Best Result": {"Best Sigma0": 0.5, "Best sigma": 1, "Best gamma": 10, "Best Test accuracy": 0.8169, "Train acc": 0.81835}, "PDM log": "{(0.5, 1, 10): {'shapes': [(784, 343), (343,), (343, 10), (10,)], 'train_accuracy': 0.81835, 'test_accuracy': 0.8169}}", "timing": 206}, "pdm_KL_reg 2": {"Best Result": {"Best Sigma0": 0.5, "Best sigma": 1, "Best gamma": 10, "Best Test accuracy": 0.7963, "Train acc": 0.79335}, "PDM log": "{(0.5, 1, 10): {'shapes': [(784, 261), (261,), (261, 10), (10,)], 'train_accuracy': 0.79335, 'test_accuracy': 0.7963}}", "timing": 205}, "pdm_KL_reg 5": {"Best Result": {"Best Sigma0": 0.5, "Best sigma": 1, "Best gamma": 10, "Best Test accuracy": 0.0892, "Train acc": 0.09035}, "PDM log": "{(0.5, 1, 10): {'shapes': [(784, 129), (129,), (129, 10), (10,)], 'train_accuracy': 0.09035, 'test_accuracy': 0.0892}}", "timing": 70}, "pdm_KL_reg 10": {"Best Result": {"Best Sigma0": 0.5, "Best sigma": 1, "Best gamma": 10, "Best Test accuracy": 0.0892, "Train acc": 0.09035}, "PDM log": "{(0.5, 1, 10): {'shapes': [(784, 129), (129,), (129, 10), (10,)], 'train_accuracy': 0.09035, 'test_accuracy': 0.0892}}", "timing": 64}, "best_reg": 1}