{"seed": 7, "Data statistics": "{0: {0: 17, 1: 433, 2: 25, 3: 485, 4: 73, 5: 6, 6: 91, 7: 108, 8: 1, 9: 764}, 1: {0: 54, 1: 221, 2: 1932}, 2: {0: 1554, 1: 930}, 3: {0: 191, 1: 327, 2: 52, 3: 101, 4: 342, 5: 3, 6: 3, 7: 65, 8: 673, 9: 8}, 4: {0: 110, 1: 39, 2: 64, 3: 3, 4: 7, 5: 1088, 6: 13, 7: 51, 8: 267, 9: 203}, 5: {0: 46, 1: 20, 2: 160, 4: 107, 5: 73, 6: 455, 7: 141, 8: 55, 9: 65}, 6: {0: 273, 1: 456, 2: 113, 4: 340, 5: 193, 6: 41, 7: 752}, 7: {0: 47, 1: 202, 2: 14, 3: 3, 4: 100, 5: 88, 6: 685, 7: 1684}, 8: {0: 44, 1: 33, 2: 35, 3: 42, 4: 54, 5: 10, 6: 45, 7: 58, 8: 628, 9: 905}, 9: {0: 228, 1: 752, 2: 28, 4: 6, 5: 5, 6: 3, 7: 133, 8: 1128}, 10: {0: 111, 1: 249, 2: 3, 3: 1, 4: 2, 5: 8, 6: 764, 7: 41, 8: 182, 9: 18}, 11: {0: 314, 1: 4, 2: 115, 3: 248, 4: 882, 5: 194, 6: 70, 7: 522}, 12: {0: 9, 1: 163, 2: 209, 3: 10, 4: 257, 5: 889, 6: 552}, 13: {1: 144, 2: 618, 3: 73, 4: 198, 5: 1, 6: 697, 7: 463}, 14: {0: 132, 1: 768, 2: 1118}, 15: {0: 105, 1: 59, 2: 3, 3: 793, 4: 83, 5: 31, 6: 30, 7: 347, 8: 43, 9: 462}, 16: {0: 32, 1: 255, 2: 7, 3: 254, 4: 97, 5: 119, 6: 291, 7: 1, 8: 874, 9: 252}, 17: {0: 289, 1: 289, 2: 155, 3: 959, 4: 317}, 18: {0: 5, 1: 87, 3: 68, 4: 10, 5: 54, 6: 179, 8: 276, 9: 6}, 19: {0: 21, 1: 45, 3: 854, 4: 100, 5: 1134}, 20: {0: 13, 1: 67, 2: 146, 3: 68, 4: 212, 5: 4, 6: 4, 7: 152, 8: 2, 9: 1598}, 21: {0: 1143, 1: 552, 2: 271, 3: 222}, 22: {1: 198, 2: 578, 4: 285, 6: 1108}, 23: {0: 11, 1: 65, 2: 8, 3: 473, 4: 3, 5: 92, 6: 193, 7: 144, 8: 21, 9: 1487}, 24: {0: 103, 1: 52, 2: 29, 3: 292, 4: 454, 5: 114, 6: 15, 7: 1, 8: 1252}, 25: {0: 1, 2: 112, 3: 153, 4: 36, 5: 75, 7: 14, 8: 239, 9: 180}, 26: {0: 37, 1: 219, 2: 12, 3: 30, 4: 741, 5: 14, 6: 268, 7: 478, 8: 209}, 27: {0: 60, 1: 3, 2: 105, 3: 110, 4: 324, 5: 186, 6: 124, 7: 1110}, 28: {0: 907, 1: 16, 3: 374, 4: 742}, 29: {0: 66, 1: 94, 2: 46, 3: 515, 4: 70, 5: 1040, 6: 287, 8: 1, 9: 1}}", "loading time": 46, "local_train_accs": [1.0, 1.0, 1.0, 0.998300283286119, 1.0, 1.0, 1.0, 1.0, 1.0, 0.9995619798510732, 1.0, 0.9948914431673053, 1.0, 1.0, 1.0, 0.9887525562372188, 0.998166819431714, 1.0, 1.0, 1.0, 1.0, 1.0, 1.0, 1.0, 0.9978373702422145, 1.0, 1.0, 0.9995054401582592, 1.0, 1.0], "local_test_accs": [0.7386, 0.3082, 0.2109, 0.709, 0.7301, 0.8083, 0.6655, 0.6591, 0.7956, 0.5709, 0.6094, 0.6753, 0.5942, 0.5873, 0.3115, 0.7578, 0.7407, 0.499, 0.6038, 0.4554, 0.6805, 0.4061, 0.4032, 0.7229, 0.6837, 0.5798, 0.7591, 0.6959, 0.3982, 0.6512], "Uniform ensemble (Train acc)": 0.8904166666666666, "Uniform ensemble (Test acc)": 0.8908, "FedAvg (Train acc)": 0.11408333333333333, "FedAvg (Test acc)": 0.1163, "pdm_KL_reg 0": {"Best Result": {"Best Sigma0": 0.5, "Best sigma": 1, "Best gamma": 10, "Best Test accuracy": 0.7913, "Train acc": 0.78875}, "PDM log": "{(0.5, 1, 10): {'shapes': [(784, 325), (325,), (325, 10), (10,)], 'train_accuracy': 0.78875, 'test_accuracy': 0.7913}}", "timing": 122}, "pdm_KL_reg 0.001": {"Best Result": {"Best Sigma0": 0.5, "Best sigma": 1, "Best gamma": 10, "Best Test accuracy": 0.8033, "Train acc": 0.8015833333333333}, "PDM log": "{(0.5, 1, 10): {'shapes': [(784, 329), (329,), (329, 10), (10,)], 'train_accuracy': 0.8015833333333333, 'test_accuracy': 0.8033}}", "timing": 203}, "pdm_KL_reg 0.005": {"Best Result": {"Best Sigma0": 0.5, "Best sigma": 1, "Best gamma": 10, "Best Test accuracy": 0.7909, "Train acc": 0.7886}, "PDM log": "{(0.5, 1, 10): {'shapes': [(784, 322), (322,), (322, 10), (10,)], 'train_accuracy': 0.7886, 'test_accuracy': 0.7909}}", "timing": 215}, "pdm_KL_reg 0.01": {"Best Result": {"Best Sigma0": 0.5, "Best sigma": 1, "Best gamma": 10, "Best Test accuracy": 0.8059, "Train acc": 0.80435}, "PDM log": "{(0.5, 1, 10): {'shapes': [(784, 322), (322,), (322, 10), (10,)], 'train_accuracy': 0.80435, 'test_accuracy': 0.8059}}", "timing": 233}, "pdm_KL_reg 0.05": {"Best Result": {"Best Sigma0": 0.5, "Best sigma": 1, "Best gamma": 10, "Best Test accuracy": 0.803, "Train acc": 0.8021166666666667}, "PDM log": "{(0.5, 1, 10): {'shapes': [(784, 321), (321,), (321, 10), (10,)], 'train_accuracy': 0.8021166666666667, 'test_accuracy': 0.803}}", "timing": 243}, "pdm_KL_reg 0.1": {"Best Result": {"Best Sigma0": 0.5, "Best sigma": 1, "Best gamma": 10, "Best Test accuracy": 0.793, "Train acc": 0.7944666666666667}, "PDM log": "{(0.5, 1, 10): {'shapes': [(784, 325), (325,), (325, 10), (10,)], 'train_accuracy': 0.7944666666666667, 'test_accuracy': 0.793}}", "timing": 260}, "pdm_KL_reg 0.5": {"Best Result": {"Best Sigma0": 0.5, "Best sigma": 1, "Best gamma": 10, "Best Test accuracy": 0.8101, "Train acc": 0.8101166666666667}, "PDM log": "{(0.5, 1, 10): {'shapes': [(784, 324), (324,), (324, 10), (10,)], 'train_accuracy': 0.8101166666666667, 'test_accuracy': 0.8101}}", "timing": 305}, "pdm_KL_reg 1": {"Best Result": {"Best Sigma0": 0.5, "Best sigma": 1, "Best gamma": 10, "Best Test accuracy": 0.7867, "Train acc": 0.78675}, "PDM log": "{(0.5, 1, 10): {'shapes': [(784, 316), (316,), (316, 10), (10,)], 'train_accuracy': 0.78675, 'test_accuracy': 0.7867}}", "timing": 279}, "pdm_KL_reg 2": {"Best Result": {"Best Sigma0": 0.5, "Best sigma": 1, "Best gamma": 10, "Best Test accuracy": 0.7844, "Train acc": 0.78645}, "PDM log": "{(0.5, 1, 10): {'shapes': [(784, 304), (304,), (304, 10), (10,)], 'train_accuracy': 0.78645, 'test_accuracy': 0.7844}}", "timing": 239}, "pdm_KL_reg 5": {"Best Result": {"Best Sigma0": 0.5, "Best sigma": 1, "Best gamma": 10, "Best Test accuracy": 0.0892, "Train acc": 0.09035}, "PDM log": "{(0.5, 1, 10): {'shapes': [(784, 129), (129,), (129, 10), (10,)], 'train_accuracy': 0.09035, 'test_accuracy': 0.0892}}", "timing": 76}, "pdm_KL_reg 10": {"Best Result": {"Best Sigma0": 0.5, "Best sigma": 1, "Best gamma": 10, "Best Test accuracy": 0.0892, "Train acc": 0.09035}, "PDM log": "{(0.5, 1, 10): {'shapes': [(784, 129), (129,), (129, 10), (10,)], 'train_accuracy': 0.09035, 'test_accuracy': 0.0892}}", "timing": 73}, "best_reg": 0.5}