{"seed": 6, "Data statistics": "{0: {0: 290, 1: 346, 2: 296, 3: 308, 4: 308, 5: 276, 6: 301, 7: 308, 8: 273, 9: 294}, 1: {0: 300, 1: 315, 2: 291, 3: 316, 4: 305, 5: 266, 6: 322, 7: 296, 8: 284, 9: 305}, 2: {0: 278, 1: 350, 2: 301, 3: 320, 4: 271, 5: 267, 6: 282, 7: 314, 8: 318, 9: 299}, 3: {0: 283, 1: 366, 2: 305, 3: 316, 4: 297, 5: 280, 6: 270, 7: 319, 8: 296, 9: 268}, 4: {0: 302, 1: 363, 2: 291, 3: 310, 4: 298, 5: 249, 6: 301, 7: 292, 8: 303, 9: 291}, 5: {0: 304, 1: 353, 2: 291, 3: 305, 4: 281, 5: 264, 6: 282, 7: 315, 8: 268, 9: 337}, 6: {0: 291, 1: 353, 2: 274, 3: 291, 4: 280, 5: 296, 6: 306, 7: 305, 8: 308, 9: 296}, 7: {0: 298, 1: 311, 2: 279, 3: 318, 4: 281, 5: 274, 6: 314, 7: 331, 8: 296, 9: 298}, 8: {0: 303, 1: 347, 2: 334, 3: 297, 4: 319, 5: 228, 6: 293, 7: 323, 8: 284, 9: 272}, 9: {0: 289, 1: 335, 2: 322, 3: 307, 4: 254, 5: 293, 6: 301, 7: 311, 8: 285, 9: 303}, 10: {0: 286, 1: 345, 2: 313, 3: 346, 4: 294, 5: 268, 6: 271, 7: 320, 8: 282, 9: 275}, 11: {0: 286, 1: 348, 2: 276, 3: 315, 4: 266, 5: 278, 6: 301, 7: 318, 8: 307, 9: 305}, 12: {0: 303, 1: 326, 2: 300, 3: 288, 4: 310, 5: 270, 6: 301, 7: 289, 8: 289, 9: 324}, 13: {0: 323, 1: 337, 2: 293, 3: 285, 4: 305, 5: 290, 6: 303, 7: 308, 8: 277, 9: 279}, 14: {0: 310, 1: 324, 2: 300, 3: 286, 4: 301, 5: 245, 6: 323, 7: 340, 8: 270, 9: 301}, 15: {0: 307, 1: 326, 2: 294, 3: 297, 4: 290, 5: 255, 6: 294, 7: 317, 8: 309, 9: 311}, 16: {0: 288, 1: 314, 2: 298, 3: 317, 4: 290, 5: 261, 6: 293, 7: 334, 8: 297, 9: 308}, 17: {0: 290, 1: 329, 2: 294, 3: 312, 4: 291, 5: 293, 6: 278, 7: 319, 8: 291, 9: 303}, 18: {0: 293, 1: 324, 2: 318, 3: 282, 4: 302, 5: 286, 6: 305, 7: 310, 8: 299, 9: 281}, 19: {0: 299, 1: 330, 2: 288, 3: 315, 4: 299, 5: 282, 6: 277, 7: 296, 8: 315, 9: 299}}", "loading time": 60, "local_train_accs": [1.0, 0.9976666666666667, 0.9923333333333333, 1.0, 0.991, 0.9873333333333333, 0.996, 0.994, 0.994, 0.982, 0.998, 1.0, 1.0, 0.9933333333333333, 0.996, 0.9843333333333333, 0.9646666666666667, 1.0, 1.0, 0.9986666666666667], "local_test_accs": [0.9374, 0.9343, 0.9265, 0.9434, 0.923, 0.9245, 0.9273, 0.9227, 0.9325, 0.9182, 0.9341, 0.9401, 0.9421, 0.9212, 0.9299, 0.9091, 0.9036, 0.9426, 0.9376, 0.9376], "Uniform ensemble (Train acc)": 0.96035, "Uniform ensemble (Test acc)": 0.9599, "FedAvg (Train acc)": 0.14923333333333333, "FedAvg (Test acc)": 0.1518, "pdm_KL_reg 0": {"Best Result": {"Best Sigma0": 0.5, "Best sigma": 1, "Best gamma": 10, "Best Test accuracy": 0.9503, "Train acc": 0.9518833333333333}, "PDM log": "{(0.5, 1, 10): {'shapes': [(784, 343), (343,), (343, 10), (10,)], 'train_accuracy': 0.9518833333333333, 'test_accuracy': 0.9503}}", "timing": 122}, "pdm_KL_reg 0.001": {"Best Result": {"Best Sigma0": 0.5, "Best sigma": 1, "Best gamma": 10, "Best Test accuracy": 0.9527, "Train acc": 0.95285}, "PDM log": "{(0.5, 1, 10): {'shapes': [(784, 347), (347,), (347, 10), (10,)], 'train_accuracy': 0.95285, 'test_accuracy': 0.9527}}", "timing": 235}, "pdm_KL_reg 0.005": {"Best Result": {"Best Sigma0": 0.5, "Best sigma": 1, "Best gamma": 10, "Best Test accuracy": 0.9498, "Train acc": 0.94915}, "PDM log": "{(0.5, 1, 10): {'shapes': [(784, 342), (342,), (342, 10), (10,)], 'train_accuracy': 0.94915, 'test_accuracy': 0.9498}}", "timing": 239}, "pdm_KL_reg 0.01": {"Best Result": {"Best Sigma0": 0.5, "Best sigma": 1, "Best gamma": 10, "Best Test accuracy": 0.9502, "Train acc": 0.95125}, "PDM log": "{(0.5, 1, 10): {'shapes': [(784, 343), (343,), (343, 10), (10,)], 'train_accuracy': 0.95125, 'test_accuracy': 0.9502}}", "timing": 206}, "pdm_KL_reg 0.05": {"Best Result": {"Best Sigma0": 0.5, "Best sigma": 1, "Best gamma": 10, "Best Test accuracy": 0.9508, "Train acc": 0.9514833333333333}, "PDM log": "{(0.5, 1, 10): {'shapes': [(784, 356), (356,), (356, 10), (10,)], 'train_accuracy': 0.9514833333333333, 'test_accuracy': 0.9508}}", "timing": 185}, "pdm_KL_reg 0.1": {"Best Result": {"Best Sigma0": 0.5, "Best sigma": 1, "Best gamma": 10, "Best Test accuracy": 0.9519, "Train acc": 0.9530333333333333}, "PDM log": "{(0.5, 1, 10): {'shapes': [(784, 364), (364,), (364, 10), (10,)], 'train_accuracy': 0.9530333333333333, 'test_accuracy': 0.9519}}", "timing": 207}, "pdm_KL_reg 0.5": {"Best Result": {"Best Sigma0": 0.5, "Best sigma": 1, "Best gamma": 10, "Best Test accuracy": 0.9543, "Train acc": 0.9548833333333333}, "PDM log": "{(0.5, 1, 10): {'shapes': [(784, 527), (527,), (527, 10), (10,)], 'train_accuracy': 0.9548833333333333, 'test_accuracy': 0.9543}}", "timing": 327}, "pdm_KL_reg 1": {"Best Result": {"Best Sigma0": 0.5, "Best sigma": 1, "Best gamma": 10, "Best Test accuracy": 0.9575, "Train acc": 0.9577833333333333}, "PDM log": "{(0.5, 1, 10): {'shapes': [(784, 700), (700,), (700, 10), (10,)], 'train_accuracy': 0.9577833333333333, 'test_accuracy': 0.9575}}", "timing": 566}, "pdm_KL_reg 2": {"Best Result": {"Best Sigma0": 0.5, "Best sigma": 1, "Best gamma": 10, "Best Test accuracy": 0.8959, "Train acc": 0.8981833333333333}, "PDM log": "{(0.5, 1, 10): {'shapes': [(784, 300), (300,), (300, 10), (10,)], 'train_accuracy': 0.8981833333333333, 'test_accuracy': 0.8959}}", "timing": 523}, "pdm_KL_reg 5": {"Best Result": {"Best Sigma0": 0.5, "Best sigma": 1, "Best gamma": 10, "Best Test accuracy": 0.0892, "Train acc": 0.09035}, "PDM log": "{(0.5, 1, 10): {'shapes': [(784, 157), (157,), (157, 10), (10,)], 'train_accuracy': 0.09035, 'test_accuracy': 0.0892}}", "timing": 126}, "pdm_KL_reg 10": {"Best Result": {"Best Sigma0": 0.5, "Best sigma": 1, "Best gamma": 10, "Best Test accuracy": 0.0892, "Train acc": 0.09035}, "PDM log": "{(0.5, 1, 10): {'shapes': [(784, 157), (157,), (157, 10), (10,)], 'train_accuracy': 0.09035, 'test_accuracy': 0.0892}}", "timing": 139}, "best_reg": 1}