{"seed": 9, "Data statistics": "{0: {0: 383, 1: 478, 2: 392, 3: 398, 4: 389, 5: 342, 6: 406, 7: 432, 8: 387, 9: 393}, 1: {0: 421, 1: 486, 2: 364, 3: 413, 4: 372, 5: 370, 6: 383, 7: 405, 8: 386, 9: 400}, 2: {0: 357, 1: 440, 2: 394, 3: 408, 4: 402, 5: 374, 6: 400, 7: 436, 8: 398, 9: 391}, 3: {0: 399, 1: 457, 2: 407, 3: 396, 4: 379, 5: 341, 6: 393, 7: 397, 8: 385, 9: 446}, 4: {0: 403, 1: 431, 2: 378, 3: 451, 4: 384, 5: 368, 6: 414, 7: 411, 8: 364, 9: 396}, 5: {0: 406, 1: 468, 2: 392, 3: 396, 4: 376, 5: 374, 6: 381, 7: 433, 8: 389, 9: 385}, 6: {0: 429, 1: 455, 2: 365, 3: 420, 4: 399, 5: 363, 6: 366, 7: 429, 8: 401, 9: 373}, 7: {0: 367, 1: 449, 2: 405, 3: 406, 4: 401, 5: 374, 6: 379, 7: 416, 8: 404, 9: 399}, 8: {0: 393, 1: 414, 2: 416, 3: 426, 4: 389, 5: 366, 6: 388, 7: 415, 8: 379, 9: 414}, 9: {0: 411, 1: 449, 2: 407, 3: 405, 4: 392, 5: 357, 6: 411, 7: 395, 8: 394, 9: 379}, 10: {0: 360, 1: 464, 2: 422, 3: 423, 4: 397, 5: 332, 6: 375, 7: 431, 8: 417, 9: 379}, 11: {0: 408, 1: 439, 2: 412, 3: 404, 4: 392, 5: 335, 6: 417, 7: 384, 8: 391, 9: 418}, 12: {0: 380, 1: 477, 2: 431, 3: 385, 4: 400, 5: 360, 6: 382, 7: 416, 8: 369, 9: 400}, 13: {0: 404, 1: 433, 2: 401, 3: 378, 4: 394, 5: 374, 6: 388, 7: 453, 8: 384, 9: 391}, 14: {0: 402, 1: 402, 2: 372, 3: 422, 4: 376, 5: 391, 6: 435, 7: 412, 8: 403, 9: 385}}", "comm 0": {"training timing": 478, "local_train_accs": [0.99925, 1.0, 1.0, 0.99875, 1.0, 0.99625, 1.0, 0.9995, 1.0, 1.0, 1.0, 1.0, 1.0, 1.0, 0.9955], "local_test_accs": [0.99925, 1.0, 1.0, 0.99875, 1.0, 0.99625, 1.0, 0.9995, 1.0, 1.0, 1.0, 1.0, 1.0, 1.0, 0.9955], "Uniform ensemble (Train acc)": 0.96255, "Uniform ensemble (Test acc)": 0.9616, "FedAvg (Train acc)": 0.15906666666666666, "FedAvg (Test acc)": 0.1558, "pdm_KL (Train acc)": 0.09035, "pdm_KL (Test acc)": 0.0892}, "comm 1": {"training timing": 1526, "local_train_accs": [0.99625, 0.998, 0.9585, 1.0, 0.9815, 0.99575, 0.9985, 0.998, 1.0, 0.99775, 0.9875, 0.99875, 1.0, 0.99825, 1.0], "local_test_accs": [0.99625, 0.998, 0.9585, 1.0, 0.9815, 0.99575, 0.9985, 0.998, 1.0, 0.99775, 0.9875, 0.99875, 1.0, 0.99825, 1.0], "Uniform ensemble (Train acc)": 0.9655166666666667, "Uniform ensemble (Test acc)": 0.9645, "FedAvg (Train acc)": 0.17991666666666667, "FedAvg (Test acc)": 0.177, "pdm_KL (Train acc)": 0.014633333333333333, "pdm_KL (Test acc)": 0.0137}, "comm 2": {"training timing": 866, "local_train_accs": [0.96375, 0.99775, 0.9975, 0.972, 0.998, 0.98875, 0.99825, 1.0, 1.0, 0.98875, 0.99975, 0.99575, 0.99475, 0.99825, 1.0], "local_test_accs": [0.96375, 0.99775, 0.9975, 0.972, 0.998, 0.98875, 0.99825, 1.0, 1.0, 0.98875, 0.99975, 0.99575, 0.99475, 0.99825, 1.0], "Uniform ensemble (Train acc)": 0.9663, "Uniform ensemble (Test acc)": 0.967, "FedAvg (Train acc)": 0.21716666666666667, "FedAvg (Test acc)": 0.214, "pdm_KL (Train acc)": 0.138, "pdm_KL (Test acc)": 0.1368}, "comm 3": {"training timing": 508, "local_train_accs": [1.0, 1.0, 0.99825, 0.99625, 0.998, 0.99375, 0.9995, 0.9965, 0.9985, 0.9945, 0.99875, 0.994, 0.99125, 0.99825, 0.99375], "local_test_accs": [1.0, 1.0, 0.99825, 0.99625, 0.998, 0.99375, 0.9995, 0.9965, 0.9985, 0.9945, 0.99875, 0.994, 0.99125, 0.99825, 0.99375], "Uniform ensemble (Train acc)": 0.9675166666666667, "Uniform ensemble (Test acc)": 0.9659, "FedAvg (Train acc)": 0.19245, "FedAvg (Test acc)": 0.1952, "pdm_KL (Train acc)": 0.11485, "pdm_KL (Test acc)": 0.1108}, "comm 4": {"training timing": 943, "local_train_accs": [1.0, 0.97225, 0.99875, 0.99975, 0.999, 0.99875, 0.98725, 0.98975, 0.99625, 0.99925, 1.0, 0.99375, 0.99525, 0.99825, 0.99325], "local_test_accs": [1.0, 0.97225, 0.99875, 0.99975, 0.999, 0.99875, 0.98725, 0.98975, 0.99625, 0.99925, 1.0, 0.99375, 0.99525, 0.99825, 0.99325], "Uniform ensemble (Train acc)": 0.9682333333333333, "Uniform ensemble (Test acc)": 0.9674, "FedAvg (Train acc)": 0.10396666666666667, "FedAvg (Test acc)": 0.1046, "pdm_KL (Train acc)": 0.11338333333333334, "pdm_KL (Test acc)": 0.1088}, "comm 5": {"training timing": 1558, "local_train_accs": [0.9985, 0.9985, 1.0, 0.993, 0.998, 1.0, 0.99925, 0.9955, 0.995, 0.997, 1.0, 0.99375, 1.0, 0.999, 0.99925], "local_test_accs": [0.9985, 0.9985, 1.0, 0.993, 0.998, 1.0, 0.99925, 0.9955, 0.995, 0.997, 1.0, 0.99375, 1.0, 0.999, 0.99925], "Uniform ensemble (Train acc)": 0.9685333333333334, "Uniform ensemble (Test acc)": 0.9667, "FedAvg (Train acc)": 0.09891666666666667, "FedAvg (Test acc)": 0.0993, "pdm_KL (Train acc)": 0.11475, "pdm_KL (Test acc)": 0.1118}, "comm 6": {"training timing": 1090, "local_train_accs": [1.0, 1.0, 0.99925, 0.99775, 0.9985, 1.0, 1.0, 0.99825, 1.0, 0.9965, 1.0, 1.0, 0.999, 0.9995, 1.0], "local_test_accs": [1.0, 1.0, 0.99925, 0.99775, 0.9985, 1.0, 1.0, 0.99825, 1.0, 0.9965, 1.0, 1.0, 0.999, 0.9995, 1.0], "Uniform ensemble (Train acc)": 0.96875, "Uniform ensemble (Test acc)": 0.9678, "FedAvg (Train acc)": 0.09755, "FedAvg (Test acc)": 0.0974, "pdm_KL (Train acc)": 0.16121666666666667, "pdm_KL (Test acc)": 0.1613}, "comm 7": {"training timing": 518, "local_train_accs": [1.0, 1.0, 0.99775, 0.99725, 0.9985, 0.9995, 0.99925, 1.0, 0.99325, 0.99875, 0.99975, 0.99875, 1.0, 1.0, 0.998], "local_test_accs": [1.0, 1.0, 0.99775, 0.99725, 0.9985, 0.9995, 0.99925, 1.0, 0.99325, 0.99875, 0.99975, 0.99875, 1.0, 1.0, 0.998], "Uniform ensemble (Train acc)": 0.96925, "Uniform ensemble (Test acc)": 0.9685, "FedAvg (Train acc)": 0.09823333333333334, "FedAvg (Test acc)": 0.0982, "pdm_KL (Train acc)": 0.1693, "pdm_KL (Test acc)": 0.1665}, "comm 8": {"training timing": 783, "local_train_accs": [1.0, 0.99925, 0.99725, 1.0, 0.99975, 0.9975, 0.99775, 0.99775, 1.0, 0.99775, 0.99975, 1.0, 0.994, 0.99925, 1.0], "local_test_accs": [1.0, 0.99925, 0.99725, 1.0, 0.99975, 0.9975, 0.99775, 0.99775, 1.0, 0.99775, 0.99975, 1.0, 0.994, 0.99925, 1.0], "Uniform ensemble (Train acc)": 0.9689833333333333, "Uniform ensemble (Test acc)": 0.9689, "FedAvg (Train acc)": 0.09755, "FedAvg (Test acc)": 0.0975, "pdm_KL (Train acc)": 0.17268333333333333, "pdm_KL (Test acc)": 0.1697}, "comm 9": {"training timing": 1416, "local_train_accs": [0.99975, 0.99925, 0.996, 0.9985, 0.9955, 0.99975, 1.0, 0.99675, 1.0, 0.99775, 0.99275, 0.998, 0.99975, 0.99875, 1.0], "local_test_accs": [0.99975, 0.99925, 0.996, 0.9985, 0.9955, 0.99975, 1.0, 0.99675, 1.0, 0.99775, 0.99275, 0.998, 0.99975, 0.99875, 1.0], "Uniform ensemble (Train acc)": 0.96865, "Uniform ensemble (Test acc)": 0.9677, "FedAvg (Train acc)": 0.09753333333333333, "FedAvg (Test acc)": 0.0974, "pdm_KL (Train acc)": 0.17376666666666668, "pdm_KL (Test acc)": 0.1714}, "comm 10": {"training timing": 1318, "local_train_accs": [0.99975, 0.99825, 0.99475, 0.999, 1.0, 0.99575, 1.0, 1.0, 0.9975, 0.99775, 1.0, 0.999, 0.98925, 0.9995, 0.9995], "local_test_accs": [0.99975, 0.99825, 0.99475, 0.999, 1.0, 0.99575, 1.0, 1.0, 0.9975, 0.99775, 1.0, 0.999, 0.98925, 0.9995, 0.9995], "Uniform ensemble (Train acc)": 0.9686, "Uniform ensemble (Test acc)": 0.9678, "FedAvg (Train acc)": 0.09751666666666667, "FedAvg (Test acc)": 0.0974, "pdm_KL (Train acc)": 0.16823333333333335, "pdm_KL (Test acc)": 0.165}, "comm 11": {"training timing": 636, "local_train_accs": [1.0, 0.99825, 0.9985, 0.99975, 0.9985, 0.99725, 0.997, 0.9995, 0.9985, 0.99675, 1.0, 0.99775, 0.9995, 0.997, 0.99925], "local_test_accs": [1.0, 0.99825, 0.9985, 0.99975, 0.9985, 0.99725, 0.997, 0.9995, 0.9985, 0.99675, 1.0, 0.99775, 0.9995, 0.997, 0.99925], "Uniform ensemble (Train acc)": 0.96875, "Uniform ensemble (Test acc)": 0.9688, "FedAvg (Train acc)": 0.09751666666666667, "FedAvg (Test acc)": 0.0974, "pdm_KL (Train acc)": 0.15985, "pdm_KL (Test acc)": 0.1579}, "comm 12": {"training timing": 554, "local_train_accs": [1.0, 0.9985, 0.9955, 0.9985, 0.99825, 0.995, 0.998, 1.0, 1.0, 0.99875, 0.9945, 1.0, 1.0, 0.99825, 0.99875], "local_test_accs": [1.0, 0.9985, 0.9955, 0.9985, 0.99825, 0.995, 0.998, 1.0, 1.0, 0.99875, 0.9945, 1.0, 1.0, 0.99825, 0.99875], "Uniform ensemble (Train acc)": 0.9694, "Uniform ensemble (Test acc)": 0.9677, "FedAvg (Train acc)": 0.09751666666666667,