{"seed": 3, "Data statistics": "{0: {0: 327, 1: 339, 2: 338, 3: 324, 4: 298, 5: 340, 6: 349, 7: 348, 8: 327, 9: 344}, 1: {0: 343, 1: 315, 2: 344, 3: 333, 4: 304, 5: 336, 6: 340, 7: 348, 8: 327, 9: 344}, 2: {0: 362, 1: 297, 2: 351, 3: 338, 4: 316, 5: 330, 6: 354, 7: 344, 8: 316, 9: 326}, 3: {0: 344, 1: 345, 2: 311, 3: 355, 4: 337, 5: 335, 6: 331, 7: 342, 8: 341, 9: 293}, 4: {0: 315, 1: 341, 2: 328, 3: 340, 4: 316, 5: 354, 6: 348, 7: 342, 8: 303, 9: 347}, 5: {0: 319, 1: 345, 2: 365, 3: 337, 4: 324, 5: 298, 6: 340, 7: 334, 8: 340, 9: 331}, 6: {0: 364, 1: 341, 2: 325, 3: 311, 4: 348, 5: 337, 6: 315, 7: 331, 8: 342, 9: 319}, 7: {0: 322, 1: 341, 2: 343, 3: 341, 4: 321, 5: 331, 6: 339, 7: 294, 8: 382, 9: 319}, 8: {0: 316, 1: 331, 2: 315, 3: 325, 4: 333, 5: 372, 6: 323, 7: 323, 8: 335, 9: 360}, 9: {0: 342, 1: 339, 2: 325, 3: 325, 4: 337, 5: 361, 6: 330, 7: 298, 8: 332, 9: 344}, 10: {0: 310, 1: 352, 2: 313, 3: 363, 4: 329, 5: 339, 6: 318, 7: 348, 8: 348, 9: 313}, 11: {0: 340, 1: 333, 2: 329, 3: 333, 4: 348, 5: 319, 6: 336, 7: 324, 8: 322, 9: 349}, 12: {0: 334, 1: 356, 2: 343, 3: 291, 4: 363, 5: 312, 6: 331, 7: 331, 8: 313, 9: 359}, 13: {0: 351, 1: 318, 2: 344, 3: 352, 4: 356, 5: 316, 6: 307, 7: 337, 8: 320, 9: 332}, 14: {0: 311, 1: 307, 2: 326, 3: 332, 4: 370, 5: 320, 6: 339, 7: 356, 8: 352, 9: 320}}", "comm 0": {"training timing": 942, "local_train_accs": [0.4334133173365327, 0.47390521895620874, 0.4346130773845231, 0.46070785842831435, 0.4466106778644271, 0.44344434443444347, 0.44734473447344736, 0.4158415841584158, 0.46144614461446143, 0.4377437743774377, 0.4371437143714371, 0.4458445844584458, 0.45304530453045305, 0.44884488448844884, 0.44134413441344134], "local_test_accs": [0.4334133173365327, 0.47390521895620874, 0.4346130773845231, 0.46070785842831435, 0.4466106778644271, 0.44344434443444347, 0.44734473447344736, 0.4158415841584158, 0.46144614461446143, 0.4377437743774377, 0.4371437143714371, 0.4458445844584458, 0.45304530453045305, 0.44884488448844884, 0.44134413441344134], "Uniform ensemble (Train acc)": 0.42024, "Uniform ensemble (Test acc)": 0.4216, "FedAvg (Train acc)": 0.1, "FedAvg (Test acc)": 0.1, "pdm_KL (Train acc)": 0.25748, "pdm_KL (Test acc)": 0.2602}, "comm 1": {"training timing": 812, "local_train_accs": [0.5248950209958009, 0.47780443911217757, 0.5023995200959808, 0.47210557888422316, 0.4973005398920216, 0.4953495349534954, 0.5163516351635163, 0.47554755475547555, 0.5211521152115212, 0.513051305130513, 0.5304530453045304, 0.49504950495049505, 0.5202520252025202, 0.489048904890489, 0.48754875487548754], "local_test_accs": [0.5248950209958009, 0.47780443911217757, 0.5023995200959808, 0.47210557888422316, 0.4973005398920216, 0.4953495349534954, 0.5163516351635163, 0.47554755475547555, 0.5211521152115212, 0.513051305130513, 0.5304530453045304, 0.49504950495049505, 0.5202520252025202, 0.489048904890489, 0.48754875487548754], "Uniform ensemble (Train acc)": 0.4481, "Uniform ensemble (Test acc)": 0.4436, "FedAvg (Train acc)": 0.1, "FedAvg (Test acc)": 0.1, "pdm_KL (Train acc)": 0.30394, "pdm_KL (Test acc)": 0.3025}, "comm 2": {"training timing": 1093, "local_train_accs": [0.5485902819436113, 0.5248950209958009, 0.5590881823635273, 0.5500899820035993, 0.5476904619076185, 0.5415541554155415, 0.5724572457245725, 0.5571557155715572, 0.585958595859586, 0.5418541854185418, 0.5538553855385538, 0.5445544554455446, 0.5667566756675667, 0.5532553255325533, 0.5322532253225323], "local_test_accs": [0.5485902819436113, 0.5248950209958009, 0.5590881823635273, 0.5500899820035993, 0.5476904619076185, 0.5415541554155415, 0.5724572457245725, 0.5571557155715572, 0.585958595859586, 0.5418541854185418, 0.5538553855385538, 0.5445544554455446, 0.5667566756675667, 0.5532553255325533, 0.5322532253225323], "Uniform ensemble (Train acc)": 0.46862, "Uniform ensemble (Test acc)": 0.4572, "FedAvg (Train acc)": 0.10006, "FedAvg (Test acc)": 0.1, "pdm_KL (Train acc)": 0.3612, "pdm_KL (Test acc)": 0.3629}, "comm 3": {"training timing": 1298, "local_train_accs": [0.5854829034193162, 0.6460707858428314, 0.5998800239952009, 0.5674865026994601, 0.608878224355129, 0.5676567656765676, 0.6075607560756076, 0.6273627362736274, 0.6033603360336034, 0.5538553855385538, 0.6147614761476148, 0.5997599759975998, 0.6117611761176117, 0.5967596759675967, 0.5853585358535853], "local_test_accs": [0.5854829034193162, 0.6460707858428314, 0.5998800239952009, 0.5674865026994601, 0.608878224355129, 0.5676567656765676, 0.6075607560756076, 0.6273627362736274, 0.6033603360336034, 0.5538553855385538, 0.6147614761476148, 0.5997599759975998, 0.6117611761176117, 0.5967596759675967, 0.5853585358535853], "Uniform ensemble (Train acc)": 0.48122, "Uniform ensemble (Test acc)": 0.4658, "FedAvg (Train acc)": 0.10066, "FedAvg (Test acc)": 0.1003, "pdm_KL (Train acc)": 0.36816, "pdm_KL (Test acc)": 0.3577}, "comm 4": {"training timing": 939, "local_train_accs": [0.6049790041991602, 0.6712657468506299, 0.652369526094781, 0.6004799040191962, 0.5698860227954409, 0.6216621662166216, 0.6405640564056405, 0.6561656165616562, 0.6822682268226823, 0.6750675067506751, 0.6342634263426342, 0.6615661566156615, 0.6708670867086709, 0.6663666366636664, 0.6351635163516351], "local_test_accs": [0.6049790041991602, 0.6712657468506299, 0.652369526094781, 0.6004799040191962, 0.5698860227954409, 0.6216621662166216, 0.6405640564056405, 0.6561656165616562, 0.6822682268226823, 0.6750675067506751, 0.6342634263426342, 0.6615661566156615, 0.6708670867086709, 0.6663666366636664, 0.6351635163516351], "Uniform ensemble (Train acc)": 0.49502, "Uniform ensemble (Test acc)": 0.4756, "FedAvg (Train acc)": 0.10192, "FedAvg (Test acc)": 0.1013, "pdm_KL (Train acc)": 0.38614, "pdm_KL (Test acc)": 0.3787}, "comm 5": {"training timing": 1126, "local_train_accs": [0.6568686262747451, 0.6952609478104379, 0.6997600479904019, 0.6766646670665867, 0.643371325734853, 0.7104710471047104, 0.6915691569156915, 0.6813681368136814, 0.7032703270327033, 0.7077707770777077, 0.7041704170417041, 0.7116711671167116, 0.6387638763876388, 0.6864686468646864, 0.6507650765076508], "local_test_accs": [0.6568686262747451, 0.6952609478104379, 0.6997600479904019, 0.6766646670665867, 0.643371325734853, 0.7104710471047104, 0.6915691569156915, 0.6813681368136814, 0.7032703270327033, 0.7077707770777077, 0.7041704170417041, 0.7116711671167116, 0.6387638763876388, 0.6864686468646864, 0.6507650765076508], "Uniform ensemble (Train acc)": 0.50308, "Uniform ensemble (Test acc)": 0.4784, "FedAvg (Train acc)": 0.1006, "FedAvg (Test acc)": 0.1001, "pdm_KL (Train acc)": 0.29028, "pdm_KL (Test acc)": 0.2909}, "comm 6": {"training timing": 863, "local_train_accs": [0.7315536892621476, 0.737252549490102, 0.7519496100779844, 0.676364727054589, 0.7219556088782244, 0.7167716771677167, 0.7545754575457546, 0.7155715571557155, 0.7446744674467447, 0.753975397539754, 0.7386738673867387, 0.7431743174317432, 0.7317731773177317, 0.7002700270027002, 0.6963696369636964], "local_test_accs": [0.7315536892621476, 0.737252549490102, 0.7519496100779844, 0.676364727054589, 0.7219556088782244, 0.7167716771677167, 0.7545754575457546, 0.7155715571557155, 0.7446744674467447, 0.753975397539754, 0.7386738673867387, 0.7431743174317432, 0.7317731773177317, 0.7002700270027002, 0.6963696369636964], "Uniform ensemble (Train acc)": 0.51356, "Uniform ensemble (Test acc)": 0.4871, "FedAvg (Train acc)": 0.1004, "FedAvg (Test acc)": 0.1003, "pdm_KL (Train acc)": 0.29368, "pdm_KL (Test acc)": 0.2895}, "comm 7": {"training timing": 1270, "local_train_accs": [0.7075584883023396, 0.7693461307738453, 0.750749850029994, 0.7534493101379725, 0.73125374925015, 0.7533753375337534, 0.7788778877887789, 0.7326732673267327, 0.7284728472847285, 0.768976897689769, 0.7377737773777377, 0.7521752175217522, 0.7638763876387639, 0.7461746174617462, 0.6957695769576958],