{"seed": 6, "Data statistics": "{0: {0: 359, 1: 323, 2: 321, 3: 326, 4: 330, 5: 334, 6: 347, 7: 334, 8: 340, 9: 320}, 1: {0: 330, 1: 341, 2: 314, 3: 324, 4: 340, 5: 319, 6: 336, 7: 313, 8: 335, 9: 382}, 2: {0: 328, 1: 343, 2: 312, 3: 343, 4: 361, 5: 346, 6: 327, 7: 316, 8: 346, 9: 312}, 3: {0: 343, 1: 324, 2: 321, 3: 348, 4: 344, 5: 324, 6: 339, 7: 313, 8: 349, 9: 329}, 4: {0: 319, 1: 327, 2: 323, 3: 328, 4: 317, 5: 354, 6: 344, 7: 355, 8: 337, 9: 330}, 5: {0: 318, 1: 307, 2: 366, 3: 331, 4: 333, 5: 346, 6: 298, 7: 324, 8: 349, 9: 361}, 6: {0: 344, 1: 323, 2: 357, 3: 335, 4: 353, 5: 302, 6: 344, 7: 328, 8: 338, 9: 309}, 7: {0: 328, 1: 331, 2: 313, 3: 347, 4: 328, 5: 321, 6: 352, 7: 344, 8: 346, 9: 323}, 8: {0: 336, 1: 330, 2: 334, 3: 349, 4: 319, 5: 350, 6: 352, 7: 305, 8: 325, 9: 333}, 9: {0: 311, 1: 337, 2: 343, 3: 330, 4: 299, 5: 360, 6: 339, 7: 352, 8: 330, 9: 332}, 10: {0: 347, 1: 324, 2: 369, 3: 328, 4: 306, 5: 312, 6: 324, 7: 357, 8: 341, 9: 325}, 11: {0: 350, 1: 358, 2: 319, 3: 300, 4: 342, 5: 339, 6: 311, 7: 339, 8: 304, 9: 371}, 12: {0: 331, 1: 333, 2: 334, 3: 358, 4: 343, 5: 327, 6: 318, 7: 341, 8: 325, 9: 323}, 13: {0: 341, 1: 332, 2: 324, 3: 321, 4: 343, 5: 336, 6: 344, 7: 349, 8: 318, 9: 325}, 14: {0: 315, 1: 367, 2: 350, 3: 332, 4: 342, 5: 330, 6: 325, 7: 330, 8: 317, 9: 325}}", "comm 0": {"training timing": 863, "local_train_accs": [0.4433113377324535, 0.47450509898020393, 0.4610077984403119, 0.4430113977204559, 0.46220755848830236, 0.48814881488148815, 0.4446444644464446, 0.4746474647464746, 0.44914491449144917, 0.44044404440444046, 0.45034503450345037, 0.44794479447944796, 0.46624662466246625, 0.47764776477647763, 0.41794179417941796], "local_test_accs": [0.4433113377324535, 0.47450509898020393, 0.4610077984403119, 0.4430113977204559, 0.46220755848830236, 0.48814881488148815, 0.4446444644464446, 0.4746474647464746, 0.44914491449144917, 0.44044404440444046, 0.45034503450345037, 0.44794479447944796, 0.46624662466246625, 0.47764776477647763, 0.41794179417941796], "Uniform ensemble (Train acc)": 0.42702, "Uniform ensemble (Test acc)": 0.4243, "FedAvg (Train acc)": 0.0991, "FedAvg (Test acc)": 0.0994, "pdm_KL (Train acc)": 0.22188, "pdm_KL (Test acc)": 0.225}, "comm 1": {"training timing": 935, "local_train_accs": [0.5035992801439712, 0.523995200959808, 0.5233953209358129, 0.5017996400719856, 0.5077984403119377, 0.49954995499549953, 0.5205520552055205, 0.51995199519952, 0.5142514251425142, 0.49564956495649565, 0.5097509750975098, 0.5241524152415241, 0.5037503750375038, 0.525952595259526, 0.489048904890489], "local_test_accs": [0.5035992801439712, 0.523995200959808, 0.5233953209358129, 0.5017996400719856, 0.5077984403119377, 0.49954995499549953, 0.5205520552055205, 0.51995199519952, 0.5142514251425142, 0.49564956495649565, 0.5097509750975098, 0.5241524152415241, 0.5037503750375038, 0.525952595259526, 0.489048904890489], "Uniform ensemble (Train acc)": 0.45152, "Uniform ensemble (Test acc)": 0.4439, "FedAvg (Train acc)": 0.10006, "FedAvg (Test acc)": 0.1, "pdm_KL (Train acc)": 0.3573, "pdm_KL (Test acc)": 0.3581}, "comm 2": {"training timing": 1113, "local_train_accs": [0.5533893221355729, 0.6004799040191962, 0.5833833233353329, 0.5833833233353329, 0.5653869226154769, 0.5676567656765676, 0.5541554155415541, 0.5703570357035703, 0.5766576657665766, 0.5568556855685568, 0.5178517851785178, 0.585058505850585, 0.573057305730573, 0.5616561656165616, 0.5529552955295529], "local_test_accs": [0.5533893221355729, 0.6004799040191962, 0.5833833233353329, 0.5833833233353329, 0.5653869226154769, 0.5676567656765676, 0.5541554155415541, 0.5703570357035703, 0.5766576657665766, 0.5568556855685568, 0.5178517851785178, 0.585058505850585, 0.573057305730573, 0.5616561656165616, 0.5529552955295529], "Uniform ensemble (Train acc)": 0.4668, "Uniform ensemble (Test acc)": 0.4544, "FedAvg (Train acc)": 0.10102, "FedAvg (Test acc)": 0.101, "pdm_KL (Train acc)": 0.33616, "pdm_KL (Test acc)": 0.3396}, "comm 3": {"training timing": 1185, "local_train_accs": [0.5926814637072585, 0.6340731853629274, 0.5947810437912417, 0.6397720455908819, 0.608878224355129, 0.6504650465046504, 0.6054605460546054, 0.6273627362736274, 0.6153615361536153, 0.6024602460246025, 0.6417641764176417, 0.6300630063006301, 0.5961596159615962, 0.6108610861086109, 0.5823582358235824], "local_test_accs": [0.5926814637072585, 0.6340731853629274, 0.5947810437912417, 0.6397720455908819, 0.608878224355129, 0.6504650465046504, 0.6054605460546054, 0.6273627362736274, 0.6153615361536153, 0.6024602460246025, 0.6417641764176417, 0.6300630063006301, 0.5961596159615962, 0.6108610861086109, 0.5823582358235824], "Uniform ensemble (Train acc)": 0.48314, "Uniform ensemble (Test acc)": 0.4651, "FedAvg (Train acc)": 0.10032, "FedAvg (Test acc)": 0.1, "pdm_KL (Train acc)": 0.34132, "pdm_KL (Test acc)": 0.3424}, "comm 4": {"training timing": 737, "local_train_accs": [0.6475704859028194, 0.6925614877024595, 0.6679664067186563, 0.6712657468506299, 0.6331733653269346, 0.6708670867086709, 0.6528652865286528, 0.6471647164716472, 0.6594659465946595, 0.6564656465646564, 0.6720672067206721, 0.6894689468946895, 0.6372637263726373, 0.6204620462046204, 0.6417641764176417], "local_test_accs": [0.6475704859028194, 0.6925614877024595, 0.6679664067186563, 0.6712657468506299, 0.6331733653269346, 0.6708670867086709, 0.6528652865286528, 0.6471647164716472, 0.6594659465946595, 0.6564656465646564, 0.6720672067206721, 0.6894689468946895, 0.6372637263726373, 0.6204620462046204, 0.6417641764176417], "Uniform ensemble (Train acc)": 0.49244, "Uniform ensemble (Test acc)": 0.4712, "FedAvg (Train acc)": 0.10098, "FedAvg (Test acc)": 0.1003, "pdm_KL (Train acc)": 0.34158, "pdm_KL (Test acc)": 0.3434}, "comm 5": {"training timing": 1188, "local_train_accs": [0.6757648470305939, 0.7222555488902219, 0.7039592081583683, 0.7162567486502699, 0.6871625674865027, 0.7245724572457246, 0.7116711671167116, 0.6993699369936993, 0.7062706270627063, 0.6801680168016802, 0.7062706270627063, 0.6558655865586559, 0.6738673867386739, 0.6846684668466847, 0.7218721872187218], "local_test_accs": [0.6757648470305939, 0.7222555488902219, 0.7039592081583683, 0.7162567486502699, 0.6871625674865027, 0.7245724572457246, 0.7116711671167116, 0.6993699369936993, 0.7062706270627063, 0.6801680168016802, 0.7062706270627063, 0.6558655865586559, 0.6738673867386739, 0.6846684668466847, 0.7218721872187218], "Uniform ensemble (Train acc)": 0.50638, "Uniform ensemble (Test acc)": 0.4824, "FedAvg (Train acc)": 0.11462, "FedAvg (Test acc)": 0.1127, "pdm_KL (Train acc)": 0.3366, "pdm_KL (Test acc)": 0.3317}, "comm 6": {"training timing": 749, "local_train_accs": [0.759748050389922, 0.7906418716256749, 0.7480503899220156, 0.7330533893221356, 0.7351529694061187, 0.6960696069606961, 0.7497749774977498, 0.7533753375337534, 0.7161716171617162, 0.7434743474347435, 0.7035703570357036, 0.7350735073507351, 0.7131713171317132, 0.7455745574557455, 0.768076807680768], "local_test_accs": [0.759748050389922, 0.7906418716256749, 0.7480503899220156, 0.7330533893221356, 0.7351529694061187, 0.6960696069606961, 0.7497749774977498, 0.7533753375337534, 0.7161716171617162, 0.7434743474347435, 0.7035703570357036, 0.7350735073507351, 0.7131713171317132, 0.7455745574557455, 0.768076807680768], "Uniform ensemble (Train acc)": 0.51008, "Uniform ensemble (Test acc)": 0.4819, "FedAvg (Train acc)": 0.12512, "FedAvg (Test acc)": 0.1223, "pdm_KL (Train acc)": 0.37996, "pdm_KL (Test acc)": 0.3765}, "comm 7": {"training timing": 1162, "local_train_accs": [0.785242951409718, 0.8218356328734253, 0.794241151769646, 0.7801439712057588, 0.7819436112777445, 0.7827782778277828, 0.7572757275727573, 0.7875787578757876, 0.774977497749775, 0.7371737173717372, 0.7770777077707771, 0.7920792079207921, 0.723972397239724, 0.7725772577257726, 0.7929792979297929],