{"seed": 4, "Data statistics": "{0: {0: 325, 1: 334, 2: 318, 3: 325, 4: 319, 5: 328, 6: 345, 7: 348, 8: 352, 9: 340}, 1: {0: 341, 1: 340, 2: 329, 3: 361, 4: 322, 5: 331, 6: 336, 7: 341, 8: 277, 9: 356}, 2: {0: 367, 1: 353, 2: 327, 3: 299, 4: 325, 5: 345, 6: 339, 7: 324, 8: 331, 9: 324}, 3: {0: 323, 1: 331, 2: 309, 3: 311, 4: 360, 5: 345, 6: 344, 7: 334, 8: 359, 9: 318}, 4: {0: 351, 1: 326, 2: 363, 3: 342, 4: 340, 5: 330, 6: 347, 7: 317, 8: 291, 9: 327}, 5: {0: 346, 1: 335, 2: 339, 3: 303, 4: 330, 5: 314, 6: 390, 7: 338, 8: 335, 9: 303}, 6: {0: 319, 1: 344, 2: 356, 3: 342, 4: 363, 5: 344, 6: 308, 7: 312, 8: 324, 9: 321}, 7: {0: 332, 1: 337, 2: 306, 3: 362, 4: 325, 5: 346, 6: 310, 7: 338, 8: 344, 9: 333}, 8: {0: 336, 1: 320, 2: 370, 3: 354, 4: 291, 5: 335, 6: 307, 7: 332, 8: 357, 9: 331}, 9: {0: 317, 1: 340, 2: 337, 3: 333, 4: 337, 5: 342, 6: 329, 7: 336, 8: 322, 9: 340}, 10: {0: 345, 1: 319, 2: 306, 3: 346, 4: 334, 5: 338, 6: 328, 7: 336, 8: 334, 9: 347}, 11: {0: 327, 1: 316, 2: 332, 3: 324, 4: 347, 5: 323, 6: 322, 7: 342, 8: 342, 9: 358}, 12: {0: 329, 1: 316, 2: 338, 3: 336, 4: 342, 5: 314, 6: 311, 7: 351, 8: 359, 9: 337}, 13: {0: 316, 1: 347, 2: 339, 3: 320, 4: 340, 5: 347, 6: 333, 7: 336, 8: 334, 9: 321}, 14: {0: 326, 1: 342, 2: 331, 3: 342, 4: 325, 5: 318, 6: 351, 7: 315, 8: 339, 9: 344}}", "comm 0": {"training timing": 882, "local_train_accs": [0.4595080983803239, 0.4232153569286143, 0.4487102579484103, 0.4559088182363527, 0.45560887822435514, 0.44854485448544856, 0.45994599459945995, 0.45874587458745875, 0.41974197419741976, 0.46174617461746176, 0.45034503450345037, 0.42004200420042004, 0.465946594659466, 0.42184218421842185, 0.46264626462646263], "local_test_accs": [0.4595080983803239, 0.4232153569286143, 0.4487102579484103, 0.4559088182363527, 0.45560887822435514, 0.44854485448544856, 0.45994599459945995, 0.45874587458745875, 0.41974197419741976, 0.46174617461746176, 0.45034503450345037, 0.42004200420042004, 0.465946594659466, 0.42184218421842185, 0.46264626462646263], "Uniform ensemble (Train acc)": 0.41792, "Uniform ensemble (Test acc)": 0.4145, "FedAvg (Train acc)": 0.09968, "FedAvg (Test acc)": 0.1, "pdm_KL (Train acc)": 0.3021, "pdm_KL (Test acc)": 0.3009}, "comm 1": {"training timing": 1233, "local_train_accs": [0.4916016796640672, 0.5, 0.5215956808638272, 0.4994001199760048, 0.498500299940012, 0.510951095109511, 0.5082508250825083, 0.5067506750675067, 0.5208520852085209, 0.5451545154515451, 0.5139513951395139, 0.525052505250525, 0.5283528352835284, 0.5046504650465047, 0.4734473447344735], "local_test_accs": [0.4916016796640672, 0.5, 0.5215956808638272, 0.4994001199760048, 0.498500299940012, 0.510951095109511, 0.5082508250825083, 0.5067506750675067, 0.5208520852085209, 0.5451545154515451, 0.5139513951395139, 0.525052505250525, 0.5283528352835284, 0.5046504650465047, 0.4734473447344735], "Uniform ensemble (Train acc)": 0.44764, "Uniform ensemble (Test acc)": 0.4411, "FedAvg (Train acc)": 0.10006, "FedAvg (Test acc)": 0.1005, "pdm_KL (Train acc)": 0.33232, "pdm_KL (Test acc)": 0.3288}, "comm 2": {"training timing": 1566, "local_train_accs": [0.5455908818236352, 0.5575884823035393, 0.5296940611877624, 0.5674865026994601, 0.5578884223155369, 0.57005700570057, 0.5745574557455746, 0.5481548154815482, 0.564956495649565, 0.555955595559556, 0.5604560456045604, 0.5961596159615962, 0.5748574857485749, 0.5583558355835584, 0.57995799579958], "local_test_accs": [0.5455908818236352, 0.5575884823035393, 0.5296940611877624, 0.5674865026994601, 0.5578884223155369, 0.57005700570057, 0.5745574557455746, 0.5481548154815482, 0.564956495649565, 0.555955595559556, 0.5604560456045604, 0.5961596159615962, 0.5748574857485749, 0.5583558355835584, 0.57995799579958], "Uniform ensemble (Train acc)": 0.4664, "Uniform ensemble (Test acc)": 0.4533, "FedAvg (Train acc)": 0.09938, "FedAvg (Test acc)": 0.0994, "pdm_KL (Train acc)": 0.29546, "pdm_KL (Test acc)": 0.2906}, "comm 3": {"training timing": 1015, "local_train_accs": [0.6382723455308938, 0.6136772645470906, 0.6016796640671865, 0.6049790041991602, 0.6052789442111578, 0.6231623162316232, 0.5934593459345935, 0.6015601560156015, 0.6261626162616262, 0.6258625862586259, 0.5973597359735974, 0.6372637263726373, 0.6321632163216322, 0.6108610861086109, 0.6195619561956196], "local_test_accs": [0.6382723455308938, 0.6136772645470906, 0.6016796640671865, 0.6049790041991602, 0.6052789442111578, 0.6231623162316232, 0.5934593459345935, 0.6015601560156015, 0.6261626162616262, 0.6258625862586259, 0.5973597359735974, 0.6372637263726373, 0.6321632163216322, 0.6108610861086109, 0.6195619561956196], "Uniform ensemble (Train acc)": 0.4846, "Uniform ensemble (Test acc)": 0.4664, "FedAvg (Train acc)": 0.09948, "FedAvg (Test acc)": 0.0996, "pdm_KL (Train acc)": 0.34052, "pdm_KL (Test acc)": 0.3343}, "comm 4": {"training timing": 1517, "local_train_accs": [0.6766646670665867, 0.6835632873425315, 0.6517696460707858, 0.6634673065386922, 0.6610677864427115, 0.6906690669066907, 0.6753675367536753, 0.6498649864986499, 0.6921692169216922, 0.6396639663966397, 0.6501650165016502, 0.66996699669967, 0.6450645064506451, 0.6603660366036603, 0.6303630363036303], "local_test_accs": [0.6766646670665867, 0.6835632873425315, 0.6517696460707858, 0.6634673065386922, 0.6610677864427115, 0.6906690669066907, 0.6753675367536753, 0.6498649864986499, 0.6921692169216922, 0.6396639663966397, 0.6501650165016502, 0.66996699669967, 0.6450645064506451, 0.6603660366036603, 0.6303630363036303], "Uniform ensemble (Train acc)": 0.49602, "Uniform ensemble (Test acc)": 0.4791, "FedAvg (Train acc)": 0.09832, "FedAvg (Test acc)": 0.0961, "pdm_KL (Train acc)": 0.29602, "pdm_KL (Test acc)": 0.2896}, "comm 5": {"training timing": 1028, "local_train_accs": [0.6880623875224955, 0.7141571685662867, 0.7090581883623275, 0.7105578884223155, 0.6706658668266346, 0.6948694869486949, 0.684068406840684, 0.6813681368136814, 0.6573657365736574, 0.7041704170417041, 0.7098709870987099, 0.7266726672667266, 0.7038703870387039, 0.693069306930693, 0.6942694269426942], "local_test_accs": [0.6880623875224955, 0.7141571685662867, 0.7090581883623275, 0.7105578884223155, 0.6706658668266346, 0.6948694869486949, 0.684068406840684, 0.6813681368136814, 0.6573657365736574, 0.7041704170417041, 0.7098709870987099, 0.7266726672667266, 0.7038703870387039, 0.693069306930693, 0.6942694269426942], "Uniform ensemble (Train acc)": 0.50284, "Uniform ensemble (Test acc)": 0.4817, "FedAvg (Train acc)": 0.12236, "FedAvg (Test acc)": 0.1219, "pdm_KL (Train acc)": 0.33268, "pdm_KL (Test acc)": 0.3355}, "comm 6": {"training timing": 1489, "local_train_accs": [0.7426514697060588, 0.7162567486502699, 0.759748050389922, 0.7438512297540492, 0.7207558488302339, 0.72997299729973, 0.7170717071707171, 0.7077707770777077, 0.7665766576657665, 0.6897689768976898, 0.7551755175517552, 0.7470747074707471, 0.7467746774677467, 0.7695769576957696, 0.72997299729973], "local_test_accs": [0.7426514697060588, 0.7162567486502699, 0.759748050389922, 0.7438512297540492, 0.7207558488302339, 0.72997299729973, 0.7170717071707171, 0.7077707770777077, 0.7665766576657665, 0.6897689768976898, 0.7551755175517552, 0.7470747074707471, 0.7467746774677467, 0.7695769576957696, 0.72997299729973], "Uniform ensemble (Train acc)": 0.5115, "Uniform ensemble (Test acc)": 0.4839, "FedAvg (Train acc)": 0.10744, "FedAvg (Test acc)": 0.108, "pdm_KL (Train acc)": 0.3983, "pdm_KL (Test acc)": 0.3901}, "comm 7": {"training timing": 1488, "local_train_accs": [0.7930413917216557, 0.7726454709058188, 0.7636472705458909, 0.7750449910017997, 0.7726454709058188, 0.7950795079507951, 0.7452745274527453, 0.7476747674767477, 0.8145814581458146, 0.7512751275127513, 0.7773777377737774, 0.8166816681668166, 0.7614761476147615, 0.7734773477347735, 0.7677767776777678],