{"seed": 2, "Data statistics": "{0: {0: 342, 1: 329, 2: 333, 3: 332, 4: 358, 5: 342, 6: 343, 7: 320, 8: 322, 9: 313}, 1: {0: 330, 1: 326, 2: 366, 3: 340, 4: 310, 5: 323, 6: 336, 7: 340, 8: 327, 9: 336}, 2: {0: 357, 1: 341, 2: 332, 3: 311, 4: 340, 5: 333, 6: 315, 7: 338, 8: 341, 9: 326}, 3: {0: 342, 1: 338, 2: 343, 3: 331, 4: 309, 5: 325, 6: 346, 7: 330, 8: 322, 9: 348}, 4: {0: 323, 1: 342, 2: 336, 3: 349, 4: 330, 5: 324, 6: 317, 7: 342, 8: 321, 9: 350}, 5: {0: 306, 1: 299, 2: 300, 3: 349, 4: 338, 5: 354, 6: 359, 7: 349, 8: 347, 9: 332}, 6: {0: 355, 1: 356, 2: 327, 3: 299, 4: 336, 5: 325, 6: 343, 7: 333, 8: 332, 9: 327}, 7: {0: 334, 1: 335, 2: 326, 3: 339, 4: 349, 5: 356, 6: 308, 7: 318, 8: 345, 9: 323}, 8: {0: 353, 1: 333, 2: 347, 3: 328, 4: 338, 5: 308, 6: 313, 7: 341, 8: 324, 9: 348}, 9: {0: 319, 1: 350, 2: 338, 3: 337, 4: 326, 5: 314, 6: 326, 7: 328, 8: 353, 9: 342}, 10: {0: 340, 1: 322, 2: 332, 3: 351, 4: 354, 5: 318, 6: 317, 7: 345, 8: 324, 9: 330}, 11: {0: 310, 1: 323, 2: 321, 3: 329, 4: 353, 5: 362, 6: 358, 7: 317, 8: 327, 9: 333}, 12: {0: 335, 1: 334, 2: 350, 3: 321, 4: 348, 5: 333, 6: 336, 7: 326, 8: 338, 9: 312}, 13: {0: 330, 1: 357, 2: 333, 3: 335, 4: 322, 5: 342, 6: 343, 7: 334, 8: 313, 9: 324}, 14: {0: 324, 1: 315, 2: 316, 3: 349, 4: 289, 5: 341, 6: 340, 7: 339, 8: 364, 9: 356}}", "comm 0": {"training timing": 1015, "local_train_accs": [0.44631073785242953, 0.46460707858428313, 0.46010797840431916, 0.4346130773845231, 0.4616076784643071, 0.4515451545154515, 0.46564656465646564, 0.46294629462946296, 0.40984098409840986, 0.45814581458145814, 0.44824482448244823, 0.414041404140414, 0.44134413441344134, 0.4521452145214521, 0.4158415841584158], "local_test_accs": [0.44631073785242953, 0.46460707858428313, 0.46010797840431916, 0.4346130773845231, 0.4616076784643071, 0.4515451545154515, 0.46564656465646564, 0.46294629462946296, 0.40984098409840986, 0.45814581458145814, 0.44824482448244823, 0.414041404140414, 0.44134413441344134, 0.4521452145214521, 0.4158415841584158], "Uniform ensemble (Train acc)": 0.42308, "Uniform ensemble (Test acc)": 0.4213, "FedAvg (Train acc)": 0.1, "FedAvg (Test acc)": 0.1, "pdm_KL (Train acc)": 0.29106, "pdm_KL (Test acc)": 0.2933}, "comm 1": {"training timing": 1087, "local_train_accs": [0.5077984403119377, 0.5083983203359328, 0.4934013197360528, 0.45980803839232154, 0.4967006598680264, 0.48484848484848486, 0.5367536753675367, 0.5079507950795079, 0.5295529552955296, 0.510951095109511, 0.504950495049505, 0.5076507650765076, 0.5085508550855086, 0.5196519651965197, 0.46924692469246926], "local_test_accs": [0.5077984403119377, 0.5083983203359328, 0.4934013197360528, 0.45980803839232154, 0.4967006598680264, 0.48484848484848486, 0.5367536753675367, 0.5079507950795079, 0.5295529552955296, 0.510951095109511, 0.504950495049505, 0.5076507650765076, 0.5085508550855086, 0.5196519651965197, 0.46924692469246926], "Uniform ensemble (Train acc)": 0.44644, "Uniform ensemble (Test acc)": 0.4398, "FedAvg (Train acc)": 0.1, "FedAvg (Test acc)": 0.1, "pdm_KL (Train acc)": 0.34102, "pdm_KL (Test acc)": 0.3381}, "comm 2": {"training timing": 838, "local_train_accs": [0.5518896220755849, 0.5584883023395321, 0.5668866226754649, 0.5221955608878225, 0.5410917816436712, 0.5337533753375338, 0.5547554755475548, 0.5631563156315632, 0.5712571257125713, 0.5682568256825683, 0.5547554755475548, 0.561956195619562, 0.5148514851485149, 0.5706570657065707, 0.573057305730573], "local_test_accs": [0.5518896220755849, 0.5584883023395321, 0.5668866226754649, 0.5221955608878225, 0.5410917816436712, 0.5337533753375338, 0.5547554755475548, 0.5631563156315632, 0.5712571257125713, 0.5682568256825683, 0.5547554755475548, 0.561956195619562, 0.5148514851485149, 0.5706570657065707, 0.573057305730573], "Uniform ensemble (Train acc)": 0.47026, "Uniform ensemble (Test acc)": 0.4598, "FedAvg (Train acc)": 0.1, "FedAvg (Test acc)": 0.1, "pdm_KL (Train acc)": 0.36246, "pdm_KL (Test acc)": 0.3605}, "comm 3": {"training timing": 1499, "local_train_accs": [0.5902819436112777, 0.5617876424715057, 0.6019796040791842, 0.6037792441511698, 0.614877024595081, 0.6033603360336034, 0.5985598559855986, 0.6135613561356136, 0.6135613561356136, 0.6045604560456046, 0.5763576357635763, 0.6297629762976298, 0.6225622562256226, 0.5775577557755776, 0.621962196219622], "local_test_accs": [0.5902819436112777, 0.5617876424715057, 0.6019796040791842, 0.6037792441511698, 0.614877024595081, 0.6033603360336034, 0.5985598559855986, 0.6135613561356136, 0.6135613561356136, 0.6045604560456046, 0.5763576357635763, 0.6297629762976298, 0.6225622562256226, 0.5775577557755776, 0.621962196219622], "Uniform ensemble (Train acc)": 0.48052, "Uniform ensemble (Test acc)": 0.4642, "FedAvg (Train acc)": 0.1, "FedAvg (Test acc)": 0.1001, "pdm_KL (Train acc)": 0.32108, "pdm_KL (Test acc)": 0.3172}, "comm 4": {"training timing": 709, "local_train_accs": [0.6907618476304739, 0.6412717456508699, 0.6352729454109178, 0.6370725854829035, 0.6277744451109778, 0.6921692169216922, 0.6786678667866787, 0.6516651665166516, 0.678067806780678, 0.6654665466546654, 0.6420642064206421, 0.6693669366936693, 0.6291629162916291, 0.6555655565556555, 0.6726672667266727], "local_test_accs": [0.6907618476304739, 0.6412717456508699, 0.6352729454109178, 0.6370725854829035, 0.6277744451109778, 0.6921692169216922, 0.6786678667866787, 0.6516651665166516, 0.678067806780678, 0.6654665466546654, 0.6420642064206421, 0.6693669366936693, 0.6291629162916291, 0.6555655565556555, 0.6726672667266727], "Uniform ensemble (Train acc)": 0.49574, "Uniform ensemble (Test acc)": 0.4779, "FedAvg (Train acc)": 0.1001, "FedAvg (Test acc)": 0.1, "pdm_KL (Train acc)": 0.28934, "pdm_KL (Test acc)": 0.2813}, "comm 5": {"training timing": 1527, "local_train_accs": [0.7015596880623876, 0.6853629274145171, 0.7033593281343731, 0.6835632873425315, 0.6850629874025195, 0.7011701170117012, 0.7311731173117312, 0.6921692169216922, 0.7194719471947195, 0.693969396939694, 0.6711671167116712, 0.6912691269126913, 0.7185718571857186, 0.6561656165616562, 0.723972397239724], "local_test_accs": [0.7015596880623876, 0.6853629274145171, 0.7033593281343731, 0.6835632873425315, 0.6850629874025195, 0.7011701170117012, 0.7311731173117312, 0.6921692169216922, 0.7194719471947195, 0.693969396939694, 0.6711671167116712, 0.6912691269126913, 0.7185718571857186, 0.6561656165616562, 0.723972397239724], "Uniform ensemble (Train acc)": 0.50562, "Uniform ensemble (Test acc)": 0.4789, "FedAvg (Train acc)": 0.09954, "FedAvg (Test acc)": 0.1, "pdm_KL (Train acc)": 0.28072, "pdm_KL (Test acc)": 0.2758}, "comm 6": {"training timing": 1143, "local_train_accs": [0.7936412717456509, 0.7207558488302339, 0.7543491301739652, 0.7231553689262148, 0.7012597480503899, 0.7017701770177017, 0.7641764176417641, 0.7434743474347435, 0.7743774377437744, 0.7755775577557755, 0.6963696369636964, 0.7047704770477048, 0.705970597059706, 0.7323732373237324, 0.7668766876687669], "local_test_accs": [0.7936412717456509, 0.7207558488302339, 0.7543491301739652, 0.7231553689262148, 0.7012597480503899, 0.7017701770177017, 0.7641764176417641, 0.7434743474347435, 0.7743774377437744, 0.7755775577557755, 0.6963696369636964, 0.7047704770477048, 0.705970597059706, 0.7323732373237324, 0.7668766876687669], "Uniform ensemble (Train acc)": 0.51216, "Uniform ensemble (Test acc)": 0.4848, "FedAvg (Train acc)": 0.09872, "FedAvg (Test acc)": 0.0983, "pdm_KL (Train acc)": 0.39166, "pdm_KL (Test acc)": 0.3739}, "comm 7": {"training timing": 1253, "local_train_accs": [0.8329334133173365, 0.7780443911217756, 0.7528494301139772, 0.7270545890821836, 0.7483503299340132, 0.7641764176417641, 0.750975097509751, 0.8067806780678067, 0.7929792979297929, 0.774077407740774, 0.7602760276027603, 0.7257725772577258, 0.7215721572157215, 0.6999699969997, 0.750975097509751],