{"seed": 7, "Data statistics": "{0: {0: 317, 1: 344, 2: 356, 3: 358, 4: 307, 5: 327, 6: 370, 7: 304, 8: 341, 9: 310}, 1: {0: 337, 1: 347, 2: 328, 3: 347, 4: 320, 5: 320, 6: 321, 7: 331, 8: 339, 9: 344}, 2: {0: 355, 1: 308, 2: 329, 3: 342, 4: 347, 5: 318, 6: 342, 7: 336, 8: 329, 9: 328}, 3: {0: 351, 1: 321, 2: 329, 3: 321, 4: 335, 5: 360, 6: 318, 7: 349, 8: 310, 9: 340}, 4: {0: 298, 1: 325, 2: 332, 3: 333, 4: 320, 5: 338, 6: 332, 7: 336, 8: 376, 9: 344}, 5: {0: 329, 1: 313, 2: 318, 3: 339, 4: 324, 5: 345, 6: 309, 7: 347, 8: 349, 9: 360}, 6: {0: 346, 1: 318, 2: 332, 3: 344, 4: 332, 5: 356, 6: 326, 7: 338, 8: 324, 9: 317}, 7: {0: 343, 1: 355, 2: 334, 3: 326, 4: 322, 5: 320, 6: 329, 7: 317, 8: 346, 9: 341}, 8: {0: 334, 1: 330, 2: 355, 3: 320, 4: 349, 5: 328, 6: 305, 7: 329, 8: 332, 9: 351}, 9: {0: 338, 1: 331, 2: 323, 3: 305, 4: 322, 5: 355, 6: 365, 7: 302, 8: 366, 9: 326}, 10: {0: 311, 1: 316, 2: 342, 3: 332, 4: 355, 5: 332, 6: 326, 7: 392, 8: 329, 9: 298}, 11: {0: 350, 1: 347, 2: 309, 3: 336, 4: 354, 5: 306, 6: 352, 7: 352, 8: 304, 9: 323}, 12: {0: 359, 1: 364, 2: 325, 3: 309, 4: 338, 5: 334, 6: 342, 7: 298, 8: 300, 9: 364}, 13: {0: 320, 1: 342, 2: 355, 3: 335, 4: 338, 5: 331, 6: 320, 7: 341, 8: 340, 9: 311}, 14: {0: 312, 1: 339, 2: 333, 3: 353, 4: 337, 5: 330, 6: 343, 7: 328, 8: 315, 9: 343}}", "comm 0": {"training timing": 419, "local_train_accs": [0.45920815836832635, 0.4346130773845231, 0.46370725854829037, 0.4385122975404919, 0.45200959808038393, 0.47314731473147315, 0.46414641464146417, 0.46054605460546055, 0.44194419441944194, 0.459045904590459, 0.45454545454545453, 0.47374737473747375, 0.45814581458145814, 0.45544554455445546, 0.46624662466246625], "local_test_accs": [0.45920815836832635, 0.4346130773845231, 0.46370725854829037, 0.4385122975404919, 0.45200959808038393, 0.47314731473147315, 0.46414641464146417, 0.46054605460546055, 0.44194419441944194, 0.459045904590459, 0.45454545454545453, 0.47374737473747375, 0.45814581458145814, 0.45544554455445546, 0.46624662466246625], "Uniform ensemble (Train acc)": 0.42714, "Uniform ensemble (Test acc)": 0.4265, "FedAvg (Train acc)": 0.10016, "FedAvg (Test acc)": 0.1004, "pdm_KL (Train acc)": 0.21052, "pdm_KL (Test acc)": 0.2107}, "comm 1": {"training timing": 685, "local_train_accs": [0.5176964607078585, 0.5077984403119377, 0.5323935212957408, 0.5005998800239952, 0.5227954409118176, 0.5214521452145214, 0.5013501350135013, 0.495949594959496, 0.5442544254425442, 0.5262526252625263, 0.5127512751275127, 0.5166516651665166, 0.5301530153015301, 0.5142514251425142, 0.5124512451245125], "local_test_accs": [0.5176964607078585, 0.5077984403119377, 0.5323935212957408, 0.5005998800239952, 0.5227954409118176, 0.5214521452145214, 0.5013501350135013, 0.495949594959496, 0.5442544254425442, 0.5262526252625263, 0.5127512751275127, 0.5166516651665166, 0.5301530153015301, 0.5142514251425142, 0.5124512451245125], "Uniform ensemble (Train acc)": 0.45136, "Uniform ensemble (Test acc)": 0.444, "FedAvg (Train acc)": 0.09992, "FedAvg (Test acc)": 0.1, "pdm_KL (Train acc)": 0.33148, "pdm_KL (Test acc)": 0.3282}, "comm 2": {"training timing": 480, "local_train_accs": [0.5662867426514697, 0.563887222555489, 0.5920815836832634, 0.5779844031193762, 0.5551889622075585, 0.6108610861086109, 0.5403540354035403, 0.5553555355535553, 0.5757575757575758, 0.543054305430543, 0.5883588358835884, 0.594059405940594, 0.5826582658265826, 0.5679567956795679, 0.5472547254725473], "local_test_accs": [0.5662867426514697, 0.563887222555489, 0.5920815836832634, 0.5779844031193762, 0.5551889622075585, 0.6108610861086109, 0.5403540354035403, 0.5553555355535553, 0.5757575757575758, 0.543054305430543, 0.5883588358835884, 0.594059405940594, 0.5826582658265826, 0.5679567956795679, 0.5472547254725473], "Uniform ensemble (Train acc)": 0.46604, "Uniform ensemble (Test acc)": 0.4567, "FedAvg (Train acc)": 0.11306, "FedAvg (Test acc)": 0.1129, "pdm_KL (Train acc)": 0.32594, "pdm_KL (Test acc)": 0.3211}, "comm 3": {"training timing": 451, "local_train_accs": [0.620875824835033, 0.6100779844031193, 0.5980803839232154, 0.6190761847630474, 0.6424715056988602, 0.6498649864986499, 0.5628562856285628, 0.6177617761776177, 0.606960696069607, 0.5868586858685868, 0.6252625262526252, 0.6015601560156015, 0.5991599159915991, 0.5781578157815782, 0.5829582958295829], "local_test_accs": [0.620875824835033, 0.6100779844031193, 0.5980803839232154, 0.6190761847630474, 0.6424715056988602, 0.6498649864986499, 0.5628562856285628, 0.6177617761776177, 0.606960696069607, 0.5868586858685868, 0.6252625262526252, 0.6015601560156015, 0.5991599159915991, 0.5781578157815782, 0.5829582958295829], "Uniform ensemble (Train acc)": 0.48172, "Uniform ensemble (Test acc)": 0.466, "FedAvg (Train acc)": 0.11518, "FedAvg (Test acc)": 0.1169, "pdm_KL (Train acc)": 0.37354, "pdm_KL (Test acc)": 0.3747}, "comm 4": {"training timing": 787, "local_train_accs": [0.6553689262147571, 0.6571685662867427, 0.6664667066586683, 0.6157768446310737, 0.6682663467306539, 0.7107710771077108, 0.6471647164716472, 0.6192619261926192, 0.6747674767476748, 0.6906690669066907, 0.705970597059706, 0.690969096909691, 0.6723672367236724, 0.6774677467746775, 0.6711671167116712], "local_test_accs": [0.6553689262147571, 0.6571685662867427, 0.6664667066586683, 0.6157768446310737, 0.6682663467306539, 0.7107710771077108, 0.6471647164716472, 0.6192619261926192, 0.6747674767476748, 0.6906690669066907, 0.705970597059706, 0.690969096909691, 0.6723672367236724, 0.6774677467746775, 0.6711671167116712], "Uniform ensemble (Train acc)": 0.49586, "Uniform ensemble (Test acc)": 0.4764, "FedAvg (Train acc)": 0.12374, "FedAvg (Test acc)": 0.1252, "pdm_KL (Train acc)": 0.35898, "pdm_KL (Test acc)": 0.3582}, "comm 5": {"training timing": 611, "local_train_accs": [0.6736652669466107, 0.7138572285542891, 0.7129574085182964, 0.6868626274745051, 0.6808638272345531, 0.6933693369336934, 0.6582658265826583, 0.7104710471047104, 0.6957695769576958, 0.6579657965796579, 0.7581758175817582, 0.7308730873087309, 0.723972397239724, 0.6636663666366637, 0.675967596759676], "local_test_accs": [0.6736652669466107, 0.7138572285542891, 0.7129574085182964, 0.6868626274745051, 0.6808638272345531, 0.6933693369336934, 0.6582658265826583, 0.7104710471047104, 0.6957695769576958, 0.6579657965796579, 0.7581758175817582, 0.7308730873087309, 0.723972397239724, 0.6636663666366637, 0.675967596759676], "Uniform ensemble (Train acc)": 0.50366, "Uniform ensemble (Test acc)": 0.4813, "FedAvg (Train acc)": 0.11912, "FedAvg (Test acc)": 0.1206, "pdm_KL (Train acc)": 0.37354, "pdm_KL (Test acc)": 0.37}, "comm 6": {"training timing": 712, "local_train_accs": [0.737252549490102, 0.752249550089982, 0.7393521295740851, 0.7483503299340132, 0.7348530293941212, 0.7587758775877588, 0.720972097209721, 0.7275727572757276, 0.708070807080708, 0.7479747974797479, 0.7755775577557755, 0.7284728472847285, 0.7473747374737474, 0.7350735073507351, 0.7365736573657365], "local_test_accs": [0.737252549490102, 0.752249550089982, 0.7393521295740851, 0.7483503299340132, 0.7348530293941212, 0.7587758775877588, 0.720972097209721, 0.7275727572757276, 0.708070807080708, 0.7479747974797479, 0.7755775577557755, 0.7284728472847285, 0.7473747374737474, 0.7350735073507351, 0.7365736573657365], "Uniform ensemble (Train acc)": 0.51362, "Uniform ensemble (Test acc)": 0.4821, "FedAvg (Train acc)": 0.11168, "FedAvg (Test acc)": 0.1106, "pdm_KL (Train acc)": 0.32044, "pdm_KL (Test acc)": 0.3142}, "comm 7": {"training timing": 662, "local_train_accs": [0.7849430113977205, 0.7618476304739052, 0.7654469106178764, 0.7861427714457109, 0.76124775044991, 0.8043804380438044, 0.7833783378337834, 0.7677767776777678, 0.7746774677467747, 0.8013801380138014, 0.813081308130813, 0.8022802280228023, 0.7824782478247825, 0.7875787578757876, 0.7500750075007501],