{"seed": 8, "Data statistics": "{0: {0: 518, 1: 496, 2: 490, 3: 514, 4: 513, 5: 507, 6: 510, 7: 462, 8: 461, 9: 529}, 1: {0: 522, 1: 510, 2: 503, 3: 490, 4: 501, 5: 481, 6: 522, 7: 496, 8: 471, 9: 504}, 2: {0: 475, 1: 498, 2: 474, 3: 476, 4: 493, 5: 531, 6: 504, 7: 508, 8: 526, 9: 515}, 3: {0: 491, 1: 516, 2: 505, 3: 501, 4: 508, 5: 499, 6: 480, 7: 486, 8: 519, 9: 495}, 4: {0: 501, 1: 463, 2: 496, 3: 496, 4: 519, 5: 487, 6: 482, 7: 543, 8: 536, 9: 477}, 5: {0: 475, 1: 502, 2: 493, 3: 483, 4: 512, 5: 511, 6: 521, 7: 468, 8: 501, 9: 534}, 6: {0: 492, 1: 517, 2: 530, 3: 502, 4: 509, 5: 480, 6: 493, 7: 488, 8: 499, 9: 490}, 7: {0: 486, 1: 501, 2: 518, 3: 524, 4: 484, 5: 491, 6: 489, 7: 507, 8: 530, 9: 470}, 8: {0: 509, 1: 511, 2: 467, 3: 503, 4: 495, 5: 509, 6: 513, 7: 516, 8: 465, 9: 512}, 9: {0: 531, 1: 486, 2: 524, 3: 511, 4: 466, 5: 504, 6: 486, 7: 526, 8: 492, 9: 474}}", "loading time": 108, "local_train_accs": [0.1306, 0.2606, 0.1842, 0.1038, 0.2614, 0.1892, 0.2492, 0.1786, 0.187, 0.1916], "local_test_accs": [0.1287, 0.2489, 0.1747, 0.1, 0.2504, 0.189, 0.2399, 0.1788, 0.1757, 0.1909], "Uniform ensemble (Train acc)": 0.26406, "Uniform ensemble (Test acc)": 0.2601, "FedAvg (Train acc)": 0.1, "FedAvg (Test acc)": 0.1, "pdm_KL_reg 0": {"Best Result": {"Best Sigma0": 10, "Best sigma": 1, "Best gamma": 10, "Best Test accuracy": 0.1936, "Train acc": 0.19152}, "PDM log": "{(10, 1, 10): {'shapes': [(3072, 700), (700,), (700, 118), (118,), (118, 10), (10,)], 'train_accuracy': 0.19152, 'test_accuracy': 0.1936}}", "timing": 999}, "pdm_KL_reg 0.001": {"Best Result": {"Best Sigma0": 10, "Best sigma": 1, "Best gamma": 10, "Best Test accuracy": 0.1865, "Train acc": 0.18678}, "PDM log": "{(10, 1, 10): {'shapes': [(3072, 700), (700,), (700, 118), (118,), (118, 10), (10,)], 'train_accuracy': 0.18678, 'test_accuracy': 0.1865}}", "timing": 1875}, "pdm_KL_reg 0.005": {"Best Result": {"Best Sigma0": 10, "Best sigma": 1, "Best gamma": 10, "Best Test accuracy": 0.1814, "Train acc": 0.17976}, "PDM log": "{(10, 1, 10): {'shapes': [(3072, 700), (700,), (700, 118), (118,), (118, 10), (10,)], 'train_accuracy': 0.17976, 'test_accuracy': 0.1814}}", "timing": 1637}, "pdm_KL_reg 0.01": {"Best Result": {"Best Sigma0": 10, "Best sigma": 1, "Best gamma": 10, "Best Test accuracy": 0.1947, "Train acc": 0.1925}, "PDM log": "{(10, 1, 10): {'shapes': [(3072, 700), (700,), (700, 118), (118,), (118, 10), (10,)], 'train_accuracy': 0.1925, 'test_accuracy': 0.1947}}", "timing": 1683}, "pdm_KL_reg 0.05": {"Best Result": {"Best Sigma0": 10, "Best sigma": 1, "Best gamma": 10, "Best Test accuracy": 0.1938, "Train acc": 0.19108}, "PDM log": "{(10, 1, 10): {'shapes': [(3072, 700), (700,), (700, 118), (118,), (118, 10), (10,)], 'train_accuracy': 0.19108, 'test_accuracy': 0.1938}}", "timing": 1992}, "pdm_KL_reg 0.1": {"Best Result": {"Best Sigma0": 10, "Best sigma": 1, "Best gamma": 10, "Best Test accuracy": 0.1917, "Train acc": 0.19048}, "PDM log": "{(10, 1, 10): {'shapes': [(3072, 700), (700,), (700, 118), (118,), (118, 10), (10,)], 'train_accuracy': 0.19048, 'test_accuracy': 0.1917}}", "timing": 1856}, "pdm_KL_reg 0.5": {"Best Result": {"Best Sigma0": 10, "Best sigma": 1, "Best gamma": 10, "Best Test accuracy": 0.2041, "Train acc": 0.2023}, "PDM log": "{(10, 1, 10): {'shapes': [(3072, 700), (700,), (700, 118), (118,), (118, 10), (10,)], 'train_accuracy': 0.2023, 'test_accuracy': 0.2041}}", "timing": 1841}, "pdm_KL_reg 1": {"Best Result": {"Best Sigma0": 10, "Best sigma": 1, "Best gamma": 10, "Best Test accuracy": 0.2101, "Train acc": 0.2061}, "PDM log": "{(10, 1, 10): {'shapes': [(3072, 316), (316,), (316, 127), (127,), (127, 10), (10,)], 'train_accuracy': 0.2061, 'test_accuracy': 0.2101}}", "timing": 1117}, "pdm_KL_reg 2": {"Best Result": {"Best Sigma0": 10, "Best sigma": 1, "Best gamma": 10, "Best Test accuracy": 0.1, "Train acc": 0.1}, "PDM log": "{(10, 1, 10): {'shapes': [(3072, 100), (100,), (100, 118), (118,), (118, 10), (10,)], 'train_accuracy': 0.1, 'test_accuracy': 0.1}}", "timing": 512}, "pdm_KL_reg 5": {"Best Result": {"Best Sigma0": 10, "Best sigma": 1, "Best gamma": 10, "Best Test accuracy": 0.1, "Train acc": 0.1}, "PDM log": "{(10, 1, 10): {'shapes': [(3072, 100), (100,), (100, 118), (118,), (118, 10), (10,)], 'train_accuracy': 0.1, 'test_accuracy': 0.1}}", "timing": 613}, "pdm_KL_reg 10": {"Best Result": {"Best Sigma0": 10, "Best sigma": 1, "Best gamma": 10, "Best Test accuracy": 0.1, "Train acc": 0.1}, "PDM log": "{(10, 1, 10): {'shapes': [(3072, 100), (100,), (100, 118), (118,), (118, 10), (10,)], 'train_accuracy': 0.1, 'test_accuracy': 0.1}}", "timing": 446}, "best_reg": 1}