{"seed": 3, "Data statistics": "{0: {0: 488, 1: 493, 2: 515, 3: 499, 4: 453, 5: 505, 6: 526, 7: 512, 8: 497, 9: 512}, 1: {0: 544, 1: 458, 2: 518, 3: 495, 4: 465, 5: 501, 6: 517, 7: 528, 8: 473, 9: 501}, 2: {0: 512, 1: 504, 2: 490, 3: 521, 4: 482, 5: 504, 6: 507, 7: 506, 8: 502, 9: 472}, 3: {0: 466, 1: 527, 2: 514, 3: 512, 4: 494, 5: 483, 6: 511, 7: 511, 8: 482, 9: 500}, 4: {0: 528, 1: 511, 2: 487, 3: 506, 4: 506, 5: 478, 6: 481, 7: 484, 8: 541, 9: 478}, 5: {0: 474, 1: 502, 2: 495, 3: 470, 4: 497, 5: 562, 6: 497, 7: 465, 8: 518, 9: 520}, 6: {0: 500, 1: 514, 2: 478, 3: 515, 4: 509, 5: 533, 6: 477, 7: 484, 8: 494, 9: 496}, 7: {0: 492, 1: 509, 2: 490, 3: 507, 4: 505, 5: 486, 6: 507, 7: 486, 8: 508, 9: 510}, 8: {0: 518, 1: 514, 2: 503, 3: 464, 4: 534, 5: 465, 6: 492, 7: 497, 8: 484, 9: 529}, 9: {0: 478, 1: 468, 2: 510, 3: 511, 4: 555, 5: 483, 6: 485, 7: 527, 8: 501, 9: 482}}", "loading time": 38, "local_train_accs": [0.1982, 0.2536, 0.1428, 0.1818, 0.1746, 0.2626, 0.1066, 0.3002, 0.2304, 0.2254], "local_test_accs": [0.1921, 0.2368, 0.1443, 0.1796, 0.1672, 0.2379, 0.1, 0.2835, 0.2232, 0.2178], "pdm_KL_reg 0": {"Best Result": {"Best Sigma0": 10, "Best sigma": 1, "Best gamma": 10, "Best Test accuracy": 0.1765, "Train acc": 0.17724}, "PDM log": "{(10, 1, 10): {'shapes': [(3072, 894), (894,), (894, 118), (118,), (118, 10), (10,)], 'train_accuracy': 0.17724, 'test_accuracy': 0.1765}}", "timing": 267}, "best_reg": 0, "skip_pdm": {"Best Result": {"Best Sigma0": 10, "Best sigma": 1, "Best gamma": 10, "Best Test accuracy": 0.0907, "Train acc": 0.08922}, "PDM log": "{(10, 1, 10): {'shapes': [(895, 3073), (101, 895), (10, 101)], 'train_accuracy': 0.08922, 'test_accuracy': 0.0907}}", "timing": 362}}