{"seed": 3, "Data statistics": "{0: {0: 241, 1: 31, 4: 174, 5: 217, 6: 400, 7: 47, 8: 93, 9: 496}, 1: {0: 673, 1: 365, 2: 675, 3: 503, 4: 353}, 2: {0: 283, 1: 31, 2: 20, 3: 1152, 4: 16, 5: 7, 6: 25, 7: 354, 8: 341, 9: 1047}, 3: {0: 5, 1: 65, 2: 285, 3: 21, 4: 126, 5: 177, 6: 24, 7: 283, 8: 547, 9: 17}, 4: {0: 1043, 2: 260, 3: 469, 4: 75, 5: 1772}, 5: {0: 472, 1: 51, 2: 229, 3: 221, 4: 27, 5: 267, 6: 676, 8: 817}, 6: {0: 18, 1: 148, 2: 53, 3: 299, 4: 1, 5: 180, 6: 261, 7: 2, 8: 175, 9: 148}, 7: {0: 911, 1: 73, 2: 331, 3: 349, 4: 25, 5: 630, 6: 168, 7: 884}, 8: {0: 66, 1: 329, 2: 83, 3: 74, 4: 3, 5: 130, 6: 82, 7: 248, 8: 1445, 9: 276}, 9: {0: 4, 1: 77, 2: 55, 3: 112, 4: 81, 5: 47, 6: 768, 7: 200, 8: 408, 9: 35}, 10: {0: 313, 1: 64, 2: 306, 3: 288, 4: 727, 5: 141, 6: 735}, 11: {0: 108, 1: 86, 2: 87, 3: 24, 4: 618, 5: 31, 6: 1039, 7: 185, 8: 221, 9: 67}, 12: {0: 239, 1: 28, 2: 216, 3: 225, 4: 950, 5: 1076}, 13: {0: 16, 1: 928, 2: 416, 3: 476, 4: 24, 5: 148, 6: 488, 7: 195}, 14: {0: 19, 2: 249, 3: 38, 4: 7, 6: 89, 7: 861, 8: 610, 9: 538}, 15: {0: 41, 1: 100, 2: 365, 4: 294, 5: 29, 6: 89, 7: 1070, 9: 907}, 16: {0: 181, 1: 171, 2: 165, 3: 280, 4: 123, 5: 25, 7: 38, 8: 163, 9: 1292}, 17: {0: 92, 1: 2110, 2: 590}, 18: {0: 70, 1: 324, 2: 322, 3: 401, 4: 80, 5: 8, 6: 150, 7: 195, 8: 179, 9: 32}, 19: {0: 205, 1: 19, 2: 293, 3: 68, 4: 1296, 5: 115, 6: 6, 7: 438, 8: 1, 9: 145}}", "local_train_accs": [0.61094761624485, 0.5901128843908136, 0.6721611721611722, 0.587741935483871, 0.6999171041724234, 0.605072463768116, 0.535408560311284, 0.5903292791456541, 0.6736111111111112, 0.6916620033575825, 0.5563325563325563, 0.5884022708840227, 0.6075347476225311, 0.6109253065774805, 0.6847781003732891, 0.6027633851468048, 0.6029532403609515, 0.870702005730659, 0.5082339579784213, 0.6210363495746326], "local_test_accs": [0.2754, 0.2586, 0.2538, 0.2137, 0.1764, 0.2497, 0.2706, 0.267, 0.2457, 0.2457, 0.251, 0.2816, 0.17, 0.2378, 0.2392, 0.1827, 0.2627, 0.1553, 0.2956, 0.2075], "pdm_match": {}, "pdm_KL_match": {}, "pdm_KL2_match": {"Best Result": {"Best Sigma0": 1.0, "Best sigma": 0.5, "Best gamma": 1.0, "Best Test accuracy": 0.2471, "Train acc": 0.24876}, "PDM log": "{(1.0, 1.0, 1.0): {'shapes': [(3072, 366), (366,), (366, 10), (10,)], 'train_accuracy': 0.24428, 'test_accuracy': 0.2402}, (10.0, 1.0, 1.0): {'shapes': [(3072, 119), (119,), (119, 10), (10,)], 'train_accuracy': 0.17436, 'test_accuracy': 0.176}, (1.0, 0.1, 1.0): {'shapes': [(3072, 700), (700,), (700, 10), (10,)], 'train_accuracy': 0.22308, 'test_accuracy': 0.2214}, (10.0, 0.1, 1.0): {'shapes': [(3072, 170), (170,), (170, 10), (10,)], 'train_accuracy': 0.18546, 'test_accuracy': 0.1831}, (1.0, 0.5, 1.0): {'shapes': [(3072, 700), (700,), (700, 10), (10,)], 'train_accuracy': 0.24876, 'test_accuracy': 0.2471}, (10.0, 0.5, 1.0): {'shapes': [(3072, 119), (119,), (119, 10), (10,)], 'train_accuracy': 0.19928, 'test_accuracy': 0.2055}, (1.0, 1.0, 10.0): {'shapes': [(3072, 700), (700,), (700, 10), (10,)], 'train_accuracy': 0.23672, 'test_accuracy': 0.2378}, (10.0, 1.0, 10.0): {'shapes': [(3072, 328), (328,), (328, 10), (10,)], 'train_accuracy': 0.17818, 'test_accuracy': 0.1769}, (1.0, 0.1, 10.0): {'shapes': [(3072, 700), (700,), (700, 10), (10,)], 'train_accuracy': 0.20868, 'test_accuracy': 0.205}, (10.0, 0.1, 10.0): {'shapes': [(3072, 311), (311,), (311, 10), (10,)], 'train_accuracy': 0.22126, 'test_accuracy': 0.2213}, (1.0, 0.5, 10.0): {'shapes': [(3072, 700), (700,), (700, 10), (10,)], 'train_accuracy': 0.2252, 'test_accuracy': 0.2234}, (10.0, 0.5, 10.0): {'shapes': [(3072, 252), (252,), (252, 10), (10,)], 'train_accuracy': 0.1833, 'test_accuracy': 0.1845}, (1.0, 1.0, 50.0): {'shapes': [(3072, 700), (700,), (700, 10), (10,)], 'train_accuracy': 0.2188, 'test_accuracy': 0.216}, (10.0, 1.0, 50.0): {'shapes': [(3072, 354), (354,), (354, 10), (10,)], 'train_accuracy': 0.21718, 'test_accuracy': 0.2173}, (1.0, 0.1, 50.0): {'shapes': [(3072, 700), (700,), (700, 10), (10,)], 'train_accuracy': 0.21764, 'test_accuracy': 0.2143}, (10.0, 0.1, 50.0): {'shapes': [(3072, 690), (690,), (690, 10), (10,)], 'train_accuracy': 0.20524, 'test_accuracy': 0.2075}, (1.0, 0.5, 50.0): {'shapes': [(3072, 700), (700,), (700, 10), (10,)], 'train_accuracy': 0.22418, 'test_accuracy': 0.2225}, (10.0, 0.5, 50.0): {'shapes': [(3072, 479), (479,), (479, 10), (10,)], 'train_accuracy': 0.19446, 'test_accuracy': 0.1934}}"}}