{"seed": 6, "Data statistics": "{0: {0: 193, 1: 210, 3: 460, 4: 26, 5: 5, 6: 126, 7: 49, 8: 874, 9: 332}, 1: {0: 1769, 1: 168, 2: 620, 3: 158, 4: 2341}, 2: {0: 346, 1: 931, 2: 26, 3: 64, 4: 636, 5: 23, 6: 462, 7: 144, 8: 1123, 9: 3145}, 3: {0: 126, 1: 415, 2: 75, 3: 2, 4: 736, 5: 57, 6: 327, 7: 3568}, 4: {1: 503, 2: 2042, 3: 114, 4: 84, 5: 81, 6: 1902, 7: 282}, 5: {0: 1, 1: 1891, 2: 88, 3: 53, 4: 33, 5: 2056, 6: 159, 7: 13, 8: 1196}, 6: {0: 1958, 1: 90, 2: 196, 3: 739, 4: 670, 5: 89, 6: 25, 7: 71, 8: 1494}, 7: {0: 147, 1: 44, 2: 165, 3: 2558, 4: 99, 5: 1075, 6: 1979}, 8: {0: 453, 1: 735, 2: 111, 3: 484, 4: 164, 5: 1328, 6: 16, 7: 565, 8: 300, 9: 1430}, 9: {0: 7, 1: 13, 2: 1677, 3: 368, 4: 211, 5: 286, 6: 4, 7: 308, 8: 13, 9: 93}}", "loading time": 23, "local_train_accs": [0.625934065934066, 0.7157832278481012, 0.612463768115942, 0.7540520165849981, 0.6669329073482428, 0.7979963570127504, 0.6354088522130532, 0.5930443382231746, 0.5648048693161475, 0.6221476510067114], "local_test_accs": [0.282, 0.2016, 0.2837, 0.2061, 0.2114, 0.2433, 0.2456, 0.1906, 0.3095, 0.2161], "pdm_KL_reg 0": {"Best Result": {"Best Sigma0": 10, "Best sigma": 1, "Best gamma": 50, "Best Test accuracy": 0.2515, "Train acc": 0.25452}, "PDM log": "{(10, 1, 50): {'shapes': [(3072, 944), (944,), (944, 10), (10,)], 'train_accuracy': 0.25452, 'test_accuracy': 0.2515}}", "timing": 228}, "pdm_KL_reg 0.001": {"Best Result": {"Best Sigma0": 10, "Best sigma": 1, "Best gamma": 50, "Best Test accuracy": 0.2515, "Train acc": 0.25452}, "PDM log": "{(10, 1, 50): {'shapes': [(3072, 944), (944,), (944, 10), (10,)], 'train_accuracy': 0.25452, 'test_accuracy': 0.2515}}", "timing": 551}, "pdm_KL_reg 0.005": {"Best Result": {"Best Sigma0": 10, "Best sigma": 1, "Best gamma": 50, "Best Test accuracy": 0.2515, "Train acc": 0.25452}, "PDM log": "{(10, 1, 50): {'shapes': [(3072, 944), (944,), (944, 10), (10,)], 'train_accuracy': 0.25452, 'test_accuracy': 0.2515}}", "timing": 567}, "pdm_KL_reg 0.01": {"Best Result": {"Best Sigma0": 10, "Best sigma": 1, "Best gamma": 50, "Best Test accuracy": 0.2515, "Train acc": 0.25452}, "PDM log": "{(10, 1, 50): {'shapes': [(3072, 944), (944,), (944, 10), (10,)], 'train_accuracy': 0.25452, 'test_accuracy': 0.2515}}", "timing": 505}, "pdm_KL_reg 0.05": {"Best Result": {"Best Sigma0": 10, "Best sigma": 1, "Best gamma": 50, "Best Test accuracy": 0.2515, "Train acc": 0.25452}, "PDM log": "{(10, 1, 50): {'shapes': [(3072, 944), (944,), (944, 10), (10,)], 'train_accuracy': 0.25452, 'test_accuracy': 0.2515}}", "timing": 534}, "pdm_KL_reg 0.1": {"Best Result": {"Best Sigma0": 10, "Best sigma": 1, "Best gamma": 50, "Best Test accuracy": 0.2515, "Train acc": 0.25452}, "PDM log": "{(10, 1, 50): {'shapes': [(3072, 944), (944,), (944, 10), (10,)], 'train_accuracy': 0.25452, 'test_accuracy': 0.2515}}", "timing": 559}, "pdm_KL_reg 0.5": {"Best Result": {"Best Sigma0": 10, "Best sigma": 1, "Best gamma": 50, "Best Test accuracy": 0.2515, "Train acc": 0.25452}, "PDM log": "{(10, 1, 50): {'shapes': [(3072, 918), (918,), (918, 10), (10,)], 'train_accuracy': 0.25452, 'test_accuracy': 0.2515}}", "timing": 546}, "pdm_KL_reg 1": {"Best Result": {"Best Sigma0": 10, "Best sigma": 1, "Best gamma": 50, "Best Test accuracy": 0.2619, "Train acc": 0.2613}, "PDM log": "{(10, 1, 50): {'shapes': [(3072, 739), (739,), (739, 10), (10,)], 'train_accuracy': 0.2613, 'test_accuracy': 0.2619}}", "timing": 417}, "pdm_KL_reg 2": {"Best Result": {"Best Sigma0": 10, "Best sigma": 1, "Best gamma": 50, "Best Test accuracy": 0.0999, "Train acc": 0.10002}, "PDM log": "{(10, 1, 50): {'shapes': [(3072, 127), (127,), (127, 10), (10,)], 'train_accuracy': 0.10002, 'test_accuracy': 0.0999}}", "timing": 77}, "pdm_KL_reg 5": {"Best Result": {"Best Sigma0": 10, "Best sigma": 1, "Best gamma": 50, "Best Test accuracy": 0.1, "Train acc": 0.10004}, "PDM log": "{(10, 1, 50): {'shapes': [(3072, 109), (109,), (109, 10), (10,)], 'train_accuracy': 0.10004, 'test_accuracy': 0.1}}", "timing": 62}, "pdm_KL_reg 10": {"Best Result": {"Best Sigma0": 10, "Best sigma": 1, "Best gamma": 50, "Best Test accuracy": 0.1, "Train acc": 0.1}, "PDM log": "{(10, 1, 50): {'shapes': [(3072, 105), (105,), (105, 10), (10,)], 'train_accuracy': 0.1, 'test_accuracy': 0.1}}", "timing": 58}, "best_reg": 1}