{"seed": 9, "Data statistics": "{0: {0: 850, 1: 134, 2: 1, 3: 25, 4: 72, 5: 460, 6: 154, 7: 349, 8: 2830, 9: 76}, 1: {0: 207, 1: 1494, 2: 666, 3: 1620, 4: 108, 5: 232, 6: 695}, 2: {0: 273, 1: 142, 2: 96, 3: 413, 4: 807, 5: 440, 6: 112, 7: 72, 8: 6, 9: 476}, 3: {0: 943, 1: 497, 2: 82, 3: 901, 4: 767, 5: 61, 6: 16, 7: 1049, 8: 13, 9: 18}, 4: {0: 706, 1: 124, 2: 1814, 3: 664, 4: 2594}, 5: {0: 58, 2: 452, 3: 3, 4: 95, 5: 842, 6: 14, 7: 1323, 8: 1770, 9: 199}, 6: {0: 289, 1: 63, 2: 4, 3: 214, 4: 342, 5: 1069, 6: 860, 7: 239, 9: 2287}, 7: {0: 755, 1: 464, 2: 1575, 3: 452, 4: 50, 5: 8, 6: 2365}, 8: {0: 116, 1: 1976, 2: 6, 3: 563, 4: 76, 5: 1467, 6: 95, 7: 785}, 9: {0: 803, 1: 106, 2: 304, 3: 145, 4: 89, 5: 421, 6: 689, 7: 1183, 8: 381, 9: 1944}}", "loading time": 23, "local_train_accs": [0.7212684306200767, 0.6288331342094783, 0.5326048642932676, 0.5978835978835979, 0.5799728905455778, 0.6738856181665265, 0.6811999254704677, 0.6496736637855001, 0.6902045633359559, 0.5957131079967024], "local_test_accs": [0.2548, 0.239, 0.2516, 0.2718, 0.2074, 0.2589, 0.2997, 0.2385, 0.2231, 0.3031], "pdm_KL_reg 0": {"Best Result": {"Best Sigma0": 10, "Best sigma": 1, "Best gamma": 50, "Best Test accuracy": 0.2638, "Train acc": 0.263}, "PDM log": "{(10, 1, 50): {'shapes': [(3072, 959), (959,), (959, 10), (10,)], 'train_accuracy': 0.263, 'test_accuracy': 0.2638}}", "timing": 249}, "pdm_KL_reg 0.001": {"Best Result": {"Best Sigma0": 10, "Best sigma": 1, "Best gamma": 50, "Best Test accuracy": 0.2638, "Train acc": 0.263}, "PDM log": "{(10, 1, 50): {'shapes': [(3072, 958), (958,), (958, 10), (10,)], 'train_accuracy': 0.263, 'test_accuracy': 0.2638}}", "timing": 569}, "pdm_KL_reg 0.005": {"Best Result": {"Best Sigma0": 10, "Best sigma": 1, "Best gamma": 50, "Best Test accuracy": 0.2638, "Train acc": 0.263}, "PDM log": "{(10, 1, 50): {'shapes': [(3072, 957), (957,), (957, 10), (10,)], 'train_accuracy': 0.263, 'test_accuracy': 0.2638}}", "timing": 562}, "pdm_KL_reg 0.01": {"Best Result": {"Best Sigma0": 10, "Best sigma": 1, "Best gamma": 50, "Best Test accuracy": 0.2638, "Train acc": 0.263}, "PDM log": "{(10, 1, 50): {'shapes': [(3072, 958), (958,), (958, 10), (10,)], 'train_accuracy': 0.263, 'test_accuracy': 0.2638}}", "timing": 565}, "pdm_KL_reg 0.05": {"Best Result": {"Best Sigma0": 10, "Best sigma": 1, "Best gamma": 50, "Best Test accuracy": 0.2638, "Train acc": 0.263}, "PDM log": "{(10, 1, 50): {'shapes': [(3072, 958), (958,), (958, 10), (10,)], 'train_accuracy': 0.263, 'test_accuracy': 0.2638}}", "timing": 581}, "pdm_KL_reg 0.1": {"Best Result": {"Best Sigma0": 10, "Best sigma": 1, "Best gamma": 50, "Best Test accuracy": 0.2638, "Train acc": 0.263}, "PDM log": "{(10, 1, 50): {'shapes': [(3072, 956), (956,), (956, 10), (10,)], 'train_accuracy': 0.263, 'test_accuracy': 0.2638}}", "timing": 556}, "pdm_KL_reg 0.5": {"Best Result": {"Best Sigma0": 10, "Best sigma": 1, "Best gamma": 50, "Best Test accuracy": 0.2638, "Train acc": 0.263}, "PDM log": "{(10, 1, 50): {'shapes': [(3072, 942), (942,), (942, 10), (10,)], 'train_accuracy': 0.263, 'test_accuracy': 0.2638}}", "timing": 505}, "pdm_KL_reg 1": {"Best Result": {"Best Sigma0": 10, "Best sigma": 1, "Best gamma": 50, "Best Test accuracy": 0.2657, "Train acc": 0.26678}, "PDM log": "{(10, 1, 50): {'shapes': [(3072, 766), (766,), (766, 10), (10,)], 'train_accuracy': 0.26678, 'test_accuracy': 0.2657}}", "timing": 437}, "pdm_KL_reg 2": {"Best Result": {"Best Sigma0": 10, "Best sigma": 1, "Best gamma": 50, "Best Test accuracy": 0.1001, "Train acc": 0.10008}, "PDM log": "{(10, 1, 50): {'shapes': [(3072, 118), (118,), (118, 10), (10,)], 'train_accuracy': 0.10008, 'test_accuracy': 0.1001}}", "timing": 67}, "pdm_KL_reg 5": {"Best Result": {"Best Sigma0": 10, "Best sigma": 1, "Best gamma": 50, "Best Test accuracy": 0.1, "Train acc": 0.10002}, "PDM log": "{(10, 1, 50): {'shapes': [(3072, 105), (105,), (105, 10), (10,)], 'train_accuracy': 0.10002, 'test_accuracy': 0.1}}", "timing": 54}, "pdm_KL_reg 10": {"Best Result": {"Best Sigma0": 10, "Best sigma": 1, "Best gamma": 50, "Best Test accuracy": 0.1, "Train acc": 0.10004}, "PDM log": "{(10, 1, 50): {'shapes': [(3072, 100), (100,), (100, 10), (10,)], 'train_accuracy': 0.10004, 'test_accuracy': 0.1}}", "timing": 46}, "best_reg": 1}