{"seed": 2, "Data statistics": "{0: {0: 20, 1: 166, 2: 805, 3: 1865, 4: 1297, 5: 1014}, 1: {0: 318, 1: 1068, 2: 10, 3: 177, 4: 73, 5: 25, 6: 630, 7: 719, 8: 206, 9: 1249}, 2: {0: 527, 1: 20, 2: 32, 3: 198, 4: 71, 5: 33, 6: 27, 7: 626, 8: 383, 9: 244}, 3: {0: 271, 1: 1707, 2: 2, 3: 229, 4: 526, 5: 372, 6: 24, 7: 175, 8: 413, 9: 1788}, 4: {0: 930, 1: 357, 2: 340, 3: 268, 4: 2215, 5: 2429}, 5: {0: 226, 1: 83, 2: 2028, 3: 461, 4: 131, 5: 293, 6: 10, 7: 3134}, 6: {0: 39, 1: 1568, 2: 691, 3: 1584, 4: 370, 5: 669, 6: 1506}, 7: {0: 1548, 1: 6, 2: 397, 3: 188, 4: 35, 5: 155, 6: 806, 7: 179, 8: 2216}, 8: {0: 1107, 1: 22, 2: 294, 3: 17, 4: 264, 6: 1214, 7: 8, 8: 749, 9: 929}, 9: {0: 14, 1: 3, 2: 401, 3: 13, 4: 18, 5: 10, 6: 783, 7: 159, 8: 1033, 9: 790}}", "loading time": 24, "local_train_accs": [0.5389974840332882, 0.6274860335195531, 0.5770476631189264, 0.5798075177047394, 0.6468879033491359, 0.6668237511781339, 0.5503345262175199, 0.6547920433996384, 0.5966550825369245, 0.7245657568238213], "local_test_accs": [0.1922, 0.3135, 0.2397, 0.2891, 0.2244, 0.1671, 0.2499, 0.2597, 0.2535, 0.2707], "pdm_KL_reg 0": {"Best Result": {"Best Sigma0": 10, "Best sigma": 1, "Best gamma": 50, "Best Test accuracy": 0.2586, "Train acc": 0.2574}, "PDM log": "{(10, 1, 50): {'shapes': [(3072, 962), (962,), (962, 10), (10,)], 'train_accuracy': 0.2574, 'test_accuracy': 0.2586}}", "timing": 232}, "pdm_KL_reg 0.001": {"Best Result": {"Best Sigma0": 10, "Best sigma": 1, "Best gamma": 50, "Best Test accuracy": 0.2586, "Train acc": 0.2574}, "PDM log": "{(10, 1, 50): {'shapes': [(3072, 962), (962,), (962, 10), (10,)], 'train_accuracy': 0.2574, 'test_accuracy': 0.2586}}", "timing": 522}, "pdm_KL_reg 0.005": {"Best Result": {"Best Sigma0": 10, "Best sigma": 1, "Best gamma": 50, "Best Test accuracy": 0.2586, "Train acc": 0.2574}, "PDM log": "{(10, 1, 50): {'shapes': [(3072, 962), (962,), (962, 10), (10,)], 'train_accuracy': 0.2574, 'test_accuracy': 0.2586}}", "timing": 525}, "pdm_KL_reg 0.01": {"Best Result": {"Best Sigma0": 10, "Best sigma": 1, "Best gamma": 50, "Best Test accuracy": 0.2586, "Train acc": 0.2574}, "PDM log": "{(10, 1, 50): {'shapes': [(3072, 962), (962,), (962, 10), (10,)], 'train_accuracy': 0.2574, 'test_accuracy': 0.2586}}", "timing": 568}, "pdm_KL_reg 0.05": {"Best Result": {"Best Sigma0": 10, "Best sigma": 1, "Best gamma": 50, "Best Test accuracy": 0.2586, "Train acc": 0.2574}, "PDM log": "{(10, 1, 50): {'shapes': [(3072, 960), (960,), (960, 10), (10,)], 'train_accuracy': 0.2574, 'test_accuracy': 0.2586}}", "timing": 549}, "pdm_KL_reg 0.1": {"Best Result": {"Best Sigma0": 10, "Best sigma": 1, "Best gamma": 50, "Best Test accuracy": 0.2586, "Train acc": 0.2574}, "PDM log": "{(10, 1, 50): {'shapes': [(3072, 954), (954,), (954, 10), (10,)], 'train_accuracy': 0.2574, 'test_accuracy': 0.2586}}", "timing": 530}, "pdm_KL_reg 0.5": {"Best Result": {"Best Sigma0": 10, "Best sigma": 1, "Best gamma": 50, "Best Test accuracy": 0.2586, "Train acc": 0.2574}, "PDM log": "{(10, 1, 50): {'shapes': [(3072, 937), (937,), (937, 10), (10,)], 'train_accuracy': 0.2574, 'test_accuracy': 0.2586}}", "timing": 497}, "pdm_KL_reg 1": {"Best Result": {"Best Sigma0": 10, "Best sigma": 1, "Best gamma": 50, "Best Test accuracy": 0.2587, "Train acc": 0.25742}, "PDM log": "{(10, 1, 50): {'shapes': [(3072, 739), (739,), (739, 10), (10,)], 'train_accuracy': 0.25742, 'test_accuracy': 0.2587}}", "timing": 394}, "pdm_KL_reg 2": {"Best Result": {"Best Sigma0": 10, "Best sigma": 1, "Best gamma": 50, "Best Test accuracy": 0.1, "Train acc": 0.1}, "PDM log": "{(10, 1, 50): {'shapes': [(3072, 118), (118,), (118, 10), (10,)], 'train_accuracy': 0.1, 'test_accuracy': 0.1}}", "timing": 66}, "pdm_KL_reg 5": {"Best Result": {"Best Sigma0": 10, "Best sigma": 1, "Best gamma": 50, "Best Test accuracy": 0.1, "Train acc": 0.1}, "PDM log": "{(10, 1, 50): {'shapes': [(3072, 108), (108,), (108, 10), (10,)], 'train_accuracy': 0.1, 'test_accuracy': 0.1}}", "timing": 67}, "pdm_KL_reg 10": {"Best Result": {"Best Sigma0": 10, "Best sigma": 1, "Best gamma": 50, "Best Test accuracy": 0.1, "Train acc": 0.1}, "PDM log": "{(10, 1, 50): {'shapes': [(3072, 100), (100,), (100, 10), (10,)], 'train_accuracy': 0.1, 'test_accuracy': 0.1}}", "timing": 53}, "best_reg": 1}