{"seed": 3, "Data statistics": "{0: {0: 241, 1: 31, 4: 174, 5: 217, 6: 400, 7: 47, 8: 93, 9: 496}, 1: {0: 673, 1: 365, 2: 675, 3: 503, 4: 353}, 2: {0: 283, 1: 31, 2: 20, 3: 1152, 4: 16, 5: 7, 6: 25, 7: 354, 8: 341, 9: 1047}, 3: {0: 5, 1: 65, 2: 285, 3: 21, 4: 126, 5: 177, 6: 24, 7: 283, 8: 547, 9: 17}, 4: {0: 1043, 2: 260, 3: 469, 4: 75, 5: 1772}, 5: {0: 472, 1: 51, 2: 229, 3: 221, 4: 27, 5: 267, 6: 676, 8: 817}, 6: {0: 18, 1: 148, 2: 53, 3: 299, 4: 1, 5: 180, 6: 261, 7: 2, 8: 175, 9: 148}, 7: {0: 911, 1: 73, 2: 331, 3: 349, 4: 25, 5: 630, 6: 168, 7: 884}, 8: {0: 66, 1: 329, 2: 83, 3: 74, 4: 3, 5: 130, 6: 82, 7: 248, 8: 1445, 9: 276}, 9: {0: 4, 1: 77, 2: 55, 3: 112, 4: 81, 5: 47, 6: 768, 7: 200, 8: 408, 9: 35}, 10: {0: 313, 1: 64, 2: 306, 3: 288, 4: 727, 5: 141, 6: 735}, 11: {0: 108, 1: 86, 2: 87, 3: 24, 4: 618, 5: 31, 6: 1039, 7: 185, 8: 221, 9: 67}, 12: {0: 239, 1: 28, 2: 216, 3: 225, 4: 950, 5: 1076}, 13: {0: 16, 1: 928, 2: 416, 3: 476, 4: 24, 5: 148, 6: 488, 7: 195}, 14: {0: 19, 2: 249, 3: 38, 4: 7, 6: 89, 7: 861, 8: 610, 9: 538}, 15: {0: 41, 1: 100, 2: 365, 4: 294, 5: 29, 6: 89, 7: 1070, 9: 907}, 16: {0: 181, 1: 171, 2: 165, 3: 280, 4: 123, 5: 25, 7: 38, 8: 163, 9: 1292}, 17: {0: 92, 1: 2110, 2: 590}, 18: {0: 70, 1: 324, 2: 322, 3: 401, 4: 80, 5: 8, 6: 150, 7: 195, 8: 179, 9: 32}, 19: {0: 205, 1: 19, 2: 293, 3: 68, 4: 1296, 5: 115, 6: 6, 7: 438, 8: 1, 9: 145}}", "local_train_accs": [0.61094761624485, 0.5901128843908136, 0.6721611721611722, 0.587741935483871, 0.6999171041724234, 0.605072463768116, 0.535408560311284, 0.5903292791456541, 0.6736111111111112, 0.6916620033575825, 0.5563325563325563, 0.5884022708840227, 0.6075347476225311, 0.6109253065774805, 0.6847781003732891, 0.6027633851468048, 0.6029532403609515, 0.870702005730659, 0.5082339579784213, 0.6210363495746326], "local_test_accs": [0.2754, 0.2586, 0.2538, 0.2137, 0.1764, 0.2497, 0.2706, 0.267, 0.2457, 0.2457, 0.251, 0.2816, 0.17, 0.2378, 0.2392, 0.1827, 0.2627, 0.1553, 0.2956, 0.2075], "Uniform ensemble (Train acc)": 0.40236, "Uniform ensemble (Test acc)": 0.3952, "pdm_match": {"Best Result": {"Best Sigma0": 10.0, "Best sigma": 0.5, "Best gamma": 1.0, "Best Test accuracy": 0.2662, "Train acc": 0.26712}, "PDM log": "{(1.0, 1.0, 1.0): {'shapes': [(3072, 887), (887,), (887, 10), (10,)], 'train_accuracy': 0.22444, 'test_accuracy': 0.2198}, (10.0, 1.0, 1.0): {'shapes': [(3072, 700), (700,), (700, 10), (10,)], 'train_accuracy': 0.2305, 'test_accuracy': 0.2303}, (1.0, 0.1, 1.0): {'shapes': [(3072, 756), (756,), (756, 10), (10,)], 'train_accuracy': 0.18372, 'test_accuracy': 0.1824}, (10.0, 0.1, 1.0): {'shapes': [(3072, 700), (700,), (700, 10), (10,)], 'train_accuracy': 0.24814, 'test_accuracy': 0.2456}, (1.0, 0.5, 1.0): {'shapes': [(3072, 886), (886,), (886, 10), (10,)], 'train_accuracy': 0.18336, 'test_accuracy': 0.1789}, (10.0, 0.5, 1.0): {'shapes': [(3072, 700), (700,), (700, 10), (10,)], 'train_accuracy': 0.26712, 'test_accuracy': 0.2662}, (1.0, 1.0, 10.0): {'shapes': [(3072, 888), (888,), (888, 10), (10,)], 'train_accuracy': 0.19896, 'test_accuracy': 0.1981}, (10.0, 1.0, 10.0): {'shapes': [(3072, 700), (700,), (700, 10), (10,)], 'train_accuracy': 0.23688, 'test_accuracy': 0.2367}, (1.0, 0.1, 10.0): {'shapes': [(3072, 758), (758,), (758, 10), (10,)], 'train_accuracy': 0.1928, 'test_accuracy': 0.1904}, (10.0, 0.1, 10.0): {'shapes': [(3072, 700), (700,), (700, 10), (10,)], 'train_accuracy': 0.23322, 'test_accuracy': 0.2319}, (1.0, 0.5, 10.0): {'shapes': [(3072, 890), (890,), (890, 10), (10,)], 'train_accuracy': 0.18898, 'test_accuracy': 0.1877}, (10.0, 0.5, 10.0): {'shapes': [(3072, 700), (700,), (700, 10), (10,)], 'train_accuracy': 0.2572, 'test_accuracy': 0.257}, (1.0, 1.0, 50.0): {'shapes': [(3072, 887), (887,), (887, 10), (10,)], 'train_accuracy': 0.21064, 'test_accuracy': 0.2071}, (10.0, 1.0, 50.0): {'shapes': [(3072, 700), (700,), (700, 10), (10,)], 'train_accuracy': 0.2443, 'test_accuracy': 0.2433}, (1.0, 0.1, 50.0): {'shapes': [(3072, 754), (754,), (754, 10), (10,)], 'train_accuracy': 0.21556, 'test_accuracy': 0.2116}, (10.0, 0.1, 50.0): {'shapes': [(3072, 700), (700,), (700, 10), (10,)], 'train_accuracy': 0.2326, 'test_accuracy': 0.2304}, (1.0, 0.5, 50.0): {'shapes': [(3072, 888), (888,), (888, 10), (10,)], 'train_accuracy': 0.199, 'test_accuracy': 0.197}, (10.0, 0.5, 50.0): {'shapes': [(3072, 700), (700,), (700, 10), (10,)], 'train_accuracy': 0.23704, 'test_accuracy': 0.2371}}"}, "pdm_KL_match": {"Best Result": {"Best Sigma0": 1.0, "Best sigma": 0.5, "Best gamma": 10.0, "Best Test accuracy": 0.2348, "Train acc": 0.23596}, "PDM log": "{(1.0, 1.0, 1.0): {'shapes': [(3072, 342), (342,), (342, 10), (10,)], 'train_accuracy': 0.22156, 'test_accuracy': 0.221}, (10.0, 1.0, 1.0): {'shapes': [(3072, 100), (100,), (100, 10), (10,)], 'train_accuracy': 0.2034, 'test_accuracy': 0.2019}, (1.0, 0.1, 1.0): {'shapes': [(3072, 708), (708,), (708, 10), (10,)], 'train_accuracy': 0.19144, 'test_accuracy': 0.1917}, (10.0, 0.1, 1.0): {'shapes': [(3072, 506), (506,), (506, 10), (10,)], 'train_accuracy': 0.21996, 'test_accuracy': 0.2176}, (1.0, 0.5, 1.0): {'shapes': [(3072, 744), (744,), (744, 10), (10,)], 'train_accuracy': 0.2071, 'test_accuracy': 0.2078}, (10.0, 0.5, 1.0): {'shapes': [(3072, 108), (108,), (108, 10), (10,)], 'train_accuracy': 0.18756, 'test_accuracy': 0.1883}, (1.0, 1.0, 10.0): {'shapes': [(3072, 862), (862,), (862, 10), (10,)], 'train_accuracy': 0.20056, 'test_accuracy': 0.1986}, (10.0, 1.0, 10.0): {'shapes': [(3072, 329), (329,), (329, 10), (10,)], 'train_accuracy': 0.21456, 'test_accuracy': 0.2105}, (1.0, 0.1, 10.0): {'shapes': [(3072, 847), (847,), (847, 10), (10,)], 'train_accuracy': 0.20814, 'test_accuracy': 0.2084}, (10.0, 0.1, 10.0): {'shapes': [(3072, 731), (731,), (731, 10), (10,)], 'train_accuracy': 0.19808, 'test_accuracy': 0.1969}, (1.0, 0.5, 10.0): {'shapes': [(3072, 890), (890,), (890, 10), (10,)], 'train_accuracy': 0.23596, 'test_accuracy': 0.2348}, (10.0, 0.5, 10.0): {'shapes': [(3072, 363), (363,), (363, 10), (10,)], 'train_accuracy': 0.19032, 'test_accuracy': 0.1901}, (1.0, 1.0, 50.0): {'shapes': [(3072, 900), (900,), (900, 10), (10,)], 'train_accuracy': 0.20994, 'test_accuracy': 0.2106}, (10.0, 1.0, 50.0): {'shapes': [(3072, 794), (794,), (794, 10), (10,)], 'train_accuracy': 0.2018, 'test_accuracy': 0.2003}, (1.0, 0.1, 50.0): {'shapes': [(3072, 868), (868,), (868, 10), (10,)], 'train_accuracy': 0.2002, 'test_accuracy': 0.1999}, (10.0, 0.1, 50.0): {'shapes': [(3072, 809), (809,), (809, 10), (10,)], 'train_accuracy': 0.20334, 'test_accuracy': 0.1995}, (1.0, 0.5, 50.0): {'shapes': [(3072, 903), (903,), (903, 10), (10,)], 'train_accuracy': 0.21356, 'test_accuracy': 0.216}, (10.0, 0.5, 50.0): {'shapes': [(3072, 797), (797,), (797, 10), (10,)], 'train_accuracy': 0.21764, 'test_accuracy': 0.2152}}"}, "pdm_KL2_match": {}}