{"seed": 4, "Data statistics": "{0: {0: 493, 1: 510, 2: 503, 3: 481, 4: 493, 5: 486, 6: 511, 7: 523, 8: 478, 9: 522}, 1: {0: 540, 1: 517, 2: 471, 3: 504, 4: 472, 5: 518, 6: 509, 7: 490, 8: 482, 9: 497}, 2: {0: 488, 1: 490, 2: 482, 3: 472, 4: 540, 5: 512, 6: 512, 7: 501, 8: 519, 9: 484}, 3: {0: 532, 1: 502, 2: 528, 3: 484, 4: 490, 5: 477, 6: 569, 7: 488, 8: 466, 9: 464}, 4: {0: 475, 1: 525, 2: 514, 3: 524, 4: 516, 5: 509, 6: 467, 7: 494, 8: 487, 9: 489}, 5: {0: 512, 1: 476, 2: 518, 3: 534, 4: 464, 5: 516, 6: 458, 7: 488, 8: 538, 9: 496}, 6: {0: 471, 1: 503, 2: 487, 3: 516, 4: 493, 5: 509, 6: 500, 7: 508, 8: 497, 9: 516}, 7: {0: 518, 1: 472, 2: 488, 3: 487, 4: 525, 5: 494, 6: 479, 7: 506, 8: 501, 9: 530}, 8: {0: 494, 1: 497, 2: 489, 3: 491, 4: 514, 5: 507, 6: 476, 7: 519, 8: 524, 9: 489}, 9: {0: 477, 1: 508, 2: 520, 3: 507, 4: 493, 5: 472, 6: 519, 7: 483, 8: 508, 9: 513}}", "loading time": 212, "local_train_accs": [0.2006, 0.1904, 0.1996, 0.2084, 0.2518, 0.191, 0.2528, 0.1802, 0.204, 0.2022], "local_test_accs": [0.1947, 0.1951, 0.1938, 0.1959, 0.2412, 0.1831, 0.2424, 0.1777, 0.2075, 0.1915], "Uniform ensemble (Train acc)": 0.26116, "Uniform ensemble (Test acc)": 0.2549, "FedAvg (Train acc)": 0.1, "FedAvg (Test acc)": 0.1, "pdm_KL_reg 0": {"Best Result": {"Best Sigma0": 0.5, "Best sigma": 1, "Best gamma": 10, "Best Test accuracy": 0.1188, "Train acc": 0.11886}, "PDM log": "{(0.5, 1, 10): {'shapes': [(3072, 252), (252,), (252, 118), (118,), (118, 127), (127,), (127, 118), (118,), (118, 118), (118,), (118, 10), (10,)], 'train_accuracy': 0.11886, 'test_accuracy': 0.1188}}", "timing": 922}, "pdm_KL_reg 0.001": {"Best Result": {"Best Sigma0": 0.5, "Best sigma": 1, "Best gamma": 10, "Best Test accuracy": 0.1076, "Train acc": 0.10934}, "PDM log": "{(0.5, 1, 10): {'shapes': [(3072, 245), (245,), (245, 118), (118,), (118, 118), (118,), (118, 118), (118,), (118, 118), (118,), (118, 10), (10,)], 'train_accuracy': 0.10934, 'test_accuracy': 0.1076}}", "timing": 1756}, "pdm_KL_reg 0.005": {"Best Result": {"Best Sigma0": 0.5, "Best sigma": 1, "Best gamma": 10, "Best Test accuracy": 0.1244, "Train acc": 0.12102}, "PDM log": "{(0.5, 1, 10): {'shapes': [(3072, 250), (250,), (250, 127), (127,), (127, 118), (118,), (118, 118), (118,), (118, 118), (118,), (118, 10), (10,)], 'train_accuracy': 0.12102, 'test_accuracy': 0.1244}}", "timing": 1421}, "pdm_KL_reg 0.01": {"Best Result": {"Best Sigma0": 0.5, "Best sigma": 1, "Best gamma": 10, "Best Test accuracy": 0.1086, "Train acc": 0.11098}, "PDM log": "{(0.5, 1, 10): {'shapes': [(3072, 249), (249,), (249, 118), (118,), (118, 127), (127,), (127, 118), (118,), (118, 118), (118,), (118, 10), (10,)], 'train_accuracy': 0.11098, 'test_accuracy': 0.1086}}", "timing": 1752}, "pdm_KL_reg 0.05": {"Best Result": {"Best Sigma0": 0.5, "Best sigma": 1, "Best gamma": 10, "Best Test accuracy": 0.1104, "Train acc": 0.10782}, "PDM log": "{(0.5, 1, 10): {'shapes': [(3072, 252), (252,), (252, 118), (118,), (118, 118), (118,), (118, 118), (118,), (118, 118), (118,), (118, 10), (10,)], 'train_accuracy': 0.10782, 'test_accuracy': 0.1104}}", "timing": 1682}, "pdm_KL_reg 0.1": {"Best Result": {"Best Sigma0": 0.5, "Best sigma": 1, "Best gamma": 10, "Best Test accuracy": 0.1119, "Train acc": 0.10828}, "PDM log": "{(0.5, 1, 10): {'shapes': [(3072, 252), (252,), (252, 118), (118,), (118, 127), (127,), (127, 118), (118,), (118, 118), (118,), (118, 10), (10,)], 'train_accuracy': 0.10828, 'test_accuracy': 0.1119}}", "timing": 1763}, "pdm_KL_reg 0.5": {"Best Result": {"Best Sigma0": 0.5, "Best sigma": 1, "Best gamma": 10, "Best Test accuracy": 0.1215, "Train acc": 0.11616}, "PDM log": "{(0.5, 1, 10): {'shapes': [(3072, 316), (316,), (316, 118), (118,), (118, 118), (118,), (118, 118), (118,), (118, 118), (118,), (118, 10), (10,)], 'train_accuracy': 0.11616, 'test_accuracy': 0.1215}}", "timing": 1932}, "pdm_KL_reg 1": {"Best Result": {"Best Sigma0": 0.5, "Best sigma": 1, "Best gamma": 10, "Best Test accuracy": 0.1036, "Train acc": 0.104}, "PDM log": "{(0.5, 1, 10): {'shapes': [(3072, 484), (484,), (484, 127), (127,), (127, 127), (127,), (127, 127), (127,), (127, 118), (118,), (118, 10), (10,)], 'train_accuracy': 0.104, 'test_accuracy': 0.1036}}", "timing": 2793}, "pdm_KL_reg 2": {"Best Result": {"Best Sigma0": 0.5, "Best sigma": 1, "Best gamma": 10, "Best Test accuracy": 0.1, "Train acc": 0.1}, "PDM log": "{(0.5, 1, 10): {'shapes': [(3072, 609), (609,), (609, 127), (127,), (127, 127), (127,), (127, 127), (127,), (127, 127), (127,), (127, 10), (10,)], 'train_accuracy': 0.1, 'test_accuracy': 0.1}}", "timing": 3088}, "pdm_KL_reg 5": {"Best Result": {"Best Sigma0": 0.5, "Best sigma": 1, "Best gamma": 10, "Best Test accuracy": 0.1, "Train acc": 0.1}, "PDM log": "{(0.5, 1, 10): {'shapes': [(3072, 611), (611,), (611, 127), (127,), (127, 127), (127,), (127, 127), (127,), (127, 118), (118,), (118, 10), (10,)], 'train_accuracy': 0.1, 'test_accuracy': 0.1}}", "timing": 3249}, "pdm_KL_reg 10": {"Best Result": {"Best Sigma0": 0.5, "Best sigma": 1, "Best gamma": 10, "Best Test accuracy": 0.1, "Train acc": 0.1}, "PDM log": "{(0.5, 1, 10): {'shapes': [(3072, 636), (636,), (636, 136), (136,), (136, 136), (136,), (136, 136), (136,), (136, 118), (118,), (118, 10), (10,)], 'train_accuracy': 0.1, 'test_accuracy': 0.1}}", "timing": 3190}, "best_reg": 0.005}