{"seed": 7, "Data statistics": "{0: {0: 482, 1: 521, 2: 535, 3: 522, 4: 467, 5: 501, 6: 526, 7: 471, 8: 489, 9: 486}, 1: {0: 527, 1: 478, 2: 478, 3: 525, 4: 507, 5: 463, 6: 507, 7: 499, 8: 520, 9: 496}, 2: {0: 489, 1: 470, 2: 493, 3: 474, 4: 505, 5: 539, 6: 476, 7: 516, 8: 519, 9: 519}, 3: {0: 489, 1: 489, 2: 485, 3: 519, 4: 474, 5: 505, 6: 483, 7: 517, 8: 515, 9: 524}, 4: {0: 516, 1: 492, 2: 514, 3: 501, 4: 490, 5: 513, 6: 497, 7: 486, 8: 500, 9: 491}, 5: {0: 507, 1: 511, 2: 508, 3: 489, 4: 512, 5: 491, 6: 462, 7: 498, 8: 503, 9: 519}, 6: {0: 487, 1: 497, 2: 481, 3: 477, 4: 494, 5: 531, 6: 534, 7: 484, 8: 539, 9: 476}, 7: {0: 512, 1: 497, 2: 493, 3: 496, 4: 537, 5: 462, 6: 510, 7: 562, 8: 460, 9: 471}, 8: {0: 527, 1: 536, 2: 509, 3: 474, 4: 504, 5: 500, 6: 486, 7: 464, 8: 468, 9: 532}, 9: {0: 464, 1: 509, 2: 504, 3: 523, 4: 510, 5: 495, 6: 519, 7: 503, 8: 487, 9: 486}}", "loading time": 253, "local_train_accs": [0.2408, 0.2142, 0.1928, 0.206, 0.185, 0.1014, 0.255, 0.1888, 0.2032, 0.239], "local_test_accs": [0.2346, 0.208, 0.1953, 0.1998, 0.1791, 0.1, 0.2381, 0.1877, 0.1985, 0.2383], "Uniform ensemble (Train acc)": 0.26458, "Uniform ensemble (Test acc)": 0.2644, "FedAvg (Train acc)": 0.1, "FedAvg (Test acc)": 0.1, "pdm_KL_reg 0": {"Best Result": {"Best Sigma0": 0.5, "Best sigma": 1, "Best gamma": 10, "Best Test accuracy": 0.1016, "Train acc": 0.10092}, "PDM log": "{(0.5, 1, 10): {'shapes': [(3072, 255), (255,), (255, 127), (127,), (127, 118), (118,), (118, 118), (118,), (118, 118), (118,), (118, 10), (10,)], 'train_accuracy': 0.10092, 'test_accuracy': 0.1016}}", "timing": 976}, "pdm_KL_reg 0.001": {"Best Result": {"Best Sigma0": 0.5, "Best sigma": 1, "Best gamma": 10, "Best Test accuracy": 0.1147, "Train acc": 0.11264}, "PDM log": "{(0.5, 1, 10): {'shapes': [(3072, 253), (253,), (253, 118), (118,), (118, 118), (118,), (118, 118), (118,), (118, 118), (118,), (118, 10), (10,)], 'train_accuracy': 0.11264, 'test_accuracy': 0.1147}}", "timing": 1663}, "pdm_KL_reg 0.005": {"Best Result": {"Best Sigma0": 0.5, "Best sigma": 1, "Best gamma": 10, "Best Test accuracy": 0.1027, "Train acc": 0.10194}, "PDM log": "{(0.5, 1, 10): {'shapes': [(3072, 260), (260,), (260, 118), (118,), (118, 127), (127,), (127, 118), (118,), (118, 118), (118,), (118, 10), (10,)], 'train_accuracy': 0.10194, 'test_accuracy': 0.1027}}", "timing": 1791}, "pdm_KL_reg 0.01": {"Best Result": {"Best Sigma0": 0.5, "Best sigma": 1, "Best gamma": 10, "Best Test accuracy": 0.1088, "Train acc": 0.10784}, "PDM log": "{(0.5, 1, 10): {'shapes': [(3072, 254), (254,), (254, 118), (118,), (118, 127), (127,), (127, 118), (118,), (118, 118), (118,), (118, 10), (10,)], 'train_accuracy': 0.10784, 'test_accuracy': 0.1088}}", "timing": 1582}, "pdm_KL_reg 0.05": {"Best Result": {"Best Sigma0": 0.5, "Best sigma": 1, "Best gamma": 10, "Best Test accuracy": 0.1028, "Train acc": 0.10256}, "PDM log": "{(0.5, 1, 10): {'shapes': [(3072, 257), (257,), (257, 127), (127,), (127, 127), (127,), (127, 118), (118,), (118, 118), (118,), (118, 10), (10,)], 'train_accuracy': 0.10256, 'test_accuracy': 0.1028}}", "timing": 1622}, "pdm_KL_reg 0.1": {"Best Result": {"Best Sigma0": 0.5, "Best sigma": 1, "Best gamma": 10, "Best Test accuracy": 0.104, "Train acc": 0.10336}, "PDM log": "{(0.5, 1, 10): {'shapes': [(3072, 269), (269,), (269, 118), (118,), (118, 118), (118,), (118, 118), (118,), (118, 118), (118,), (118, 10), (10,)], 'train_accuracy': 0.10336, 'test_accuracy': 0.104}}", "timing": 1674}, "pdm_KL_reg 0.5": {"Best Result": {"Best Sigma0": 0.5, "Best sigma": 1, "Best gamma": 10, "Best Test accuracy": 0.1286, "Train acc": 0.12612}, "PDM log": "{(0.5, 1, 10): {'shapes': [(3072, 320), (320,), (320, 127), (127,), (127, 127), (127,), (127, 118), (118,), (118, 118), (118,), (118, 10), (10,)], 'train_accuracy': 0.12612, 'test_accuracy': 0.1286}}", "timing": 1832}, "pdm_KL_reg 1": {"Best Result": {"Best Sigma0": 0.5, "Best sigma": 1, "Best gamma": 10, "Best Test accuracy": 0.1, "Train acc": 0.10006}, "PDM log": "{(0.5, 1, 10): {'shapes': [(3072, 496), (496,), (496, 127), (127,), (127, 127), (127,), (127, 127), (127,), (127, 118), (118,), (118, 10), (10,)], 'train_accuracy': 0.10006, 'test_accuracy': 0.1}}", "timing": 2647}, "pdm_KL_reg 2": {"Best Result": {"Best Sigma0": 0.5, "Best sigma": 1, "Best gamma": 10, "Best Test accuracy": 0.1, "Train acc": 0.1}, "PDM log": "{(0.5, 1, 10): {'shapes': [(3072, 603), (603,), (603, 127), (127,), (127, 127), (127,), (127, 127), (127,), (127, 127), (127,), (127, 10), (10,)], 'train_accuracy': 0.1, 'test_accuracy': 0.1}}", "timing": 2938}, "pdm_KL_reg 5": {"Best Result": {"Best Sigma0": 0.5, "Best sigma": 1, "Best gamma": 10, "Best Test accuracy": 0.1, "Train acc": 0.1}, "PDM log": "{(0.5, 1, 10): {'shapes': [(3072, 591), (591,), (591, 136), (136,), (136, 127), (127,), (127, 136), (136,), (136, 118), (118,), (118, 10), (10,)], 'train_accuracy': 0.1, 'test_accuracy': 0.1}}", "timing": 2924}, "pdm_KL_reg 10": {"Best Result": {"Best Sigma0": 0.5, "Best sigma": 1, "Best gamma": 10, "Best Test accuracy": 0.1, "Train acc": 0.1}, "PDM log": "{(0.5, 1, 10): {'shapes': [(3072, 622), (622,), (622, 127), (127,), (127, 127), (127,), (127, 136), (136,), (136, 127), (127,), (127, 10), (10,)], 'train_accuracy': 0.1, 'test_accuracy': 0.1}}", "timing": 3081}, "best_reg": 0.5}