{"seed": 9, "Data statistics": "{0: {0: 490, 1: 482, 2: 496, 3: 501, 4: 516, 5: 513, 6: 508, 7: 486, 8: 504, 9: 504}, 1: {0: 513, 1: 502, 2: 507, 3: 476, 4: 496, 5: 476, 6: 494, 7: 502, 8: 507, 9: 527}, 2: {0: 522, 1: 476, 2: 517, 3: 485, 4: 499, 5: 500, 6: 520, 7: 481, 8: 499, 9: 501}, 3: {0: 496, 1: 502, 2: 519, 3: 490, 4: 472, 5: 502, 6: 500, 7: 536, 8: 496, 9: 487}, 4: {0: 507, 1: 522, 2: 514, 3: 506, 4: 531, 5: 481, 6: 497, 7: 507, 8: 465, 9: 470}, 5: {0: 497, 1: 510, 2: 499, 3: 467, 4: 539, 5: 520, 6: 494, 7: 468, 8: 484, 9: 522}, 6: {0: 478, 1: 569, 2: 478, 3: 535, 4: 485, 5: 492, 6: 487, 7: 498, 8: 510, 9: 468}, 7: {0: 486, 1: 459, 2: 494, 3: 516, 4: 492, 5: 497, 6: 510, 7: 517, 8: 524, 9: 505}, 8: {0: 511, 1: 495, 2: 478, 3: 538, 4: 463, 5: 513, 6: 470, 7: 511, 8: 499, 9: 522}, 9: {0: 500, 1: 483, 2: 498, 3: 486, 4: 507, 5: 506, 6: 520, 7: 494, 8: 512, 9: 494}}", "local_train_accs": [0.4332, 0.4202, 0.4216, 0.4224, 0.3974, 0.4306, 0.4358, 0.446, 0.427, 0.4358], "local_test_accs": [0.3874, 0.3524, 0.3517, 0.3606, 0.3391, 0.3561, 0.3742, 0.3836, 0.3662, 0.3744], "pdm_match": {}, "pdm_KL_match": {}, "pdm_KL2_match": {"Best Result": {"Best Sigma0": 1.0, "Best sigma": 1.0, "Best gamma": 10.0, "Best Test accuracy": 0.4163, "Train acc": 0.42168}, "PDM log": "{(1.0, 1.0, 1.0): {'shapes': [(3072, 280), (280,), (280, 10), (10,)], 'train_accuracy': 0.41166, 'test_accuracy': 0.4084}, (10.0, 1.0, 1.0): {'shapes': [(3072, 118), (118,), (118, 10), (10,)], 'train_accuracy': 0.22708, 'test_accuracy': 0.2235}, (1.0, 0.1, 1.0): {'shapes': [(3072, 700), (700,), (700, 10), (10,)], 'train_accuracy': 0.42126, 'test_accuracy': 0.4169}, (10.0, 0.1, 1.0): {'shapes': [(3072, 127), (127,), (127, 10), (10,)], 'train_accuracy': 0.26392, 'test_accuracy': 0.2596}, (1.0, 0.5, 1.0): {'shapes': [(3072, 700), (700,), (700, 10), (10,)], 'train_accuracy': 0.4215, 'test_accuracy': 0.4161}, (10.0, 0.5, 1.0): {'shapes': [(3072, 118), (118,), (118, 10), (10,)], 'train_accuracy': 0.24014, 'test_accuracy': 0.2348}, (1.0, 1.0, 10.0): {'shapes': [(3072, 700), (700,), (700, 10), (10,)], 'train_accuracy': 0.42168, 'test_accuracy': 0.4163}, (10.0, 1.0, 10.0): {'shapes': [(3072, 271), (271,), (271, 10), (10,)], 'train_accuracy': 0.40812, 'test_accuracy': 0.4068}, (1.0, 0.1, 10.0): {'shapes': [(3072, 700), (700,), (700, 10), (10,)], 'train_accuracy': 0.421, 'test_accuracy': 0.4174}, (10.0, 0.1, 10.0): {'shapes': [(3072, 352), (352,), (352, 10), (10,)], 'train_accuracy': 0.41852, 'test_accuracy': 0.4139}, (1.0, 0.5, 10.0): {'shapes': [(3072, 700), (700,), (700, 10), (10,)], 'train_accuracy': 0.4216, 'test_accuracy': 0.4162}, (10.0, 0.5, 10.0): {'shapes': [(3072, 307), (307,), (307, 10), (10,)], 'train_accuracy': 0.41528, 'test_accuracy': 0.4115}, (1.0, 1.0, 50.0): {'shapes': [(3072, 700), (700,), (700, 10), (10,)], 'train_accuracy': 0.4216, 'test_accuracy': 0.4164}, (10.0, 1.0, 50.0): {'shapes': [(3072, 487), (487,), (487, 10), (10,)], 'train_accuracy': 0.4203, 'test_accuracy': 0.4135}, (1.0, 0.1, 50.0): {'shapes': [(3072, 700), (700,), (700, 10), (10,)], 'train_accuracy': 0.42054, 'test_accuracy': 0.4169}, (10.0, 0.1, 50.0): {'shapes': [(3072, 451), (451,), (451, 10), (10,)], 'train_accuracy': 0.41974, 'test_accuracy': 0.4141}, (1.0, 0.5, 50.0): {'shapes': [(3072, 700), (700,), (700, 10), (10,)], 'train_accuracy': 0.42084, 'test_accuracy': 0.4177}, (10.0, 0.5, 50.0): {'shapes': [(3072, 487), (487,), (487, 10), (10,)], 'train_accuracy': 0.42024, 'test_accuracy': 0.4134}}"}}