{"seed": 8, "Data statistics": "{0: {0: 518, 1: 496, 2: 490, 3: 514, 4: 513, 5: 507, 6: 510, 7: 462, 8: 461, 9: 529}, 1: {0: 522, 1: 510, 2: 503, 3: 490, 4: 501, 5: 481, 6: 522, 7: 496, 8: 471, 9: 504}, 2: {0: 475, 1: 498, 2: 474, 3: 476, 4: 493, 5: 531, 6: 504, 7: 508, 8: 526, 9: 515}, 3: {0: 491, 1: 516, 2: 505, 3: 501, 4: 508, 5: 499, 6: 480, 7: 486, 8: 519, 9: 495}, 4: {0: 501, 1: 463, 2: 496, 3: 496, 4: 519, 5: 487, 6: 482, 7: 543, 8: 536, 9: 477}, 5: {0: 475, 1: 502, 2: 493, 3: 483, 4: 512, 5: 511, 6: 521, 7: 468, 8: 501, 9: 534}, 6: {0: 492, 1: 517, 2: 530, 3: 502, 4: 509, 5: 480, 6: 493, 7: 488, 8: 499, 9: 490}, 7: {0: 486, 1: 501, 2: 518, 3: 524, 4: 484, 5: 491, 6: 489, 7: 507, 8: 530, 9: 470}, 8: {0: 509, 1: 511, 2: 467, 3: 503, 4: 495, 5: 509, 6: 513, 7: 516, 8: 465, 9: 512}, 9: {0: 531, 1: 486, 2: 524, 3: 511, 4: 466, 5: 504, 6: 486, 7: 526, 8: 492, 9: 474}}", "local_train_accs": [0.411, 0.4308, 0.4468, 0.4252, 0.4058, 0.4292, 0.4244, 0.4418, 0.3868, 0.4248], "local_test_accs": [0.352, 0.3641, 0.3745, 0.3625, 0.3471, 0.3661, 0.3692, 0.3735, 0.3318, 0.3618], "pdm_match": {}, "pdm_KL_match": {}, "pdm_KL2_match": {"Best Result": {"Best Sigma0": 1.0, "Best sigma": 0.1, "Best gamma": 10.0, "Best Test accuracy": 0.4145, "Train acc": 0.416}, "PDM log": "{(1.0, 1.0, 1.0): {'shapes': [(3072, 271), (271,), (271, 10), (10,)], 'train_accuracy': 0.4076, 'test_accuracy': 0.4047}, (10.0, 1.0, 1.0): {'shapes': [(3072, 118), (118,), (118, 10), (10,)], 'train_accuracy': 0.28594, 'test_accuracy': 0.2868}, (1.0, 0.1, 1.0): {'shapes': [(3072, 700), (700,), (700, 10), (10,)], 'train_accuracy': 0.41078, 'test_accuracy': 0.408}, (10.0, 0.1, 1.0): {'shapes': [(3072, 127), (127,), (127, 10), (10,)], 'train_accuracy': 0.28702, 'test_accuracy': 0.2851}, (1.0, 0.5, 1.0): {'shapes': [(3072, 700), (700,), (700, 10), (10,)], 'train_accuracy': 0.41116, 'test_accuracy': 0.4078}, (10.0, 0.5, 1.0): {'shapes': [(3072, 118), (118,), (118, 10), (10,)], 'train_accuracy': 0.28396, 'test_accuracy': 0.2861}, (1.0, 1.0, 10.0): {'shapes': [(3072, 685), (685,), (685, 10), (10,)], 'train_accuracy': 0.41116, 'test_accuracy': 0.4089}, (10.0, 1.0, 10.0): {'shapes': [(3072, 271), (271,), (271, 10), (10,)], 'train_accuracy': 0.4026, 'test_accuracy': 0.3988}, (1.0, 0.1, 10.0): {'shapes': [(3072, 700), (700,), (700, 10), (10,)], 'train_accuracy': 0.416, 'test_accuracy': 0.4145}, (10.0, 0.1, 10.0): {'shapes': [(3072, 352), (352,), (352, 10), (10,)], 'train_accuracy': 0.41238, 'test_accuracy': 0.4074}, (1.0, 0.5, 10.0): {'shapes': [(3072, 700), (700,), (700, 10), (10,)], 'train_accuracy': 0.41248, 'test_accuracy': 0.4092}, (10.0, 0.5, 10.0): {'shapes': [(3072, 307), (307,), (307, 10), (10,)], 'train_accuracy': 0.41422, 'test_accuracy': 0.4111}, (1.0, 1.0, 50.0): {'shapes': [(3072, 700), (700,), (700, 10), (10,)], 'train_accuracy': 0.41118, 'test_accuracy': 0.4089}, (10.0, 1.0, 50.0): {'shapes': [(3072, 478), (478,), (478, 10), (10,)], 'train_accuracy': 0.40938, 'test_accuracy': 0.4069}, (1.0, 0.1, 50.0): {'shapes': [(3072, 700), (700,), (700, 10), (10,)], 'train_accuracy': 0.41372, 'test_accuracy': 0.4108}, (10.0, 0.1, 50.0): {'shapes': [(3072, 532), (532,), (532, 10), (10,)], 'train_accuracy': 0.41046, 'test_accuracy': 0.4072}, (1.0, 0.5, 50.0): {'shapes': [(3072, 700), (700,), (700, 10), (10,)], 'train_accuracy': 0.41562, 'test_accuracy': 0.4142}, (10.0, 0.5, 50.0): {'shapes': [(3072, 532), (532,), (532, 10), (10,)], 'train_accuracy': 0.41034, 'test_accuracy': 0.4073}}"}}