{"seed": 3, "Data statistics": "{0: {0: 218, 1: 125, 2: 68, 3: 201, 4: 264, 5: 54, 6: 116, 7: 56, 8: 476}, 1: {0: 23, 1: 1, 2: 365, 3: 116, 4: 52, 5: 519, 6: 1, 7: 121, 8: 9, 9: 51}, 2: {0: 3, 1: 567, 2: 1539}, 3: {0: 27, 1: 86, 2: 1, 3: 136, 4: 125, 5: 182, 6: 467, 7: 427, 8: 37, 9: 221}, 4: {0: 125, 1: 139, 2: 44, 4: 158, 5: 487, 6: 208, 7: 86, 8: 443, 9: 1054}, 5: {0: 1831, 1: 43, 2: 494}, 6: {0: 741, 1: 1247, 2: 32}, 7: {0: 12, 4: 82, 5: 148, 6: 10, 7: 22, 8: 48, 9: 1428}, 8: {0: 47, 1: 4, 2: 36, 3: 887, 4: 218, 5: 262, 6: 124, 7: 5, 8: 315, 9: 890}, 9: {0: 88, 1: 632, 2: 1, 3: 495, 4: 5, 5: 430, 6: 1, 7: 216, 8: 211}, 10: {0: 159, 1: 234, 2: 856, 3: 958}, 11: {0: 12, 1: 51, 2: 136, 3: 13, 4: 40, 5: 165, 6: 33, 7: 176, 8: 6, 9: 33}, 12: {0: 57, 2: 1, 3: 37, 4: 443, 6: 11, 7: 118, 8: 197, 9: 46}, 13: {0: 223, 1: 42, 4: 305, 5: 2, 6: 451, 7: 830, 9: 464}, 14: {0: 338, 1: 15, 3: 30, 4: 39, 5: 333, 6: 4, 7: 30, 8: 12, 9: 90}, 15: {0: 253, 1: 539, 2: 13, 3: 50, 4: 266, 5: 129, 6: 12, 8: 158, 9: 270}, 16: {0: 6, 2: 19, 3: 1124, 4: 676, 5: 26, 6: 283}, 17: {0: 1, 1: 33, 2: 73, 3: 19, 4: 445, 5: 4, 6: 1461}, 18: {0: 130, 1: 232, 2: 222, 3: 136, 4: 187, 5: 118, 6: 132, 7: 1596}, 19: {0: 16, 1: 285, 2: 20, 3: 177, 4: 98, 5: 169, 6: 588, 7: 166, 8: 2028}, 20: {0: 58, 1: 179, 2: 358, 3: 13, 4: 266, 5: 182, 6: 666, 7: 265, 8: 60}, 21: {0: 12, 1: 199, 2: 134, 3: 293, 4: 736, 5: 4, 6: 239, 7: 195, 8: 89, 9: 15}, 22: {0: 609, 1: 398, 2: 33, 3: 191, 5: 43, 6: 483, 7: 93, 8: 810}, 23: {0: 287, 1: 395, 2: 299, 3: 164, 4: 336, 5: 345, 6: 19, 7: 160}, 24: {0: 7, 1: 28, 2: 167, 3: 219, 4: 633, 5: 183, 6: 170, 7: 33, 8: 379, 9: 208}, 25: {0: 121, 1: 558, 2: 205, 3: 631, 5: 108, 6: 41, 7: 216, 8: 110, 9: 35}, 26: {0: 17, 1: 154, 2: 5, 3: 39, 4: 96, 5: 824, 6: 72, 7: 185, 8: 265, 9: 430}, 27: {0: 43, 1: 58, 2: 696, 3: 186, 4: 61, 5: 525, 6: 14, 7: 1152}, 28: {0: 72, 1: 8, 2: 96, 3: 3, 4: 122, 5: 48, 6: 13, 7: 69, 8: 5, 9: 442}, 29: {0: 387, 1: 490, 2: 45, 3: 13, 4: 189, 5: 131, 6: 299, 7: 48, 8: 193, 9: 272}}", "loading time": 44, "local_train_accs": [1.0, 1.0, 1.0, 1.0, 1.0, 1.0, 1.0, 1.0, 0.9978479196556671, 1.0, 0.9990937924784775, 1.0, 1.0, 1.0, 1.0, 1.0, 1.0, 1.0, 1.0, 0.9971807160981111, 1.0, 0.9963465553235908, 1.0, 1.0, 1.0, 1.0, 0.9980833732630571, 0.9959780621572212, 1.0, 0.9980648282535075], "local_test_accs": [0.8208, 0.6807, 0.2393, 0.8166, 0.8219, 0.304, 0.2945, 0.5458, 0.737, 0.6182, 0.4072, 0.79, 0.5819, 0.59, 0.6933, 0.7494, 0.458, 0.482, 0.756, 0.7622, 0.7973, 0.7458, 0.7187, 0.7459, 0.8701, 0.8229, 0.7813, 0.6965, 0.7215, 0.8342], "pdm_KL_reg 0": {"Best Result": {"Best Sigma0": 3, "Best sigma": 0.9, "Best gamma": 1, "Best Test accuracy": 0.8908, "Train acc": 0.8885}, "PDM log": "{(3, 0.9, 1): {'shapes': [(784, 802), (802,), (802, 10), (10,)], 'train_accuracy': 0.8885, 'test_accuracy': 0.8908}}", "timing": 397}, "pdm_KL_reg 0.001": {"Best Result": {"Best Sigma0": 3, "Best sigma": 0.9, "Best gamma": 1, "Best Test accuracy": 0.8991, "Train acc": 0.8971666666666667}, "PDM log": "{(3, 0.9, 1): {'shapes': [(784, 797), (797,), (797, 10), (10,)], 'train_accuracy': 0.8971666666666667, 'test_accuracy': 0.8991}}", "timing": 895}, "pdm_KL_reg 0.005": {"Best Result": {"Best Sigma0": 3, "Best sigma": 0.9, "Best gamma": 1, "Best Test accuracy": 0.8907, "Train acc": 0.8897}, "PDM log": "{(3, 0.9, 1): {'shapes': [(784, 788), (788,), (788, 10), (10,)], 'train_accuracy': 0.8897, 'test_accuracy': 0.8907}}", "timing": 833}, "pdm_KL_reg 0.01": {"Best Result": {"Best Sigma0": 3, "Best sigma": 0.9, "Best gamma": 1, "Best Test accuracy": 0.8815, "Train acc": 0.8818166666666667}, "PDM log": "{(3, 0.9, 1): {'shapes': [(784, 778), (778,), (778, 10), (10,)], 'train_accuracy': 0.8818166666666667, 'test_accuracy': 0.8815}}", "timing": 857}, "pdm_KL_reg 0.05": {"Best Result": {"Best Sigma0": 3, "Best sigma": 0.9, "Best gamma": 1, "Best Test accuracy": 0.8929, "Train acc": 0.8925666666666666}, "PDM log": "{(3, 0.9, 1): {'shapes': [(784, 732), (732,), (732, 10), (10,)], 'train_accuracy': 0.8925666666666666, 'test_accuracy': 0.8929}}", "timing": 847}, "pdm_KL_reg 0.1": {"Best Result": {"Best Sigma0": 3, "Best sigma": 0.9, "Best gamma": 1, "Best Test accuracy": 0.8825, "Train acc": 0.88135}, "PDM log": "{(3, 0.9, 1): {'shapes': [(784, 676), (676,), (676, 10), (10,)], 'train_accuracy': 0.88135, 'test_accuracy': 0.8825}}", "timing": 766}, "pdm_KL_reg 0.5": {"Best Result": {"Best Sigma0": 3, "Best sigma": 0.9, "Best gamma": 1, "Best Test accuracy": 0.8763, "Train acc": 0.8738833333333333}, "PDM log": "{(3, 0.9, 1): {'shapes': [(784, 266), (266,), (266, 10), (10,)], 'train_accuracy': 0.8738833333333333, 'test_accuracy': 0.8763}}", "timing": 202}, "pdm_KL_reg 1": {"Best Result": {"Best Sigma0": 3, "Best sigma": 0.9, "Best gamma": 1, "Best Test accuracy": 0.7887, "Train acc": 0.7862}, "PDM log": "{(3, 0.9, 1): {'shapes': [(784, 100), (100,), (100, 10), (10,)], 'train_accuracy': 0.7862, 'test_accuracy': 0.7887}}", "timing": 62}, "pdm_KL_reg 2": {"Best Result": {"Best Sigma0": 3, "Best sigma": 0.9, "Best gamma": 1, "Best Test accuracy": 0.8082, "Train acc": 0.8060333333333334}, "PDM log": "{(3, 0.9, 1): {'shapes': [(784, 100), (100,), (100, 10), (10,)], 'train_accuracy': 0.8060333333333334, 'test_accuracy': 0.8082}}", "timing": 72}, "pdm_KL_reg 5": {"Best Result": {"Best Sigma0": 3, "Best sigma": 0.9, "Best gamma": 1, "Best Test accuracy": 0.0892, "Train acc": 0.09035}, "PDM log": "{(3, 0.9, 1): {'shapes': [(784, 100), (100,), (100, 10), (10,)], 'train_accuracy': 0.09035, 'test_accuracy': 0.0892}}", "timing": 52}, "pdm_KL_reg 10": {"Best Result": {"Best Sigma0": 3, "Best sigma": 0.9, "Best gamma": 1, "Best Test accuracy": 0.0892, "Train acc": 0.09035}, "PDM log": "{(3, 0.9, 1): {'shapes': [(784, 100), (100,), (100, 10), (10,)], 'train_accuracy': 0.09035, 'test_accuracy': 0.0892}}", "timing": 50}, "best_reg": 0.001}