{"n_layers 2": {"local acc": 0.723191, "local std": 0.02814317446557868, "KL reg 0 acc": 0.79334, "KL reg 0 std": 0.04544852472853215, "KL reg 0.001 acc": 0.80504, "KL reg 0.001 std": 0.04879205263155056, "KL reg 0.005 acc": 0.80357, "KL reg 0.005 std": 0.049967870677066074, "KL reg 0.01 acc": 0.7967799999999999, "KL reg 0.01 std": 0.03709713735586614, "KL reg 0.05 acc": 0.79186, "KL reg 0.05 std": 0.04670514318573491, "KL reg 0.1 acc": 0.7957100000000001, "KL reg 0.1 std": 0.048403500906442715, "KL reg 0.5 acc": 0.8056300000000001, "KL reg 0.5 std": 0.047886220356173445, "KL reg 1 acc": 0.78859, "KL reg 1 std": 0.04401409887751876, "KL reg 2 acc": 0.09740000000000001, "KL reg 2 std": 1.3877787807814457e-17, "KL reg 5 acc": 0.09740000000000001, "KL reg 5 std": 1.3877787807814457e-17, "KL reg 10 acc": 0.09740000000000001, "KL reg 10 std": 1.3877787807814457e-17, "KL best acc": 0.82721, "KL best std": 0.039618996706125696, "improved acc": 0.033869999999999977}, "n_layers 3": {"local acc": 0.716009, "local std": 0.03154127500593469, "KL reg 0 acc": 0.6132, "KL reg 0 std": 0.05446066470398611, "KL reg 0.001 acc": 0.6134, "KL reg 0.001 std": 0.08232160105342946, "KL reg 0.005 acc": 0.59794, "KL reg 0.005 std": 0.07772207151125092, "KL reg 0.01 acc": 0.57662, "KL reg 0.01 std": 0.08351082325064217, "KL reg 0.05 acc": 0.6015999999999999, "KL reg 0.05 std": 0.07195078873785887, "KL reg 0.1 acc": 0.6067699999999999, "KL reg 0.1 std": 0.06456231176158425, "KL reg 0.5 acc": 0.6204799999999999, "KL reg 0.5 std": 0.08285864831144665, "KL reg 1 acc": 0.5529900000000001, "KL reg 1 std": 0.08478704441127782, "KL reg 2 acc": 0.09740000000000001, "KL reg 2 std": 1.3877787807814457e-17, "KL reg 5 acc": 0.09740000000000001, "KL reg 5 std": 1.3877787807814457e-17, "KL reg 10 acc": 0.09740000000000001, "KL reg 10 std": 1.3877787807814457e-17, "KL best acc": 0.70357, "KL best std": 0.04453196716966364, "improved acc": 0.09945}, "n_layers 4": {"local acc": 0.6974410000000001, "local std": 0.037439304868012675, "KL reg 0 acc": 0.24828, "KL reg 0 std": 0.08219954744400969, "KL reg 0.001 acc": 0.21735, "KL reg 0.001 std": 0.09595783709525763, "KL reg 0.005 acc": 0.22871000000000002, "KL reg 0.005 std": 0.09240879233060023, "KL reg 0.01 acc": 0.18882, "KL reg 0.01 std": 0.043710314572192224, "KL reg 0.05 acc": 0.24074999999999996, "KL reg 0.05 std": 0.058921935643697236, "KL reg 0.1 acc": 0.24591, "KL reg 0.1 std": 0.09072194277020307, "KL reg 0.5 acc": 0.21586000000000002, "KL reg 0.5 std": 0.0584264186819627, "KL reg 1 acc": 0.2299, "KL reg 1 std": 0.10736473350220732, "KL reg 2 acc": 0.09869999999999998, "KL reg 2 std": 0.002065429737367022, "KL reg 5 acc": 0.09869999999999998, "KL reg 5 std": 0.002065429737367022, "KL reg 10 acc": 0.09869999999999998, "KL reg 10 std": 0.002065429737367022, "KL best acc": 0.30663, "KL best std": 0.07264815276385216, "improved acc": 0.06509999999999999}, "n_layers 5": {"local acc": 0.673349, "local std": 0.03476958770247356, "KL reg 0 acc": 0.10961000000000001, "KL reg 0 std": 0.04676653611290877, "KL reg 0.001 acc": 0.14316, "KL reg 0.001 std": 0.05265723502046039, "KL reg 0.005 acc": 0.12588, "KL reg 0.005 std": 0.043162849766900234, "KL reg 0.01 acc": 0.11964000000000001, "KL reg 0.01 std": 0.02948949643517162, "KL reg 0.05 acc": 0.14087999999999998, "KL reg 0.05 std": 0.05875312417225147, "KL reg 0.1 acc": 0.13145, "KL reg 0.1 std": 0.031883514549058106, "KL reg 0.5 acc": 0.13121, "KL reg 0.5 std": 0.043321667788763625, "KL reg 1 acc": 0.11204999999999998, "KL reg 1 std": 0.015487753226339841, "KL reg 2 acc": 0.09866, "KL reg 2 std": 0.0053554084811524875, "KL reg 5 acc": 0.09866, "KL reg 5 std": 0.0053554084811524875, "KL reg 10 acc": 0.09866, "KL reg 10 std": 0.0053554084811524875, "KL best acc": 0.17909999999999998, "KL best std": 0.046255702351169624, "improved acc": 0.08962499999999998}, "n_layers 6": {"local acc": 0.649403, "local std": 0.03508278867193996, "KL reg 0 acc": 0.1129, "KL reg 0 std": 0.02518165999293931, "KL reg 0.001 acc": 0.10503, "KL reg 0.001 std": 0.0321639876259148, "KL reg 0.005 acc": 0.10949, "KL reg 0.005 std": 0.03152048381608379, "KL reg 0.01 acc": 0.09631999999999999, "KL reg 0.01 std": 0.03602209877283666, "KL reg 0.05 acc": 0.10268999999999999, "KL reg 0.05 std": 0.02311261343941875, "KL reg 0.1 acc": 0.10472999999999999, "KL reg 0.1 std": 0.014282510283560097, "KL reg 0.5 acc": 0.10078000000000001, "KL reg 0.5 std": 0.00960362431585076, "KL reg 1 acc": 0.09899999999999999, "KL reg 1 std": 0.00498798556533597, "KL reg 2 acc": 0.10042, "KL reg 2 std": 0.004038266955019195, "KL reg 5 acc": 0.10042, "KL reg 5 std": 0.004038266955019195, "KL reg 10 acc": 0.10042, "KL reg 10 std": 0.004038266955019195, "KL best acc": 0.14491, "KL best std": 0.03409083307870314, "improved acc": 0.037840000000000006}}