{"seed": 0, "Data statistics": "{0: {0: 558, 1: 94, 2: 1590, 3: 140, 4: 1197}, 1: {0: 10, 1: 28, 2: 269, 3: 18, 4: 386, 5: 3, 6: 946, 7: 18, 8: 230, 9: 364}, 2: {0: 5, 1: 6, 2: 653, 3: 1, 4: 278, 5: 6, 6: 560, 7: 2, 8: 121, 9: 692}, 3: {0: 231, 1: 792, 2: 102, 3: 29, 4: 82, 5: 748, 6: 719, 7: 374, 8: 247, 9: 1478}, 4: {0: 296, 1: 1927, 2: 2, 3: 431, 4: 146, 5: 35, 6: 1, 7: 499}, 5: {0: 740, 1: 46, 2: 384, 3: 572, 4: 7, 5: 348, 6: 188, 7: 1520}, 6: {0: 5, 1: 181, 2: 514, 3: 760, 4: 134, 5: 309, 6: 235, 7: 51, 8: 762, 9: 917}, 7: {0: 423, 1: 2, 2: 133, 3: 1399, 5: 1645}, 8: {0: 661, 1: 101, 2: 6, 3: 34, 4: 1692, 5: 16, 6: 4, 7: 9, 8: 502, 9: 948}, 9: {0: 1, 1: 125, 3: 156, 4: 313, 5: 147, 6: 89, 7: 195, 8: 698, 9: 152}, 10: {0: 681, 1: 650, 2: 107, 3: 94, 4: 38, 5: 175, 6: 718, 7: 737, 8: 3, 9: 254}, 11: {0: 303, 1: 54, 2: 694, 3: 240, 4: 221, 5: 50, 6: 887, 7: 584, 8: 300, 9: 191}, 12: {0: 271, 1: 14, 2: 54, 3: 7, 4: 83, 5: 105, 6: 245, 7: 6, 8: 875, 9: 4}, 13: {0: 288, 1: 883, 2: 16, 3: 169, 4: 422, 5: 813, 6: 61, 7: 947}, 14: {0: 527, 1: 97, 2: 476, 3: 950, 4: 1, 5: 600, 6: 347, 7: 58, 8: 1262}}", "loading time": 69, "local_train_accs": [0.6317407096954456, 0.6320422535211268, 0.6424268502581756, 0.5857975843398584, 0.7698531615223254, 0.5863337713534823, 0.5442088934850051, 0.603553581343698, 0.6539139189529323, 0.6119402985074627, 0.4723748915244432, 0.5039727582292849, 0.6881009615384616, 0.6062795220894693, 0.5331171838814266], "local_test_accs": [0.1976, 0.253, 0.2353, 0.3264, 0.2387, 0.2329, 0.2709, 0.1644, 0.2479, 0.2615, 0.23, 0.2873, 0.2196, 0.2658, 0.2702], "Uniform ensemble (Train acc)": 0.42114, "Uniform ensemble (Test acc)": 0.4187, "FedAvg (Train acc)": 0.10014, "FedAvg (Test acc)": 0.1, "pdm_KL_reg 0": {"Best Result": {"Best Sigma0": 10, "Best sigma": 1, "Best gamma": 50, "Best Test accuracy": 0.2822, "Train acc": 0.28484}, "PDM log": "{(10, 1, 50): {'shapes': [(3072, 700), (700,), (700, 10), (10,)], 'train_accuracy': 0.28484, 'test_accuracy': 0.2822}}", "timing": 2196}, "pdm_KL_reg 0.001": {"Best Result": {"Best Sigma0": 10, "Best sigma": 1, "Best gamma": 50, "Best Test accuracy": 0.2862, "Train acc": 0.28668}, "PDM log": "{(10, 1, 50): {'shapes': [(3072, 700), (700,), (700, 10), (10,)], 'train_accuracy': 0.28668, 'test_accuracy': 0.2862}}", "timing": 5461}, "pdm_KL_reg 0.005": {"Best Result": {"Best Sigma0": 10, "Best sigma": 1, "Best gamma": 50, "Best Test accuracy": 0.2905, "Train acc": 0.29254}, "PDM log": "{(10, 1, 50): {'shapes': [(3072, 700), (700,), (700, 10), (10,)], 'train_accuracy': 0.29254, 'test_accuracy': 0.2905}}", "timing": 5430}, "pdm_KL_reg 0.01": {"Best Result": {"Best Sigma0": 10, "Best sigma": 1, "Best gamma": 50, "Best Test accuracy": 0.2798, "Train acc": 0.28122}, "PDM log": "{(10, 1, 50): {'shapes': [(3072, 700), (700,), (700, 10), (10,)], 'train_accuracy': 0.28122, 'test_accuracy': 0.2798}}", "timing": 5545}, "pdm_KL_reg 0.05": {"Best Result": {"Best Sigma0": 10, "Best sigma": 1, "Best gamma": 50, "Best Test accuracy": 0.2796, "Train acc": 0.2806}, "PDM log": "{(10, 1, 50): {'shapes': [(3072, 700), (700,), (700, 10), (10,)], 'train_accuracy': 0.2806, 'test_accuracy': 0.2796}}", "timing": 5573}, "pdm_KL_reg 0.1": {"Best Result": {"Best Sigma0": 10, "Best sigma": 1, "Best gamma": 50, "Best Test accuracy": 0.2696, "Train acc": 0.27248}, "PDM log": "{(10, 1, 50): {'shapes': [(3072, 700), (700,), (700, 10), (10,)], 'train_accuracy': 0.27248, 'test_accuracy': 0.2696}}", "timing": 4853}, "pdm_KL_reg 0.5": {"Best Result": {"Best Sigma0": 10, "Best sigma": 1, "Best gamma": 50, "Best Test accuracy": 0.2431, "Train acc": 0.2475}, "PDM log": "{(10, 1, 50): {'shapes': [(3072, 700), (700,), (700, 10), (10,)], 'train_accuracy': 0.2475, 'test_accuracy': 0.2431}}", "timing": 5286}, "pdm_KL_reg 1": {"Best Result": {"Best Sigma0": 10, "Best sigma": 1, "Best gamma": 50, "Best Test accuracy": 0.3015, "Train acc": 0.3012}, "PDM log": "{(10, 1, 50): {'shapes': [(3072, 324), (324,), (324, 10), (10,)], 'train_accuracy': 0.3012, 'test_accuracy': 0.3015}}", "timing": 3228}, "pdm_KL_reg 2": {"Best Result": {"Best Sigma0": 10, "Best sigma": 1, "Best gamma": 50, "Best Test accuracy": 0.1, "Train acc": 0.10002}, "PDM log": "{(10, 1, 50): {'shapes': [(3072, 116), (116,), (116, 10), (10,)], 'train_accuracy': 0.10002, 'test_accuracy': 0.1}}", "timing": 1089}, "pdm_KL_reg 5": {"Best Result": {"Best Sigma0": 10, "Best sigma": 1, "Best gamma": 50, "Best Test accuracy": 0.1, "Train acc": 0.1001}, "PDM log": "{(10, 1, 50): {'shapes': [(3072, 105), (105,), (105, 10), (10,)], 'train_accuracy': 0.1001, 'test_accuracy': 0.1}}", "timing": 1023}, "pdm_KL_reg 10": {"Best Result": {"Best Sigma0": 10, "Best sigma": 1, "Best gamma": 50, "Best Test accuracy": 0.0999, "Train acc": 0.10002}, "PDM log": "{(10, 1, 50): {'shapes': [(3072, 103), (103,), (103, 10), (10,)], 'train_accuracy': 0.10002, 'test_accuracy': 0.0999}}", "timing": 1015}, "best_reg": 1}