{"seed": 9, "Data statistics": "{0: {0: 768, 1: 150, 2: 416, 3: 25, 4: 660, 5: 90, 6: 254, 7: 1220}, 1: {0: 187, 2: 61, 3: 34, 4: 1768, 6: 1588}, 2: {0: 247, 1: 76, 2: 51, 3: 4, 4: 167, 5: 909, 6: 14, 7: 225, 8: 1, 9: 1177}, 3: {0: 852, 1: 564, 2: 1136, 3: 318, 4: 331, 5: 81, 6: 709}, 4: {0: 638, 1: 2401, 2: 282, 3: 384}, 5: {0: 52, 1: 128, 2: 3, 3: 27, 4: 164, 5: 123, 6: 263, 7: 198, 9: 664}, 6: {0: 262, 1: 86, 2: 986, 3: 684, 4: 147, 5: 72, 6: 80, 7: 41, 8: 1, 9: 3}, 7: {0: 682, 1: 22, 2: 4, 3: 5, 4: 332, 5: 180, 6: 30, 7: 529, 8: 2302}, 8: {0: 105, 1: 257, 2: 189, 3: 736, 4: 355, 5: 443, 6: 192, 7: 63, 8: 1042}, 9: {0: 725, 1: 625, 2: 265, 3: 38, 4: 17, 5: 349, 6: 99, 7: 123, 8: 19, 9: 1077}, 10: {0: 4, 1: 450, 2: 425, 3: 761, 4: 304, 5: 1427}, 11: {0: 21, 1: 68, 2: 24, 3: 480, 4: 203, 5: 247, 6: 805, 7: 304, 8: 416, 9: 130}, 12: {0: 344, 1: 1, 2: 34, 3: 134, 4: 126, 5: 962, 6: 609, 7: 13, 8: 547, 9: 993}, 13: {0: 109, 1: 165, 2: 393, 3: 22, 4: 32, 5: 83, 6: 259, 7: 2056, 8: 536}, 14: {0: 4, 1: 7, 2: 731, 3: 1348, 4: 394, 5: 34, 6: 98, 7: 228, 8: 136, 9: 956}}", "loading time": 117, "local_train_accs": [0.577449065029305, 0.71412864211105, 0.7196098920236851, 0.5484840892007016, 0.8178137651821862, 0.6393341553637485, 0.6045723962743438, 0.7484092021536956, 0.5538143110585453, 0.58945160323644, 0.5369326609314743, 0.5463306152705708, 0.6066967844804677, 0.6913816689466484, 0.608739837398374], "local_test_accs": [0.2594, 0.1627, 0.2667, 0.2404, 0.2285, 0.2621, 0.1954, 0.2564, 0.2352, 0.2654, 0.1788, 0.2706, 0.2835, 0.2575, 0.2705], "Uniform ensemble (Train acc)": 0.42006, "Uniform ensemble (Test acc)": 0.4103, "FedAvg (Train acc)": 0.1004, "FedAvg (Test acc)": 0.1007, "pdm_KL_reg 0": {"Best Result": {"Best Sigma0": 10, "Best sigma": 1, "Best gamma": 50, "Best Test accuracy": 0.2942, "Train acc": 0.29362}, "PDM log": "{(10, 1, 50): {'shapes': [(3072, 700), (700,), (700, 10), (10,)], 'train_accuracy': 0.29362, 'test_accuracy': 0.2942}}", "timing": 1017}, "pdm_KL_reg 0.001": {"Best Result": {"Best Sigma0": 10, "Best sigma": 1, "Best gamma": 50, "Best Test accuracy": 0.2908, "Train acc": 0.29058}, "PDM log": "{(10, 1, 50): {'shapes': [(3072, 700), (700,), (700, 10), (10,)], 'train_accuracy': 0.29058, 'test_accuracy': 0.2908}}", "timing": 2125}, "pdm_KL_reg 0.005": {"Best Result": {"Best Sigma0": 10, "Best sigma": 1, "Best gamma": 50, "Best Test accuracy": 0.2975, "Train acc": 0.2957}, "PDM log": "{(10, 1, 50): {'shapes': [(3072, 700), (700,), (700, 10), (10,)], 'train_accuracy': 0.2957, 'test_accuracy': 0.2975}}", "timing": 2046}, "pdm_KL_reg 0.01": {"Best Result": {"Best Sigma0": 10, "Best sigma": 1, "Best gamma": 50, "Best Test accuracy": 0.298, "Train acc": 0.29744}, "PDM log": "{(10, 1, 50): {'shapes': [(3072, 700), (700,), (700, 10), (10,)], 'train_accuracy': 0.29744, 'test_accuracy': 0.298}}", "timing": 2026}, "pdm_KL_reg 0.05": {"Best Result": {"Best Sigma0": 10, "Best sigma": 1, "Best gamma": 50, "Best Test accuracy": 0.2944, "Train acc": 0.2942}, "PDM log": "{(10, 1, 50): {'shapes': [(3072, 700), (700,), (700, 10), (10,)], 'train_accuracy': 0.2942, 'test_accuracy': 0.2944}}", "timing": 1857}, "pdm_KL_reg 0.1": {"Best Result": {"Best Sigma0": 10, "Best sigma": 1, "Best gamma": 50, "Best Test accuracy": 0.2991, "Train acc": 0.29898}, "PDM log": "{(10, 1, 50): {'shapes': [(3072, 700), (700,), (700, 10), (10,)], 'train_accuracy': 0.29898, 'test_accuracy': 0.2991}}", "timing": 2012}, "pdm_KL_reg 0.5": {"Best Result": {"Best Sigma0": 10, "Best sigma": 1, "Best gamma": 50, "Best Test accuracy": 0.2674, "Train acc": 0.26954}, "PDM log": "{(10, 1, 50): {'shapes': [(3072, 700), (700,), (700, 10), (10,)], 'train_accuracy': 0.26954, 'test_accuracy': 0.2674}}", "timing": 2082}, "pdm_KL_reg 1": {"Best Result": {"Best Sigma0": 10, "Best sigma": 1, "Best gamma": 50, "Best Test accuracy": 0.2772, "Train acc": 0.2772}, "PDM log": "{(10, 1, 50): {'shapes': [(3072, 310), (310,), (310, 10), (10,)], 'train_accuracy': 0.2772, 'test_accuracy': 0.2772}}", "timing": 1306}, "pdm_KL_reg 2": {"Best Result": {"Best Sigma0": 10, "Best sigma": 1, "Best gamma": 50, "Best Test accuracy": 0.1, "Train acc": 0.1}, "PDM log": "{(10, 1, 50): {'shapes': [(3072, 117), (117,), (117, 10), (10,)], 'train_accuracy': 0.1, 'test_accuracy': 0.1}}", "timing": 404}, "pdm_KL_reg 5": {"Best Result": {"Best Sigma0": 10, "Best sigma": 1, "Best gamma": 50, "Best Test accuracy": 0.1, "Train acc": 0.09998}, "PDM log": "{(10, 1, 50): {'shapes': [(3072, 110), (110,), (110, 10), (10,)], 'train_accuracy': 0.09998, 'test_accuracy': 0.1}}", "timing": 352}, "pdm_KL_reg 10": {"Best Result": {"Best Sigma0": 10, "Best sigma": 1, "Best gamma": 50, "Best Test accuracy": 0.1, "Train acc": 0.1}, "PDM log": "{(10, 1, 50): {'shapes': [(3072, 104), (104,), (104, 10), (10,)], 'train_accuracy': 0.1, 'test_accuracy': 0.1}}", "timing": 334}, "best_reg": 0.1}