{"seed": 3, "Data statistics": "{0: {0: 273, 1: 679, 2: 25, 4: 855, 5: 33, 6: 1, 7: 10, 8: 134, 9: 186}, 1: {0: 763, 1: 60, 2: 307, 3: 111, 4: 463, 5: 205, 6: 254, 8: 191, 9: 1492}, 2: {0: 321, 1: 692, 2: 4, 3: 76, 4: 82, 5: 475, 6: 225, 7: 798, 8: 248, 9: 631}, 3: {0: 6, 1: 60, 2: 1651, 3: 301, 4: 939, 5: 149, 6: 17, 7: 278}, 4: {0: 1182, 1: 122, 2: 1232, 3: 318, 4: 21, 5: 778}, 5: {0: 535, 1: 1, 2: 24, 3: 208, 4: 100, 6: 44, 7: 234, 8: 172, 9: 1909}, 6: {0: 20, 1: 98, 2: 34, 3: 394, 4: 36, 5: 553, 6: 3, 7: 537, 8: 284, 9: 31}, 7: {0: 1033, 1: 279, 2: 449, 3: 530, 4: 29, 5: 7, 6: 1102}, 8: {0: 75, 1: 140, 2: 88, 3: 38, 4: 253, 5: 1147, 6: 1, 7: 1488, 8: 248}, 9: {0: 4, 1: 623, 2: 166, 3: 693, 4: 162, 5: 291, 6: 58, 7: 32, 8: 2996}, 10: {0: 355, 1: 147, 2: 58, 3: 74, 4: 2, 5: 46, 6: 1527, 7: 1014, 8: 413}, 11: {0: 122, 1: 122, 2: 14, 3: 2133, 4: 8, 5: 25, 6: 546, 7: 542}, 12: {0: 271, 1: 162, 2: 472, 3: 73, 4: 1463, 5: 104, 6: 906}, 13: {0: 18, 1: 54, 2: 104, 3: 39, 4: 105, 5: 399, 6: 316, 7: 67, 8: 313, 9: 751}, 14: {0: 22, 1: 1761, 2: 372, 3: 12, 4: 482, 5: 788, 8: 1}}", "loading time": 242, "local_train_accs": [0.7103825136612022, 0.6021840873634945, 0.5737612612612613, 0.591884739782417, 0.6225020531070353, 0.7220328478462968, 0.549748743718593, 0.6275882181393992, 0.6472110408280621, 0.7209950248756218, 0.7048954895489549, 0.7209567198177677, 0.5809910170964938, 0.5960295475530932, 0.7292030250145434], "local_test_accs": [0.2551, 0.2743, 0.3258, 0.1882, 0.2354, 0.2223, 0.2305, 0.2408, 0.2395, 0.2335, 0.3021, 0.2209, 0.2318, 0.2455, 0.2123], "Uniform ensemble (Train acc)": 0.40254, "Uniform ensemble (Test acc)": 0.3953, "FedAvg (Train acc)": 0.10006, "FedAvg (Test acc)": 0.1001, "pdm_KL_reg 0": {"Best Result": {"Best Sigma0": 10, "Best sigma": 1, "Best gamma": 50, "Best Test accuracy": 0.2768, "Train acc": 0.27678}, "PDM log": "{(10, 1, 50): {'shapes': [(3072, 700), (700,), (700, 10), (10,)], 'train_accuracy': 0.27678, 'test_accuracy': 0.2768}}", "timing": 2062}, "pdm_KL_reg 0.001": {"Best Result": {"Best Sigma0": 10, "Best sigma": 1, "Best gamma": 50, "Best Test accuracy": 0.2795, "Train acc": 0.28212}, "PDM log": "{(10, 1, 50): {'shapes': [(3072, 700), (700,), (700, 10), (10,)], 'train_accuracy': 0.28212, 'test_accuracy': 0.2795}}", "timing": 3988}, "pdm_KL_reg 0.005": {"Best Result": {"Best Sigma0": 10, "Best sigma": 1, "Best gamma": 50, "Best Test accuracy": 0.2734, "Train acc": 0.27644}, "PDM log": "{(10, 1, 50): {'shapes': [(3072, 700), (700,), (700, 10), (10,)], 'train_accuracy': 0.27644, 'test_accuracy': 0.2734}}", "timing": 3958}, "pdm_KL_reg 0.01": {"Best Result": {"Best Sigma0": 10, "Best sigma": 1, "Best gamma": 50, "Best Test accuracy": 0.2768, "Train acc": 0.27846}, "PDM log": "{(10, 1, 50): {'shapes': [(3072, 700), (700,), (700, 10), (10,)], 'train_accuracy': 0.27846, 'test_accuracy': 0.2768}}", "timing": 4120}, "pdm_KL_reg 0.05": {"Best Result": {"Best Sigma0": 10, "Best sigma": 1, "Best gamma": 50, "Best Test accuracy": 0.2766, "Train acc": 0.28036}, "PDM log": "{(10, 1, 50): {'shapes': [(3072, 700), (700,), (700, 10), (10,)], 'train_accuracy': 0.28036, 'test_accuracy': 0.2766}}", "timing": 3916}, "pdm_KL_reg 0.1": {"Best Result": {"Best Sigma0": 10, "Best sigma": 1, "Best gamma": 50, "Best Test accuracy": 0.2771, "Train acc": 0.2794}, "PDM log": "{(10, 1, 50): {'shapes': [(3072, 700), (700,), (700, 10), (10,)], 'train_accuracy': 0.2794, 'test_accuracy': 0.2771}}", "timing": 3912}, "pdm_KL_reg 0.5": {"Best Result": {"Best Sigma0": 10, "Best sigma": 1, "Best gamma": 50, "Best Test accuracy": 0.2731, "Train acc": 0.27202}, "PDM log": "{(10, 1, 50): {'shapes': [(3072, 700), (700,), (700, 10), (10,)], 'train_accuracy': 0.27202, 'test_accuracy': 0.2731}}", "timing": 4208}, "pdm_KL_reg 1": {"Best Result": {"Best Sigma0": 10, "Best sigma": 1, "Best gamma": 50, "Best Test accuracy": 0.2646, "Train acc": 0.26304}, "PDM log": "{(10, 1, 50): {'shapes': [(3072, 310), (310,), (310, 10), (10,)], 'train_accuracy': 0.26304, 'test_accuracy': 0.2646}}", "timing": 2202}, "pdm_KL_reg 2": {"Best Result": {"Best Sigma0": 10, "Best sigma": 1, "Best gamma": 50, "Best Test accuracy": 0.1, "Train acc": 0.1}, "PDM log": "{(10, 1, 50): {'shapes': [(3072, 125), (125,), (125, 10), (10,)], 'train_accuracy': 0.1, 'test_accuracy': 0.1}}", "timing": 710}, "pdm_KL_reg 5": {"Best Result": {"Best Sigma0": 10, "Best sigma": 1, "Best gamma": 50, "Best Test accuracy": 0.1, "Train acc": 0.10002}, "PDM log": "{(10, 1, 50): {'shapes': [(3072, 115), (115,), (115, 10), (10,)], 'train_accuracy': 0.10002, 'test_accuracy': 0.1}}", "timing": 612}, "pdm_KL_reg 10": {"Best Result": {"Best Sigma0": 10, "Best sigma": 1, "Best gamma": 50, "Best Test accuracy": 0.1, "Train acc": 0.1}, "PDM log": "{(10, 1, 50): {'shapes': [(3072, 112), (112,), (112, 10), (10,)], 'train_accuracy': 0.1, 'test_accuracy': 0.1}}", "timing": 637}, "best_reg": 0.001}