{"seed": 2, "Data statistics": "{0: {0: 1593, 1: 475, 2: 877, 3: 767, 4: 2, 5: 8, 6: 895, 7: 50, 8: 962, 9: 212}, 1: {0: 260, 1: 1498, 2: 2, 3: 84, 4: 346, 5: 957, 6: 1195, 7: 381, 8: 642, 9: 2884}, 2: {0: 1433, 1: 390, 2: 392, 3: 285, 4: 2456, 5: 192, 6: 418, 7: 586}, 3: {0: 68, 1: 2184, 2: 1, 3: 162, 4: 195, 5: 473, 6: 704, 7: 293, 8: 1474, 9: 12}, 4: {0: 997, 2: 102, 3: 259, 4: 100, 5: 1559, 6: 164, 7: 88, 8: 1216, 9: 6}, 5: {0: 371, 1: 826, 2: 1594, 3: 2116, 4: 906, 5: 127, 6: 1421}, 6: {0: 203, 1: 1300, 2: 255, 3: 53, 4: 67, 5: 54, 6: 308, 7: 900, 8: 432, 9: 455}, 7: {0: 2, 1: 19, 2: 86, 3: 846, 4: 1087, 5: 1307, 6: 694, 7: 185, 9: 519}, 8: {0: 992, 1: 15, 2: 1552, 3: 1413, 4: 514, 5: 329, 6: 99, 7: 142, 8: 660, 9: 569}, 9: {0: 4, 1: 35, 2: 1097, 3: 146, 4: 169, 5: 415, 6: 20, 7: 3640, 8: 465, 9: 1292}}", "loading time": 21, "local_train_accs": [0.9844204759458997, 0.9815735240635228, 0.988296488946684, 0.987603305785124, 0.9855266087731017, 0.9877734003532129, 0.9741743233176061, 0.9816649104320337, 0.9419252187748608, 0.9767952766717012], "local_test_accs": [0.7331, 0.8004, 0.7492, 0.7685, 0.7111, 0.6459, 0.8487, 0.7151, 0.7994, 0.7472], "pdm_KL_reg 0": {"Best Result": {"Best Sigma0": 3, "Best sigma": 0.9, "Best gamma": 1, "Best Test accuracy": 0.3886, "Train acc": 0.3917}, "PDM log": "{(3, 0.9, 1): {'shapes': [(784, 649), (649,), (649, 118), (118,), (118, 109), (109,), (109, 100), (100,), (100, 10), (10,)], 'train_accuracy': 0.3917, 'test_accuracy': 0.3886}}", "timing": 252}, "pdm_KL_reg 0.001": {"Best Result": {"Best Sigma0": 3, "Best sigma": 0.9, "Best gamma": 1, "Best Test accuracy": 0.4331, "Train acc": 0.43143333333333334}, "PDM log": "{(3, 0.9, 1): {'shapes': [(784, 648), (648,), (648, 118), (118,), (118, 109), (109,), (109, 100), (100,), (100, 10), (10,)], 'train_accuracy': 0.43143333333333334, 'test_accuracy': 0.4331}}", "timing": 692}, "pdm_KL_reg 0.005": {"Best Result": {"Best Sigma0": 3, "Best sigma": 0.9, "Best gamma": 1, "Best Test accuracy": 0.4091, "Train acc": 0.40818333333333334}, "PDM log": "{(3, 0.9, 1): {'shapes': [(784, 648), (648,), (648, 118), (118,), (118, 109), (109,), (109, 100), (100,), (100, 10), (10,)], 'train_accuracy': 0.40818333333333334, 'test_accuracy': 0.4091}}", "timing": 634}, "pdm_KL_reg 0.01": {"Best Result": {"Best Sigma0": 3, "Best sigma": 0.9, "Best gamma": 1, "Best Test accuracy": 0.2694, "Train acc": 0.28005}, "PDM log": "{(3, 0.9, 1): {'shapes': [(784, 645), (645,), (645, 118), (118,), (118, 109), (109,), (109, 100), (100,), (100, 10), (10,)], 'train_accuracy': 0.28005, 'test_accuracy': 0.2694}}", "timing": 663}, "pdm_KL_reg 0.05": {"Best Result": {"Best Sigma0": 3, "Best sigma": 0.9, "Best gamma": 1, "Best Test accuracy": 0.3393, "Train acc": 0.33721666666666666}, "PDM log": "{(3, 0.9, 1): {'shapes': [(784, 645), (645,), (645, 118), (118,), (118, 109), (109,), (109, 100), (100,), (100, 10), (10,)], 'train_accuracy': 0.33721666666666666, 'test_accuracy': 0.3393}}", "timing": 663}, "pdm_KL_reg 0.1": {"Best Result": {"Best Sigma0": 3, "Best sigma": 0.9, "Best gamma": 1, "Best Test accuracy": 0.4528, "Train acc": 0.4506833333333333}, "PDM log": "{(3, 0.9, 1): {'shapes': [(784, 641), (641,), (641, 116), (116,), (116, 109), (109,), (109, 100), (100,), (100, 10), (10,)], 'train_accuracy': 0.4506833333333333, 'test_accuracy': 0.4528}}", "timing": 683}, "pdm_KL_reg 0.5": {"Best Result": {"Best Sigma0": 3, "Best sigma": 0.9, "Best gamma": 1, "Best Test accuracy": 0.268, "Train acc": 0.2662833333333333}, "PDM log": "{(3, 0.9, 1): {'shapes': [(784, 595), (595,), (595, 109), (109,), (109, 100), (100,), (100, 100), (100,), (100, 10), (10,)], 'train_accuracy': 0.2662833333333333, 'test_accuracy': 0.268}}", "timing": 562}, "pdm_KL_reg 1": {"Best Result": {"Best Sigma0": 3, "Best sigma": 0.9, "Best gamma": 1, "Best Test accuracy": 0.4618, "Train acc": 0.4568833333333333}, "PDM log": "{(3, 0.9, 1): {'shapes': [(784, 467), (467,), (467, 109), (109,), (109, 100), (100,), (100, 100), (100,), (100, 10), (10,)], 'train_accuracy': 0.4568833333333333, 'test_accuracy': 0.4618}}", "timing": 381}, "pdm_KL_reg 2": {"Best Result": {"Best Sigma0": 3, "Best sigma": 0.9, "Best gamma": 1, "Best Test accuracy": 0.0974, "Train acc": 0.09751666666666667}, "PDM log": "{(3, 0.9, 1): {'shapes': [(784, 100), (100,), (100, 100), (100,), (100, 100), (100,), (100, 100), (100,), (100, 10), (10,)], 'train_accuracy': 0.09751666666666667, 'test_accuracy': 0.0974}}", "timing": 69}, "pdm_KL_reg 5": {"Best Result": {"Best Sigma0": 3, "Best sigma": 0.9, "Best gamma": 1, "Best Test accuracy": 0.0974, "Train acc": 0.09751666666666667}, "PDM log": "{(3, 0.9, 1): {'shapes': [(784, 100), (100,), (100, 100), (100,), (100, 100), (100,), (100, 100), (100,), (100, 10), (10,)], 'train_accuracy': 0.09751666666666667, 'test_accuracy': 0.0974}}", "timing": 67}, "pdm_KL_reg 10": {"Best Result": {"Best Sigma0": 3, "Best sigma": 0.9, "Best gamma": 1, "Best Test accuracy": 0.0974, "Train acc": 0.09751666666666667}, "PDM log": "{(3, 0.9, 1): {'shapes': [(784, 100), (100,), (100, 100), (100,), (100, 100), (100,), (100, 100), (100,), (100, 10), (10,)], 'train_accuracy': 0.09751666666666667, 'test_accuracy': 0.0974}}", "timing": 72}, "best_reg": 1}