{"seed": 5, "Data statistics": "{0: {0: 1274, 1: 582, 3: 276, 4: 2899, 5: 487, 6: 472, 7: 30}, 1: {0: 2625, 1: 243, 2: 511, 3: 1290, 4: 253, 5: 1031, 6: 601}, 2: {0: 927, 1: 1352, 2: 97, 3: 196, 4: 833, 5: 111, 6: 25, 7: 1460, 8: 231, 9: 134}, 3: {0: 12, 1: 382, 2: 692, 3: 41, 4: 55, 5: 73, 6: 59, 7: 274, 8: 782, 9: 653}, 4: {0: 16, 1: 32, 2: 4, 3: 31, 4: 410, 5: 1631, 6: 13, 7: 148, 8: 3007, 9: 2564}, 5: {0: 63, 1: 315, 2: 43, 3: 3062, 4: 9, 5: 287, 6: 1396, 7: 1188}, 6: {1: 2919, 2: 102, 3: 33, 4: 980, 5: 573, 6: 1114, 7: 47, 8: 1144}, 7: {0: 332, 1: 36, 2: 3305, 3: 223, 4: 56, 5: 446, 6: 328, 7: 2857}, 8: {0: 564, 1: 28, 2: 1048, 3: 932, 4: 277, 5: 696, 6: 142, 7: 144, 8: 395, 9: 481}, 9: {0: 110, 1: 853, 2: 156, 3: 47, 4: 70, 5: 86, 6: 1768, 7: 117, 8: 292, 9: 2117}}", "loading time": 20, "local_train_accs": [0.9931893687707641, 0.9879462923405554, 0.9849049571375326, 0.9841217333774396, 0.9851069246435845, 0.9751689454659752, 0.9946469907407407, 0.9910325728603455, 0.9683450180582112, 0.9725783475783476], "local_test_accs": [0.6396, 0.6631, 0.8773, 0.8426, 0.607, 0.5609, 0.7033, 0.7174, 0.891, 0.8076], "pdm_KL_reg 0": {"Best Result": {"Best Sigma0": 3, "Best sigma": 0.9, "Best gamma": 1, "Best Test accuracy": 0.3056, "Train acc": 0.30638333333333334}, "PDM log": "{(3, 0.9, 1): {'shapes': [(784, 615), (615,), (615, 116), (116,), (116, 109), (109,), (109, 101), (101,), (101, 10), (10,)], 'train_accuracy': 0.30638333333333334, 'test_accuracy': 0.3056}}", "timing": 286}, "pdm_KL_reg 0.001": {"Best Result": {"Best Sigma0": 3, "Best sigma": 0.9, "Best gamma": 1, "Best Test accuracy": 0.3547, "Train acc": 0.3540333333333333}, "PDM log": "{(3, 0.9, 1): {'shapes': [(784, 614), (614,), (614, 115), (115,), (115, 108), (108,), (108, 101), (101,), (101, 10), (10,)], 'train_accuracy': 0.3540333333333333, 'test_accuracy': 0.3547}}", "timing": 626}, "pdm_KL_reg 0.005": {"Best Result": {"Best Sigma0": 3, "Best sigma": 0.9, "Best gamma": 1, "Best Test accuracy": 0.286, "Train acc": 0.28078333333333333}, "PDM log": "{(3, 0.9, 1): {'shapes': [(784, 617), (617,), (617, 116), (116,), (116, 109), (109,), (109, 101), (101,), (101, 10), (10,)], 'train_accuracy': 0.28078333333333333, 'test_accuracy': 0.286}}", "timing": 649}, "pdm_KL_reg 0.01": {"Best Result": {"Best Sigma0": 3, "Best sigma": 0.9, "Best gamma": 1, "Best Test accuracy": 0.2674, "Train acc": 0.2669666666666667}, "PDM log": "{(3, 0.9, 1): {'shapes': [(784, 618), (618,), (618, 116), (116,), (116, 109), (109,), (109, 101), (101,), (101, 10), (10,)], 'train_accuracy': 0.2669666666666667, 'test_accuracy': 0.2674}}", "timing": 617}, "pdm_KL_reg 0.05": {"Best Result": {"Best Sigma0": 3, "Best sigma": 0.9, "Best gamma": 1, "Best Test accuracy": 0.2435, "Train acc": 0.24955}, "PDM log": "{(3, 0.9, 1): {'shapes': [(784, 614), (614,), (614, 114), (114,), (114, 109), (109,), (109, 101), (101,), (101, 10), (10,)], 'train_accuracy': 0.24955, 'test_accuracy': 0.2435}}", "timing": 569}, "pdm_KL_reg 0.1": {"Best Result": {"Best Sigma0": 3, "Best sigma": 0.9, "Best gamma": 1, "Best Test accuracy": 0.2769, "Train acc": 0.27715}, "PDM log": "{(3, 0.9, 1): {'shapes': [(784, 611), (611,), (611, 109), (109,), (109, 109), (109,), (109, 101), (101,), (101, 10), (10,)], 'train_accuracy': 0.27715, 'test_accuracy': 0.2769}}", "timing": 583}, "pdm_KL_reg 0.5": {"Best Result": {"Best Sigma0": 3, "Best sigma": 0.9, "Best gamma": 1, "Best Test accuracy": 0.2403, "Train acc": 0.23423333333333332}, "PDM log": "{(3, 0.9, 1): {'shapes': [(784, 574), (574,), (574, 109), (109,), (109, 100), (100,), (100, 101), (101,), (101, 10), (10,)], 'train_accuracy': 0.23423333333333332, 'test_accuracy': 0.2403}}", "timing": 527}, "pdm_KL_reg 1": {"Best Result": {"Best Sigma0": 3, "Best sigma": 0.9, "Best gamma": 1, "Best Test accuracy": 0.3128, "Train acc": 0.31555}, "PDM log": "{(3, 0.9, 1): {'shapes': [(784, 452), (452,), (452, 100), (100,), (100, 100), (100,), (100, 100), (100,), (100, 10), (10,)], 'train_accuracy': 0.31555, 'test_accuracy': 0.3128}}", "timing": 375}, "pdm_KL_reg 2": {"Best Result": {"Best Sigma0": 3, "Best sigma": 0.9, "Best gamma": 1, "Best Test accuracy": 0.1032, "Train acc": 0.0993}, "PDM log": "{(3, 0.9, 1): {'shapes': [(784, 100), (100,), (100, 100), (100,), (100, 100), (100,), (100, 100), (100,), (100, 10), (10,)], 'train_accuracy': 0.0993, 'test_accuracy': 0.1032}}", "timing": 73}, "pdm_KL_reg 5": {"Best Result": {"Best Sigma0": 3, "Best sigma": 0.9, "Best gamma": 1, "Best Test accuracy": 0.1032, "Train acc": 0.0993}, "PDM log": "{(3, 0.9, 1): {'shapes': [(784, 100), (100,), (100, 100), (100,), (100, 100), (100,), (100, 100), (100,), (100, 10), (10,)], 'train_accuracy': 0.0993, 'test_accuracy': 0.1032}}", "timing": 71}, "pdm_KL_reg 10": {"Best Result": {"Best Sigma0": 3, "Best sigma": 0.9, "Best gamma": 1, "Best Test accuracy": 0.1032, "Train acc": 0.0993}, "PDM log": "{(3, 0.9, 1): {'shapes': [(784, 100), (100,), (100, 100), (100,), (100, 100), (100,), (100, 100), (100,), (100, 10), (10,)], 'train_accuracy': 0.0993, 'test_accuracy': 0.1032}}", "timing": 74}, "best_reg": 0.001}