{"seed": 1, "Data statistics": "{0: {0: 248, 1: 83, 2: 207, 3: 99, 4: 776, 5: 380, 6: 206, 7: 350, 8: 326, 9: 117}, 1: {0: 32, 1: 787, 2: 107, 3: 76, 4: 860, 5: 388, 6: 1125, 7: 1, 8: 586, 9: 2654}, 2: {0: 1711, 1: 1222, 2: 2657, 3: 143, 4: 349}, 3: {0: 301, 1: 336, 2: 1374, 3: 1805, 4: 2026, 5: 2536}, 4: {0: 166, 1: 315, 2: 274, 3: 12, 4: 47, 5: 38, 6: 723, 7: 175, 8: 48, 9: 2474}, 5: {0: 2902, 1: 187, 3: 322, 4: 24, 5: 71, 6: 2360, 7: 2841}, 6: {0: 127, 1: 963, 2: 729, 3: 810, 4: 960, 5: 24, 6: 804, 7: 111, 8: 1703}, 7: {0: 28, 1: 1747, 2: 276, 3: 72, 4: 657, 5: 1128, 6: 668, 7: 58, 8: 457, 9: 122}, 8: {0: 4, 1: 364, 2: 138, 3: 177, 4: 45, 5: 798, 7: 2648, 8: 2247}, 9: {0: 404, 1: 738, 2: 196, 3: 2615, 4: 98, 5: 58, 6: 32, 7: 81, 8: 484, 9: 582}}", "loading time": 20, "local_train_accs": [0.9727793696275072, 0.9863966142684402, 0.9932587964485367, 0.9958223919789926, 0.9782303370786517, 0.9911565407143678, 0.9780131600064195, 0.9823518127757529, 0.9833359289830245, 0.9739031770045385], "local_test_accs": [0.8904, 0.7647, 0.4912, 0.5883, 0.7083, 0.5503, 0.7484, 0.8875, 0.619, 0.845], "pdm_KL_reg 0": {"Best Result": {"Best Sigma0": 3, "Best sigma": 0.9, "Best gamma": 1, "Best Test accuracy": 0.1876, "Train acc": 0.18633333333333332}, "PDM log": "{(3, 0.9, 1): {'shapes': [(784, 643), (643,), (643, 112), (112,), (112, 109), (109,), (109, 102), (102,), (102, 10), (10,)], 'train_accuracy': 0.18633333333333332, 'test_accuracy': 0.1876}}", "timing": 274}, "pdm_KL_reg 0.001": {"Best Result": {"Best Sigma0": 3, "Best sigma": 0.9, "Best gamma": 1, "Best Test accuracy": 0.1632, "Train acc": 0.15721666666666667}, "PDM log": "{(3, 0.9, 1): {'shapes': [(784, 645), (645,), (645, 111), (111,), (111, 109), (109,), (109, 102), (102,), (102, 10), (10,)], 'train_accuracy': 0.15721666666666667, 'test_accuracy': 0.1632}}", "timing": 661}, "pdm_KL_reg 0.005": {"Best Result": {"Best Sigma0": 3, "Best sigma": 0.9, "Best gamma": 1, "Best Test accuracy": 0.1351, "Train acc": 0.13253333333333334}, "PDM log": "{(3, 0.9, 1): {'shapes': [(784, 641), (641,), (641, 115), (115,), (115, 109), (109,), (109, 102), (102,), (102, 10), (10,)], 'train_accuracy': 0.13253333333333334, 'test_accuracy': 0.1351}}", "timing": 631}, "pdm_KL_reg 0.01": {"Best Result": {"Best Sigma0": 3, "Best sigma": 0.9, "Best gamma": 1, "Best Test accuracy": 0.1885, "Train acc": 0.18461666666666668}, "PDM log": "{(3, 0.9, 1): {'shapes': [(784, 642), (642,), (642, 117), (117,), (117, 109), (109,), (109, 102), (102,), (102, 10), (10,)], 'train_accuracy': 0.18461666666666668, 'test_accuracy': 0.1885}}", "timing": 641}, "pdm_KL_reg 0.05": {"Best Result": {"Best Sigma0": 3, "Best sigma": 0.9, "Best gamma": 1, "Best Test accuracy": 0.1665, "Train acc": 0.16533333333333333}, "PDM log": "{(3, 0.9, 1): {'shapes': [(784, 640), (640,), (640, 111), (111,), (111, 109), (109,), (109, 102), (102,), (102, 10), (10,)], 'train_accuracy': 0.16533333333333333, 'test_accuracy': 0.1665}}", "timing": 645}, "pdm_KL_reg 0.1": {"Best Result": {"Best Sigma0": 3, "Best sigma": 0.9, "Best gamma": 1, "Best Test accuracy": 0.1931, "Train acc": 0.19225}, "PDM log": "{(3, 0.9, 1): {'shapes': [(784, 639), (639,), (639, 110), (110,), (110, 109), (109,), (109, 102), (102,), (102, 10), (10,)], 'train_accuracy': 0.19225, 'test_accuracy': 0.1931}}", "timing": 697}, "pdm_KL_reg 0.5": {"Best Result": {"Best Sigma0": 3, "Best sigma": 0.9, "Best gamma": 1, "Best Test accuracy": 0.1863, "Train acc": 0.1827}, "PDM log": "{(3, 0.9, 1): {'shapes': [(784, 597), (597,), (597, 109), (109,), (109, 100), (100,), (100, 102), (102,), (102, 10), (10,)], 'train_accuracy': 0.1827, 'test_accuracy': 0.1863}}", "timing": 574}, "pdm_KL_reg 1": {"Best Result": {"Best Sigma0": 3, "Best sigma": 0.9, "Best gamma": 1, "Best Test accuracy": 0.2951, "Train acc": 0.28418333333333334}, "PDM log": "{(3, 0.9, 1): {'shapes': [(784, 476), (476,), (476, 100), (100,), (100, 100), (100,), (100, 100), (100,), (100, 10), (10,)], 'train_accuracy': 0.28418333333333334, 'test_accuracy': 0.2951}}", "timing": 380}, "pdm_KL_reg 2": {"Best Result": {"Best Sigma0": 3, "Best sigma": 0.9, "Best gamma": 1, "Best Test accuracy": 0.0974, "Train acc": 0.09751666666666667}, "PDM log": "{(3, 0.9, 1): {'shapes': [(784, 100), (100,), (100, 100), (100,), (100, 100), (100,), (100, 100), (100,), (100, 10), (10,)], 'train_accuracy': 0.09751666666666667, 'test_accuracy': 0.0974}}", "timing": 74}, "pdm_KL_reg 5": {"Best Result": {"Best Sigma0": 3, "Best sigma": 0.9, "Best gamma": 1, "Best Test accuracy": 0.0974, "Train acc": 0.09751666666666667}, "PDM log": "{(3, 0.9, 1): {'shapes': [(784, 100), (100,), (100, 100), (100,), (100, 100), (100,), (100, 100), (100,), (100, 10), (10,)], 'train_accuracy': 0.09751666666666667, 'test_accuracy': 0.0974}}", "timing": 76}, "pdm_KL_reg 10": {"Best Result": {"Best Sigma0": 3, "Best sigma": 0.9, "Best gamma": 1, "Best Test accuracy": 0.0974, "Train acc": 0.09751666666666667}, "PDM log": "{(3, 0.9, 1): {'shapes': [(784, 100), (100,), (100, 100), (100,), (100, 100), (100,), (100, 100), (100,), (100, 10), (10,)], 'train_accuracy': 0.09751666666666667, 'test_accuracy': 0.0974}}", "timing": 72}, "best_reg": 1}