{"seed": 1, "Data statistics": "{0: {0: 37, 1: 712, 3: 500, 4: 107, 5: 52, 6: 5, 7: 417, 8: 224, 9: 193}, 1: {0: 421, 1: 116, 2: 1887, 3: 1, 4: 185}, 2: {0: 56, 1: 1, 2: 6, 3: 520, 4: 457, 5: 1, 6: 254, 7: 1, 8: 640, 9: 81}, 3: {0: 669, 1: 51, 2: 356, 3: 71, 4: 320, 5: 4, 6: 132, 7: 1, 8: 791, 9: 634}, 4: {0: 6, 1: 83, 2: 105, 3: 196, 4: 2, 5: 13, 6: 137, 7: 78, 9: 191}, 5: {0: 1186, 1: 46, 3: 13, 4: 5, 5: 1197, 6: 445}, 6: {0: 7, 1: 785, 2: 3, 3: 13, 4: 693, 5: 1629}, 7: {0: 221, 1: 152, 2: 3, 3: 375, 4: 9, 5: 57, 6: 25, 7: 103, 8: 6, 9: 819}, 8: {0: 133, 1: 99, 2: 17, 3: 604, 4: 248, 5: 30, 6: 90, 7: 1084, 8: 129, 9: 1208}, 9: {0: 159, 1: 100, 2: 50, 3: 12, 4: 143, 5: 47, 6: 161, 7: 1141, 8: 19, 9: 12}, 10: {0: 33, 1: 151, 2: 177, 3: 254, 4: 105, 5: 647, 6: 132, 7: 59, 8: 786, 9: 195}, 11: {0: 159, 1: 81, 3: 2, 4: 922, 5: 34, 6: 251, 7: 14, 8: 3, 9: 212}, 12: {0: 126, 1: 5, 2: 7, 3: 107, 4: 401, 5: 320, 6: 737, 7: 2, 8: 481, 9: 229}, 13: {0: 1, 1: 288, 2: 542, 3: 309, 4: 49, 5: 95, 7: 1249}, 14: {0: 13, 1: 1296, 2: 543, 3: 555, 4: 118}, 15: {0: 119, 1: 560, 2: 344, 3: 212, 4: 420, 5: 295, 6: 52, 7: 331, 8: 1710}, 16: {0: 74, 1: 110, 2: 55, 3: 427, 4: 43, 5: 9, 6: 15, 7: 99, 9: 1226}, 17: {0: 434, 1: 214, 2: 262, 3: 9, 4: 184, 5: 16, 6: 2014}, 18: {0: 419, 1: 17, 2: 293, 3: 575, 4: 588, 5: 400, 6: 40, 7: 126, 8: 90}, 19: {0: 727, 1: 133, 2: 350, 3: 245, 4: 1, 5: 154, 6: 510, 7: 295, 8: 121}}", "loading time": 46, "local_train_accs": [0.641299510458389, 0.7808429118773946, 0.6142786316311354, 0.5734565863321228, 0.5770653514180024, 0.6300138312586445, 0.791373801916933, 0.6389830508474577, 0.64387699066447, 0.693058568329718, 0.5513981882630957, 0.6823599523241954, 0.5598343685300207, 0.6786419265692855, 0.7512871287128713, 0.6413554291367796, 0.7220602526724975, 0.7733801468241303, 0.434458398744113, 0.5374605678233438], "local_test_accs": [0.2671, 0.1467, 0.2177, 0.2718, 0.2505, 0.164, 0.2095, 0.2493, 0.2888, 0.19, 0.2381, 0.2174, 0.2707, 0.2139, 0.2076, 0.2858, 0.1771, 0.222, 0.2051, 0.2602], "pdm_KL_reg 0": {"Best Result": {"Best Sigma0": 10, "Best sigma": 1, "Best gamma": 50, "Best Test accuracy": 0.2632, "Train acc": 0.26224}, "PDM log": "{(10, 1, 50): {'shapes': [(3072, 1941), (1941,), (1941, 10), (10,)], 'train_accuracy': 0.26224, 'test_accuracy': 0.2632}}", "timing": 2902}, "pdm_KL_reg 0.001": {"Best Result": {"Best Sigma0": 10, "Best sigma": 1, "Best gamma": 50, "Best Test accuracy": 0.2632, "Train acc": 0.26224}, "PDM log": "{(10, 1, 50): {'shapes': [(3072, 1942), (1942,), (1942, 10), (10,)], 'train_accuracy': 0.26224, 'test_accuracy': 0.2632}}", "timing": 6605}, "pdm_KL_reg 0.005": {"Best Result": {"Best Sigma0": 10, "Best sigma": 1, "Best gamma": 50, "Best Test accuracy": 0.2632, "Train acc": 0.26224}, "PDM log": "{(10, 1, 50): {'shapes': [(3072, 1942), (1942,), (1942, 10), (10,)], 'train_accuracy': 0.26224, 'test_accuracy': 0.2632}}", "timing": 11321}, "pdm_KL_reg 0.01": {"Best Result": {"Best Sigma0": 10, "Best sigma": 1, "Best gamma": 50, "Best Test accuracy": 0.2632, "Train acc": 0.26224}, "PDM log": "{(10, 1, 50): {'shapes': [(3072, 1940), (1940,), (1940, 10), (10,)], 'train_accuracy': 0.26224, 'test_accuracy': 0.2632}}", "timing": 13321}, "pdm_KL_reg 0.05": {"Best Result": {"Best Sigma0": 10, "Best sigma": 1, "Best gamma": 50, "Best Test accuracy": 0.2632, "Train acc": 0.26224}, "PDM log": "{(10, 1, 50): {'shapes': [(3072, 1939), (1939,), (1939, 10), (10,)], 'train_accuracy': 0.26224, 'test_accuracy': 0.2632}}", "timing": 13316}, "pdm_KL_reg 0.1": {"Best Result": {"Best Sigma0": 10, "Best sigma": 1, "Best gamma": 50, "Best Test accuracy": 0.2632, "Train acc": 0.26224}, "PDM log": "{(10, 1, 50): {'shapes': [(3072, 1937), (1937,), (1937, 10), (10,)], 'train_accuracy': 0.26224, 'test_accuracy': 0.2632}}", "timing": 13397}, "pdm_KL_reg 0.5": {"Best Result": {"Best Sigma0": 10, "Best sigma": 1, "Best gamma": 50, "Best Test accuracy": 0.2627, "Train acc": 0.26206}, "PDM log": "{(10, 1, 50): {'shapes': [(3072, 1887), (1887,), (1887, 10), (10,)], 'train_accuracy': 0.26206, 'test_accuracy': 0.2627}}", "timing": 12910}, "pdm_KL_reg 1": {"Best Result": {"Best Sigma0": 10, "Best sigma": 1, "Best gamma": 50, "Best Test accuracy": 0.2607, "Train acc": 0.26154}, "PDM log": "{(10, 1, 50): {'shapes': [(3072, 1145), (1145,), (1145, 10), (10,)], 'train_accuracy': 0.26154, 'test_accuracy': 0.2607}}", "timing": 7665}, "pdm_KL_reg 2": {"Best Result": {"Best Sigma0": 10, "Best sigma": 1, "Best gamma": 50, "Best Test accuracy": 0.0997, "Train acc": 0.10006}, "PDM log": "{(10, 1, 50): {'shapes': [(3072, 115), (115,), (115, 10), (10,)], 'train_accuracy': 0.10006, 'test_accuracy': 0.0997}}", "timing": 624}, "pdm_KL_reg 5": {"Best Result": {"Best Sigma0": 10, "Best sigma": 1, "Best gamma": 50, "Best Test accuracy": 0.1, "Train acc": 0.1}, "PDM log": "{(10, 1, 50): {'shapes': [(3072, 100), (100,), (100, 10), (10,)], 'train_accuracy': 0.1, 'test_accuracy': 0.1}}", "timing": 528}, "pdm_KL_reg 10": {"Best Result": {"Best Sigma0": 10, "Best sigma": 1, "Best gamma": 50, "Best Test accuracy": 0.1, "Train acc": 0.1}, "PDM log": "{(10, 1, 50): {'shapes': [(3072, 100), (100,), (100, 10), (10,)], 'train_accuracy': 0.1, 'test_accuracy': 0.1}}", "timing": 525}, "best_reg": 0}