{"seed": 5, "Data statistics": "{0: {0: 16, 1: 3, 2: 494, 3: 1193, 4: 45, 5: 149, 6: 656}, 1: {0: 3, 1: 183, 2: 359, 3: 1, 4: 55, 5: 36, 6: 9, 7: 84, 8: 187, 9: 154}, 2: {0: 34, 1: 1380, 2: 339, 3: 7, 4: 719, 5: 7, 7: 265}, 3: {0: 192, 1: 9, 2: 1149, 3: 13, 4: 593, 5: 66, 6: 334, 7: 113, 8: 430}, 4: {0: 3, 1: 673, 2: 2, 3: 29, 4: 331, 5: 13, 6: 392, 7: 1528}, 5: {0: 4, 1: 172, 2: 13, 3: 98, 4: 265, 5: 334, 6: 10, 7: 587, 8: 171, 9: 1918}, 6: {0: 162, 1: 5, 2: 1, 4: 139, 5: 15, 6: 3, 7: 16, 8: 33, 9: 12}, 7: {0: 83, 1: 1, 2: 170, 3: 907, 4: 5, 5: 25, 6: 598, 7: 4, 8: 415}, 8: {0: 5, 1: 358, 2: 52, 3: 1088, 5: 33, 6: 228, 7: 229, 8: 22, 9: 4}, 9: {0: 20, 1: 39, 2: 2, 3: 426, 4: 32, 5: 2138}, 10: {0: 2, 1: 54, 2: 188, 3: 184, 5: 86, 6: 15, 7: 255, 8: 118, 9: 64}, 11: {0: 2061, 1: 368, 2: 844}, 12: {0: 288, 1: 406, 2: 225, 3: 8, 4: 571, 5: 41, 6: 11, 7: 25, 8: 538, 9: 53}, 13: {0: 849, 1: 43, 3: 62, 4: 486, 5: 665, 6: 276, 7: 350}, 14: {0: 456, 1: 377, 2: 42, 3: 188, 4: 964, 5: 22, 6: 280, 7: 1, 8: 746}, 15: {0: 231, 1: 89, 2: 166, 4: 180, 5: 18, 6: 26, 7: 849, 8: 2203}, 16: {0: 382, 1: 224, 2: 101, 3: 34, 4: 204, 5: 26, 6: 165, 7: 516, 8: 93, 9: 2220}, 17: {0: 171, 1: 260, 2: 20, 3: 287, 4: 206, 5: 69, 6: 551, 7: 12, 8: 25, 9: 567}, 18: {0: 37, 1: 353, 2: 446, 3: 34, 4: 8, 5: 24, 6: 1307, 7: 20, 8: 19, 9: 7}, 19: {0: 1, 1: 3, 2: 387, 3: 441, 4: 197, 5: 1233, 6: 139, 7: 146, 9: 1}}", "loading time": 49, "local_train_accs": [0.6201095461658842, 0.5929038281979458, 0.6986550345328971, 0.5550189720593308, 0.7357791989229215, 0.6581746920492721, 0.4119170984455959, 0.6467391304347826, 0.6894502228826151, 0.8099360180654874, 0.4979296066252588, 0.8014054384356859, 0.5821791320406279, 0.5994141340168436, 0.6063068920676203, 0.7788410419989368, 0.6542244640605296, 0.5705719557195572, 0.7432372505543238, 0.5412087912087912], "local_test_accs": [0.1707, 0.2415, 0.2105, 0.2332, 0.2272, 0.222, 0.1724, 0.2173, 0.2097, 0.1105, 0.222, 0.1886, 0.2381, 0.2504, 0.2444, 0.1977, 0.218, 0.2653, 0.2015, 0.136], "pdm_KL_reg 0": {"Best Result": {"Best Sigma0": 10, "Best sigma": 1, "Best gamma": 50, "Best Test accuracy": 0.2852, "Train acc": 0.28696}, "PDM log": "{(10, 1, 50): {'shapes': [(3072, 1925), (1925,), (1925, 10), (10,)], 'train_accuracy': 0.28696, 'test_accuracy': 0.2852}}", "timing": 3993}, "pdm_KL_reg 0.001": {"Best Result": {"Best Sigma0": 10, "Best sigma": 1, "Best gamma": 50, "Best Test accuracy": 0.2852, "Train acc": 0.28696}, "PDM log": "{(10, 1, 50): {'shapes': [(3072, 1925), (1925,), (1925, 10), (10,)], 'train_accuracy': 0.28696, 'test_accuracy': 0.2852}}", "timing": 8139}, "pdm_KL_reg 0.005": {"Best Result": {"Best Sigma0": 10, "Best sigma": 1, "Best gamma": 50, "Best Test accuracy": 0.2852, "Train acc": 0.28696}, "PDM log": "{(10, 1, 50): {'shapes': [(3072, 1925), (1925,), (1925, 10), (10,)], 'train_accuracy': 0.28696, 'test_accuracy': 0.2852}}", "timing": 5350}, "pdm_KL_reg 0.01": {"Best Result": {"Best Sigma0": 10, "Best sigma": 1, "Best gamma": 50, "Best Test accuracy": 0.2852, "Train acc": 0.28696}, "PDM log": "{(10, 1, 50): {'shapes': [(3072, 1925), (1925,), (1925, 10), (10,)], 'train_accuracy': 0.28696, 'test_accuracy': 0.2852}}", "timing": 4711}, "pdm_KL_reg 0.05": {"Best Result": {"Best Sigma0": 10, "Best sigma": 1, "Best gamma": 50, "Best Test accuracy": 0.2852, "Train acc": 0.28696}, "PDM log": "{(10, 1, 50): {'shapes': [(3072, 1922), (1922,), (1922, 10), (10,)], 'train_accuracy': 0.28696, 'test_accuracy': 0.2852}}", "timing": 4650}, "pdm_KL_reg 0.1": {"Best Result": {"Best Sigma0": 10, "Best sigma": 1, "Best gamma": 50, "Best Test accuracy": 0.2852, "Train acc": 0.28696}, "PDM log": "{(10, 1, 50): {'shapes': [(3072, 1919), (1919,), (1919, 10), (10,)], 'train_accuracy': 0.28696, 'test_accuracy': 0.2852}}", "timing": 4643}, "pdm_KL_reg 0.5": {"Best Result": {"Best Sigma0": 10, "Best sigma": 1, "Best gamma": 50, "Best Test accuracy": 0.2852, "Train acc": 0.28696}, "PDM log": "{(10, 1, 50): {'shapes': [(3072, 1878), (1878,), (1878, 10), (10,)], 'train_accuracy': 0.28696, 'test_accuracy': 0.2852}}", "timing": 4419}, "pdm_KL_reg 1": {"Best Result": {"Best Sigma0": 10, "Best sigma": 1, "Best gamma": 50, "Best Test accuracy": 0.2862, "Train acc": 0.28722}, "PDM log": "{(10, 1, 50): {'shapes': [(3072, 1107), (1107,), (1107, 10), (10,)], 'train_accuracy': 0.28722, 'test_accuracy': 0.2862}}", "timing": 2493}, "pdm_KL_reg 2": {"Best Result": {"Best Sigma0": 10, "Best sigma": 1, "Best gamma": 50, "Best Test accuracy": 0.1, "Train acc": 0.1}, "PDM log": "{(10, 1, 50): {'shapes': [(3072, 119), (119,), (119, 10), (10,)], 'train_accuracy': 0.1, 'test_accuracy': 0.1}}", "timing": 226}, "pdm_KL_reg 5": {"Best Result": {"Best Sigma0": 10, "Best sigma": 1, "Best gamma": 50, "Best Test accuracy": 0.1, "Train acc": 0.1}, "PDM log": "{(10, 1, 50): {'shapes': [(3072, 113), (113,), (113, 10), (10,)], 'train_accuracy': 0.1, 'test_accuracy': 0.1}}", "timing": 190}, "pdm_KL_reg 10": {"Best Result": {"Best Sigma0": 10, "Best sigma": 1, "Best gamma": 50, "Best Test accuracy": 0.1, "Train acc": 0.1}, "PDM log": "{(10, 1, 50): {'shapes': [(3072, 109), (109,), (109, 10), (10,)], 'train_accuracy': 0.1, 'test_accuracy': 0.1}}", "timing": 181}, "best_reg": 1}