{"seed": 3, "Data statistics": "{0: {0: 3269, 1: 1307, 2: 42, 3: 3343, 4: 3999, 5: 301}, 1: {0: 346, 1: 2442, 2: 1985, 3: 1535, 4: 1005, 5: 4594, 6: 1047}, 2: {0: 35, 1: 483, 2: 56, 3: 227, 4: 65, 5: 9, 6: 140, 7: 2046, 8: 466, 9: 3129}, 3: {0: 405, 1: 1098, 2: 711, 3: 135, 4: 601, 5: 247, 6: 2817, 7: 3755, 8: 103, 9: 2820}, 4: {0: 1868, 1: 1412, 2: 3164, 3: 891, 4: 172, 5: 270, 6: 1914, 7: 464, 8: 5282}}", "local_train_accs": [0.9982056928472393, 0.9942102825382121, 0.9978966346153846, 0.9923573904821935, 0.9931981602643001], "local_test_accs": [0.5554, 0.6801, 0.8094, 0.9095, 0.8505], "pdm_match": {}, "pdm_KL_match": {}, "pdm_KL2_match": {"Best Result": {"Best Sigma0": 10.0, "Best sigma": 0.1, "Best gamma": 1.0, "Best Test accuracy": 0.848, "Train acc": 0.8551166666666666}, "PDM log": "{(1.0, 1.0, 1.0): {'shapes': [(784, 349), (349,), (349, 10), (10,)], 'train_accuracy': 0.84995, 'test_accuracy': 0.8444}, (10.0, 1.0, 1.0): {'shapes': [(784, 221), (221,), (221, 10), (10,)], 'train_accuracy': 0.8481833333333333, 'test_accuracy': 0.8405}, (1.0, 0.1, 1.0): {'shapes': [(784, 403), (403,), (403, 10), (10,)], 'train_accuracy': 0.8497333333333333, 'test_accuracy': 0.8438}, (10.0, 0.1, 1.0): {'shapes': [(784, 260), (260,), (260, 10), (10,)], 'train_accuracy': 0.8551166666666666, 'test_accuracy': 0.848}, (1.0, 0.5, 1.0): {'shapes': [(784, 379), (379,), (379, 10), (10,)], 'train_accuracy': 0.84975, 'test_accuracy': 0.8439}, (10.0, 0.5, 1.0): {'shapes': [(784, 240), (240,), (240, 10), (10,)], 'train_accuracy': 0.8539, 'test_accuracy': 0.8462}, (1.0, 1.0, 10.0): {'shapes': [(784, 372), (372,), (372, 10), (10,)], 'train_accuracy': 0.8499833333333333, 'test_accuracy': 0.8442}, (10.0, 1.0, 10.0): {'shapes': [(784, 320), (320,), (320, 10), (10,)], 'train_accuracy': 0.8494166666666667, 'test_accuracy': 0.8443}, (1.0, 0.1, 10.0): {'shapes': [(784, 420), (420,), (420, 10), (10,)], 'train_accuracy': 0.8497333333333333, 'test_accuracy': 0.8438}, (10.0, 0.1, 10.0): {'shapes': [(784, 340), (340,), (340, 10), (10,)], 'train_accuracy': 0.8488166666666667, 'test_accuracy': 0.8438}, (1.0, 0.5, 10.0): {'shapes': [(784, 396), (396,), (396, 10), (10,)], 'train_accuracy': 0.8497166666666667, 'test_accuracy': 0.844}, (10.0, 0.5, 10.0): {'shapes': [(784, 331), (331,), (331, 10), (10,)], 'train_accuracy': 0.849, 'test_accuracy': 0.8436}, (1.0, 1.0, 50.0): {'shapes': [(784, 392), (392,), (392, 10), (10,)], 'train_accuracy': 0.8502833333333333, 'test_accuracy': 0.8445}, (10.0, 1.0, 50.0): {'shapes': [(784, 372), (372,), (372, 10), (10,)], 'train_accuracy': 0.8495166666666667, 'test_accuracy': 0.8437}, (1.0, 0.1, 50.0): {'shapes': [(784, 456), (456,), (456, 10), (10,)], 'train_accuracy': 0.8497333333333333, 'test_accuracy': 0.8438}, (10.0, 0.1, 50.0): {'shapes': [(784, 376), (376,), (376, 10), (10,)], 'train_accuracy': 0.8496333333333334, 'test_accuracy': 0.8437}, (1.0, 0.5, 50.0): {'shapes': [(784, 418), (418,), (418, 10), (10,)], 'train_accuracy': 0.8497333333333333, 'test_accuracy': 0.844}, (10.0, 0.5, 50.0): {'shapes': [(784, 376), (376,), (376, 10), (10,)], 'train_accuracy': 0.8496333333333334, 'test_accuracy': 0.8438}}"}}