{"seed": 9, "Data statistics": "{0: {0: 283, 1: 353, 2: 295, 3: 303, 4: 278, 5: 262, 6: 309, 7: 331, 8: 289, 9: 297}, 1: {0: 315, 1: 375, 2: 269, 3: 300, 4: 308, 5: 268, 6: 303, 7: 293, 8: 277, 9: 292}, 2: {0: 288, 1: 340, 2: 296, 3: 323, 4: 269, 5: 280, 6: 278, 7: 312, 8: 305, 9: 309}, 3: {0: 275, 1: 336, 2: 290, 3: 293, 4: 308, 5: 276, 6: 299, 7: 337, 8: 300, 9: 286}, 4: {0: 293, 1: 341, 2: 296, 3: 305, 4: 283, 5: 253, 6: 313, 7: 300, 8: 285, 9: 331}, 5: {0: 327, 1: 326, 2: 287, 3: 334, 4: 295, 5: 279, 6: 290, 7: 283, 8: 273, 9: 306}, 6: {0: 293, 1: 352, 2: 298, 3: 298, 4: 277, 5: 263, 6: 294, 7: 328, 8: 296, 9: 301}, 7: {0: 295, 1: 337, 2: 296, 3: 306, 4: 284, 5: 288, 6: 291, 7: 330, 8: 284, 9: 289}, 8: {0: 319, 1: 342, 2: 276, 3: 319, 4: 291, 5: 273, 6: 287, 7: 307, 8: 297, 9: 289}, 9: {0: 282, 1: 337, 2: 294, 3: 307, 4: 319, 5: 285, 6: 276, 7: 327, 8: 294, 9: 279}, 10: {0: 288, 1: 346, 2: 298, 3: 295, 4: 304, 5: 264, 6: 271, 7: 313, 8: 310, 9: 311}, 11: {0: 300, 1: 293, 2: 318, 3: 331, 4: 275, 5: 281, 6: 299, 7: 313, 8: 283, 9: 307}, 12: {0: 310, 1: 339, 2: 296, 3: 308, 4: 283, 5: 267, 6: 311, 7: 299, 8: 311, 9: 276}, 13: {0: 279, 1: 346, 2: 327, 3: 291, 4: 316, 5: 259, 6: 288, 7: 315, 8: 297, 9: 282}, 14: {0: 291, 1: 338, 2: 306, 3: 339, 4: 282, 5: 239, 6: 284, 7: 311, 8: 296, 9: 314}, 15: {0: 299, 1: 329, 2: 312, 3: 294, 4: 300, 5: 259, 6: 320, 7: 285, 8: 298, 9: 304}, 16: {0: 277, 1: 363, 2: 317, 3: 300, 4: 304, 5: 266, 6: 295, 7: 300, 8: 271, 9: 307}, 17: {0: 309, 1: 303, 2: 333, 3: 270, 4: 295, 5: 267, 6: 278, 7: 360, 8: 292, 9: 293}, 18: {0: 288, 1: 346, 2: 275, 3: 309, 4: 277, 5: 306, 6: 320, 7: 312, 8: 277, 9: 290}, 19: {0: 312, 1: 300, 2: 279, 3: 306, 4: 294, 5: 286, 6: 312, 7: 309, 8: 316, 9: 286}}", "local_train_accs": [0.988, 0.998, 0.992, 1.0, 0.9776666666666667, 0.9956666666666667, 0.9936666666666667, 0.9943333333333333, 0.9903333333333333, 0.995, 0.9983333333333333, 0.9863333333333333, 0.9903333333333333, 0.9826666666666667, 0.997, 0.9966666666666667, 1.0, 0.9943333333333333, 0.9953333333333333, 1.0], "local_test_accs": [0.922, 0.9321, 0.9226, 0.9411, 0.9169, 0.9223, 0.9199, 0.9333, 0.9263, 0.9375, 0.9294, 0.9137, 0.9297, 0.9079, 0.9285, 0.9338, 0.9423, 0.9295, 0.9316, 0.9348], "pdm_match": {}, "pdm_KL_match": {}, "pdm_KL2_match": {"Best Result": {"Best Sigma0": 1.0, "Best sigma": 0.5, "Best gamma": 10.0, "Best Test accuracy": 0.9564, "Train acc": 0.9596833333333333}, "PDM log": "{(1.0, 1.0, 1.0): {'shapes': [(784, 309), (309,), (309, 10), (10,)], 'train_accuracy': 0.95455, 'test_accuracy': 0.9541}, (10.0, 1.0, 1.0): {'shapes': [(784, 121), (121,), (121, 10), (10,)], 'train_accuracy': 0.9462333333333334, 'test_accuracy': 0.9448}, (1.0, 0.1, 1.0): {'shapes': [(784, 700), (700,), (700, 10), (10,)], 'train_accuracy': 0.9550833333333333, 'test_accuracy': 0.9527}, (10.0, 0.1, 1.0): {'shapes': [(784, 160), (160,), (160, 10), (10,)], 'train_accuracy': 0.93225, 'test_accuracy': 0.933}, (1.0, 0.5, 1.0): {'shapes': [(784, 700), (700,), (700, 10), (10,)], 'train_accuracy': 0.9579666666666666, 'test_accuracy': 0.9569}, (10.0, 0.5, 1.0): {'shapes': [(784, 137), (137,), (137, 10), (10,)], 'train_accuracy': 0.9413, 'test_accuracy': 0.9443}, (1.0, 1.0, 10.0): {'shapes': [(784, 700), (700,), (700, 10), (10,)], 'train_accuracy': 0.95945, 'test_accuracy': 0.9579}, (10.0, 1.0, 10.0): {'shapes': [(784, 203), (203,), (203, 10), (10,)], 'train_accuracy': 0.8883666666666666, 'test_accuracy': 0.8848}, (1.0, 0.1, 10.0): {'shapes': [(784, 700), (700,), (700, 10), (10,)], 'train_accuracy': 0.9544666666666667, 'test_accuracy': 0.9517}, (10.0, 0.1, 10.0): {'shapes': [(784, 232), (232,), (232, 10), (10,)], 'train_accuracy': 0.7593666666666666, 'test_accuracy': 0.7587}, (1.0, 0.5, 10.0): {'shapes': [(784, 700), (700,), (700, 10), (10,)], 'train_accuracy': 0.9596833333333333, 'test_accuracy': 0.9564}, (10.0, 0.5, 10.0): {'shapes': [(784, 212), (212,), (212, 10), (10,)], 'train_accuracy': 0.844, 'test_accuracy': 0.8419}, (1.0, 1.0, 50.0): {'shapes': [(784, 700), (700,), (700, 10), (10,)], 'train_accuracy': 0.9592666666666667, 'test_accuracy': 0.959}, (10.0, 1.0, 50.0): {'shapes': [(784, 451), (451,), (451, 10), (10,)], 'train_accuracy': 0.8774666666666666, 'test_accuracy': 0.8772}, (1.0, 0.1, 50.0): {'shapes': [(784, 700), (700,), (700, 10), (10,)], 'train_accuracy': 0.9563333333333334, 'test_accuracy': 0.9536}, (10.0, 0.1, 50.0): {'shapes': [(784, 418), (418,), (418, 10), (10,)], 'train_accuracy': 0.6847833333333333, 'test_accuracy': 0.6879}, (1.0, 0.5, 50.0): {'shapes': [(784, 700), (700,), (700, 10), (10,)], 'train_accuracy': 0.9584, 'test_accuracy': 0.9573}, (10.0, 0.5, 50.0): {'shapes': [(784, 395), (395,), (395, 10), (10,)], 'train_accuracy': 0.7616666666666667, 'test_accuracy': 0.7603}}"}}