{"seed": 4, "Data statistics": "{0: {0: 289, 1: 340, 2: 318, 3: 316, 4: 292, 5: 241, 6: 307, 7: 317, 8: 274, 9: 306}, 1: {0: 291, 1: 354, 2: 306, 3: 298, 4: 268, 5: 282, 6: 298, 7: 308, 8: 307, 9: 288}, 2: {0: 315, 1: 303, 2: 290, 3: 309, 4: 294, 5: 276, 6: 283, 7: 335, 8: 303, 9: 292}, 3: {0: 302, 1: 345, 2: 331, 3: 302, 4: 272, 5: 289, 6: 284, 7: 320, 8: 284, 9: 271}, 4: {0: 283, 1: 339, 2: 290, 3: 304, 4: 305, 5: 276, 6: 313, 7: 303, 8: 295, 9: 292}, 5: {0: 274, 1: 358, 2: 309, 3: 293, 4: 283, 5: 265, 6: 289, 7: 303, 8: 325, 9: 301}, 6: {0: 288, 1: 333, 2: 275, 3: 316, 4: 317, 5: 266, 6: 289, 7: 310, 8: 274, 9: 332}, 7: {0: 306, 1: 326, 2: 275, 3: 307, 4: 309, 5: 279, 6: 303, 7: 293, 8: 286, 9: 316}, 8: {0: 284, 1: 345, 2: 289, 3: 300, 4: 283, 5: 291, 6: 324, 7: 323, 8: 255, 9: 306}, 9: {0: 295, 1: 361, 2: 309, 3: 352, 4: 297, 5: 256, 6: 317, 7: 293, 8: 252, 9: 268}, 10: {0: 308, 1: 333, 2: 304, 3: 312, 4: 288, 5: 283, 6: 302, 7: 284, 8: 302, 9: 284}, 11: {0: 323, 1: 325, 2: 280, 3: 305, 4: 315, 5: 243, 6: 281, 7: 325, 8: 302, 9: 301}, 12: {0: 267, 1: 341, 2: 307, 3: 298, 4: 289, 5: 282, 6: 295, 7: 336, 8: 280, 9: 305}, 13: {0: 309, 1: 345, 2: 288, 3: 303, 4: 284, 5: 253, 6: 294, 7: 342, 8: 279, 9: 303}, 14: {0: 299, 1: 328, 2: 317, 3: 304, 4: 306, 5: 269, 6: 271, 7: 309, 8: 336, 9: 261}, 15: {0: 315, 1: 335, 2: 307, 3: 296, 4: 281, 5: 259, 6: 303, 7: 301, 8: 300, 9: 303}, 16: {0: 269, 1: 360, 2: 284, 3: 296, 4: 295, 5: 267, 6: 286, 7: 308, 8: 317, 9: 318}, 17: {0: 308, 1: 330, 2: 317, 3: 293, 4: 286, 5: 283, 6: 263, 7: 333, 8: 276, 9: 311}, 18: {0: 292, 1: 309, 2: 283, 3: 316, 4: 288, 5: 263, 6: 329, 7: 318, 8: 317, 9: 285}, 19: {0: 306, 1: 332, 2: 279, 3: 311, 4: 290, 5: 298, 6: 287, 7: 304, 8: 287, 9: 306}}", "local_train_accs": [1.0, 0.9926666666666667, 0.997, 0.9916666666666667, 1.0, 0.9983333333333333, 0.984, 0.9896666666666667, 0.9843333333333333, 0.9996666666666667, 0.9883333333333333, 0.9936666666666667, 0.9986666666666667, 0.994, 0.98, 0.987, 1.0, 0.996, 0.998, 0.9986666666666667], "local_test_accs": [0.9377, 0.9268, 0.9304, 0.9215, 0.942, 0.9376, 0.9143, 0.9276, 0.918, 0.9276, 0.9238, 0.9278, 0.9346, 0.9242, 0.9021, 0.9174, 0.9418, 0.928, 0.9291, 0.9366], "pdm_match": {}, "pdm_KL_match": {}, "pdm_KL2_match": {"Best Result": {"Best Sigma0": 1.0, "Best sigma": 1.0, "Best gamma": 10.0, "Best Test accuracy": 0.9606, "Train acc": 0.96135}, "PDM log": "{(1.0, 1.0, 1.0): {'shapes': [(784, 288), (288,), (288, 10), (10,)], 'train_accuracy': 0.9555666666666667, 'test_accuracy': 0.9534}, (10.0, 1.0, 1.0): {'shapes': [(784, 120), (120,), (120, 10), (10,)], 'train_accuracy': 0.9470333333333333, 'test_accuracy': 0.9472}, (1.0, 0.1, 1.0): {'shapes': [(784, 700), (700,), (700, 10), (10,)], 'train_accuracy': 0.9562833333333334, 'test_accuracy': 0.9535}, (10.0, 0.1, 1.0): {'shapes': [(784, 160), (160,), (160, 10), (10,)], 'train_accuracy': 0.93855, 'test_accuracy': 0.938}, (1.0, 0.5, 1.0): {'shapes': [(784, 700), (700,), (700, 10), (10,)], 'train_accuracy': 0.9609166666666666, 'test_accuracy': 0.9595}, (10.0, 0.5, 1.0): {'shapes': [(784, 136), (136,), (136, 10), (10,)], 'train_accuracy': 0.9412666666666667, 'test_accuracy': 0.9421}, (1.0, 1.0, 10.0): {'shapes': [(784, 699), (699,), (699, 10), (10,)], 'train_accuracy': 0.96135, 'test_accuracy': 0.9606}, (10.0, 1.0, 10.0): {'shapes': [(784, 197), (197,), (197, 10), (10,)], 'train_accuracy': 0.8997666666666667, 'test_accuracy': 0.8965}, (1.0, 0.1, 10.0): {'shapes': [(784, 700), (700,), (700, 10), (10,)], 'train_accuracy': 0.9573666666666667, 'test_accuracy': 0.9562}, (10.0, 0.1, 10.0): {'shapes': [(784, 224), (224,), (224, 10), (10,)], 'train_accuracy': 0.8628166666666667, 'test_accuracy': 0.8634}, (1.0, 0.5, 10.0): {'shapes': [(784, 700), (700,), (700, 10), (10,)], 'train_accuracy': 0.9607333333333333, 'test_accuracy': 0.96}, (10.0, 0.5, 10.0): {'shapes': [(784, 208), (208,), (208, 10), (10,)], 'train_accuracy': 0.7836333333333333, 'test_accuracy': 0.7844}, (1.0, 1.0, 50.0): {'shapes': [(784, 700), (700,), (700, 10), (10,)], 'train_accuracy': 0.9596, 'test_accuracy': 0.9595}, (10.0, 1.0, 50.0): {'shapes': [(784, 408), (408,), (408, 10), (10,)], 'train_accuracy': 0.8596666666666667, 'test_accuracy': 0.858}, (1.0, 0.1, 50.0): {'shapes': [(784, 700), (700,), (700, 10), (10,)], 'train_accuracy': 0.9592333333333334, 'test_accuracy': 0.9563}, (10.0, 0.1, 50.0): {'shapes': [(784, 433), (433,), (433, 10), (10,)], 'train_accuracy': 0.7082833333333334, 'test_accuracy': 0.7108}, (1.0, 0.5, 50.0): {'shapes': [(784, 700), (700,), (700, 10), (10,)], 'train_accuracy': 0.9600833333333333, 'test_accuracy': 0.96}, (10.0, 0.5, 50.0): {'shapes': [(784, 401), (401,), (401, 10), (10,)], 'train_accuracy': 0.7491833333333333, 'test_accuracy': 0.7499}}"}}