{"seed": 7, "Data statistics": "{0: {0: 32, 1: 868, 2: 12, 3: 983, 4: 1346, 5: 131, 6: 713}, 1: {0: 104, 1: 70, 3: 466, 4: 133, 5: 356, 6: 21, 7: 117, 8: 24, 9: 3094}, 2: {0: 2939, 1: 2050}, 3: {0: 363, 1: 346, 2: 1496, 3: 62, 4: 528, 5: 39, 6: 199, 7: 185, 8: 1368}, 4: {0: 207, 1: 3, 2: 84, 3: 11, 4: 1416, 5: 120, 6: 4, 7: 68, 8: 1, 9: 1174}, 5: {0: 88, 1: 108, 2: 23, 3: 73, 4: 146, 5: 817, 6: 47, 7: 293, 8: 2502}, 6: {0: 515, 1: 655, 2: 345, 3: 56, 4: 941, 5: 10, 6: 1164, 7: 15, 8: 175, 9: 339}, 7: {0: 89, 1: 804, 2: 2322, 3: 456, 4: 385}, 8: {0: 84, 1: 1155, 2: 749, 3: 136, 5: 249, 6: 38, 7: 2430}, 9: {0: 432, 1: 44, 2: 549, 3: 151, 4: 17, 5: 181, 6: 1754, 7: 712, 8: 431}, 10: {0: 210, 1: 4, 2: 2, 3: 204, 4: 207, 5: 41, 6: 21, 7: 215, 8: 34, 9: 221}, 11: {0: 593, 1: 64, 2: 23, 3: 773, 4: 1, 5: 1163, 6: 6, 8: 175, 9: 922}, 12: {0: 17, 1: 294, 2: 348, 3: 233, 4: 199, 5: 19, 6: 1066, 7: 1335, 8: 1118}, 13: {1: 109, 2: 2, 3: 144, 4: 409, 5: 510, 6: 884, 7: 895, 8: 22, 9: 199}, 14: {0: 250, 1: 168, 2: 3, 3: 2383, 4: 114, 5: 1785, 6: 1, 8: 1}}", "comm 0": {"training timing": 262, "local_train_accs": [1.0, 0.9968072976054732, 1.0, 1.0, 1.0, 1.0, 1.0, 1.0, 1.0, 0.9997658627955982, 1.0, 1.0, 0.9997839706200043, 1.0, 1.0], "local_test_accs": [1.0, 0.9968072976054732, 1.0, 1.0, 1.0, 1.0, 1.0, 1.0, 1.0, 0.9997658627955982, 1.0, 1.0, 0.9997839706200043, 1.0, 1.0], "Uniform ensemble (Train acc)": 0.9258333333333333, "Uniform ensemble (Test acc)": 0.9246, "FedAvg (Train acc)": 0.11688333333333334, "FedAvg (Test acc)": 0.1151, "pdm_KL (Train acc)": 0.6984833333333333, "pdm_KL (Test acc)": 0.6977}, "comm 1": {"training timing": 360, "local_train_accs": [1.0, 1.0, 1.0, 0.9910597470562582, 1.0, 1.0, 1.0, 1.0, 1.0, 1.0, 1.0, 0.999731182795699, 1.0, 1.0, 1.0], "local_test_accs": [1.0, 1.0, 1.0, 0.9910597470562582, 1.0, 1.0, 1.0, 1.0, 1.0, 1.0, 1.0, 0.999731182795699, 1.0, 1.0, 1.0], "Uniform ensemble (Train acc)": 0.9256666666666666, "Uniform ensemble (Test acc)": 0.9245, "FedAvg (Train acc)": 0.18635, "FedAvg (Test acc)": 0.1885, "pdm_KL (Train acc)": 0.8081333333333334, "pdm_KL (Test acc)": 0.8051}, "comm 2": {"training timing": 377, "local_train_accs": [1.0, 1.0, 1.0, 1.0, 1.0, 1.0, 1.0, 1.0, 1.0, 1.0, 1.0, 1.0, 1.0, 1.0, 0.999787460148778], "local_test_accs": [1.0, 1.0, 1.0, 1.0, 1.0, 1.0, 1.0, 1.0, 1.0, 1.0, 1.0, 1.0, 1.0, 1.0, 0.999787460148778], "Uniform ensemble (Train acc)": 0.9246, "Uniform ensemble (Test acc)": 0.9236, "FedAvg (Train acc)": 0.18953333333333333, "FedAvg (Test acc)": 0.1921, "pdm_KL (Train acc)": 0.84335, "pdm_KL (Test acc)": 0.8468}, "comm 3": {"training timing": 370, "local_train_accs": [1.0, 0.9995438996579248, 1.0, 1.0, 1.0, 1.0, 1.0, 1.0, 1.0, 1.0, 1.0, 1.0, 1.0, 1.0, 1.0], "local_test_accs": [1.0, 0.9995438996579248, 1.0, 1.0, 1.0, 1.0, 1.0, 1.0, 1.0, 1.0, 1.0, 1.0, 1.0, 1.0, 1.0], "Uniform ensemble (Train acc)": 0.92895, "Uniform ensemble (Test acc)": 0.9265, "FedAvg (Train acc)": 0.1652, "FedAvg (Test acc)": 0.165, "pdm_KL (Train acc)": 0.8888, "pdm_KL (Test acc)": 0.8905}, "comm 4": {"training timing": 360, "local_train_accs": [1.0, 1.0, 1.0, 1.0, 0.9996761658031088, 0.9992677568952892, 1.0, 1.0, 1.0, 0.9985951767735893, 1.0, 1.0, 1.0, 1.0, 1.0], "local_test_accs": [1.0, 1.0, 1.0, 1.0, 0.9996761658031088, 0.9992677568952892, 1.0, 1.0, 1.0, 0.9985951767735893, 1.0, 1.0, 1.0, 1.0, 1.0], "Uniform ensemble (Train acc)": 0.9300833333333334, "Uniform ensemble (Test acc)": 0.9278, "FedAvg (Train acc)": 0.18098333333333333, "FedAvg (Test acc)": 0.1785, "pdm_KL (Train acc)": 0.9160666666666667, "pdm_KL (Test acc)": 0.9177}, "comm 5": {"training timing": 364, "local_train_accs": [1.0, 1.0, 1.0, 1.0, 1.0, 1.0, 1.0, 1.0, 1.0, 1.0, 1.0, 1.0, 1.0, 1.0, 0.9985122210414453], "local_test_accs": [1.0, 1.0, 1.0, 1.0, 1.0, 1.0, 1.0, 1.0, 1.0, 1.0, 1.0, 1.0, 1.0, 1.0, 0.9985122210414453], "Uniform ensemble (Train acc)": 0.93205, "Uniform ensemble (Test acc)": 0.9319, "FedAvg (Train acc)": 0.16665, "FedAvg (Test acc)": 0.1592, "pdm_KL (Train acc)": 0.9186166666666666, "pdm_KL (Test acc)": 0.9191}, "comm 6": {"training timing": 372, "local_train_accs": [1.0, 1.0, 1.0, 1.0, 1.0, 1.0, 1.0, 1.0, 1.0, 1.0, 1.0, 1.0, 1.0, 0.9996849401386263, 1.0], "local_test_accs": [1.0, 1.0, 1.0, 1.0, 1.0, 1.0, 1.0, 1.0, 1.0, 1.0, 1.0, 1.0, 1.0, 0.9996849401386263, 1.0], "Uniform ensemble (Train acc)": 0.9301166666666667, "Uniform ensemble (Test acc)": 0.9269, "FedAvg (Train acc)": 0.1539, "FedAvg (Test acc)": 0.153, "pdm_KL (Train acc)": 0.9258833333333333, "pdm_KL (Test acc)": 0.9277}, "comm 7": {"training timing": 351, "local_train_accs": [1.0, 1.0, 1.0, 0.9973833406018316, 1.0, 1.0, 1.0, 1.0, 1.0, 1.0, 1.0, 1.0, 1.0, 0.9993698802772527, 1.0], "local_test_accs": [1.0, 1.0, 1.0, 0.9973833406018316, 1.0, 1.0, 1.0, 1.0, 1.0, 1.0, 1.0, 1.0, 1.0, 0.9993698802772527, 1.0], "Uniform ensemble (Train acc)": 0.9301, "Uniform ensemble (Test acc)": 0.9272, "FedAvg (Train acc)": 0.17128333333333334, "FedAvg (Test acc)": 0.1644, "pdm_KL (Train acc)": 0.9312, "pdm_KL (Test acc)": 0.9306}, "comm 8": {"training timing": 365, "local_train_accs": [1.0, 1.0, 1.0, 0.9995638901003053, 1.0, 1.0, 1.0, 1.0, 1.0, 0.9997658627955982, 0.996548748921484, 0.9959677419354839, 1.0, 1.0, 1.0], "local_test_accs": [1.0, 1.0, 1.0, 0.9995638901003053, 1.0, 1.0, 1.0, 1.0, 1.0, 0.9997658627955982, 0.996548748921484, 0.9959677419354839, 1.0, 1.0, 1.0], "Uniform ensemble (Train acc)": 0.9326166666666666, "Uniform ensemble (Test acc)": 0.9306, "FedAvg (Train acc)": 0.1372, "FedAvg (Test acc)": 0.1331, "pdm_KL (Train acc)": 0.9383666666666667, "pdm_KL (Test acc)": 0.9376}, "comm 9": {"training timing": 364, "local_train_accs": [0.9995104039167687, 1.0, 1.0, 1.0, 1.0, 1.0, 1.0, 1.0, 1.0, 1.0, 1.0, 0.9948924731182796, 1.0, 1.0, 1.0], "local_test_accs": [0.9995104039167687, 1.0, 1.0, 1.0, 1.0, 1.0, 1.0, 1.0, 1.0, 1.0, 1.0, 0.9948924731182796, 1.0, 1.0, 1.0], "Uniform ensemble (Train acc)": 0.9269166666666667, "Uniform ensemble (Test acc)": 0.9252, "FedAvg (Train acc)": 0.11003333333333333, "FedAvg (Test acc)": 0.105, "pdm_KL (Train acc)": 0.9334, "pdm_KL (Test acc)": 0.9334}, "comm 10": {"training timing": 365, "local_train_accs": [1.0, 0.9968072976054732, 1.0, 1.0, 1.0, 1.0, 1.0, 1.0, 1.0, 1.0, 1.0, 1.0, 1.0, 1.0, 1.0], "local_test_accs": [1.0, 0.9968072976054732, 1.0, 1.0, 1.0, 1.0, 1.0, 1.0, 1.0, 1.0, 1.0, 1.0, 1.0, 1.0, 1.0], "Uniform ensemble (Train acc)": 0.9372166666666667, "Uniform ensemble (Test acc)": 0.9363, "FedAvg (Train acc)": 0.16013333333333332, "FedAvg (Test acc)": 0.1574, "pdm_KL (Train acc)": 0.9342, "pdm_KL (Test acc)": 0.9337}, "comm 11": {"training timing": 360, "local_train_accs": [1.0, 1.0, 1.0, 1.0, 1.0, 1.0, 1.0, 1.0, 1.0, 1.0, 1.0, 1.0, 0.9995679412400087, 1.0, 1.0], "local_test_accs": [1.0, 1.0, 1.0, 1.0, 1.0, 1.0, 1.0, 1.0, 1.0, 1.0, 1.0, 1.0, 0.9995679412400087, 1.0, 1.0], "Uniform ensemble (Train acc)": 0.9272666666666667, "Uniform ensemble (Test acc)": 0.9245, "FedAvg (Train acc)": 0.13013333333333332, "FedAvg (Test acc)": 0.1265, "pdm_KL (Train acc)": 0.9444833333333333, "pdm_KL (Test acc)": 0.9434}, "comm 12": {"training timing": 356, "local_train_accs": [1.0, 0.9993158494868871, 1.0, 1.0, 1.0, 1.0, 1.0, 1.0, 1.0, 0.9992975883867946, 1.0, 1.0, 0.9954633830200907, 1.0, 1.0], "local_test_accs": [1.0, 0.9993158494868871, 1.0, 1.0, 1.0, 1.0, 1.0, 1.0, 1.0, 0.9992975883867946, 1.0, 1.0, 0.9954633830200907, 1.0, 1.0], "Uniform ensemble (Train acc)": 0.9381833333333334, "Uniform ensemble (Test acc)": 0.9376, "FedAvg (Train acc)": 0.1214, "FedAvg (Test acc)": 0.1159, "pdm_KL (Train acc)": 0.9487166666666667, "pdm_KL (Test acc)": 0.9468}, "comm 13": {"training timing": 361, "local_train_accs": [1.0, 1.0, 1.0, 1.0, 1.0, 1.0, 1.0, 1.0, 0.9993802933278249, 1.0, 0.999137187230371, 1.0, 1.0, 1.0, 1.0], "local_test_accs": [1.0, 1.0, 1.0, 1.0, 1.0, 1.0, 1.0, 1.0, 0.9993802933278249, 1.0, 0.999137187230371, 1.0, 1.0, 1.0, 1.0], "Uniform ensemble (Train acc)": 0.9338333333333333,