{"seed": 1, "Data statistics": "{0: {0: 406, 1: 1041, 2: 1423, 3: 3885, 4: 4999, 5: 4816, 6: 1739, 7: 2064, 8: 2, 9: 2427}, 1: {0: 4594, 1: 3959, 2: 3577, 3: 1115, 4: 1, 5: 184, 6: 3261, 7: 2936, 8: 4998, 9: 2573}}", "loading time": 73, "local_train_accs": [0.49026401192877817, 0.5856312964188544], "local_test_accs": [0.3288, 0.4039], "Uniform ensemble (Train acc)": 0.47068, "Uniform ensemble (Test acc)": 0.4509, "FedAvg (Train acc)": 0.2074, "FedAvg (Test acc)": 0.2063, "pdm_KL_reg 0": {"Best Result": {"Best Sigma0": 10, "Best sigma": 1, "Best gamma": 50, "Best Test accuracy": 0.3904, "Train acc": 0.40182}, "PDM log": "{(10, 1, 50): {'shapes': [(3072, 193), (193,), (193, 10), (10,)], 'train_accuracy': 0.40182, 'test_accuracy': 0.3904}}", "timing": 107}, "pdm_KL_reg 0.001": {"Best Result": {"Best Sigma0": 10, "Best sigma": 1, "Best gamma": 50, "Best Test accuracy": 0.3904, "Train acc": 0.40182}, "PDM log": "{(10, 1, 50): {'shapes': [(3072, 193), (193,), (193, 10), (10,)], 'train_accuracy': 0.40182, 'test_accuracy': 0.3904}}", "timing": 192}, "pdm_KL_reg 0.005": {"Best Result": {"Best Sigma0": 10, "Best sigma": 1, "Best gamma": 50, "Best Test accuracy": 0.3904, "Train acc": 0.40182}, "PDM log": "{(10, 1, 50): {'shapes': [(3072, 193), (193,), (193, 10), (10,)], 'train_accuracy': 0.40182, 'test_accuracy': 0.3904}}", "timing": 180}, "pdm_KL_reg 0.01": {"Best Result": {"Best Sigma0": 10, "Best sigma": 1, "Best gamma": 50, "Best Test accuracy": 0.3904, "Train acc": 0.40182}, "PDM log": "{(10, 1, 50): {'shapes': [(3072, 193), (193,), (193, 10), (10,)], 'train_accuracy': 0.40182, 'test_accuracy': 0.3904}}", "timing": 167}, "pdm_KL_reg 0.05": {"Best Result": {"Best Sigma0": 10, "Best sigma": 1, "Best gamma": 50, "Best Test accuracy": 0.3904, "Train acc": 0.40182}, "PDM log": "{(10, 1, 50): {'shapes': [(3072, 193), (193,), (193, 10), (10,)], 'train_accuracy': 0.40182, 'test_accuracy': 0.3904}}", "timing": 198}, "pdm_KL_reg 0.1": {"Best Result": {"Best Sigma0": 10, "Best sigma": 1, "Best gamma": 50, "Best Test accuracy": 0.3904, "Train acc": 0.40182}, "PDM log": "{(10, 1, 50): {'shapes': [(3072, 193), (193,), (193, 10), (10,)], 'train_accuracy': 0.40182, 'test_accuracy': 0.3904}}", "timing": 197}, "pdm_KL_reg 0.5": {"Best Result": {"Best Sigma0": 10, "Best sigma": 1, "Best gamma": 50, "Best Test accuracy": 0.3904, "Train acc": 0.40182}, "PDM log": "{(10, 1, 50): {'shapes': [(3072, 191), (191,), (191, 10), (10,)], 'train_accuracy': 0.40182, 'test_accuracy': 0.3904}}", "timing": 194}, "pdm_KL_reg 1": {"Best Result": {"Best Sigma0": 10, "Best sigma": 1, "Best gamma": 50, "Best Test accuracy": 0.3903, "Train acc": 0.40144}, "PDM log": "{(10, 1, 50): {'shapes': [(3072, 172), (172,), (172, 10), (10,)], 'train_accuracy': 0.40144, 'test_accuracy': 0.3903}}", "timing": 202}, "pdm_KL_reg 2": {"Best Result": {"Best Sigma0": 10, "Best sigma": 1, "Best gamma": 50, "Best Test accuracy": 0.1232, "Train acc": 0.12046}, "PDM log": "{(10, 1, 50): {'shapes': [(3072, 107), (107,), (107, 10), (10,)], 'train_accuracy': 0.12046, 'test_accuracy': 0.1232}}", "timing": 186}, "pdm_KL_reg 5": {"Best Result": {"Best Sigma0": 10, "Best sigma": 1, "Best gamma": 50, "Best Test accuracy": 0.1232, "Train acc": 0.12046}, "PDM log": "{(10, 1, 50): {'shapes': [(3072, 103), (103,), (103, 10), (10,)], 'train_accuracy': 0.12046, 'test_accuracy': 0.1232}}", "timing": 204}, "pdm_KL_reg 10": {"Best Result": {"Best Sigma0": 10, "Best sigma": 1, "Best gamma": 50, "Best Test accuracy": 0.1232, "Train acc": 0.12046}, "PDM log": "{(10, 1, 50): {'shapes': [(3072, 103), (103,), (103, 10), (10,)], 'train_accuracy': 0.12046, 'test_accuracy': 0.1232}}", "timing": 205}, "best_reg": 0}