{"seed": 0, "Data statistics": "{0: {0: 4917, 1: 1118, 2: 3666, 3: 4308, 4: 2208, 5: 3205, 6: 127, 7: 4191, 8: 4737}, 1: {0: 83, 1: 3882, 2: 1334, 3: 692, 4: 2792, 5: 1795, 6: 4873, 7: 809, 8: 263, 9: 5000}}", "loading time": 18, "local_train_accs": [0.5191206938933174, 0.5812851368303675], "local_test_accs": [0.3543, 0.3199], "Uniform ensemble (Train acc)": 0.45286, "Uniform ensemble (Test acc)": 0.4318, "FedAvg (Train acc)": 0.20064, "FedAvg (Test acc)": 0.1922, "pdm_KL_reg 0": {"Best Result": {"Best Sigma0": 10, "Best sigma": 1, "Best gamma": 50, "Best Test accuracy": 0.3831, "Train acc": 0.39174}, "PDM log": "{(10, 1, 50): {'shapes': [(3072, 191), (191,), (191, 10), (10,)], 'train_accuracy': 0.39174, 'test_accuracy': 0.3831}}", "timing": 21}, "pdm_KL_reg 0.001": {"Best Result": {"Best Sigma0": 10, "Best sigma": 1, "Best gamma": 50, "Best Test accuracy": 0.3831, "Train acc": 0.39174}, "PDM log": "{(10, 1, 50): {'shapes': [(3072, 191), (191,), (191, 10), (10,)], 'train_accuracy': 0.39174, 'test_accuracy': 0.3831}}", "timing": 38}, "pdm_KL_reg 0.005": {"Best Result": {"Best Sigma0": 10, "Best sigma": 1, "Best gamma": 50, "Best Test accuracy": 0.3831, "Train acc": 0.39174}, "PDM log": "{(10, 1, 50): {'shapes': [(3072, 191), (191,), (191, 10), (10,)], 'train_accuracy': 0.39174, 'test_accuracy': 0.3831}}", "timing": 66}, "pdm_KL_reg 0.01": {"Best Result": {"Best Sigma0": 10, "Best sigma": 1, "Best gamma": 50, "Best Test accuracy": 0.3831, "Train acc": 0.39174}, "PDM log": "{(10, 1, 50): {'shapes': [(3072, 191), (191,), (191, 10), (10,)], 'train_accuracy': 0.39174, 'test_accuracy': 0.3831}}", "timing": 91}, "pdm_KL_reg 0.05": {"Best Result": {"Best Sigma0": 10, "Best sigma": 1, "Best gamma": 50, "Best Test accuracy": 0.3831, "Train acc": 0.39174}, "PDM log": "{(10, 1, 50): {'shapes': [(3072, 191), (191,), (191, 10), (10,)], 'train_accuracy': 0.39174, 'test_accuracy': 0.3831}}", "timing": 137}, "pdm_KL_reg 0.1": {"Best Result": {"Best Sigma0": 10, "Best sigma": 1, "Best gamma": 50, "Best Test accuracy": 0.3831, "Train acc": 0.39174}, "PDM log": "{(10, 1, 50): {'shapes': [(3072, 191), (191,), (191, 10), (10,)], 'train_accuracy': 0.39174, 'test_accuracy': 0.3831}}", "timing": 174}, "pdm_KL_reg 0.5": {"Best Result": {"Best Sigma0": 10, "Best sigma": 1, "Best gamma": 50, "Best Test accuracy": 0.3831, "Train acc": 0.39174}, "PDM log": "{(10, 1, 50): {'shapes': [(3072, 189), (189,), (189, 10), (10,)], 'train_accuracy': 0.39174, 'test_accuracy': 0.3831}}", "timing": 181}, "pdm_KL_reg 1": {"Best Result": {"Best Sigma0": 10, "Best sigma": 1, "Best gamma": 50, "Best Test accuracy": 0.3831, "Train acc": 0.39174}, "PDM log": "{(10, 1, 50): {'shapes': [(3072, 171), (171,), (171, 10), (10,)], 'train_accuracy': 0.39174, 'test_accuracy': 0.3831}}", "timing": 172}, "pdm_KL_reg 2": {"Best Result": {"Best Sigma0": 10, "Best sigma": 1, "Best gamma": 50, "Best Test accuracy": 0.112, "Train acc": 0.11462}, "PDM log": "{(10, 1, 50): {'shapes': [(3072, 109), (109,), (109, 10), (10,)], 'train_accuracy': 0.11462, 'test_accuracy': 0.112}}", "timing": 181}, "pdm_KL_reg 5": {"Best Result": {"Best Sigma0": 10, "Best sigma": 1, "Best gamma": 50, "Best Test accuracy": 0.112, "Train acc": 0.11462}, "PDM log": "{(10, 1, 50): {'shapes': [(3072, 104), (104,), (104, 10), (10,)], 'train_accuracy': 0.11462, 'test_accuracy': 0.112}}", "timing": 170}, "pdm_KL_reg 10": {"Best Result": {"Best Sigma0": 10, "Best sigma": 1, "Best gamma": 50, "Best Test accuracy": 0.112, "Train acc": 0.11462}, "PDM log": "{(10, 1, 50): {'shapes': [(3072, 103), (103,), (103, 10), (10,)], 'train_accuracy': 0.11462, 'test_accuracy': 0.112}}", "timing": 181}, "best_reg": 0}