{"seed": 3, "Data statistics": "{0: {0: 373, 1: 479, 2: 423, 3: 394, 4: 375, 5: 355, 6: 374, 7: 447, 8: 403, 9: 377}, 1: {0: 425, 1: 468, 2: 379, 3: 403, 4: 378, 5: 369, 6: 391, 7: 425, 8: 370, 9: 392}, 2: {0: 380, 1: 435, 2: 399, 3: 402, 4: 404, 5: 380, 6: 393, 7: 413, 8: 394, 9: 400}, 3: {0: 391, 1: 440, 2: 387, 3: 424, 4: 412, 5: 344, 6: 377, 7: 418, 8: 400, 9: 407}, 4: {0: 348, 1: 467, 2: 416, 3: 403, 4: 397, 5: 375, 6: 383, 7: 421, 8: 391, 9: 399}, 5: {0: 392, 1: 433, 2: 406, 3: 446, 4: 381, 5: 334, 6: 383, 7: 382, 8: 421, 9: 422}, 6: {0: 376, 1: 453, 2: 380, 3: 418, 4: 392, 5: 371, 6: 415, 7: 400, 8: 397, 9: 398}, 7: {0: 401, 1: 446, 2: 406, 3: 454, 4: 390, 5: 327, 6: 385, 7: 413, 8: 368, 9: 410}, 8: {0: 382, 1: 460, 2: 404, 3: 395, 4: 405, 5: 365, 6: 399, 7: 409, 8: 367, 9: 414}, 9: {0: 432, 1: 456, 2: 388, 3: 410, 4: 353, 5: 386, 6: 422, 7: 405, 8: 371, 9: 377}, 10: {0: 406, 1: 448, 2: 399, 3: 384, 4: 391, 5: 332, 6: 387, 7: 444, 8: 419, 9: 390}, 11: {0: 401, 1: 452, 2: 387, 3: 391, 4: 374, 5: 366, 6: 396, 7: 429, 8: 413, 9: 391}, 12: {0: 404, 1: 460, 2: 399, 3: 406, 4: 402, 5: 348, 6: 382, 7: 417, 8: 385, 9: 397}, 13: {0: 419, 1: 432, 2: 381, 3: 419, 4: 388, 5: 397, 6: 406, 7: 410, 8: 365, 9: 383}, 14: {0: 393, 1: 413, 2: 404, 3: 382, 4: 400, 5: 372, 6: 425, 7: 432, 8: 387, 9: 392}}", "comm 0": {"training timing": 542, "local_train_accs": [0.99025, 0.98575, 0.99075, 0.94825, 0.99525, 0.9865, 0.9895, 0.97825, 0.99775, 0.98675, 0.98875, 0.9805, 0.9805, 0.969, 0.98575], "local_test_accs": [0.99025, 0.98575, 0.99075, 0.94825, 0.99525, 0.9865, 0.9895, 0.97825, 0.99775, 0.98675, 0.98875, 0.9805, 0.9805, 0.969, 0.98575], "Uniform ensemble (Train acc)": 0.9659, "Uniform ensemble (Test acc)": 0.9631, "FedAvg (Train acc)": 0.09751666666666667, "FedAvg (Test acc)": 0.0974, "pdm_KL (Train acc)": 0.9605333333333334, "pdm_KL (Test acc)": 0.9595}, "comm 1": {"training timing": 630, "local_train_accs": [0.99025, 0.9905, 0.98575, 0.961, 0.985, 0.98225, 0.98175, 0.99825, 0.99025, 0.98125, 0.9905, 0.98825, 0.99325, 0.989, 0.98375], "local_test_accs": [0.99025, 0.9905, 0.98575, 0.961, 0.985, 0.98225, 0.98175, 0.99825, 0.99025, 0.98125, 0.9905, 0.98825, 0.99325, 0.989, 0.98375], "Uniform ensemble (Train acc)": 0.96825, "Uniform ensemble (Test acc)": 0.966, "FedAvg (Train acc)": 0.09751666666666667, "FedAvg (Test acc)": 0.0974, "pdm_KL (Train acc)": 0.9656333333333333, "pdm_KL (Test acc)": 0.964}, "comm 2": {"training timing": 529, "local_train_accs": [0.99675, 0.997, 0.994, 0.98625, 0.994, 0.9955, 0.99475, 0.976, 0.99325, 0.98675, 0.99475, 0.998, 0.99, 0.9845, 0.9945], "local_test_accs": [0.99675, 0.997, 0.994, 0.98625, 0.994, 0.9955, 0.99475, 0.976, 0.99325, 0.98675, 0.99475, 0.998, 0.99, 0.9845, 0.9945], "Uniform ensemble (Train acc)": 0.96945, "Uniform ensemble (Test acc)": 0.9684, "FedAvg (Train acc)": 0.09751666666666667, "FedAvg (Test acc)": 0.0974, "pdm_KL (Train acc)": 0.9701666666666666, "pdm_KL (Test acc)": 0.9689}, "comm 3": {"training timing": 603, "local_train_accs": [0.994, 0.98525, 0.988, 0.9905, 0.98925, 0.99825, 0.99875, 0.995, 0.97325, 0.9815, 0.9885, 0.9855, 0.9955, 0.99675, 0.989], "local_test_accs": [0.994, 0.98525, 0.988, 0.9905, 0.98925, 0.99825, 0.99875, 0.995, 0.97325, 0.9815, 0.9885, 0.9855, 0.9955, 0.99675, 0.989], "Uniform ensemble (Train acc)": 0.96885, "Uniform ensemble (Test acc)": 0.966, "FedAvg (Train acc)": 0.09751666666666667, "FedAvg (Test acc)": 0.0974, "pdm_KL (Train acc)": 0.96995, "pdm_KL (Test acc)": 0.968}, "comm 4": {"training timing": 605, "local_train_accs": [0.9965, 0.997, 0.9975, 0.99225, 0.99975, 0.99925, 0.99675, 0.99275, 0.9915, 0.9955, 0.9905, 0.99425, 0.985, 0.99075, 0.9955], "local_test_accs": [0.9965, 0.997, 0.9975, 0.99225, 0.99975, 0.99925, 0.99675, 0.99275, 0.9915, 0.9955, 0.9905, 0.99425, 0.985, 0.99075, 0.9955], "Uniform ensemble (Train acc)": 0.96895, "Uniform ensemble (Test acc)": 0.967, "FedAvg (Train acc)": 0.09751666666666667, "FedAvg (Test acc)": 0.0974, "pdm_KL (Train acc)": 0.9696, "pdm_KL (Test acc)": 0.9671}, "comm 5": {"training timing": 556, "local_train_accs": [0.98925, 0.991, 0.99725, 0.997, 0.992, 0.99475, 0.98775, 0.994, 0.9935, 0.99675, 0.98875, 0.99775, 0.9885, 0.98525, 0.99675], "local_test_accs": [0.98925, 0.991, 0.99725, 0.997, 0.992, 0.99475, 0.98775, 0.994, 0.9935, 0.99675, 0.98875, 0.99775, 0.9885, 0.98525, 0.99675], "Uniform ensemble (Train acc)": 0.97015, "Uniform ensemble (Test acc)": 0.9681, "FedAvg (Train acc)": 0.09751666666666667, "FedAvg (Test acc)": 0.0974, "pdm_KL (Train acc)": 0.9687833333333333, "pdm_KL (Test acc)": 0.9673}, "comm 6": {"training timing": 494, "local_train_accs": [0.998, 0.99625, 0.995, 0.99325, 0.9975, 0.995, 0.99525, 0.9975, 0.995, 0.98625, 0.9925, 0.99575, 0.99775, 0.99625, 0.99625], "local_test_accs": [0.998, 0.99625, 0.995, 0.99325, 0.9975, 0.995, 0.99525, 0.9975, 0.995, 0.98625, 0.9925, 0.99575, 0.99775, 0.99625, 0.99625], "Uniform ensemble (Train acc)": 0.9704333333333334, "Uniform ensemble (Test acc)": 0.9675, "FedAvg (Train acc)": 0.09751666666666667, "FedAvg (Test acc)": 0.0974, "pdm_KL (Train acc)": 0.9702666666666667, "pdm_KL (Test acc)": 0.9686}, "comm 7": {"training timing": 511, "local_train_accs": [0.99825, 0.99675, 0.99925, 0.99625, 0.99925, 0.994, 0.99525, 0.9975, 0.99725, 0.99375, 0.99875, 0.99825, 0.99275, 0.997, 0.99675], "local_test_accs": [0.99825, 0.99675, 0.99925, 0.99625, 0.99925, 0.994, 0.99525, 0.9975, 0.99725, 0.99375, 0.99875, 0.99825, 0.99275, 0.997, 0.99675], "Uniform ensemble (Train acc)": 0.9703833333333334, "Uniform ensemble (Test acc)": 0.9687, "FedAvg (Train acc)": 0.09751666666666667, "FedAvg (Test acc)": 0.0974, "pdm_KL (Train acc)": 0.9706166666666667, "pdm_KL (Test acc)": 0.9691}, "comm 8": {"training timing": 522, "local_train_accs": [0.9975, 0.99675, 0.9915, 0.9955, 0.999, 0.98775, 0.99275, 0.99875, 0.982, 0.99, 0.99125, 0.99625, 0.99675, 0.9995, 0.98225], "local_test_accs": [0.9975, 0.99675, 0.9915, 0.9955, 0.999, 0.98775, 0.99275, 0.99875, 0.982, 0.99, 0.99125, 0.99625, 0.99675, 0.9995, 0.98225], "Uniform ensemble (Train acc)": 0.9702166666666666, "Uniform ensemble (Test acc)": 0.9692, "FedAvg (Train acc)": 0.09751666666666667, "FedAvg (Test acc)": 0.0974, "pdm_KL (Train acc)": 0.9694333333333334, "pdm_KL (Test acc)": 0.9668}, "comm 9": {"training timing": 484, "local_train_accs": [0.99575, 0.99075, 0.998, 0.98725, 0.99625, 0.99775, 0.9955, 0.99575, 0.999, 0.99775, 0.999, 0.99825, 0.99775, 0.991, 0.99575], "local_test_accs": [0.99575, 0.99075, 0.998, 0.98725, 0.99625, 0.99775, 0.9955, 0.99575, 0.999, 0.99775, 0.999, 0.99825, 0.99775, 0.991, 0.99575], "Uniform ensemble (Train acc)": 0.9702833333333334, "Uniform ensemble (Test acc)": 0.9676, "FedAvg (Train acc)": 0.09751666666666667, "FedAvg (Test acc)": 0.0974, "pdm_KL (Train acc)": 0.9691166666666666, "pdm_KL (Test acc)": 0.9653}, "comm 10": {"training timing": 458, "local_train_accs": [0.99675, 0.99475, 0.9995, 0.99225, 0.99875, 0.99475, 0.99875, 0.9855, 0.99875, 0.99225, 0.99975, 0.9965, 0.9985, 0.9995, 0.99775], "local_test_accs": [0.99675, 0.99475, 0.9995, 0.99225, 0.99875, 0.99475, 0.99875, 0.9855, 0.99875, 0.99225, 0.99975, 0.9965, 0.9985, 0.9995, 0.99775], "Uniform ensemble (Train acc)": 0.97085, "Uniform ensemble (Test acc)": 0.9686, "FedAvg (Train acc)": 0.09751666666666667, "FedAvg (Test acc)": 0.0974, "pdm_KL (Train acc)": 0.9692333333333333, "pdm_KL (Test acc)": 0.9662}, "comm 11": {"training timing": 491, "local_train_accs": [0.994, 0.99875, 0.99675, 0.999, 0.99775, 0.9955, 0.999, 0.99675, 0.99875, 0.99575, 0.9975, 0.9955, 0.99875, 0.99525, 0.9895], "local_test_accs": [0.994, 0.99875, 0.99675, 0.999, 0.99775, 0.9955, 0.999, 0.99675, 0.99875, 0.99575, 0.9975, 0.9955, 0.99875, 0.99525, 0.9895], "Uniform ensemble (Train acc)": 0.97085, "Uniform ensemble (Test acc)": 0.9676, "FedAvg (Train acc)": 0.09751666666666667, "FedAvg (Test acc)": 0.0974, "pdm_KL (Train acc)": 0.9693, "pdm_KL (Test acc)": 0.9678}, "comm 12": {"training timing": 538,