{"seed": 8, "Data statistics": "{0: {0: 620, 1: 730, 2: 568, 3: 602, 4: 590, 5: 552, 6: 565, 7: 589, 8: 589, 9: 595}, 1: {0: 561, 1: 698, 2: 592, 3: 646, 4: 560, 5: 536, 6: 577, 7: 649, 8: 588, 9: 593}, 2: {0: 570, 1: 688, 2: 603, 3: 629, 4: 604, 5: 523, 6: 550, 7: 621, 8: 604, 9: 608}, 3: {0: 578, 1: 648, 2: 618, 3: 613, 4: 572, 5: 563, 6: 582, 7: 636, 8: 600, 9: 590}, 4: {0: 619, 1: 660, 2: 598, 3: 600, 4: 586, 5: 549, 6: 620, 7: 609, 8: 554, 9: 605}, 5: {0: 615, 1: 635, 2: 587, 3: 603, 4: 618, 5: 531, 6: 612, 7: 635, 8: 575, 9: 589}, 6: {0: 582, 1: 659, 2: 579, 3: 622, 4: 554, 5: 563, 6: 560, 7: 669, 8: 594, 9: 618}, 7: {0: 582, 1: 675, 2: 607, 3: 613, 4: 578, 5: 565, 6: 612, 7: 613, 8: 558, 9: 597}, 8: {0: 586, 1: 669, 2: 609, 3: 592, 4: 589, 5: 506, 6: 616, 7: 637, 8: 604, 9: 592}, 9: {0: 610, 1: 680, 2: 597, 3: 611, 4: 591, 5: 533, 6: 624, 7: 607, 8: 585, 9: 562}}", "loading time": 19, "local_train_accs": [0.9951666666666666, 0.9885, 0.9875, 0.9863333333333333, 0.9953333333333333, 0.9795, 0.9756666666666667, 0.9908333333333333, 0.992, 0.9873333333333333], "local_test_accs": [0.9466, 0.9414, 0.94, 0.9376, 0.9467, 0.9282, 0.9278, 0.9418, 0.9429, 0.9332], "pdm_pdm_it 5": {"Best Result": {"Best Sigma0": 10, "Best sigma": 0.5, "Best gamma": 10, "Best Test accuracy": 0.9677, "Train acc": 0.9714333333333334}, "PDM log": "{(10, 0.5, 10): {'shapes': [(784, 893), (893,), (893, 10), (10,)], 'train_accuracy': 0.9714333333333334, 'test_accuracy': 0.9677}}", "timing": 121}, "pdm_pdm_it 10": {"Best Result": {"Best Sigma0": 10, "Best sigma": 0.5, "Best gamma": 10, "Best Test accuracy": 0.9677, "Train acc": 0.9714333333333334}, "PDM log": "{(10, 0.5, 10): {'shapes': [(784, 893), (893,), (893, 10), (10,)], 'train_accuracy': 0.9714333333333334, 'test_accuracy': 0.9677}}", "timing": 264}, "pdm_pdm_it 15": {"Best Result": {"Best Sigma0": 10, "Best sigma": 0.5, "Best gamma": 10, "Best Test accuracy": 0.9677, "Train acc": 0.9714333333333334}, "PDM log": "{(10, 0.5, 10): {'shapes': [(784, 893), (893,), (893, 10), (10,)], 'train_accuracy': 0.9714333333333334, 'test_accuracy': 0.9677}}", "timing": 335}, "pdm_pdm_it 20": {"Best Result": {"Best Sigma0": 10, "Best sigma": 0.5, "Best gamma": 10, "Best Test accuracy": 0.9677, "Train acc": 0.9714333333333334}, "PDM log": "{(10, 0.5, 10): {'shapes': [(784, 891), (891,), (891, 10), (10,)], 'train_accuracy': 0.9714333333333334, 'test_accuracy': 0.9677}}", "timing": 441}}