{"seed": 3, "Data statistics": "{0: {0: 578, 1: 726, 2: 611, 3: 606, 4: 571, 5: 535, 6: 562, 7: 646, 8: 594, 9: 571}, 1: {0: 600, 1: 656, 2: 590, 3: 593, 4: 586, 5: 569, 6: 596, 7: 639, 8: 573, 9: 598}, 2: {0: 557, 1: 671, 2: 594, 3: 628, 4: 595, 5: 530, 6: 564, 7: 644, 8: 612, 9: 605}, 3: {0: 574, 1: 669, 2: 615, 3: 645, 4: 595, 5: 523, 6: 579, 7: 577, 8: 600, 9: 623}, 4: {0: 574, 1: 677, 2: 571, 3: 636, 4: 600, 5: 539, 6: 608, 7: 623, 8: 579, 9: 593}, 5: {0: 585, 1: 682, 2: 619, 3: 631, 4: 587, 5: 524, 6: 591, 7: 599, 8: 553, 9: 629}, 6: {0: 626, 1: 693, 2: 582, 3: 595, 4: 568, 5: 563, 6: 605, 7: 618, 8: 588, 9: 562}, 7: {0: 613, 1: 663, 2: 592, 3: 590, 4: 550, 5: 521, 6: 600, 7: 660, 8: 615, 9: 596}, 8: {0: 624, 1: 689, 2: 589, 3: 620, 4: 567, 5: 570, 6: 575, 7: 618, 8: 563, 9: 585}, 9: {0: 592, 1: 616, 2: 595, 3: 587, 4: 623, 5: 547, 6: 638, 7: 641, 8: 574, 9: 587}}", "loading time": 18, "local_train_accs": [0.9945, 0.9913333333333333, 0.9941666666666666, 0.9926666666666667, 0.9853333333333333, 0.978, 0.979, 0.9896666666666667, 0.9888333333333333, 0.9916666666666667], "local_test_accs": [0.9403, 0.9432, 0.9453, 0.9427, 0.9336, 0.9292, 0.9267, 0.9409, 0.9389, 0.943], "pdm_pdm_it 5": {"Best Result": {"Best Sigma0": 10, "Best sigma": 0.5, "Best gamma": 10, "Best Test accuracy": 0.9687, "Train acc": 0.9713166666666667}, "PDM log": "{(10, 0.5, 10): {'shapes': [(784, 887), (887,), (887, 10), (10,)], 'train_accuracy': 0.9713166666666667, 'test_accuracy': 0.9687}}", "timing": 127}, "pdm_pdm_it 10": {"Best Result": {"Best Sigma0": 10, "Best sigma": 0.5, "Best gamma": 10, "Best Test accuracy": 0.9687, "Train acc": 0.9713166666666667}, "PDM log": "{(10, 0.5, 10): {'shapes': [(784, 888), (888,), (888, 10), (10,)], 'train_accuracy': 0.9713166666666667, 'test_accuracy': 0.9687}}", "timing": 224}, "pdm_pdm_it 15": {"Best Result": {"Best Sigma0": 10, "Best sigma": 0.5, "Best gamma": 10, "Best Test accuracy": 0.9687, "Train acc": 0.9713166666666667}, "PDM log": "{(10, 0.5, 10): {'shapes': [(784, 888), (888,), (888, 10), (10,)], 'train_accuracy': 0.9713166666666667, 'test_accuracy': 0.9687}}", "timing": 349}, "pdm_pdm_it 20": {"Best Result": {"Best Sigma0": 10, "Best sigma": 0.5, "Best gamma": 10, "Best Test accuracy": 0.9687, "Train acc": 0.9713166666666667}, "PDM log": "{(10, 0.5, 10): {'shapes': [(784, 886), (886,), (886, 10), (10,)], 'train_accuracy': 0.9713166666666667, 'test_accuracy': 0.9687}}", "timing": 425}}