{"seed": 6, "Data statistics": "{0: {0: 2528, 1: 4235, 2: 651, 3: 3428, 4: 229, 5: 400, 6: 1564}, 1: {0: 2950, 1: 2008, 2: 243, 3: 909, 4: 565, 5: 697, 6: 1938, 7: 308, 8: 112, 9: 4687}, 2: {0: 253, 1: 48, 2: 173, 3: 466, 4: 181, 5: 1108, 6: 61, 7: 5342, 8: 300, 9: 1244}, 3: {0: 29, 1: 403, 2: 2196, 3: 180, 4: 88, 5: 1403, 6: 2308, 7: 8, 8: 30, 9: 17}, 4: {0: 163, 1: 48, 2: 2695, 3: 1148, 4: 4779, 5: 1813, 6: 47, 7: 607, 8: 5409, 9: 1}}", "loading time": 38, "local_train_accs": [0.9782125047947833, 0.9583131025872235, 0.9397340889276373, 0.9708796157310117, 0.9436864153201676], "local_test_accs": [0.6543, 0.8981, 0.7323, 0.6543, 0.7945], "ot_fusion_acc": 60.52}