{"seed": 0, "Data statistics": "{0: {0: 1337, 1: 1036, 2: 2, 3: 453, 4: 139, 5: 622, 6: 22, 7: 23, 8: 35, 9: 5300}, 1: {0: 1817, 1: 1737, 2: 1394, 3: 3964, 4: 147, 5: 207, 6: 134, 7: 121, 8: 1, 9: 205}, 2: {0: 1707, 1: 4, 2: 278, 3: 335, 4: 389, 5: 3712, 6: 5537, 7: 8, 8: 5782}, 3: {0: 528, 1: 1951, 2: 3014, 3: 473, 4: 2111, 5: 251, 6: 223, 7: 5135}, 4: {0: 534, 1: 2014, 2: 1270, 3: 906, 4: 3056, 5: 629, 6: 2, 7: 978, 8: 33, 9: 444}}", "loading time": 39, "local_train_accs": [0.9696733192106144, 0.9682327541893698, 0.973017124831005, 0.9669004822446295, 0.9527670788566796], "local_test_accs": [0.6234, 0.7934, 0.6502, 0.7421, 0.757], "ot_fusion_acc": 57.52}