{"seed": 1, "Data statistics": "{0: {0: 599, 1: 15, 2: 39, 3: 3319, 4: 116, 5: 1094, 6: 62, 7: 862, 8: 856, 9: 5211}, 1: {0: 77, 1: 1909, 2: 442, 3: 1618, 4: 672, 5: 2713, 6: 107, 7: 95, 8: 4731}, 2: {0: 4120, 1: 322, 2: 1601, 3: 508, 4: 4327, 5: 177, 6: 979}, 3: {0: 726, 1: 433, 2: 3602, 3: 282, 4: 31, 5: 1434, 6: 411, 7: 1666, 8: 264, 9: 738}, 4: {0: 401, 1: 4063, 2: 274, 3: 404, 4: 696, 5: 3, 6: 4359, 7: 3642}}", "loading time": 39, "local_train_accs": [0.9453709028177113, 0.9628760918796506, 0.9749044374272894, 0.9628663815583602, 0.9852622453402687], "local_test_accs": [0.7745, 0.7992, 0.6558, 0.8339, 0.6707], "ot_fusion_acc": 68.5}