{"seed": 0, "Data statistics": "{0: {0: 333, 1: 338, 2: 324, 3: 366, 4: 307, 5: 371, 6: 325, 7: 328, 8: 308, 9: 334}, 1: {0: 362, 1: 311, 2: 323, 3: 331, 4: 339, 5: 322, 6: 320, 7: 347, 8: 346, 9: 333}, 2: {0: 309, 1: 337, 2: 369, 3: 334, 4: 321, 5: 323, 6: 308, 7: 325, 8: 335, 9: 373}, 3: {0: 348, 1: 359, 2: 330, 3: 317, 4: 347, 5: 322, 6: 330, 7: 346, 8: 322, 9: 313}, 4: {0: 302, 1: 344, 2: 327, 3: 310, 4: 344, 5: 318, 6: 353, 7: 333, 8: 354, 9: 349}, 5: {0: 347, 1: 324, 2: 335, 3: 331, 4: 348, 5: 325, 6: 320, 7: 322, 8: 311, 9: 370}, 6: {0: 349, 1: 329, 2: 334, 3: 329, 4: 308, 5: 343, 6: 351, 7: 314, 8: 332, 9: 344}, 7: {0: 326, 1: 318, 2: 315, 3: 328, 4: 334, 5: 341, 6: 351, 7: 333, 8: 328, 9: 359}, 8: {0: 334, 1: 314, 2: 349, 3: 325, 4: 368, 5: 335, 6: 355, 7: 332, 8: 320, 9: 301}, 9: {0: 336, 1: 340, 2: 354, 3: 321, 4: 322, 5: 298, 6: 325, 7: 379, 8: 332, 9: 326}, 10: {0: 336, 1: 323, 2: 322, 3: 354, 4: 328, 5: 346, 6: 341, 7: 323, 8: 327, 9: 333}, 11: {0: 313, 1: 366, 2: 299, 3: 362, 4: 340, 5: 335, 6: 342, 7: 332, 8: 326, 9: 318}, 12: {0: 324, 1: 322, 2: 322, 3: 325, 4: 344, 5: 344, 6: 326, 7: 334, 8: 367, 9: 325}, 13: {0: 346, 1: 342, 2: 345, 3: 338, 4: 323, 5: 342, 6: 344, 7: 337, 8: 319, 9: 297}, 14: {0: 335, 1: 333, 2: 352, 3: 329, 4: 327, 5: 335, 6: 309, 7: 315, 8: 373, 9: 325}}", "comm 0": {"training timing": 262, "local_train_accs": [0.4475104979004199, 0.39952009598080385, 0.41631673665266944, 0.45770845830833834, 0.4406118776244751, 0.44854485448544856, 0.43204320432043203, 0.4383438343834383, 0.44044404440444046, 0.46384638463846384, 0.4083408340834083, 0.45574557455745573, 0.4458445844584458, 0.45094509450945097, 0.39063906390639064], "local_test_accs": [0.4475104979004199, 0.39952009598080385, 0.41631673665266944, 0.45770845830833834, 0.4406118776244751, 0.44854485448544856, 0.43204320432043203, 0.4383438343834383, 0.44044404440444046, 0.46384638463846384, 0.4083408340834083, 0.45574557455745573, 0.4458445844584458, 0.45094509450945097, 0.39063906390639064], "Uniform ensemble (Train acc)": 0.41596, "Uniform ensemble (Test acc)": 0.4139, "FedAvg (Train acc)": 0.09962, "FedAvg (Test acc)": 0.0995, "pdm_KL (Train acc)": 0.1, "pdm_KL (Test acc)": 0.1}, "comm 1": {"training timing": 1431, "local_train_accs": [0.517996400719856, 0.4406118776244751, 0.47450509898020393, 0.4988002399520096, 0.5053989202159568, 0.46174617461746176, 0.47974797479747977, 0.48124812481248125, 0.48514851485148514, 0.5034503450345035, 0.44164416441644166, 0.46924692469246926, 0.5091509150915091, 0.5121512151215122, 0.51005100510051], "local_test_accs": [0.517996400719856, 0.4406118776244751, 0.47450509898020393, 0.4988002399520096, 0.5053989202159568, 0.46174617461746176, 0.47974797479747977, 0.48124812481248125, 0.48514851485148514, 0.5034503450345035, 0.44164416441644166, 0.46924692469246926, 0.5091509150915091, 0.5121512151215122, 0.51005100510051], "Uniform ensemble (Train acc)": 0.44584, "Uniform ensemble (Test acc)": 0.4418, "FedAvg (Train acc)": 0.09824, "FedAvg (Test acc)": 0.0981, "pdm_KL (Train acc)": 0.1, "pdm_KL (Test acc)": 0.1}, "comm 2": {"training timing": 1282, "local_train_accs": [0.5326934613077384, 0.5128974205158968, 0.5599880023995201, 0.5683863227354529, 0.5458908218356329, 0.5634563456345635, 0.5145514551455146, 0.5223522352235224, 0.5835583558355836, 0.519051905190519, 0.5184518451845185, 0.5217521752175217, 0.5667566756675667, 0.5760576057605761, 0.5625562556255626], "local_test_accs": [0.5326934613077384, 0.5128974205158968, 0.5599880023995201, 0.5683863227354529, 0.5458908218356329, 0.5634563456345635, 0.5145514551455146, 0.5223522352235224, 0.5835583558355836, 0.519051905190519, 0.5184518451845185, 0.5217521752175217, 0.5667566756675667, 0.5760576057605761, 0.5625562556255626], "Uniform ensemble (Train acc)": 0.46502, "Uniform ensemble (Test acc)": 0.4545, "FedAvg (Train acc)": 0.0794, "FedAvg (Test acc)": 0.0809, "pdm_KL (Train acc)": 0.1, "pdm_KL (Test acc)": 0.1}, "comm 3": {"training timing": 1712, "local_train_accs": [0.5689862027594481, 0.5563887222555489, 0.5749850029994001, 0.5929814037192561, 0.6082783443311338, 0.6081608160816082, 0.5916591659165916, 0.5904590459045904, 0.6294629462946295, 0.5838583858385838, 0.573057305730573, 0.5367536753675367, 0.579057905790579, 0.6381638163816382, 0.6021602160216022], "local_test_accs": [0.5689862027594481, 0.5563887222555489, 0.5749850029994001, 0.5929814037192561, 0.6082783443311338, 0.6081608160816082, 0.5916591659165916, 0.5904590459045904, 0.6294629462946295, 0.5838583858385838, 0.573057305730573, 0.5367536753675367, 0.579057905790579, 0.6381638163816382, 0.6021602160216022], "Uniform ensemble (Train acc)": 0.47958, "Uniform ensemble (Test acc)": 0.4638, "FedAvg (Train acc)": 0.08926, "FedAvg (Test acc)": 0.0903, "pdm_KL (Train acc)": 0.1, "pdm_KL (Test acc)": 0.1}, "comm 4": {"training timing": 549, "local_train_accs": [0.6475704859028194, 0.6121775644871026, 0.6304739052189562, 0.6175764847030594, 0.613377324535093, 0.6666666666666666, 0.6375637563756376, 0.5922592259225923, 0.6894689468946895, 0.6117611761176117, 0.6132613261326133, 0.6267626762676267, 0.6246624662466247, 0.6882688268826883, 0.6567656765676567], "local_test_accs": [0.6475704859028194, 0.6121775644871026, 0.6304739052189562, 0.6175764847030594, 0.613377324535093, 0.6666666666666666, 0.6375637563756376, 0.5922592259225923, 0.6894689468946895, 0.6117611761176117, 0.6132613261326133, 0.6267626762676267, 0.6246624662466247, 0.6882688268826883, 0.6567656765676567], "Uniform ensemble (Train acc)": 0.48826, "Uniform ensemble (Test acc)": 0.4755, "FedAvg (Train acc)": 0.09904, "FedAvg (Test acc)": 0.0991, "pdm_KL (Train acc)": 0.1, "pdm_KL (Test acc)": 0.1}, "comm 5": {"training timing": 1661, "local_train_accs": [0.6976604679064187, 0.6364727054589082, 0.6154769046190762, 0.7096580683863227, 0.7045590881823636, 0.6936693669366937, 0.6921692169216922, 0.663066306630663, 0.7113711371137114, 0.6936693669366937, 0.6687668766876688, 0.693969396939694, 0.666966696669667, 0.7017701770177017, 0.6234623462346235], "local_test_accs": [0.6976604679064187, 0.6364727054589082, 0.6154769046190762, 0.7096580683863227, 0.7045590881823636, 0.6936693669366937, 0.6921692169216922, 0.663066306630663, 0.7113711371137114, 0.6936693669366937, 0.6687668766876688, 0.693969396939694, 0.666966696669667, 0.7017701770177017, 0.6234623462346235], "Uniform ensemble (Train acc)": 0.50066, "Uniform ensemble (Test acc)": 0.4799, "FedAvg (Train acc)": 0.09914, "FedAvg (Test acc)": 0.0989, "pdm_KL (Train acc)": 0.1, "pdm_KL (Test acc)": 0.1}, "comm 6": {"training timing": 1542, "local_train_accs": [0.7252549490101979, 0.6973605278944212, 0.646370725854829, 0.7624475104979004, 0.7177564487102579, 0.7134713471347135, 0.7587758775877588, 0.6228622862286228, 0.7287728772877288, 0.696969696969697, 0.6564656465646564, 0.7107710771077108, 0.6753675367536753, 0.7404740474047404, 0.708970897089709], "local_test_accs": [0.7252549490101979, 0.6973605278944212, 0.646370725854829, 0.7624475104979004, 0.7177564487102579, 0.7134713471347135, 0.7587758775877588, 0.6228622862286228, 0.7287728772877288, 0.696969696969697, 0.6564656465646564, 0.7107710771077108, 0.6753675367536753, 0.7404740474047404, 0.708970897089709], "Uniform ensemble (Train acc)": 0.50802, "Uniform ensemble (Test acc)": 0.4827, "FedAvg (Train acc)": 0.09954, "FedAvg (Test acc)": 0.0994, "pdm_KL (Train acc)": 0.1, "pdm_KL (Test acc)": 0.1}, "comm 7": {"training timing": 1072, "local_train_accs": [0.7708458308338332, 0.6973605278944212, 0.7273545290941812, 0.7486502699460108, 0.7573485302939412, 0.753075307530753, 0.774077407740774, 0.6888688868886889, 0.7845784578457846, 0.7473747374737474, 0.7029702970297029, 0.7143714371437143, 0.7425742574257426, 0.7974797479747975, 0.720972097209721],