{"seed": 7, "Data statistics": "{0: {0: 281, 1: 343, 2: 268, 3: 324, 4: 316, 5: 294, 6: 314, 7: 313, 8: 273, 9: 274}, 1: {0: 273, 1: 326, 2: 304, 3: 357, 4: 282, 5: 264, 6: 322, 7: 306, 8: 289, 9: 277}, 2: {0: 284, 1: 326, 2: 290, 3: 294, 4: 305, 5: 279, 6: 266, 7: 360, 8: 299, 9: 297}, 3: {0: 306, 1: 348, 2: 267, 3: 269, 4: 295, 5: 274, 6: 299, 7: 314, 8: 340, 9: 288}, 4: {0: 328, 1: 342, 2: 284, 3: 327, 4: 286, 5: 252, 6: 279, 7: 309, 8: 305, 9: 288}, 5: {0: 277, 1: 361, 2: 300, 3: 317, 4: 292, 5: 277, 6: 284, 7: 297, 8: 272, 9: 323}, 6: {0: 295, 1: 352, 2: 320, 3: 320, 4: 278, 5: 292, 6: 303, 7: 274, 8: 253, 9: 313}, 7: {0: 286, 1: 328, 2: 295, 3: 301, 4: 282, 5: 296, 6: 313, 7: 330, 8: 270, 9: 299}, 8: {0: 301, 1: 334, 2: 317, 3: 317, 4: 293, 5: 259, 6: 298, 7: 310, 8: 291, 9: 280}, 9: {0: 322, 1: 337, 2: 304, 3: 306, 4: 296, 5: 262, 6: 306, 7: 300, 8: 269, 9: 298}, 10: {0: 283, 1: 309, 2: 266, 3: 305, 4: 314, 5: 300, 6: 282, 7: 350, 8: 294, 9: 297}, 11: {0: 288, 1: 301, 2: 307, 3: 321, 4: 288, 5: 257, 6: 279, 7: 328, 8: 310, 9: 321}, 12: {0: 266, 1: 346, 2: 297, 3: 315, 4: 272, 5: 268, 6: 289, 7: 314, 8: 304, 9: 329}, 13: {0: 286, 1: 333, 2: 318, 3: 298, 4: 287, 5: 246, 6: 310, 7: 329, 8: 302, 9: 291}, 14: {0: 325, 1: 340, 2: 323, 3: 300, 4: 289, 5: 259, 6: 295, 7: 284, 8: 302, 9: 283}, 15: {0: 295, 1: 370, 2: 298, 3: 298, 4: 279, 5: 261, 6: 280, 7: 328, 8: 295, 9: 296}, 16: {0: 307, 1: 334, 2: 300, 3: 267, 4: 320, 5: 253, 6: 347, 7: 284, 8: 274, 9: 314}, 17: {0: 318, 1: 337, 2: 296, 3: 293, 4: 300, 5: 277, 6: 299, 7: 309, 8: 284, 9: 287}, 18: {0: 290, 1: 361, 2: 306, 3: 299, 4: 260, 5: 277, 6: 277, 7: 314, 8: 302, 9: 314}, 19: {0: 312, 1: 314, 2: 298, 3: 303, 4: 308, 5: 274, 6: 276, 7: 312, 8: 323, 9: 280}}", "loading time": 103, "local_train_accs": [0.9983333333333333, 0.995, 0.9983333333333333, 1.0, 0.9883333333333333, 0.9996666666666667, 1.0, 0.9786666666666667, 0.9946666666666667, 0.9966666666666667, 0.9933333333333333, 0.9963333333333333, 1.0, 1.0, 0.998, 1.0, 0.9916666666666667, 0.9996666666666667, 0.9903333333333333, 1.0], "local_test_accs": [0.9321, 0.9293, 0.9351, 0.9399, 0.9242, 0.9388, 0.9433, 0.9146, 0.924, 0.9318, 0.9305, 0.9271, 0.9407, 0.9371, 0.9353, 0.9352, 0.9198, 0.9337, 0.9201, 0.9347], "Uniform ensemble (Train acc)": 0.95995, "Uniform ensemble (Test acc)": 0.9603, "FedAvg (Train acc)": 0.12988333333333332, "FedAvg (Test acc)": 0.1315, "pdm_KL_reg 0": {"Best Result": {"Best Sigma0": 10, "Best sigma": 0.5, "Best gamma": 10, "Best Test accuracy": 0.9586, "Train acc": 0.9599833333333333}, "PDM log": "{(10, 0.5, 10): {'shapes': [(784, 700), (700,), (700, 10), (10,)], 'train_accuracy': 0.9599833333333333, 'test_accuracy': 0.9586}}", "timing": 700}, "pdm_KL_reg 0.001": {"Best Result": {"Best Sigma0": 10, "Best sigma": 0.5, "Best gamma": 10, "Best Test accuracy": 0.9585, "Train acc": 0.9599333333333333}, "PDM log": "{(10, 0.5, 10): {'shapes': [(784, 700), (700,), (700, 10), (10,)], 'train_accuracy': 0.9599333333333333, 'test_accuracy': 0.9585}}", "timing": 1239}, "pdm_KL_reg 0.005": {"Best Result": {"Best Sigma0": 10, "Best sigma": 0.5, "Best gamma": 10, "Best Test accuracy": 0.9592, "Train acc": 0.96015}, "PDM log": "{(10, 0.5, 10): {'shapes': [(784, 700), (700,), (700, 10), (10,)], 'train_accuracy': 0.96015, 'test_accuracy': 0.9592}}", "timing": 1254}, "pdm_KL_reg 0.01": {"Best Result": {"Best Sigma0": 10, "Best sigma": 0.5, "Best gamma": 10, "Best Test accuracy": 0.9584, "Train acc": 0.9599}, "PDM log": "{(10, 0.5, 10): {'shapes': [(784, 700), (700,), (700, 10), (10,)], 'train_accuracy': 0.9599, 'test_accuracy': 0.9584}}", "timing": 982}, "pdm_KL_reg 0.05": {"Best Result": {"Best Sigma0": 10, "Best sigma": 0.5, "Best gamma": 10, "Best Test accuracy": 0.9587, "Train acc": 0.9599666666666666}, "PDM log": "{(10, 0.5, 10): {'shapes': [(784, 700), (700,), (700, 10), (10,)], 'train_accuracy': 0.9599666666666666, 'test_accuracy': 0.9587}}", "timing": 569}, "pdm_KL_reg 0.1": {"Best Result": {"Best Sigma0": 10, "Best sigma": 0.5, "Best gamma": 10, "Best Test accuracy": 0.9582, "Train acc": 0.96015}, "PDM log": "{(10, 0.5, 10): {'shapes': [(784, 700), (700,), (700, 10), (10,)], 'train_accuracy': 0.96015, 'test_accuracy': 0.9582}}", "timing": 789}, "pdm_KL_reg 0.5": {"Best Result": {"Best Sigma0": 10, "Best sigma": 0.5, "Best gamma": 10, "Best Test accuracy": 0.9577, "Train acc": 0.9593166666666667}, "PDM log": "{(10, 0.5, 10): {'shapes': [(784, 700), (700,), (700, 10), (10,)], 'train_accuracy': 0.9593166666666667, 'test_accuracy': 0.9577}}", "timing": 945}, "pdm_KL_reg 1": {"Best Result": {"Best Sigma0": 10, "Best sigma": 0.5, "Best gamma": 10, "Best Test accuracy": 0.8142, "Train acc": 0.8166666666666667}, "PDM log": "{(10, 0.5, 10): {'shapes': [(784, 204), (204,), (204, 10), (10,)], 'train_accuracy': 0.8166666666666667, 'test_accuracy': 0.8142}}", "timing": 258}, "pdm_KL_reg 2": {"Best Result": {"Best Sigma0": 10, "Best sigma": 0.5, "Best gamma": 10, "Best Test accuracy": 0.0892, "Train acc": 0.09035}, "PDM log": "{(10, 0.5, 10): {'shapes': [(784, 100), (100,), (100, 10), (10,)], 'train_accuracy': 0.09035, 'test_accuracy': 0.0892}}", "timing": 117}, "pdm_KL_reg 5": {"Best Result": {"Best Sigma0": 10, "Best sigma": 0.5, "Best gamma": 10, "Best Test accuracy": 0.0892, "Train acc": 0.09035}, "PDM log": "{(10, 0.5, 10): {'shapes': [(784, 100), (100,), (100, 10), (10,)], 'train_accuracy': 0.09035, 'test_accuracy': 0.0892}}", "timing": 97}, "pdm_KL_reg 10": {"Best Result": {"Best Sigma0": 10, "Best sigma": 0.5, "Best gamma": 10, "Best Test accuracy": 0.0892, "Train acc": 0.09035}, "PDM log": "{(10, 0.5, 10): {'shapes': [(784, 100), (100,), (100, 10), (10,)], 'train_accuracy': 0.09035, 'test_accuracy': 0.0892}}", "timing": 99}, "best_reg": 0.005}