{"seed": 1, "Data statistics": "{0: {0: 265, 1: 330, 2: 295, 3: 321, 4: 304, 5: 261, 6: 329, 7: 299, 8: 305, 9: 291}, 1: {0: 292, 1: 366, 2: 307, 3: 315, 4: 271, 5: 285, 6: 298, 7: 325, 8: 271, 9: 270}, 2: {0: 302, 1: 332, 2: 287, 3: 298, 4: 296, 5: 283, 6: 291, 7: 309, 8: 292, 9: 310}, 3: {0: 299, 1: 345, 2: 305, 3: 303, 4: 286, 5: 281, 6: 269, 7: 332, 8: 304, 9: 276}, 4: {0: 314, 1: 345, 2: 292, 3: 305, 4: 289, 5: 313, 6: 289, 7: 290, 8: 287, 9: 276}, 5: {0: 277, 1: 315, 2: 315, 3: 314, 4: 294, 5: 291, 6: 295, 7: 319, 8: 284, 9: 296}, 6: {0: 302, 1: 348, 2: 308, 3: 314, 4: 285, 5: 272, 6: 303, 7: 302, 8: 277, 9: 289}, 7: {0: 321, 1: 331, 2: 279, 3: 288, 4: 304, 5: 288, 6: 304, 7: 297, 8: 297, 9: 291}, 8: {0: 310, 1: 301, 2: 312, 3: 296, 4: 277, 5: 252, 6: 304, 7: 322, 8: 303, 9: 323}, 9: {0: 280, 1: 341, 2: 287, 3: 312, 4: 306, 5: 257, 6: 298, 7: 303, 8: 307, 9: 309}, 10: {0: 287, 1: 345, 2: 312, 3: 323, 4: 292, 5: 256, 6: 332, 7: 287, 8: 286, 9: 280}, 11: {0: 296, 1: 349, 2: 311, 3: 330, 4: 298, 5: 235, 6: 252, 7: 350, 8: 270, 9: 309}, 12: {0: 288, 1: 355, 2: 336, 3: 318, 4: 276, 5: 261, 6: 278, 7: 316, 8: 295, 9: 277}, 13: {0: 314, 1: 324, 2: 308, 3: 281, 4: 290, 5: 269, 6: 286, 7: 293, 8: 329, 9: 306}, 14: {0: 279, 1: 331, 2: 290, 3: 300, 4: 281, 5: 266, 6: 321, 7: 325, 8: 289, 9: 318}, 15: {0: 294, 1: 308, 2: 279, 3: 280, 4: 327, 5: 275, 6: 281, 7: 328, 8: 300, 9: 328}, 16: {0: 299, 1: 329, 2: 271, 3: 321, 4: 286, 5: 285, 6: 296, 7: 308, 8: 292, 9: 313}, 17: {0: 323, 1: 340, 2: 296, 3: 291, 4: 311, 5: 268, 6: 283, 7: 327, 8: 286, 9: 275}, 18: {0: 285, 1: 368, 2: 285, 3: 284, 4: 286, 5: 270, 6: 305, 7: 313, 8: 301, 9: 303}, 19: {0: 296, 1: 339, 2: 283, 3: 337, 4: 283, 5: 253, 6: 304, 7: 320, 8: 276, 9: 309}}", "loading time": 204, "local_train_accs": [0.9976666666666667, 1.0, 0.999, 0.9993333333333333, 1.0, 0.9993333333333333, 0.999, 0.9966666666666667, 0.994, 0.9883333333333333, 0.9873333333333333, 1.0, 0.9953333333333333, 0.9973333333333333, 0.993, 1.0, 0.9976666666666667, 0.9903333333333333, 0.9696666666666667, 0.9786666666666667], "local_test_accs": [0.9363, 0.9412, 0.9332, 0.9408, 0.9413, 0.9414, 0.9387, 0.9346, 0.9218, 0.9252, 0.9173, 0.9301, 0.9348, 0.9287, 0.929, 0.943, 0.9258, 0.9222, 0.9027, 0.9111], "Uniform ensemble (Train acc)": 0.9607, "Uniform ensemble (Test acc)": 0.9613, "FedAvg (Train acc)": 0.18626666666666666, "FedAvg (Test acc)": 0.1863, "pdm_KL_reg 0": {"Best Result": {"Best Sigma0": 10, "Best sigma": 0.5, "Best gamma": 10, "Best Test accuracy": 0.9597, "Train acc": 0.9599833333333333}, "PDM log": "{(10, 0.5, 10): {'shapes': [(784, 700), (700,), (700, 10), (10,)], 'train_accuracy': 0.9599833333333333, 'test_accuracy': 0.9597}}", "timing": 1096}, "pdm_KL_reg 0.001": {"Best Result": {"Best Sigma0": 10, "Best sigma": 0.5, "Best gamma": 10, "Best Test accuracy": 0.9605, "Train acc": 0.9601166666666666}, "PDM log": "{(10, 0.5, 10): {'shapes': [(784, 700), (700,), (700, 10), (10,)], 'train_accuracy': 0.9601166666666666, 'test_accuracy': 0.9605}}", "timing": 1750}, "pdm_KL_reg 0.005": {"Best Result": {"Best Sigma0": 10, "Best sigma": 0.5, "Best gamma": 10, "Best Test accuracy": 0.961, "Train acc": 0.96015}, "PDM log": "{(10, 0.5, 10): {'shapes': [(784, 700), (700,), (700, 10), (10,)], 'train_accuracy': 0.96015, 'test_accuracy': 0.961}}", "timing": 1652}, "pdm_KL_reg 0.01": {"Best Result": {"Best Sigma0": 10, "Best sigma": 0.5, "Best gamma": 10, "Best Test accuracy": 0.9605, "Train acc": 0.95995}, "PDM log": "{(10, 0.5, 10): {'shapes': [(784, 700), (700,), (700, 10), (10,)], 'train_accuracy': 0.95995, 'test_accuracy': 0.9605}}", "timing": 1369}, "pdm_KL_reg 0.05": {"Best Result": {"Best Sigma0": 10, "Best sigma": 0.5, "Best gamma": 10, "Best Test accuracy": 0.9611, "Train acc": 0.96015}, "PDM log": "{(10, 0.5, 10): {'shapes': [(784, 700), (700,), (700, 10), (10,)], 'train_accuracy': 0.96015, 'test_accuracy': 0.9611}}", "timing": 1366}, "pdm_KL_reg 0.1": {"Best Result": {"Best Sigma0": 10, "Best sigma": 0.5, "Best gamma": 10, "Best Test accuracy": 0.9607, "Train acc": 0.9594166666666667}, "PDM log": "{(10, 0.5, 10): {'shapes': [(784, 700), (700,), (700, 10), (10,)], 'train_accuracy': 0.9594166666666667, 'test_accuracy': 0.9607}}", "timing": 1546}, "pdm_KL_reg 0.5": {"Best Result": {"Best Sigma0": 10, "Best sigma": 0.5, "Best gamma": 10, "Best Test accuracy": 0.9601, "Train acc": 0.9601833333333334}, "PDM log": "{(10, 0.5, 10): {'shapes': [(784, 700), (700,), (700, 10), (10,)], 'train_accuracy': 0.9601833333333334, 'test_accuracy': 0.9601}}", "timing": 1757}, "pdm_KL_reg 1": {"Best Result": {"Best Sigma0": 10, "Best sigma": 0.5, "Best gamma": 10, "Best Test accuracy": 0.7739, "Train acc": 0.77445}, "PDM log": "{(10, 0.5, 10): {'shapes': [(784, 219), (219,), (219, 10), (10,)], 'train_accuracy': 0.77445, 'test_accuracy': 0.7739}}", "timing": 511}, "pdm_KL_reg 2": {"Best Result": {"Best Sigma0": 10, "Best sigma": 0.5, "Best gamma": 10, "Best Test accuracy": 0.0892, "Train acc": 0.09035}, "PDM log": "{(10, 0.5, 10): {'shapes': [(784, 102), (102,), (102, 10), (10,)], 'train_accuracy': 0.09035, 'test_accuracy': 0.0892}}", "timing": 332}, "pdm_KL_reg 5": {"Best Result": {"Best Sigma0": 10, "Best sigma": 0.5, "Best gamma": 10, "Best Test accuracy": 0.0892, "Train acc": 0.09035}, "PDM log": "{(10, 0.5, 10): {'shapes': [(784, 100), (100,), (100, 10), (10,)], 'train_accuracy': 0.09035, 'test_accuracy': 0.0892}}", "timing": 242}, "pdm_KL_reg 10": {"Best Result": {"Best Sigma0": 10, "Best sigma": 0.5, "Best gamma": 10, "Best Test accuracy": 0.0892, "Train acc": 0.09035}, "PDM log": "{(10, 0.5, 10): {'shapes': [(784, 100), (100,), (100, 10), (10,)], 'train_accuracy': 0.09035, 'test_accuracy': 0.0892}}", "timing": 229}, "best_reg": 0.05}