{"seed": 8, "Data statistics": "{0: {0: 301, 1: 352, 2: 291, 3: 300, 4: 297, 5: 277, 6: 278, 7: 304, 8: 302, 9: 298}, 1: {0: 319, 1: 378, 2: 277, 3: 302, 4: 293, 5: 275, 6: 287, 7: 285, 8: 287, 9: 297}, 2: {0: 287, 1: 351, 2: 295, 3: 321, 4: 277, 5: 291, 6: 268, 7: 337, 8: 277, 9: 296}, 3: {0: 274, 1: 347, 2: 297, 3: 325, 4: 283, 5: 245, 6: 309, 7: 312, 8: 311, 9: 297}, 4: {0: 286, 1: 362, 2: 300, 3: 295, 4: 304, 5: 263, 6: 241, 7: 327, 8: 314, 9: 308}, 5: {0: 284, 1: 326, 2: 303, 3: 334, 4: 300, 5: 260, 6: 309, 7: 294, 8: 290, 9: 300}, 6: {0: 268, 1: 308, 2: 317, 3: 309, 4: 279, 5: 283, 6: 297, 7: 341, 8: 298, 9: 300}, 7: {0: 310, 1: 340, 2: 301, 3: 304, 4: 293, 5: 280, 6: 285, 7: 295, 8: 302, 9: 290}, 8: {0: 296, 1: 308, 2: 292, 3: 311, 4: 289, 5: 291, 6: 324, 7: 298, 8: 295, 9: 296}, 9: {0: 323, 1: 352, 2: 306, 3: 289, 4: 297, 5: 258, 6: 296, 7: 311, 8: 259, 9: 309}, 10: {0: 306, 1: 297, 2: 278, 3: 321, 4: 323, 5: 260, 6: 320, 7: 307, 8: 281, 9: 307}, 11: {0: 309, 1: 338, 2: 309, 3: 282, 4: 295, 5: 271, 6: 292, 7: 328, 8: 294, 9: 282}, 12: {0: 304, 1: 322, 2: 280, 3: 305, 4: 271, 5: 272, 6: 296, 7: 347, 8: 300, 9: 303}, 13: {0: 278, 1: 337, 2: 299, 3: 317, 4: 283, 5: 291, 6: 264, 7: 322, 8: 294, 9: 315}, 14: {0: 288, 1: 360, 2: 281, 3: 308, 4: 286, 5: 295, 6: 282, 7: 314, 8: 280, 9: 306}, 15: {0: 294, 1: 315, 2: 326, 3: 305, 4: 292, 5: 270, 6: 330, 7: 299, 8: 278, 9: 291}, 16: {0: 299, 1: 350, 2: 320, 3: 296, 4: 296, 5: 268, 6: 270, 7: 310, 8: 294, 9: 297}, 17: {0: 287, 1: 319, 2: 289, 3: 296, 4: 293, 5: 238, 6: 346, 7: 327, 8: 310, 9: 295}, 18: {0: 305, 1: 325, 2: 293, 3: 324, 4: 294, 5: 246, 6: 306, 7: 313, 8: 305, 9: 289}, 19: {0: 305, 1: 355, 2: 304, 3: 287, 4: 297, 5: 287, 6: 318, 7: 294, 8: 280, 9: 273}}", "loading time": 73, "local_train_accs": [0.9873333333333333, 1.0, 1.0, 0.9933333333333333, 0.9996666666666667, 0.9863333333333333, 0.998, 0.9783333333333334, 0.99, 0.9973333333333333, 0.9986666666666667, 0.999, 0.983, 0.9916666666666667, 0.999, 1.0, 0.989, 0.9976666666666667, 0.9936666666666667, 0.9923333333333333], "local_test_accs": [0.917, 0.936, 0.9402, 0.9315, 0.9398, 0.9232, 0.9334, 0.9034, 0.9231, 0.9349, 0.9315, 0.9376, 0.9107, 0.9253, 0.9309, 0.9388, 0.9251, 0.935, 0.93, 0.9251], "Uniform ensemble (Train acc)": 0.96085, "Uniform ensemble (Test acc)": 0.9611, "FedAvg (Train acc)": 0.12268333333333334, "FedAvg (Test acc)": 0.1223, "pdm_KL_reg 0": {"Best Result": {"Best Sigma0": 10, "Best sigma": 0.5, "Best gamma": 10, "Best Test accuracy": 0.9598, "Train acc": 0.9610666666666666}, "PDM log": "{(10, 0.5, 10): {'shapes': [(784, 700), (700,), (700, 10), (10,)], 'train_accuracy': 0.9610666666666666, 'test_accuracy': 0.9598}}", "timing": 508}, "pdm_KL_reg 0.001": {"Best Result": {"Best Sigma0": 10, "Best sigma": 0.5, "Best gamma": 10, "Best Test accuracy": 0.9599, "Train acc": 0.96075}, "PDM log": "{(10, 0.5, 10): {'shapes': [(784, 700), (700,), (700, 10), (10,)], 'train_accuracy': 0.96075, 'test_accuracy': 0.9599}}", "timing": 903}, "pdm_KL_reg 0.005": {"Best Result": {"Best Sigma0": 10, "Best sigma": 0.5, "Best gamma": 10, "Best Test accuracy": 0.9606, "Train acc": 0.9610666666666666}, "PDM log": "{(10, 0.5, 10): {'shapes': [(784, 700), (700,), (700, 10), (10,)], 'train_accuracy': 0.9610666666666666, 'test_accuracy': 0.9606}}", "timing": 915}, "pdm_KL_reg 0.01": {"Best Result": {"Best Sigma0": 10, "Best sigma": 0.5, "Best gamma": 10, "Best Test accuracy": 0.9603, "Train acc": 0.9606833333333333}, "PDM log": "{(10, 0.5, 10): {'shapes': [(784, 700), (700,), (700, 10), (10,)], 'train_accuracy': 0.9606833333333333, 'test_accuracy': 0.9603}}", "timing": 923}, "pdm_KL_reg 0.05": {"Best Result": {"Best Sigma0": 10, "Best sigma": 0.5, "Best gamma": 10, "Best Test accuracy": 0.9602, "Train acc": 0.9609666666666666}, "PDM log": "{(10, 0.5, 10): {'shapes': [(784, 700), (700,), (700, 10), (10,)], 'train_accuracy': 0.9609666666666666, 'test_accuracy': 0.9602}}", "timing": 908}, "pdm_KL_reg 0.1": {"Best Result": {"Best Sigma0": 10, "Best sigma": 0.5, "Best gamma": 10, "Best Test accuracy": 0.9607, "Train acc": 0.9610166666666666}, "PDM log": "{(10, 0.5, 10): {'shapes': [(784, 700), (700,), (700, 10), (10,)], 'train_accuracy': 0.9610166666666666, 'test_accuracy': 0.9607}}", "timing": 786}, "pdm_KL_reg 0.5": {"Best Result": {"Best Sigma0": 10, "Best sigma": 0.5, "Best gamma": 10, "Best Test accuracy": 0.9597, "Train acc": 0.96065}, "PDM log": "{(10, 0.5, 10): {'shapes': [(784, 700), (700,), (700, 10), (10,)], 'train_accuracy': 0.96065, 'test_accuracy': 0.9597}}", "timing": 729}, "pdm_KL_reg 1": {"Best Result": {"Best Sigma0": 10, "Best sigma": 0.5, "Best gamma": 10, "Best Test accuracy": 0.716, "Train acc": 0.7095666666666667}, "PDM log": "{(10, 0.5, 10): {'shapes': [(784, 228), (228,), (228, 10), (10,)], 'train_accuracy': 0.7095666666666667, 'test_accuracy': 0.716}}", "timing": 238}, "pdm_KL_reg 2": {"Best Result": {"Best Sigma0": 10, "Best sigma": 0.5, "Best gamma": 10, "Best Test accuracy": 0.0892, "Train acc": 0.09035}, "PDM log": "{(10, 0.5, 10): {'shapes': [(784, 100), (100,), (100, 10), (10,)], 'train_accuracy': 0.09035, 'test_accuracy': 0.0892}}", "timing": 74}, "pdm_KL_reg 5": {"Best Result": {"Best Sigma0": 10, "Best sigma": 0.5, "Best gamma": 10, "Best Test accuracy": 0.0892, "Train acc": 0.09035}, "PDM log": "{(10, 0.5, 10): {'shapes': [(784, 100), (100,), (100, 10), (10,)], 'train_accuracy': 0.09035, 'test_accuracy': 0.0892}}", "timing": 53}, "pdm_KL_reg 10": {"Best Result": {"Best Sigma0": 10, "Best sigma": 0.5, "Best gamma": 10, "Best Test accuracy": 0.0892, "Train acc": 0.09035}, "PDM log": "{(10, 0.5, 10): {'shapes': [(784, 100), (100,), (100, 10), (10,)], 'train_accuracy': 0.09035, 'test_accuracy': 0.0892}}", "timing": 55}, "best_reg": 0.1}