{"seed": 5, "Data statistics": "{0: {0: 338, 1: 948, 2: 3904, 3: 451, 4: 312, 5: 2206, 6: 125, 7: 127, 8: 823, 9: 22}, 1: {0: 56, 1: 736, 2: 225, 3: 23, 4: 1249, 5: 2, 6: 95, 7: 3088, 8: 3603, 9: 3204}, 2: {0: 691, 1: 188, 2: 461, 3: 77, 4: 3059, 5: 284, 6: 1285, 7: 261, 8: 458, 9: 522}, 3: {0: 3853, 1: 233, 2: 409, 3: 3443, 4: 194, 5: 1865, 6: 3011}, 4: {0: 62, 1: 2895, 2: 1, 3: 1006, 4: 186, 5: 643, 6: 484, 7: 1524, 8: 116, 9: 1252}}", "local_train_accs": [0.6039325842696629, 0.6953016855304942, 0.5587427944002196, 0.6279981549815498, 0.5951768882360142], "local_test_accs": [0.2437, 0.2926, 0.2542, 0.2623, 0.3032], "pdm_match": {}, "pdm_KL_match": {}, "pdm_KL2_match": {"Best Result": {"Best Sigma0": 10.0, "Best sigma": 0.5, "Best gamma": 50.0, "Best Test accuracy": 0.3028, "Train acc": 0.30034}, "PDM log": "{(1.0, 1.0, 1.0): {'shapes': [(3072, 208), (208,), (208, 10), (10,)], 'train_accuracy': 0.29582, 'test_accuracy': 0.2975}, (10.0, 1.0, 1.0): {'shapes': [(3072, 112), (112,), (112, 10), (10,)], 'train_accuracy': 0.19714, 'test_accuracy': 0.1968}, (1.0, 0.1, 1.0): {'shapes': [(3072, 450), (450,), (450, 10), (10,)], 'train_accuracy': 0.30024, 'test_accuracy': 0.3025}, (10.0, 0.1, 1.0): {'shapes': [(3072, 120), (120,), (120, 10), (10,)], 'train_accuracy': 0.20366, 'test_accuracy': 0.2045}, (1.0, 0.5, 1.0): {'shapes': [(3072, 416), (416,), (416, 10), (10,)], 'train_accuracy': 0.2995, 'test_accuracy': 0.3014}, (10.0, 0.5, 1.0): {'shapes': [(3072, 116), (116,), (116, 10), (10,)], 'train_accuracy': 0.20288, 'test_accuracy': 0.2039}, (1.0, 1.0, 10.0): {'shapes': [(3072, 416), (416,), (416, 10), (10,)], 'train_accuracy': 0.2982, 'test_accuracy': 0.3002}, (10.0, 1.0, 10.0): {'shapes': [(3072, 200), (200,), (200, 10), (10,)], 'train_accuracy': 0.2889, 'test_accuracy': 0.2915}, (1.0, 0.1, 10.0): {'shapes': [(3072, 465), (465,), (465, 10), (10,)], 'train_accuracy': 0.30024, 'test_accuracy': 0.3025}, (10.0, 0.1, 10.0): {'shapes': [(3072, 240), (240,), (240, 10), (10,)], 'train_accuracy': 0.3003, 'test_accuracy': 0.3028}, (1.0, 0.5, 10.0): {'shapes': [(3072, 440), (440,), (440, 10), (10,)], 'train_accuracy': 0.2995, 'test_accuracy': 0.3014}, (10.0, 0.5, 10.0): {'shapes': [(3072, 220), (220,), (220, 10), (10,)], 'train_accuracy': 0.29886, 'test_accuracy': 0.301}, (1.0, 1.0, 50.0): {'shapes': [(3072, 438), (438,), (438, 10), (10,)], 'train_accuracy': 0.2982, 'test_accuracy': 0.3002}, (10.0, 1.0, 50.0): {'shapes': [(3072, 408), (408,), (408, 10), (10,)], 'train_accuracy': 0.30024, 'test_accuracy': 0.3025}, (1.0, 0.1, 50.0): {'shapes': [(3072, 481), (481,), (481, 10), (10,)], 'train_accuracy': 0.30024, 'test_accuracy': 0.3025}, (10.0, 0.1, 50.0): {'shapes': [(3072, 416), (416,), (416, 10), (10,)], 'train_accuracy': 0.30028, 'test_accuracy': 0.3029}, (1.0, 0.5, 50.0): {'shapes': [(3072, 461), (461,), (461, 10), (10,)], 'train_accuracy': 0.2995, 'test_accuracy': 0.3014}, (10.0, 0.5, 50.0): {'shapes': [(3072, 416), (416,), (416, 10), (10,)], 'train_accuracy': 0.30034, 'test_accuracy': 0.3028}}"}}