{"seed": 1, "Data statistics": "{0: {0: 156, 1: 709, 2: 301, 3: 2629, 4: 20, 5: 651, 6: 915, 7: 113, 8: 180, 9: 2133}, 1: {0: 1771, 1: 2695, 2: 1251, 3: 1407, 4: 665, 5: 314, 6: 1419, 7: 3469}, 2: {0: 236, 1: 15, 2: 1715, 3: 76, 4: 1304, 5: 34, 6: 1773, 7: 75, 8: 3289, 9: 2360}, 3: {0: 2809, 1: 575, 2: 157, 3: 853, 4: 2555, 5: 2557, 6: 203, 7: 1213}, 4: {0: 28, 1: 1006, 2: 1576, 3: 35, 4: 456, 5: 1444, 6: 690, 7: 130, 8: 1531, 9: 507}}", "local_train_accs": [0.5903676188036378, 0.6010314833346163, 0.6563390640801692, 0.5901849478117561, 0.5524787248412806], "local_test_accs": [0.2388, 0.3361, 0.2957, 0.2764, 0.318], "pdm_match": {}, "pdm_KL_match": {}, "pdm_KL2_match": {"Best Result": {"Best Sigma0": 1.0, "Best sigma": 0.5, "Best gamma": 1.0, "Best Test accuracy": 0.3451, "Train acc": 0.34884}, "PDM log": "{(1.0, 1.0, 1.0): {'shapes': [(3072, 196), (196,), (196, 10), (10,)], 'train_accuracy': 0.3388, 'test_accuracy': 0.3378}, (10.0, 1.0, 1.0): {'shapes': [(3072, 112), (112,), (112, 10), (10,)], 'train_accuracy': 0.24288, 'test_accuracy': 0.2408}, (1.0, 0.1, 1.0): {'shapes': [(3072, 452), (452,), (452, 10), (10,)], 'train_accuracy': 0.34854, 'test_accuracy': 0.3446}, (10.0, 0.1, 1.0): {'shapes': [(3072, 120), (120,), (120, 10), (10,)], 'train_accuracy': 0.26662, 'test_accuracy': 0.2625}, (1.0, 0.5, 1.0): {'shapes': [(3072, 416), (416,), (416, 10), (10,)], 'train_accuracy': 0.34884, 'test_accuracy': 0.3451}, (10.0, 0.5, 1.0): {'shapes': [(3072, 116), (116,), (116, 10), (10,)], 'train_accuracy': 0.24312, 'test_accuracy': 0.2438}, (1.0, 1.0, 10.0): {'shapes': [(3072, 396), (396,), (396, 10), (10,)], 'train_accuracy': 0.34864, 'test_accuracy': 0.3434}, (10.0, 1.0, 10.0): {'shapes': [(3072, 196), (196,), (196, 10), (10,)], 'train_accuracy': 0.34086, 'test_accuracy': 0.3383}, (1.0, 0.1, 10.0): {'shapes': [(3072, 462), (462,), (462, 10), (10,)], 'train_accuracy': 0.34854, 'test_accuracy': 0.3446}, (10.0, 0.1, 10.0): {'shapes': [(3072, 240), (240,), (240, 10), (10,)], 'train_accuracy': 0.34384, 'test_accuracy': 0.3401}, (1.0, 0.5, 10.0): {'shapes': [(3072, 444), (444,), (444, 10), (10,)], 'train_accuracy': 0.34884, 'test_accuracy': 0.3451}, (10.0, 0.5, 10.0): {'shapes': [(3072, 220), (220,), (220, 10), (10,)], 'train_accuracy': 0.34226, 'test_accuracy': 0.3396}, (1.0, 1.0, 50.0): {'shapes': [(3072, 444), (444,), (444, 10), (10,)], 'train_accuracy': 0.3487, 'test_accuracy': 0.3434}, (10.0, 1.0, 50.0): {'shapes': [(3072, 392), (392,), (392, 10), (10,)], 'train_accuracy': 0.3485, 'test_accuracy': 0.3446}, (1.0, 0.1, 50.0): {'shapes': [(3072, 478), (478,), (478, 10), (10,)], 'train_accuracy': 0.34854, 'test_accuracy': 0.3446}, (10.0, 0.1, 50.0): {'shapes': [(3072, 416), (416,), (416, 10), (10,)], 'train_accuracy': 0.34872, 'test_accuracy': 0.3453}, (1.0, 0.5, 50.0): {'shapes': [(3072, 460), (460,), (460, 10), (10,)], 'train_accuracy': 0.34884, 'test_accuracy': 0.345}, (10.0, 0.5, 50.0): {'shapes': [(3072, 408), (408,), (408, 10), (10,)], 'train_accuracy': 0.34876, 'test_accuracy': 0.3448}}"}}