{"seed": 2, "Data statistics": "{0: {0: 49, 1: 251, 2: 225, 3: 995, 4: 2, 5: 2707, 6: 3848, 7: 1118, 8: 2134}, 1: {0: 770, 1: 1609, 2: 115, 3: 68, 4: 306, 5: 225, 6: 212, 7: 3396, 8: 109, 9: 1502}, 2: {0: 1274, 1: 29, 2: 10, 3: 19, 4: 3296, 5: 1596, 6: 345, 7: 329, 8: 107, 9: 3389}, 3: {0: 656, 1: 2572, 2: 2628, 3: 73, 5: 472, 6: 595, 7: 157, 8: 2649, 9: 109}, 4: {0: 2251, 1: 539, 2: 2022, 3: 3845, 4: 1396, 8: 1}}", "local_train_accs": [0.6093212110512843, 0.670837343599615, 0.7017510101981913, 0.6591665825850066, 0.4690670379948279], "local_test_accs": [0.2643, 0.2787, 0.2705, 0.2826, 0.2588], "pdm_match": {}, "pdm_KL_match": {}, "pdm_KL2_match": {"Best Result": {"Best Sigma0": 10.0, "Best sigma": 1.0, "Best gamma": 10.0, "Best Test accuracy": 0.2951, "Train acc": 0.29406}, "PDM log": "{(1.0, 1.0, 1.0): {'shapes': [(3072, 204), (204,), (204, 10), (10,)], 'train_accuracy': 0.28688, 'test_accuracy': 0.2822}, (10.0, 1.0, 1.0): {'shapes': [(3072, 112), (112,), (112, 10), (10,)], 'train_accuracy': 0.25398, 'test_accuracy': 0.258}, (1.0, 0.1, 1.0): {'shapes': [(3072, 454), (454,), (454, 10), (10,)], 'train_accuracy': 0.28042, 'test_accuracy': 0.2748}, (10.0, 0.1, 1.0): {'shapes': [(3072, 120), (120,), (120, 10), (10,)], 'train_accuracy': 0.20744, 'test_accuracy': 0.1986}, (1.0, 0.5, 1.0): {'shapes': [(3072, 412), (412,), (412, 10), (10,)], 'train_accuracy': 0.28236, 'test_accuracy': 0.2779}, (10.0, 0.5, 1.0): {'shapes': [(3072, 116), (116,), (116, 10), (10,)], 'train_accuracy': 0.24724, 'test_accuracy': 0.2449}, (1.0, 1.0, 10.0): {'shapes': [(3072, 404), (404,), (404, 10), (10,)], 'train_accuracy': 0.2832, 'test_accuracy': 0.2791}, (10.0, 1.0, 10.0): {'shapes': [(3072, 200), (200,), (200, 10), (10,)], 'train_accuracy': 0.29406, 'test_accuracy': 0.2951}, (1.0, 0.1, 10.0): {'shapes': [(3072, 469), (469,), (469, 10), (10,)], 'train_accuracy': 0.28044, 'test_accuracy': 0.2748}, (10.0, 0.1, 10.0): {'shapes': [(3072, 240), (240,), (240, 10), (10,)], 'train_accuracy': 0.28212, 'test_accuracy': 0.2775}, (1.0, 0.5, 10.0): {'shapes': [(3072, 444), (444,), (444, 10), (10,)], 'train_accuracy': 0.2806, 'test_accuracy': 0.2743}, (10.0, 0.5, 10.0): {'shapes': [(3072, 220), (220,), (220, 10), (10,)], 'train_accuracy': 0.28294, 'test_accuracy': 0.2773}, (1.0, 1.0, 50.0): {'shapes': [(3072, 444), (444,), (444, 10), (10,)], 'train_accuracy': 0.28118, 'test_accuracy': 0.2751}, (10.0, 1.0, 50.0): {'shapes': [(3072, 400), (400,), (400, 10), (10,)], 'train_accuracy': 0.28186, 'test_accuracy': 0.2775}, (1.0, 0.1, 50.0): {'shapes': [(3072, 477), (477,), (477, 10), (10,)], 'train_accuracy': 0.28044, 'test_accuracy': 0.2748}, (10.0, 0.1, 50.0): {'shapes': [(3072, 412), (412,), (412, 10), (10,)], 'train_accuracy': 0.2817, 'test_accuracy': 0.2772}, (1.0, 0.5, 50.0): {'shapes': [(3072, 468), (468,), (468, 10), (10,)], 'train_accuracy': 0.2806, 'test_accuracy': 0.2743}, (10.0, 0.5, 50.0): {'shapes': [(3072, 408), (408,), (408, 10), (10,)], 'train_accuracy': 0.28164, 'test_accuracy': 0.2775}}"}}