{"seed": 8, "Data statistics": "{0: {0: 1181, 1: 1428, 2: 1160, 3: 1248, 4: 1150, 5: 1088, 6: 1142, 7: 1238, 8: 1177, 9: 1188}, 1: {0: 1148, 1: 1336, 2: 1221, 3: 1242, 4: 1176, 5: 1086, 6: 1132, 7: 1257, 8: 1204, 9: 1198}, 2: {0: 1234, 1: 1295, 2: 1185, 3: 1203, 4: 1204, 5: 1080, 6: 1232, 7: 1244, 8: 1129, 9: 1194}, 3: {0: 1164, 1: 1334, 2: 1186, 3: 1235, 4: 1132, 5: 1128, 6: 1172, 7: 1282, 8: 1152, 9: 1215}, 4: {0: 1196, 1: 1349, 2: 1206, 3: 1203, 4: 1180, 5: 1039, 6: 1240, 7: 1244, 8: 1189, 9: 1154}}", "loading time": 57, "local_train_accs": [0.9865, 0.9879166666666667, 0.9895, 0.9880833333333333, 0.9918333333333333], "local_test_accs": [0.9493, 0.956, 0.9559, 0.9469, 0.95], "Uniform ensemble (Train acc)": 0.9786333333333334, "Uniform ensemble (Test acc)": 0.9733, "FedAvg (Train acc)": 0.20526666666666665, "FedAvg (Test acc)": 0.2104, "pdm_KL_reg 0": {"Best Result": {"Best Sigma0": 10, "Best sigma": 0.5, "Best gamma": 10, "Best Test accuracy": 0.9743, "Train acc": 0.9803166666666666}, "PDM log": "{(10, 0.5, 10): {'shapes': [(784, 454), (454,), (454, 10), (10,)], 'train_accuracy': 0.9803166666666666, 'test_accuracy': 0.9743}}", "timing": 220}, "pdm_KL_reg 0.001": {"Best Result": {"Best Sigma0": 10, "Best sigma": 0.5, "Best gamma": 10, "Best Test accuracy": 0.9743, "Train acc": 0.9803166666666666}, "PDM log": "{(10, 0.5, 10): {'shapes': [(784, 454), (454,), (454, 10), (10,)], 'train_accuracy': 0.9803166666666666, 'test_accuracy': 0.9743}}", "timing": 314}, "pdm_KL_reg 0.005": {"Best Result": {"Best Sigma0": 10, "Best sigma": 0.5, "Best gamma": 10, "Best Test accuracy": 0.9743, "Train acc": 0.9803166666666666}, "PDM log": "{(10, 0.5, 10): {'shapes': [(784, 454), (454,), (454, 10), (10,)], 'train_accuracy': 0.9803166666666666, 'test_accuracy': 0.9743}}", "timing": 293}, "pdm_KL_reg 0.01": {"Best Result": {"Best Sigma0": 10, "Best sigma": 0.5, "Best gamma": 10, "Best Test accuracy": 0.9743, "Train acc": 0.9803166666666666}, "PDM log": "{(10, 0.5, 10): {'shapes': [(784, 454), (454,), (454, 10), (10,)], 'train_accuracy': 0.9803166666666666, 'test_accuracy': 0.9743}}", "timing": 309}, "pdm_KL_reg 0.05": {"Best Result": {"Best Sigma0": 10, "Best sigma": 0.5, "Best gamma": 10, "Best Test accuracy": 0.9743, "Train acc": 0.9803166666666666}, "PDM log": "{(10, 0.5, 10): {'shapes': [(784, 454), (454,), (454, 10), (10,)], 'train_accuracy': 0.9803166666666666, 'test_accuracy': 0.9743}}", "timing": 302}, "pdm_KL_reg 0.1": {"Best Result": {"Best Sigma0": 10, "Best sigma": 0.5, "Best gamma": 10, "Best Test accuracy": 0.9743, "Train acc": 0.9803166666666666}, "PDM log": "{(10, 0.5, 10): {'shapes': [(784, 454), (454,), (454, 10), (10,)], 'train_accuracy': 0.9803166666666666, 'test_accuracy': 0.9743}}", "timing": 306}, "pdm_KL_reg 0.5": {"Best Result": {"Best Sigma0": 10, "Best sigma": 0.5, "Best gamma": 10, "Best Test accuracy": 0.9743, "Train acc": 0.9803166666666666}, "PDM log": "{(10, 0.5, 10): {'shapes': [(784, 445), (445,), (445, 10), (10,)], 'train_accuracy': 0.9803166666666666, 'test_accuracy': 0.9743}}", "timing": 329}, "pdm_KL_reg 1": {"Best Result": {"Best Sigma0": 10, "Best sigma": 0.5, "Best gamma": 10, "Best Test accuracy": 0.9739, "Train acc": 0.9802166666666666}, "PDM log": "{(10, 0.5, 10): {'shapes': [(784, 408), (408,), (408, 10), (10,)], 'train_accuracy': 0.9802166666666666, 'test_accuracy': 0.9739}}", "timing": 246}, "pdm_KL_reg 2": {"Best Result": {"Best Sigma0": 10, "Best sigma": 0.5, "Best gamma": 10, "Best Test accuracy": 0.0974, "Train acc": 0.09751666666666667}, "PDM log": "{(10, 0.5, 10): {'shapes': [(784, 100), (100,), (100, 10), (10,)], 'train_accuracy': 0.09751666666666667, 'test_accuracy': 0.0974}}", "timing": 93}, "pdm_KL_reg 5": {"Best Result": {"Best Sigma0": 10, "Best sigma": 0.5, "Best gamma": 10, "Best Test accuracy": 0.0974, "Train acc": 0.09751666666666667}, "PDM log": "{(10, 0.5, 10): {'shapes': [(784, 100), (100,), (100, 10), (10,)], 'train_accuracy': 0.09751666666666667, 'test_accuracy': 0.0974}}", "timing": 87}, "pdm_KL_reg 10": {"Best Result": {"Best Sigma0": 10, "Best sigma": 0.5, "Best gamma": 10, "Best Test accuracy": 0.0975, "Train acc": 0.09751666666666667}, "PDM log": "{(10, 0.5, 10): {'shapes': [(784, 100), (100,), (100, 10), (10,)], 'train_accuracy': 0.09751666666666667, 'test_accuracy': 0.0975}}", "timing": 96}, "best_reg": 0}