{"seed": 0, "Data statistics": "{0: {0: 953, 1: 142, 2: 141, 3: 75, 4: 695, 5: 819, 7: 2482}, 1: {0: 16, 1: 43, 2: 902, 3: 1650, 4: 86, 5: 182, 7: 693, 8: 110, 9: 6}, 2: {0: 9, 1: 8, 2: 290, 3: 769, 4: 841, 5: 283, 6: 119, 7: 1044, 8: 1014, 9: 58}, 3: {0: 395, 1: 1200, 2: 48, 3: 68, 4: 896, 5: 681, 6: 90, 7: 17, 8: 1351, 9: 301}, 4: {0: 504, 1: 2917, 2: 570, 3: 721, 4: 121, 5: 356}, 5: {0: 1262, 1: 71, 2: 325, 3: 119, 4: 1560, 5: 14, 6: 1, 7: 85, 8: 366}, 6: {0: 9, 1: 273, 2: 1657, 3: 40, 4: 1, 5: 130, 6: 1911, 7: 21, 8: 1160}, 7: {0: 722, 1: 3, 2: 281, 3: 738, 4: 22, 5: 974, 6: 624, 7: 1, 8: 82, 9: 878}, 8: {0: 1127, 1: 153, 2: 680, 3: 500, 4: 698, 5: 1139, 6: 92, 7: 23, 8: 1, 9: 3665}, 9: {0: 3, 1: 190, 2: 106, 3: 320, 4: 80, 5: 422, 6: 2163, 7: 634, 8: 916, 9: 92}}", "loading time": 31, "local_train_accs": [0.597135858300358, 0.454175704989154, 0.41307779030439684, 0.5175351694075688, 0.6596646752746194, 0.6284512227189061, 0.6489811610918877, 0.46173410404624277, 0.5742758108442684, 0.5970361347949655], "local_test_accs": [0.1914, 0.1093, 0.1927, 0.2214, 0.206, 0.1683, 0.207, 0.2528, 0.2127, 0.2129], "pdm_KL_reg 0": {"Best Result": {"Best Sigma0": 10, "Best sigma": 1, "Best gamma": 50, "Best Test accuracy": 0.2787, "Train acc": 0.2781}, "PDM log": "{(10, 1, 50): {'shapes': [(3072, 905), (905,), (905, 298), (298,), (298, 298), (298,), (298, 226), (226,), (226, 10), (10,)], 'train_accuracy': 0.2781, 'test_accuracy': 0.2787}}", "timing": 748}, "best_reg": 0, "skip_pdm": {"Best Result": {"Best Sigma0": 10, "Best sigma": 1, "Best gamma": 50, "Best Test accuracy": 0.0994, "Train acc": 0.09986}, "PDM log": "{(10, 1, 50): {'shapes': [(906, 3073), (101, 906), (398, 101), (101, 398), (10, 101)], 'train_accuracy': 0.09986, 'test_accuracy': 0.0994}}", "timing": 671}}