{"Experiment arguments": "Namespace(alpha=0.5, communication_rounds=None, datadir='data/cifar10', dataset='cifar10', device=1.0, dropout_p=0.0, epochs=10, experiment=['pdm_KL', 'skip'], init_seed=0, iter_epochs=5, layers=1, loaddir='saved_weights/cifar10/hetero-dir', logdir='skip_pdm_compare/cifar10/hetero-dir', lr=0.01, lr_decay=1.0, n=6, n_layers=1, n_nets=10, net_config=[3072, 100, 100, 100, 100, 10], num_pool_workers=6, partition='hetero-dir', pdm_gamma=50, pdm_sig=1, pdm_sig0=10, reg=1e-06, reg_fac=0.0, trials=10, use_freq=True)", "0": {"seed": 0, "Data statistics": "{0: {0: 953, 1: 142, 2: 141, 3: 75, 4: 695, 5: 819, 7: 2482}, 1: {0: 16, 1: 43, 2: 902, 3: 1650, 4: 86, 5: 182, 7: 693, 8: 110, 9: 6}, 2: {0: 9, 1: 8, 2: 290, 3: 769, 4: 841, 5: 283, 6: 119, 7: 1044, 8: 1014, 9: 58}, 3: {0: 395, 1: 1200, 2: 48, 3: 68, 4: 896, 5: 681, 6: 90, 7: 17, 8: 1351, 9: 301}, 4: {0: 504, 1: 2917, 2: 570, 3: 721, 4: 121, 5: 356}, 5: {0: 1262, 1: 71, 2: 325, 3: 119, 4: 1560, 5: 14, 6: 1, 7: 85, 8: 366}, 6: {0: 9, 1: 273, 2: 1657, 3: 40, 4: 1, 5: 130, 6: 1911, 7: 21, 8: 1160}, 7: {0: 722, 1: 3, 2: 281, 3: 738, 4: 22, 5: 974, 6: 624, 7: 1, 8: 82, 9: 878}, 8: {0: 1127, 1: 153, 2: 680, 3: 500, 4: 698, 5: 1139, 6: 92, 7: 23, 8: 1, 9: 3665}, 9: {0: 3, 1: 190, 2: 106, 3: 320, 4: 80, 5: 422, 6: 2163, 7: 634, 8: 916, 9: 92}}", "loading time": 31, "local_train_accs": [0.597135858300358, 0.454175704989154, 0.41307779030439684, 0.5175351694075688, 0.6596646752746194, 0.6284512227189061, 0.6489811610918877, 0.46173410404624277, 0.5742758108442684, 0.5970361347949655], "local_test_accs": [0.1914, 0.1093, 0.1927, 0.2214, 0.206, 0.1683, 0.207, 0.2528, 0.2127, 0.2129], "pdm_KL_reg 0": {"Best Result": {"Best Sigma0": 10, "Best sigma": 1, "Best gamma": 50, "Best Test accuracy": 0.2787, "Train acc": 0.2781}, "PDM log": "{(10, 1, 50): {'shapes': [(3072, 905), (905,), (905, 298), (298,), (298, 298), (298,), (298, 226), (226,), (226, 10), (10,)], 'train_accuracy': 0.2781, 'test_accuracy': 0.2787}}", "timing": 748}, "best_reg": 0, "skip_pdm": {"Best Result": {"Best Sigma0": 10, "Best sigma": 1, "Best gamma": 50, "Best Test accuracy": 0.0994, "Train acc": 0.09986}, "PDM log": "{(10, 1, 50): {'shapes': [(906, 3073), (101, 906), (398, 101), (101, 398), (10, 101)], 'train_accuracy': 0.09986, 'test_accuracy': 0.0994}}", "timing": 671}}, "1": {"seed": 1, "Data statistics": "{0: {0: 64, 1: 306, 2: 78, 3: 575, 4: 153, 5: 1405, 6: 540, 7: 346, 8: 1359, 9: 1110}, 1: {0: 727, 1: 1165, 2: 328, 3: 541, 4: 88, 5: 2, 6: 289, 7: 5, 8: 96, 9: 963}, 2: {0: 97, 1: 6, 2: 449, 3: 1188, 4: 884, 5: 1983, 6: 1198}, 3: {0: 1155, 1: 249, 2: 41, 3: 844, 4: 1354, 5: 27, 6: 2, 7: 612, 8: 1013}, 4: {0: 11, 1: 434, 2: 412, 3: 239, 4: 1707, 5: 740, 6: 107, 7: 830, 8: 236, 9: 272}, 5: {0: 2048, 1: 1819, 2: 716, 3: 194, 4: 566}, 6: {0: 12, 1: 682, 2: 1563, 3: 2, 4: 108, 5: 36, 6: 1697, 7: 811, 8: 52, 9: 2532}, 7: {0: 381, 1: 270, 2: 1103, 3: 250, 4: 16, 5: 214, 6: 381, 7: 1715, 8: 828}, 8: {0: 231, 1: 5, 3: 617, 4: 123, 5: 326, 6: 2, 8: 664, 9: 12}, 9: {0: 274, 1: 64, 2: 310, 3: 550, 4: 1, 5: 267, 6: 784, 7: 681, 8: 752, 9: 111}}", "loading time": 41, "local_train_accs": [0.5032008086253369, 0.489058039961941, 0.3934539190353144, 0.4608268831414008, 0.42802726543704894, 0.4918585064570466, 0.5611741160773849, 0.47150058162078323, 0.5696969696969697, 0.40195044807590935], "local_test_accs": [0.2536, 0.2633, 0.1324, 0.2055, 0.175, 0.1637, 0.2173, 0.1937, 0.1782, 0.2055], "pdm_KL_reg 0": {"Best Result": {"Best Sigma0": 10, "Best sigma": 1, "Best gamma": 50, "Best Test accuracy": 0.2628, "Train acc": 0.26596}, "PDM log": "{(10, 1, 50): {'shapes': [(3072, 901), (901,), (901, 298), (298,), (298, 280), (280,), (280, 226), (226,), (226, 10), (10,)], 'train_accuracy': 0.26596, 'test_accuracy': 0.2628}}", "timing": 710}, "best_reg": 0, "skip_pdm": {"Best Result": {"Best Sigma0": 10, "Best sigma": 1, "Best gamma": 50, "Best Test accuracy": 0.1, "Train acc": 0.10004}, "PDM log": "{(10, 1, 50): {'shapes': [(902, 3073), (101, 902), (407, 101), (101, 407), (10, 101)], 'train_accuracy': 0.10004, 'test_accuracy': 0.1}}", "timing": 674}}, "2": {"seed": 2, "Data statistics": "{0: {0: 20, 1: 166, 2: 805, 3: 1865, 4: 1297, 5: 1014}, 1: {0: 318, 1: 1068, 2: 10, 3: 177, 4: 73, 5: 25, 6: 630, 7: 719, 8: 206, 9: 1249}, 2: {0: 527, 1: 20, 2: 32, 3: 198, 4: 71, 5: 33, 6: 27, 7: 626, 8: 383, 9: 244}, 3: {0: 271, 1: 1707, 2: 2, 3: 229, 4: 526, 5: 372, 6: 24, 7: 175, 8: 413, 9: 1788}, 4: {0: 930, 1: 357, 2: 340, 3: 268, 4: 2215, 5: 2429}, 5: {0: 226, 1: 83, 2: 2028, 3: 461, 4: 131, 5: 293, 6: 10, 7: 3134}, 6: {0: 39, 1: 1568, 2: 691, 3: 1584, 4: 370, 5: 669, 6: 1506}, 7: {0: 1548, 1: 6, 2: 397, 3: 188, 4: 35, 5: 155, 6: 806, 7: 179, 8: 2216}, 8: {0: 1107, 1: 22, 2: 294, 3: 17, 4: 264, 6: 1214, 7: 8, 8: 749, 9: 929}, 9: {0: 14, 1: 3, 2: 401, 3: 13, 4: 18, 5: 10, 6: 783, 7: 159, 8: 1033, 9: 790}}", "loading time": 68, "local_train_accs": [0.44145538997484035, 0.5188826815642458, 0.5557612216566404, 0.4842927183584529, 0.6219605444257532, 0.6088595664467483, 0.4952543955189046, 0.5649186256781193, 0.552997393570808, 0.6516749379652605], "local_test_accs": [0.1377, 0.2661, 0.2468, 0.204, 0.2323, 0.1471, 0.1997, 0.2023, 0.227, 0.2367], "pdm_KL_reg 0": {"Best Result": {"Best Sigma0": 10, "Best sigma": 1, "Best gamma": 50, "Best Test accuracy": 0.2748, "Train acc": 0.27682}, "PDM log": "{(10, 1, 50): {'shapes': [(3072, 892), (892,), (892, 289), (289,), (289, 289), (289,), (289, 226), (226,), (226, 10), (10,)], 'train_accuracy': 0.27682, 'test_accuracy': 0.2748}}", "timing": 631}, "best_reg": 0, "skip_pdm": {"Best Result": {"Best Sigma0": 10, "Best sigma": 1, "Best gamma": 50, "Best Test accuracy": 0.1, "Train acc": 0.1}, "PDM log": "{(10, 1, 50): {'shapes': [(893, 3073), (101, 893), (389, 101), (101, 389), (10, 101)], 'train_accuracy': 0.1, 'test_accuracy': 0.1}}", "timing": 648}}, "3": {"seed": 3, "Data statistics": "{0: {0: 324, 1: 286, 2: 177, 3: 114, 4: 936, 5: 105, 6: 350, 7: 5, 8: 428, 9: 978}, 1: {0: 906, 1: 924, 2: 1139, 3: 191, 4: 579, 5: 333, 6: 718, 7: 28, 8: 83, 9: 1105}, 2: {0: 381, 1: 108, 2: 483, 3: 1152, 4: 1050, 5: 78, 6: 954, 7: 206, 8: 620}, 3: {0: 7, 1: 1745, 2: 1728, 3: 388, 4: 193, 5: 831, 6: 841}, 4: {0: 1403, 1: 431, 2: 577, 3: 316, 4: 1020, 5: 559, 6: 1770}, 5: {0: 635, 1: 195, 2: 61, 3: 595, 4: 275, 5: 842, 6: 4, 7: 3009}, 6: {0: 23, 1: 46, 2: 454, 3: 833, 4: 189, 5: 117, 6: 161, 7: 426, 8: 1887, 9: 1182}, 7: {0: 1227, 1: 455, 2: 49, 3: 370, 4: 150, 5: 261, 6: 18, 7: 1, 8: 35, 9: 120}, 8: {0: 88, 1: 72, 2: 3, 3: 1022, 4: 57, 5: 627, 6: 66, 7: 1039, 8: 1251, 9: 1308}, 9: {0: 6, 1: 738, 2: 329, 3: 19, 4: 551, 5: 1247, 6: 118, 7: 286, 8: 696, 9: 307}}", "loading time": 58, "local_train_accs": [0.4474750202538482, 0.4219114219114219, 0.42468203497615264, 0.5210186638758068, 0.4774522712310731, 0.5758547008547008, 0.5338473110191801, 0.546909903201787, 0.4905114765949756, 0.45799394926693043], "local_test_accs": [0.2138, 0.2502, 0.2394, 0.1683, 0.1928, 0.1887, 0.233, 0.1785, 0.2161, 0.2076], "pdm_KL_reg 0": {"Best Result": {"Best Sigma0": 10, "Best sigma": 1, "Best gamma": 50, "Best Test accuracy": 0.2693, "Train acc": 0.27634}, "PDM log": "{(10, 1, 50): {'shapes': [(3072, 899), (899,), (899, 307), (307,), (307, 289), (289,), (289, 226), (226,), (226, 10), (10,)], 'train_accuracy': 0.27634, 'test_accuracy': 0.2693}}", "timing": 621}, "best_reg": 0, "skip_pdm": {"Best Result": {"Best Sigma0": 10, "Best sigma": 1, "Best gamma": 50, "Best Test accuracy": 0.1, "Train acc": 0.1}, "PDM log": "{(10, 1, 50): {'shapes': [(901, 3073), (101, 901), (407, 101), (101, 407), (10, 101)], 'train_accuracy': 0.1, 'test_accuracy': 0.1}}", "timing": 621}}, "4": {"seed": 4,