{"seed": 1, "Data statistics": "{0: {0: 64, 1: 306, 2: 78, 3: 575, 4: 153, 5: 1405, 6: 540, 7: 346, 8: 1359, 9: 1110}, 1: {0: 727, 1: 1165, 2: 328, 3: 541, 4: 88, 5: 2, 6: 289, 7: 5, 8: 96, 9: 963}, 2: {0: 97, 1: 6, 2: 449, 3: 1188, 4: 884, 5: 1983, 6: 1198}, 3: {0: 1155, 1: 249, 2: 41, 3: 844, 4: 1354, 5: 27, 6: 2, 7: 612, 8: 1013}, 4: {0: 11, 1: 434, 2: 412, 3: 239, 4: 1707, 5: 740, 6: 107, 7: 830, 8: 236, 9: 272}, 5: {0: 2048, 1: 1819, 2: 716, 3: 194, 4: 566}, 6: {0: 12, 1: 682, 2: 1563, 3: 2, 4: 108, 5: 36, 6: 1697, 7: 811, 8: 52, 9: 2532}, 7: {0: 381, 1: 270, 2: 1103, 3: 250, 4: 16, 5: 214, 6: 381, 7: 1715, 8: 828}, 8: {0: 231, 1: 5, 3: 617, 4: 123, 5: 326, 6: 2, 8: 664, 9: 12}, 9: {0: 274, 1: 64, 2: 310, 3: 550, 4: 1, 5: 267, 6: 784, 7: 681, 8: 752, 9: 111}}", "loading time": 41, "local_train_accs": [0.5032008086253369, 0.489058039961941, 0.3934539190353144, 0.4608268831414008, 0.42802726543704894, 0.4918585064570466, 0.5611741160773849, 0.47150058162078323, 0.5696969696969697, 0.40195044807590935], "local_test_accs": [0.2536, 0.2633, 0.1324, 0.2055, 0.175, 0.1637, 0.2173, 0.1937, 0.1782, 0.2055], "pdm_KL_reg 0": {"Best Result": {"Best Sigma0": 10, "Best sigma": 1, "Best gamma": 50, "Best Test accuracy": 0.2628, "Train acc": 0.26596}, "PDM log": "{(10, 1, 50): {'shapes': [(3072, 901), (901,), (901, 298), (298,), (298, 280), (280,), (280, 226), (226,), (226, 10), (10,)], 'train_accuracy': 0.26596, 'test_accuracy': 0.2628}}", "timing": 710}, "best_reg": 0, "skip_pdm": {"Best Result": {"Best Sigma0": 10, "Best sigma": 1, "Best gamma": 50, "Best Test accuracy": 0.1, "Train acc": 0.10004}, "PDM log": "{(10, 1, 50): {'shapes': [(902, 3073), (101, 902), (407, 101), (101, 407), (10, 101)], 'train_accuracy': 0.10004, 'test_accuracy': 0.1}}", "timing": 674}}