{"seed": 4, "Data statistics": "{0: {0: 321, 1: 1287, 2: 157, 3: 21, 4: 607, 5: 1592, 6: 2154}, 1: {0: 689, 1: 357, 2: 399, 3: 51, 4: 2117, 5: 62, 6: 291, 7: 1583, 8: 204, 9: 143}, 2: {0: 455, 1: 255, 2: 873, 3: 149, 4: 226, 5: 168, 7: 212, 8: 34, 9: 1895}, 3: {0: 629, 1: 1403, 2: 274, 3: 870, 4: 911, 5: 436, 6: 1, 7: 829, 8: 48, 9: 10}, 4: {0: 2, 1: 2167, 2: 2124, 3: 72, 4: 6, 5: 431, 6: 83, 7: 97, 8: 407, 9: 295}, 5: {0: 234, 1: 4, 2: 589, 3: 2311, 4: 245, 5: 329, 6: 445, 7: 448, 8: 24, 9: 2405}, 6: {0: 118, 1: 210, 2: 490, 3: 10, 4: 1, 5: 1653, 6: 1894, 7: 3, 8: 1496, 9: 178}, 7: {0: 693, 1: 224, 2: 255, 3: 789, 4: 1093, 5: 63, 6: 837, 7: 916, 8: 3239}, 8: {0: 2544, 1: 789, 2: 131, 3: 422, 4: 176, 5: 2, 6: 135, 7: 1957}, 9: {0: 238, 1: 46, 2: 666, 3: 1436, 4: 460, 5: 685, 6: 78, 7: 220, 8: 399, 9: 1023}}", "local_train_accs": [0.9890861703860564, 0.9654002713704206, 0.972345910475744, 0.9815191277028276, 0.982054890921886, 0.972419675860108, 0.9886006938708078, 0.98199531384881, 0.9892787524366472, 0.9621024566749191], "local_test_accs": [0.5845, 0.8449, 0.7587, 0.7255, 0.6946, 0.7343, 0.6552, 0.8128, 0.6613, 0.8892], "Uniform ensemble (Train acc)": 0.9574333333333334, "Uniform ensemble (Test acc)": 0.9567, "FedAvg (Train acc)": 0.09751666666666667, "FedAvg (Test acc)": 0.0974, "pdm_match": {"Best Result": {"Best Sigma0": 10.0, "Best sigma": 1.0, "Best gamma": 50.0, "Best Test accuracy": 0.8866, "Train acc": 0.8868833333333334}, "PDM log": "{(1.0, 1.0, 1.0): {'shapes': [(784, 368), (368,), (368, 100), (100,), (100, 100), (100,), (100, 100), (100,), (100, 10), (10,)], 'train_accuracy': 0.2710166666666667, 'test_accuracy': 0.2693}, (10.0, 1.0, 1.0): {'shapes': [(784, 657), (657,), (657, 125), (125,), (125, 116), (116,), (116, 101), (101,), (101, 10), (10,)], 'train_accuracy': 0.4365833333333333, 'test_accuracy': 0.4392}, (1.0, 0.1, 1.0): {'shapes': [(784, 700), (700,), (700, 700), (700,), (700, 700), (700,), (700, 145), (145,), (145, 10), (10,)], 'train_accuracy': 0.8259, 'test_accuracy': 0.8258}, (10.0, 0.1, 1.0): {'shapes': [(784, 700), (700,), (700, 700), (700,), (700, 700), (700,), (700, 157), (157,), (157, 10), (10,)], 'train_accuracy': 0.8618333333333333, 'test_accuracy': 0.8591}, (1.0, 0.5, 1.0): {'shapes': [(784, 668), (668,), (668, 137), (137,), (137, 118), (118,), (118, 103), (103,), (103, 10), (10,)], 'train_accuracy': 0.21768333333333334, 'test_accuracy': 0.215}, (10.0, 0.5, 1.0): {'shapes': [(784, 700), (700,), (700, 259), (259,), (259, 160), (160,), (160, 107), (107,), (107, 10), (10,)], 'train_accuracy': 0.5126833333333334, 'test_accuracy': 0.5158}, (1.0, 1.0, 10.0): {'shapes': [(784, 481), (481,), (481, 136), (136,), (136, 136), (136,), (136, 109), (109,), (109, 10), (10,)], 'train_accuracy': 0.19425, 'test_accuracy': 0.1914}, (10.0, 1.0, 10.0): {'shapes': [(784, 689), (689,), (689, 251), (251,), (251, 181), (181,), (181, 118), (118,), (118, 10), (10,)], 'train_accuracy': 0.5112666666666666, 'test_accuracy': 0.5209}, (1.0, 0.1, 10.0): {'shapes': [(784, 700), (700,), (700, 700), (700,), (700, 700), (700,), (700, 195), (195,), (195, 10), (10,)], 'train_accuracy': 0.8513666666666667, 'test_accuracy': 0.8493}, (10.0, 0.1, 10.0): {'shapes': [(784, 700), (700,), (700, 700), (700,), (700, 700), (700,), (700, 221), (221,), (221, 10), (10,)], 'train_accuracy': 0.8466666666666667, 'test_accuracy': 0.8451}, (1.0, 0.5, 10.0): {'shapes': [(784, 700), (700,), (700, 260), (260,), (260, 184), (184,), (184, 116), (116,), (116, 10), (10,)], 'train_accuracy': 0.6490333333333334, 'test_accuracy': 0.6472}, (10.0, 0.5, 10.0): {'shapes': [(784, 700), (700,), (700, 538), (538,), (538, 325), (325,), (325, 135), (135,), (135, 10), (10,)], 'train_accuracy': 0.8569, 'test_accuracy': 0.8576}, (1.0, 1.0, 50.0): {'shapes': [(784, 607), (607,), (607, 262), (262,), (262, 235), (235,), (235, 189), (189,), (189, 10), (10,)], 'train_accuracy': 0.5366666666666666, 'test_accuracy': 0.5408}, (10.0, 1.0, 50.0): {'shapes': [(784, 700), (700,), (700, 559), (559,), (559, 424), (424,), (424, 226), (226,), (226, 10), (10,)], 'train_accuracy': 0.8868833333333334, 'test_accuracy': 0.8866}, (1.0, 0.1, 50.0): {'shapes': [(784, 700), (700,), (700, 700), (700,), (700, 700), (700,), (700, 302), (302,), (302, 10), (10,)], 'train_accuracy': 0.86335, 'test_accuracy': 0.8611}, (10.0, 0.1, 50.0): {'shapes': [(784, 700), (700,), (700, 700), (700,), (700, 700), (700,), (700, 338), (338,), (338, 10), (10,)], 'train_accuracy': 0.8836666666666667, 'test_accuracy': 0.8774}, (1.0, 0.5, 50.0): {'shapes': [(784, 700), (700,), (700, 585), (585,), (585, 353), (353,), (353, 187), (187,), (187, 10), (10,)], 'train_accuracy': 0.75305, 'test_accuracy': 0.7445}, (10.0, 0.5, 50.0): {'shapes': [(784, 700), (700,), (700, 700), (700,), (700, 649), (649,), (649, 226), (226,), (226, 10), (10,)], 'train_accuracy': 0.85455, 'test_accuracy': 0.8518}}", "timing": "23624"}, "pdm_KL_match": {}, "pdm_KL2_match": {"Best Result": {"Best Sigma0": 1.0, "Best sigma": 0.5, "Best gamma": 50.0, "Best Test accuracy": 0.8819, "Train acc": 0.8806166666666667},