{"seed": 6, "Data statistics": "{0: {0: 1969, 1: 73, 2: 724, 3: 808, 4: 281, 5: 2, 6: 905, 7: 172, 8: 491, 9: 1202}, 1: {0: 2298, 1: 612, 2: 588, 3: 1362, 4: 39, 5: 100, 6: 367, 7: 1669}, 2: {0: 198, 1: 72, 2: 874, 3: 365, 4: 552, 5: 45, 6: 805, 7: 495, 8: 27, 9: 168}, 3: {0: 22, 1: 20, 2: 513, 3: 1968, 4: 932, 5: 99, 6: 6, 7: 2975}, 4: {0: 126, 1: 1063, 2: 1297, 3: 26, 4: 1, 5: 758, 6: 3057}, 5: {0: 1, 1: 3254, 2: 807, 3: 77, 4: 49, 5: 520, 6: 70, 7: 53, 8: 596, 9: 379}, 6: {0: 1020, 1: 102, 2: 155, 3: 556, 4: 32, 5: 195, 6: 336, 7: 452, 8: 1109, 9: 4199}, 7: {0: 55, 1: 127, 2: 74, 3: 365, 4: 41, 5: 86, 6: 214, 7: 114, 8: 1004, 9: 1}, 8: {0: 226, 1: 18, 2: 156, 3: 603, 4: 2813, 5: 495, 6: 158, 7: 335, 8: 2624}, 9: {0: 8, 1: 1401, 2: 770, 3: 1, 4: 1102, 5: 3121}}", "local_train_accs": [0.9726874905688848, 0.9913290689410093, 0.9650097195223549, 0.9869931140015302, 0.9962073324905183, 0.9862211505339304, 0.971554683668465, 0.9860643921191735, 0.9886914378029079, 0.9629861002655006], "local_test_accs": [0.8518, 0.7126, 0.846, 0.5577, 0.5199, 0.7863, 0.8477, 0.7556, 0.812, 0.3834], "Uniform ensemble (Train acc)": 0.9435666666666667, "Uniform ensemble (Test acc)": 0.9439, "FedAvg (Train acc)": 0.10218333333333333, "FedAvg (Test acc)": 0.101, "pdm_match": {"Best Result": {"Best Sigma0": 1.0, "Best sigma": 0.1, "Best gamma": 1.0, "Best Test accuracy": 0.7855, "Train acc": 0.7896333333333333}, "PDM log": "{(1.0, 1.0, 1.0): {'shapes': [(784, 361), (361,), (361, 100), (100,), (100, 100), (100,), (100, 100), (100,), (100, 10), (10,)], 'train_accuracy': 0.1542, 'test_accuracy': 0.1559}, (10.0, 1.0, 1.0): {'shapes': [(784, 627), (627,), (627, 122), (122,), (122, 109), (109,), (109, 103), (103,), (103, 10), (10,)], 'train_accuracy': 0.20011666666666666, 'test_accuracy': 0.2003}, (1.0, 0.1, 1.0): {'shapes': [(784, 700), (700,), (700, 700), (700,), (700, 700), (700,), (700, 143), (143,), (143, 10), (10,)], 'train_accuracy': 0.7896333333333333, 'test_accuracy': 0.7855}, (10.0, 0.1, 1.0): {'shapes': [(784, 700), (700,), (700, 700), (700,), (700, 700), (700,), (700, 154), (154,), (154, 10), (10,)], 'train_accuracy': 0.7824, 'test_accuracy': 0.778}, (1.0, 0.5, 1.0): {'shapes': [(784, 642), (642,), (642, 144), (144,), (144, 115), (115,), (115, 101), (101,), (101, 10), (10,)], 'train_accuracy': 0.23586666666666667, 'test_accuracy': 0.2327}, (10.0, 0.5, 1.0): {'shapes': [(784, 692), (692,), (692, 239), (239,), (239, 157), (157,), (157, 106), (106,), (106, 10), (10,)], 'train_accuracy': 0.5161166666666667, 'test_accuracy': 0.5113}, (1.0, 1.0, 10.0): {'shapes': [(784, 477), (477,), (477, 140), (140,), (140, 127), (127,), (127, 108), (108,), (108, 10), (10,)], 'train_accuracy': 0.2002, 'test_accuracy': 0.2004}, (10.0, 1.0, 10.0): {'shapes': [(784, 668), (668,), (668, 218), (218,), (218, 170), (170,), (170, 118), (118,), (118, 10), (10,)], 'train_accuracy': 0.5348833333333334, 'test_accuracy': 0.534}, (1.0, 0.1, 10.0): {'shapes': [(784, 700), (700,), (700, 700), (700,), (700, 700), (700,), (700, 194), (194,), (194, 10), (10,)], 'train_accuracy': 0.7515833333333334, 'test_accuracy': 0.7468}, (10.0, 0.1, 10.0): {'shapes': [(784, 700), (700,), (700, 700), (700,), (700, 700), (700,), (700, 218), (218,), (218, 10), (10,)], 'train_accuracy': 0.7457333333333334, 'test_accuracy': 0.7445}, (1.0, 0.5, 10.0): {'shapes': [(784, 687), (687,), (687, 268), (268,), (268, 179), (179,), (179, 120), (120,), (120, 10), (10,)], 'train_accuracy': 0.5195833333333333, 'test_accuracy': 0.5262}, (10.0, 0.5, 10.0): {'shapes': [(784, 700), (700,), (700, 497), (497,), (497, 306), (306,), (306, 130), (130,), (130, 10), (10,)], 'train_accuracy': 0.66935, 'test_accuracy': 0.6721}, (1.0, 1.0, 50.0): {'shapes': [(784, 583), (583,), (583, 262), (262,), (262, 244), (244,), (244, 176), (176,), (176, 10), (10,)], 'train_accuracy': 0.4311, 'test_accuracy': 0.4315}, (10.0, 1.0, 50.0): {'shapes': [(784, 700), (700,), (700, 478), (478,), (478, 379), (379,), (379, 225), (225,), (225, 10), (10,)], 'train_accuracy': 0.77085, 'test_accuracy': 0.7664}, (1.0, 0.1, 50.0): {'shapes': [(784, 700), (700,), (700, 700), (700,), (700, 700), (700,), (700, 299), (299,), (299, 10), (10,)], 'train_accuracy': 0.7412833333333333, 'test_accuracy': 0.7384}, (10.0, 0.1, 50.0): {'shapes': [(784, 700), (700,), (700, 700), (700,), (700, 700), (700,), (700, 339), (339,), (339, 10), (10,)], 'train_accuracy': 0.7536166666666667, 'test_accuracy': 0.7518}, (1.0, 0.5, 50.0): {'shapes': [(784, 700), (700,), (700, 555), (555,), (555, 359), (359,), (359, 178), (178,), (178, 10), (10,)], 'train_accuracy': 0.7173333333333334, 'test_accuracy': 0.7114}, (10.0, 0.5, 50.0): {'shapes': [(784, 700), (700,), (700, 700), (700,), (700, 595), (595,), (595, 234), (234,), (234, 10), (10,)], 'train_accuracy': 0.78, 'test_accuracy': 0.7766}}", "timing": "21178"}, "pdm_KL_match": {}, "pdm_KL2_match": {"Best Result": {"Best Sigma0": 10.0, "Best sigma": 0.5, "Best gamma": 50.0, "Best Test accuracy": 0.7442, "Train acc": 0.7496},