{"seed": 6, "Data statistics": "{0: {0: 193, 1: 210, 3: 460, 4: 26, 5: 5, 6: 126, 7: 49, 8: 874, 9: 332}, 1: {0: 1769, 1: 168, 2: 620, 3: 158, 4: 2341}, 2: {0: 346, 1: 931, 2: 26, 3: 64, 4: 636, 5: 23, 6: 462, 7: 144, 8: 1123, 9: 3145}, 3: {0: 126, 1: 415, 2: 75, 3: 2, 4: 736, 5: 57, 6: 327, 7: 3568}, 4: {1: 503, 2: 2042, 3: 114, 4: 84, 5: 81, 6: 1902, 7: 282}, 5: {0: 1, 1: 1891, 2: 88, 3: 53, 4: 33, 5: 2056, 6: 159, 7: 13, 8: 1196}, 6: {0: 1958, 1: 90, 2: 196, 3: 739, 4: 670, 5: 89, 6: 25, 7: 71, 8: 1494}, 7: {0: 147, 1: 44, 2: 165, 3: 2558, 4: 99, 5: 1075, 6: 1979}, 8: {0: 453, 1: 735, 2: 111, 3: 484, 4: 164, 5: 1328, 6: 16, 7: 565, 8: 300, 9: 1430}, 9: {0: 7, 1: 13, 2: 1677, 3: 368, 4: 211, 5: 286, 6: 4, 7: 308, 8: 13, 9: 93}}", "loading time": 28, "local_train_accs": [0.45406593406593404, 0.6859177215189873, 0.5678260869565217, 0.6752732755371278, 0.6291932907348243, 0.7205828779599271, 0.5016879219804952, 0.4951376298005604, 0.46544933762978874, 0.5711409395973155], "local_test_accs": [0.1696, 0.1697, 0.2224, 0.1495, 0.1958, 0.2195, 0.2109, 0.1372, 0.2128, 0.1114], "pdm_KL_reg 0": {"Best Result": {"Best Sigma0": 10, "Best sigma": 1, "Best gamma": 50, "Best Test accuracy": 0.167, "Train acc": 0.16836}, "PDM log": "{(10, 1, 50): {'shapes': [(3072, 889), (889,), (889, 298), (298,), (298, 280), (280,), (280, 217), (217,), (217, 10), (10,)], 'train_accuracy': 0.16836, 'test_accuracy': 0.167}}", "timing": 966}, "pdm_KL_reg 0.001": {"Best Result": {"Best Sigma0": 10, "Best sigma": 1, "Best gamma": 50, "Best Test accuracy": 0.1716, "Train acc": 0.17308}, "PDM log": "{(10, 1, 50): {'shapes': [(3072, 888), (888,), (888, 298), (298,), (298, 289), (289,), (289, 217), (217,), (217, 10), (10,)], 'train_accuracy': 0.17308, 'test_accuracy': 0.1716}}", "timing": 2444}, "pdm_KL_reg 0.005": {"Best Result": {"Best Sigma0": 10, "Best sigma": 1, "Best gamma": 50, "Best Test accuracy": 0.1695, "Train acc": 0.17074}, "PDM log": "{(10, 1, 50): {'shapes': [(3072, 885), (885,), (885, 289), (289,), (289, 298), (298,), (298, 217), (217,), (217, 10), (10,)], 'train_accuracy': 0.17074, 'test_accuracy': 0.1695}}", "timing": 2252}, "pdm_KL_reg 0.01": {"Best Result": {"Best Sigma0": 10, "Best sigma": 1, "Best gamma": 50, "Best Test accuracy": 0.1675, "Train acc": 0.1691}, "PDM log": "{(10, 1, 50): {'shapes': [(3072, 885), (885,), (885, 298), (298,), (298, 289), (289,), (289, 217), (217,), (217, 10), (10,)], 'train_accuracy': 0.1691, 'test_accuracy': 0.1675}}", "timing": 2119}, "pdm_KL_reg 0.05": {"Best Result": {"Best Sigma0": 10, "Best sigma": 1, "Best gamma": 50, "Best Test accuracy": 0.1709, "Train acc": 0.17046}, "PDM log": "{(10, 1, 50): {'shapes': [(3072, 885), (885,), (885, 289), (289,), (289, 280), (280,), (280, 226), (226,), (226, 10), (10,)], 'train_accuracy': 0.17046, 'test_accuracy': 0.1709}}", "timing": 2101}, "pdm_KL_reg 0.1": {"Best Result": {"Best Sigma0": 10, "Best sigma": 1, "Best gamma": 50, "Best Test accuracy": 0.167, "Train acc": 0.1683}, "PDM log": "{(10, 1, 50): {'shapes': [(3072, 884), (884,), (884, 289), (289,), (289, 289), (289,), (289, 226), (226,), (226, 10), (10,)], 'train_accuracy': 0.1683, 'test_accuracy': 0.167}}", "timing": 1928}, "pdm_KL_reg 0.5": {"Best Result": {"Best Sigma0": 10, "Best sigma": 1, "Best gamma": 50, "Best Test accuracy": 0.1654, "Train acc": 0.16802}, "PDM log": "{(10, 1, 50): {'shapes': [(3072, 861), (861,), (861, 271), (271,), (271, 271), (271,), (271, 235), (235,), (235, 10), (10,)], 'train_accuracy': 0.16802, 'test_accuracy': 0.1654}}", "timing": 1751}, "pdm_KL_reg 1": {"Best Result": {"Best Sigma0": 10, "Best sigma": 1, "Best gamma": 50, "Best Test accuracy": 0.1706, "Train acc": 0.17088}, "PDM log": "{(10, 1, 50): {'shapes': [(3072, 685), (685,), (685, 244), (244,), (244, 244), (244,), (244, 235), (235,), (235, 10), (10,)], 'train_accuracy': 0.17088, 'test_accuracy': 0.1706}}", "timing": 1491}, "pdm_KL_reg 2": {"Best Result": {"Best Sigma0": 10, "Best sigma": 1, "Best gamma": 50, "Best Test accuracy": 0.1, "Train acc": 0.1}, "PDM log": "{(10, 1, 50): {'shapes': [(3072, 117), (117,), (117, 190), (190,), (190, 190), (190,), (190, 217), (217,), (217, 10), (10,)], 'train_accuracy': 0.1, 'test_accuracy': 0.1}}", "timing": 316}, "pdm_KL_reg 5": {"Best Result": {"Best Sigma0": 10, "Best sigma": 1, "Best gamma": 50, "Best Test accuracy": 0.1, "Train acc": 0.1}, "PDM log": "{(10, 1, 50): {'shapes': [(3072, 100), (100,), (100, 145), (145,), (145, 154), (154,), (154, 199), (199,), (199, 10), (10,)], 'train_accuracy': 0.1, 'test_accuracy': 0.1}}", "timing": 210}, "pdm_KL_reg 10": {"Best Result": {"Best Sigma0": 10, "Best sigma": 1, "Best gamma": 50, "Best Test accuracy": 0.1, "Train acc": 0.1}, "PDM log": "{(10, 1, 50): {'shapes': [(3072, 100), (100,), (100, 127), (127,), (127, 136), (136,), (136, 172), (172,), (172, 10), (10,)], 'train_accuracy': 0.1, 'test_accuracy': 0.1}}", "timing": 204}, "best_reg": 0.001}