{"seed": 6, "Data statistics": "{0: {0: 359, 1: 323, 2: 321, 3: 326, 4: 330, 5: 334, 6: 347, 7: 334, 8: 340, 9: 320}, 1: {0: 330, 1: 341, 2: 314, 3: 324, 4: 340, 5: 319, 6: 336, 7: 313, 8: 335, 9: 382}, 2: {0: 328, 1: 343, 2: 312, 3: 343, 4: 361, 5: 346, 6: 327, 7: 316, 8: 346, 9: 312}, 3: {0: 343, 1: 324, 2: 321, 3: 348, 4: 344, 5: 324, 6: 339, 7: 313, 8: 349, 9: 329}, 4: {0: 319, 1: 327, 2: 323, 3: 328, 4: 317, 5: 354, 6: 344, 7: 355, 8: 337, 9: 330}, 5: {0: 318, 1: 307, 2: 366, 3: 331, 4: 333, 5: 346, 6: 298, 7: 324, 8: 349, 9: 361}, 6: {0: 344, 1: 323, 2: 357, 3: 335, 4: 353, 5: 302, 6: 344, 7: 328, 8: 338, 9: 309}, 7: {0: 328, 1: 331, 2: 313, 3: 347, 4: 328, 5: 321, 6: 352, 7: 344, 8: 346, 9: 323}, 8: {0: 336, 1: 330, 2: 334, 3: 349, 4: 319, 5: 350, 6: 352, 7: 305, 8: 325, 9: 333}, 9: {0: 311, 1: 337, 2: 343, 3: 330, 4: 299, 5: 360, 6: 339, 7: 352, 8: 330, 9: 332}, 10: {0: 347, 1: 324, 2: 369, 3: 328, 4: 306, 5: 312, 6: 324, 7: 357, 8: 341, 9: 325}, 11: {0: 350, 1: 358, 2: 319, 3: 300, 4: 342, 5: 339, 6: 311, 7: 339, 8: 304, 9: 371}, 12: {0: 331, 1: 333, 2: 334, 3: 358, 4: 343, 5: 327, 6: 318, 7: 341, 8: 325, 9: 323}, 13: {0: 341, 1: 332, 2: 324, 3: 321, 4: 343, 5: 336, 6: 344, 7: 349, 8: 318, 9: 325}, 14: {0: 315, 1: 367, 2: 350, 3: 332, 4: 342, 5: 330, 6: 325, 7: 330, 8: 317, 9: 325}}", "local_train_accs": [0.39832033593281346, 0.4175164967006599, 0.40731853629274145, 0.4013197360527894, 0.4175164967006599, 0.4371437143714371, 0.40444044404440443, 0.40414041404140416, 0.4227422742274227, 0.44554455445544555, 0.3864386438643864, 0.40234023402340235, 0.40594059405940597, 0.41074107410741073, 0.4158415841584158], "local_test_accs": [0.3398, 0.3489, 0.3389, 0.3342, 0.3526, 0.3557, 0.3386, 0.3341, 0.3442, 0.3615, 0.3295, 0.3256, 0.34, 0.3405, 0.3476], "Uniform ensemble (Train acc)": 0.405, "Uniform ensemble (Test acc)": 0.4052, "pdm_match": {"Best Result": {"Best Sigma0": 10.0, "Best sigma": 0.5, "Best gamma": 1.0, "Best Test accuracy": 0.3967, "Train acc": 0.4006}, "PDM log": "{(1.0, 1.0, 1.0): {'shapes': [(3072, 700), (700,), (700, 10), (10,)], 'train_accuracy': 0.38938, 'test_accuracy': 0.3911}, (10.0, 1.0, 1.0): {'shapes': [(3072, 700), (700,), (700, 10), (10,)], 'train_accuracy': 0.39824, 'test_accuracy': 0.396}, (1.0, 0.1, 1.0): {'shapes': [(3072, 700), (700,), (700, 10), (10,)], 'train_accuracy': 0.39392, 'test_accuracy': 0.3942}, (10.0, 0.1, 1.0): {'shapes': [(3072, 700), (700,), (700, 10), (10,)], 'train_accuracy': 0.40014, 'test_accuracy': 0.3977}, (1.0, 0.5, 1.0): {'shapes': [(3072, 700), (700,), (700, 10), (10,)], 'train_accuracy': 0.3919, 'test_accuracy': 0.3907}, (10.0, 0.5, 1.0): {'shapes': [(3072, 700), (700,), (700, 10), (10,)], 'train_accuracy': 0.4006, 'test_accuracy': 0.3967}, (1.0, 1.0, 10.0): {'shapes': [(3072, 700), (700,), (700, 10), (10,)], 'train_accuracy': 0.39152, 'test_accuracy': 0.3912}, (10.0, 1.0, 10.0): {'shapes': [(3072, 700), (700,), (700, 10), (10,)], 'train_accuracy': 0.39642, 'test_accuracy': 0.3938}, (1.0, 0.1, 10.0): {'shapes': [(3072, 700), (700,), (700, 10), (10,)], 'train_accuracy': 0.39586, 'test_accuracy': 0.3919}, (10.0, 0.1, 10.0): {'shapes': [(3072, 700), (700,), (700, 10), (10,)], 'train_accuracy': 0.39642, 'test_accuracy': 0.3947}, (1.0, 0.5, 10.0): {'shapes': [(3072, 700), (700,), (700, 10), (10,)], 'train_accuracy': 0.3818, 'test_accuracy': 0.3802}, (10.0, 0.5, 10.0): {'shapes': [(3072, 700), (700,), (700, 10), (10,)], 'train_accuracy': 0.39972, 'test_accuracy': 0.3982}, (1.0, 1.0, 50.0): {'shapes': [(3072, 700), (700,), (700, 10), (10,)], 'train_accuracy': 0.38976, 'test_accuracy': 0.3867}, (10.0, 1.0, 50.0): {'shapes': [(3072, 700), (700,), (700, 10), (10,)], 'train_accuracy': 0.39926, 'test_accuracy': 0.3973}, (1.0, 0.1, 50.0): {'shapes': [(3072, 700), (700,), (700, 10), (10,)], 'train_accuracy': 0.39262, 'test_accuracy': 0.3912}, (10.0, 0.1, 50.0): {'shapes': [(3072, 700), (700,), (700, 10), (10,)], 'train_accuracy': 0.39954, 'test_accuracy': 0.3973}, (1.0, 0.5, 50.0): {'shapes': [(3072, 700), (700,), (700, 10), (10,)], 'train_accuracy': 0.38982, 'test_accuracy': 0.3905}, (10.0, 0.5, 50.0): {'shapes': [(3072, 700), (700,), (700, 10), (10,)], 'train_accuracy': 0.39946, 'test_accuracy': 0.3991}}"}, "pdm_KL_match": {"Best Result": {"Best Sigma0": 1.0, "Best sigma": 0.1, "Best gamma": 10.0, "Best Test accuracy": 0.3829, "Train acc": 0.38592}, "PDM log": "{(1.0, 1.0, 1.0): {'shapes': [(3072, 271), (271,), (271, 10), (10,)], 'train_accuracy': 0.36492, 'test_accuracy': 0.3567}, (10.0, 1.0, 1.0): {'shapes': [(3072, 100), (100,), (100, 10), (10,)], 'train_accuracy': 0.29242, 'test_accuracy': 0.3006}, (1.0, 0.1, 1.0): {'shapes': [(3072, 544), (544,), (544, 10), (10,)], 'train_accuracy': 0.35716, 'test_accuracy': 0.363}, (10.0, 0.1, 1.0): {'shapes': [(3072, 429), (429,), (429, 10), (10,)], 'train_accuracy': 0.37296, 'test_accuracy': 0.3667}, (1.0, 0.5, 1.0): {'shapes': [(3072, 564), (564,), (564, 10), (10,)], 'train_accuracy': 0.37208, 'test_accuracy': 0.3659}, (10.0, 0.5, 1.0): {'shapes': [(3072, 106), (106,), (106, 10), (10,)], 'train_accuracy': 0.33364, 'test_accuracy': 0.338}, (1.0, 1.0, 10.0): {'shapes': [(3072, 700), (700,), (700, 10), (10,)], 'train_accuracy': 0.37192, 'test_accuracy': 0.3682}, (10.0, 1.0, 10.0): {'shapes': [(3072, 275), (275,), (275, 10), (10,)], 'train_accuracy': 0.35432, 'test_accuracy': 0.3549}, (1.0, 0.1, 10.0): {'shapes': [(3072, 746), (746,), (746, 10), (10,)], 'train_accuracy': 0.38592, 'test_accuracy': 0.3829}, (10.0, 0.1, 10.0): {'shapes': [(3072, 578), (578,), (578, 10), (10,)], 'train_accuracy': 0.37816, 'test_accuracy': 0.3754}, (1.0, 0.5, 10.0): {'shapes': [(3072, 739), (739,), (739, 10), (10,)], 'train_accuracy': 0.36436, 'test_accuracy': 0.3567}, (10.0, 0.5, 10.0): {'shapes': [(3072, 342), (342,), (342, 10), (10,)], 'train_accuracy': 0.35728, 'test_accuracy': 0.3545}, (1.0, 1.0, 50.0): {'shapes': [(3072, 700), (700,), (700, 10), (10,)], 'train_accuracy': 0.38252, 'test_accuracy': 0.3808}, (10.0, 1.0, 50.0): {'shapes': [(3072, 721), (721,), (721, 10), (10,)], 'train_accuracy': 0.38114, 'test_accuracy': 0.3785}, (1.0, 0.1, 50.0): {'shapes': [(3072, 753), (753,), (753, 10), (10,)], 'train_accuracy': 0.3836, 'test_accuracy': 0.3821}, (10.0, 0.1, 50.0): {'shapes': [(3072, 721), (721,), (721, 10), (10,)], 'train_accuracy': 0.36694, 'test_accuracy': 0.362}, (1.0, 0.5, 50.0): {'shapes': [(3072, 739), (739,), (739, 10), (10,)], 'train_accuracy': 0.36232, 'test_accuracy': 0.3542}, (10.0, 0.5, 50.0): {'shapes': [(3072, 735), (735,), (735, 10), (10,)], 'train_accuracy': 0.3738, 'test_accuracy': 0.3709}}"}, "pdm_KL2_match": {}}