{"seed": 7, "Data statistics": "{0: {0: 32, 1: 868, 2: 12, 3: 983, 4: 1346, 5: 131, 6: 713}, 1: {0: 104, 1: 70, 3: 466, 4: 133, 5: 356, 6: 21, 7: 117, 8: 24, 9: 3094}, 2: {0: 2939, 1: 2050}, 3: {0: 363, 1: 346, 2: 1496, 3: 62, 4: 528, 5: 39, 6: 199, 7: 185, 8: 1368}, 4: {0: 207, 1: 3, 2: 84, 3: 11, 4: 1416, 5: 120, 6: 4, 7: 68, 8: 1, 9: 1174}, 5: {0: 88, 1: 108, 2: 23, 3: 73, 4: 146, 5: 817, 6: 47, 7: 293, 8: 2502}, 6: {0: 515, 1: 655, 2: 345, 3: 56, 4: 941, 5: 10, 6: 1164, 7: 15, 8: 175, 9: 339}, 7: {0: 89, 1: 804, 2: 2322, 3: 456, 4: 385}, 8: {0: 84, 1: 1155, 2: 749, 3: 136, 5: 249, 6: 38, 7: 2430}, 9: {0: 432, 1: 44, 2: 549, 3: 151, 4: 17, 5: 181, 6: 1754, 7: 712, 8: 431}, 10: {0: 210, 1: 4, 2: 2, 3: 204, 4: 207, 5: 41, 6: 21, 7: 215, 8: 34, 9: 221}, 11: {0: 593, 1: 64, 2: 23, 3: 773, 4: 1, 5: 1163, 6: 6, 8: 175, 9: 922}, 12: {0: 17, 1: 294, 2: 348, 3: 233, 4: 199, 5: 19, 6: 1066, 7: 1335, 8: 1118}, 13: {1: 109, 2: 2, 3: 144, 4: 409, 5: 510, 6: 884, 7: 895, 8: 22, 9: 199}, 14: {0: 250, 1: 168, 2: 3, 3: 2383, 4: 114, 5: 1785, 6: 1, 8: 1}}", "comm 0": {"training timing": 271, "local_train_accs": [1.0, 0.9968072976054732, 1.0, 1.0, 1.0, 1.0, 1.0, 1.0, 1.0, 0.9997658627955982, 1.0, 1.0, 0.9997839706200043, 1.0, 1.0], "local_test_accs": [1.0, 0.9968072976054732, 1.0, 1.0, 1.0, 1.0, 1.0, 1.0, 1.0, 0.9997658627955982, 1.0, 1.0, 0.9997839706200043, 1.0, 1.0], "Uniform ensemble (Train acc)": 0.9258333333333333, "Uniform ensemble (Test acc)": 0.9246, "FedAvg (Train acc)": 0.11688333333333334, "FedAvg (Test acc)": 0.1151, "pdm_KL (Train acc)": 0.72525, "pdm_KL (Test acc)": 0.7326}, "comm 1": {"training timing": 357, "local_train_accs": [1.0, 1.0, 1.0, 0.9991277802006105, 0.998380829015544, 1.0, 1.0, 1.0, 1.0, 1.0, 1.0, 1.0, 1.0, 0.9911783238815375, 1.0], "local_test_accs": [1.0, 1.0, 1.0, 0.9991277802006105, 0.998380829015544, 1.0, 1.0, 1.0, 1.0, 1.0, 1.0, 1.0, 1.0, 0.9911783238815375, 1.0], "Uniform ensemble (Train acc)": 0.9277666666666666, "Uniform ensemble (Test acc)": 0.9251, "FedAvg (Train acc)": 0.19798333333333334, "FedAvg (Test acc)": 0.1985, "pdm_KL (Train acc)": 0.7895166666666666, "pdm_KL (Test acc)": 0.79}, "comm 2": {"training timing": 366, "local_train_accs": [1.0, 1.0, 1.0, 1.0, 1.0, 1.0, 1.0, 1.0, 1.0, 1.0, 1.0, 1.0, 1.0, 1.0, 1.0], "local_test_accs": [1.0, 1.0, 1.0, 1.0, 1.0, 1.0, 1.0, 1.0, 1.0, 1.0, 1.0, 1.0, 1.0, 1.0, 1.0], "Uniform ensemble (Train acc)": 0.9304833333333333, "Uniform ensemble (Test acc)": 0.9281, "FedAvg (Train acc)": 0.18406666666666666, "FedAvg (Test acc)": 0.1857, "pdm_KL (Train acc)": 0.8557333333333333, "pdm_KL (Test acc)": 0.8568}, "comm 3": {"training timing": 357, "local_train_accs": [1.0, 1.0, 1.0, 1.0, 1.0, 1.0, 1.0, 1.0, 1.0, 1.0, 0.999137187230371, 1.0, 1.0, 1.0, 1.0], "local_test_accs": [1.0, 1.0, 1.0, 1.0, 1.0, 1.0, 1.0, 1.0, 1.0, 1.0, 0.999137187230371, 1.0, 1.0, 1.0, 1.0], "Uniform ensemble (Train acc)": 0.9304833333333333, "Uniform ensemble (Test acc)": 0.9266, "FedAvg (Train acc)": 0.1092, "FedAvg (Test acc)": 0.1075, "pdm_KL (Train acc)": 0.87445, "pdm_KL (Test acc)": 0.8708}, "comm 4": {"training timing": 367, "local_train_accs": [1.0, 1.0, 1.0, 1.0, 0.998380829015544, 1.0, 1.0, 1.0, 1.0, 1.0, 1.0, 1.0, 1.0, 1.0, 1.0], "local_test_accs": [1.0, 1.0, 1.0, 1.0, 0.998380829015544, 1.0, 1.0, 1.0, 1.0, 1.0, 1.0, 1.0, 1.0, 1.0, 1.0], "Uniform ensemble (Train acc)": 0.9314833333333333, "Uniform ensemble (Test acc)": 0.9277, "FedAvg (Train acc)": 0.09918333333333333, "FedAvg (Test acc)": 0.0978, "pdm_KL (Train acc)": 0.9051833333333333, "pdm_KL (Test acc)": 0.9041}, "comm 5": {"training timing": 342, "local_train_accs": [0.997796817625459, 1.0, 1.0, 1.0, 1.0, 1.0, 1.0, 1.0, 1.0, 1.0, 1.0, 1.0, 1.0, 1.0, 1.0], "local_test_accs": [0.997796817625459, 1.0, 1.0, 1.0, 1.0, 1.0, 1.0, 1.0, 1.0, 1.0, 1.0, 1.0, 1.0, 1.0, 1.0], "Uniform ensemble (Train acc)": 0.92645, "Uniform ensemble (Test acc)": 0.9252, "FedAvg (Train acc)": 0.12551666666666667, "FedAvg (Test acc)": 0.1201, "pdm_KL (Train acc)": 0.91525, "pdm_KL (Test acc)": 0.9144}, "comm 6": {"training timing": 363, "local_train_accs": [1.0, 1.0, 1.0, 1.0, 1.0, 1.0, 1.0, 1.0, 1.0, 1.0, 1.0, 1.0, 1.0, 1.0, 0.9982996811902232], "local_test_accs": [1.0, 1.0, 1.0, 1.0, 1.0, 1.0, 1.0, 1.0, 1.0, 1.0, 1.0, 1.0, 1.0, 1.0, 0.9982996811902232], "Uniform ensemble (Train acc)": 0.9277333333333333, "Uniform ensemble (Test acc)": 0.9261, "FedAvg (Train acc)": 0.12268333333333334, "FedAvg (Test acc)": 0.1169, "pdm_KL (Train acc)": 0.9278333333333333, "pdm_KL (Test acc)": 0.9262}, "comm 7": {"training timing": 363, "local_train_accs": [1.0, 0.9995438996579248, 1.0, 1.0, 1.0, 1.0, 1.0, 1.0, 1.0, 1.0, 1.0, 0.999731182795699, 1.0, 1.0, 1.0], "local_test_accs": [1.0, 0.9995438996579248, 1.0, 1.0, 1.0, 1.0, 1.0, 1.0, 1.0, 1.0, 1.0, 0.999731182795699, 1.0, 1.0, 1.0], "Uniform ensemble (Train acc)": 0.9301833333333334, "Uniform ensemble (Test acc)": 0.9282, "FedAvg (Train acc)": 0.15125, "FedAvg (Test acc)": 0.1454, "pdm_KL (Train acc)": 0.9251166666666667, "pdm_KL (Test acc)": 0.9223}, "comm 8": {"training timing": 375, "local_train_accs": [1.0, 1.0, 1.0, 0.9989097252507632, 0.9977331606217616, 1.0, 1.0, 1.0, 1.0, 1.0, 0.999137187230371, 1.0, 1.0, 1.0, 1.0], "local_test_accs": [1.0, 1.0, 1.0, 0.9989097252507632, 0.9977331606217616, 1.0, 1.0, 1.0, 1.0, 1.0, 0.999137187230371, 1.0, 1.0, 1.0, 1.0], "Uniform ensemble (Train acc)": 0.9277166666666666, "Uniform ensemble (Test acc)": 0.9271, "FedAvg (Train acc)": 0.12576666666666667, "FedAvg (Test acc)": 0.1194, "pdm_KL (Train acc)": 0.92205, "pdm_KL (Test acc)": 0.9199}, "comm 9": {"training timing": 363, "local_train_accs": [1.0, 1.0, 1.0, 1.0, 1.0, 1.0, 0.9997627520759194, 1.0, 1.0, 1.0, 1.0, 1.0, 1.0, 1.0, 1.0], "local_test_accs": [1.0, 1.0, 1.0, 1.0, 1.0, 1.0, 0.9997627520759194, 1.0, 1.0, 1.0, 1.0, 1.0, 1.0, 1.0, 1.0], "Uniform ensemble (Train acc)": 0.93275, "Uniform ensemble (Test acc)": 0.9315, "FedAvg (Train acc)": 0.10988333333333333, "FedAvg (Test acc)": 0.1053, "pdm_KL (Train acc)": 0.93295, "pdm_KL (Test acc)": 0.9294}, "comm 10": {"training timing": 373, "local_train_accs": [1.0, 0.9988597491448119, 1.0, 0.9962930658525948, 1.0, 1.0, 1.0, 1.0, 1.0, 1.0, 1.0, 0.9991935483870967, 1.0, 1.0, 1.0], "local_test_accs": [1.0, 0.9988597491448119, 1.0, 0.9962930658525948, 1.0, 1.0, 1.0, 1.0, 1.0, 1.0, 1.0, 0.9991935483870967, 1.0, 1.0, 1.0], "Uniform ensemble (Train acc)": 0.92745, "Uniform ensemble (Test acc)": 0.9259, "FedAvg (Train acc)": 0.12683333333333333, "FedAvg (Test acc)": 0.1216, "pdm_KL (Train acc)": 0.9351666666666667, "pdm_KL (Test acc)": 0.9314}, "comm 11": {"training timing": 380, "local_train_accs": [0.9995104039167687, 1.0, 1.0, 1.0, 0.9987046632124352, 1.0, 1.0, 1.0, 1.0, 1.0, 0.999137187230371, 0.999731182795699, 1.0, 1.0, 1.0], "local_test_accs": [0.9995104039167687, 1.0, 1.0, 1.0, 0.9987046632124352, 1.0, 1.0, 1.0, 1.0, 1.0, 0.999137187230371, 0.999731182795699, 1.0, 1.0, 1.0], "Uniform ensemble (Train acc)": 0.9310166666666667, "Uniform ensemble (Test acc)": 0.9295, "FedAvg (Train acc)": 0.12913333333333332, "FedAvg (Test acc)": 0.124, "pdm_KL (Train acc)": 0.9361666666666667, "pdm_KL (Test acc)": 0.9316}, "comm 12": {"training timing": 355, "local_train_accs": [1.0, 0.9997719498289623, 1.0, 1.0, 1.0, 1.0, 1.0, 1.0, 1.0, 0.9971903535471787, 1.0, 1.0, 0.9993519118600129, 1.0, 1.0], "local_test_accs": [1.0, 0.9997719498289623, 1.0, 1.0, 1.0, 1.0, 1.0, 1.0, 1.0, 0.9971903535471787, 1.0, 1.0, 0.9993519118600129, 1.0, 1.0], "Uniform ensemble (Train acc)": 0.9250666666666667, "Uniform ensemble (Test acc)": 0.9237, "FedAvg (Train acc)": 0.11185, "FedAvg (Test acc)": 0.1082, "pdm_KL (Train acc)": 0.9379166666666666, "pdm_KL (Test acc)": 0.9341}, "comm 13": {"training timing": 357, "local_train_accs": [1.0, 1.0, 1.0, 1.0, 1.0, 1.0, 1.0, 1.0, 0.9991737244370997, 1.0, 0.999137187230371, 1.0, 1.0, 1.0, 1.0],