{"seed": 4, "Data statistics": "{0: {0: 169, 1: 1363, 2: 279, 3: 2663}, 1: {0: 364, 1: 238, 2: 145, 3: 5, 4: 26, 5: 835, 6: 242, 7: 1252, 8: 1642}, 2: {0: 239, 1: 1102, 2: 75, 3: 318, 4: 1934, 5: 54, 6: 14, 7: 11, 8: 294}, 3: {0: 333, 1: 63, 2: 379, 3: 192, 4: 1710, 5: 59, 6: 1772}, 4: {0: 1, 1: 560, 2: 318, 3: 451, 4: 198, 5: 844, 6: 2234}, 5: {0: 123, 1: 150, 2: 13, 3: 35, 4: 92, 5: 1268, 6: 49, 7: 210, 8: 60, 9: 48}, 6: {0: 62, 1: 154, 2: 223, 3: 59, 4: 1120, 5: 78, 6: 2, 7: 78, 8: 285, 9: 1}, 7: {0: 366, 1: 470, 2: 670, 3: 470, 4: 161, 5: 1, 6: 83, 7: 1800}, 8: {0: 1342, 1: 378, 2: 7, 3: 16, 5: 35, 6: 38, 7: 14, 8: 185, 9: 4}, 9: {0: 126, 1: 12, 2: 87, 3: 14, 4: 86, 5: 79, 7: 49, 8: 2619, 9: 5430}, 10: {0: 975, 1: 176, 2: 535, 3: 1074, 4: 300, 5: 140, 6: 38, 7: 143, 8: 60, 9: 348}, 11: {0: 681, 1: 26, 2: 803, 4: 51, 5: 45, 6: 80, 7: 84, 8: 697, 9: 75}, 12: {0: 312, 1: 3, 2: 1846, 3: 34, 5: 269, 6: 10, 7: 7, 8: 8, 9: 43}, 13: {0: 693, 1: 1976, 2: 59, 3: 331, 4: 132, 5: 1021}, 14: {0: 137, 1: 71, 2: 519, 3: 469, 4: 32, 5: 693, 6: 1356, 7: 2617, 8: 1}}", "comm 0": {"training timing": 320, "local_train_accs": [0.9930710773357175, 0.9974731522425774, 1.0, 0.9977817213842058, 1.0, 1.0, 1.0, 1.0, 1.0, 1.0, 1.0, 1.0, 1.0, 1.0, 1.0], "local_test_accs": [0.9930710773357175, 0.9974731522425774, 1.0, 0.9977817213842058, 1.0, 1.0, 1.0, 1.0, 1.0, 1.0, 1.0, 1.0, 1.0, 1.0, 1.0], "Uniform ensemble (Train acc)": 0.8990666666666667, "Uniform ensemble (Test acc)": 0.9005, "FedAvg (Train acc)": 0.23248333333333332, "FedAvg (Test acc)": 0.2345, "pdm_KL (Train acc)": 0.9118833333333334, "pdm_KL (Test acc)": 0.9092}, "comm 1": {"training timing": 400, "local_train_accs": [1.0, 0.9997894293535481, 1.0, 1.0, 0.9915327833260964, 1.0, 0.9961202715809894, 0.99328525242477, 0.9945517582961863, 0.9990590449306046, 1.0, 1.0, 1.0, 0.9947768281101614, 0.9962680237489397], "local_test_accs": [1.0, 0.9997894293535481, 1.0, 1.0, 0.9915327833260964, 1.0, 0.9961202715809894, 0.99328525242477, 0.9945517582961863, 0.9990590449306046, 1.0, 1.0, 1.0, 0.9947768281101614, 0.9962680237489397], "Uniform ensemble (Train acc)": 0.90085, "Uniform ensemble (Test acc)": 0.9028, "FedAvg (Train acc)": 0.09936666666666667, "FedAvg (Test acc)": 0.1034, "pdm_KL (Train acc)": 0.9376166666666667, "pdm_KL (Test acc)": 0.9351}, "comm 2": {"training timing": 412, "local_train_accs": [1.0, 0.9983154348283849, 0.9997525365008662, 1.0, 1.0, 0.99853515625, 1.0, 1.0, 1.0, 1.0, 0.9860121404064397, 1.0, 1.0, 1.0, 0.9820186598812553], "local_test_accs": [1.0, 0.9983154348283849, 0.9997525365008662, 1.0, 1.0, 0.99853515625, 1.0, 1.0, 1.0, 1.0, 0.9860121404064397, 1.0, 1.0, 1.0, 0.9820186598812553], "Uniform ensemble (Train acc)": 0.8944166666666666, "Uniform ensemble (Test acc)": 0.8928, "FedAvg (Train acc)": 0.10171666666666666, "FedAvg (Test acc)": 0.1067, "pdm_KL (Train acc)": 0.9434166666666667, "pdm_KL (Test acc)": 0.9406}, "comm 3": {"training timing": 392, "local_train_accs": [1.0, 0.9993682880606444, 0.9977728285077951, 0.9997781721384206, 1.0, 1.0, 0.9907856450048497, 0.9995026112907237, 0.9995047052996533, 1.0, 1.0, 0.997639653815893, 1.0, 0.9992877492877493, 1.0], "local_test_accs": [1.0, 0.9993682880606444, 0.9977728285077951, 0.9997781721384206, 1.0, 1.0, 0.9907856450048497, 0.9995026112907237, 0.9995047052996533, 1.0, 1.0, 0.997639653815893, 1.0, 0.9992877492877493, 1.0], "Uniform ensemble (Train acc)": 0.8999, "Uniform ensemble (Test acc)": 0.8989, "FedAvg (Train acc)": 0.10723333333333333, "FedAvg (Test acc)": 0.1115, "pdm_KL (Train acc)": 0.9454166666666667, "pdm_KL (Test acc)": 0.9422}, "comm 4": {"training timing": 378, "local_train_accs": [1.0, 0.9997894293535481, 0.9992576095025983, 0.9977817213842058, 0.9984802431610942, 0.99853515625, 0.9995150339476236, 0.995026112907237, 1.0, 0.9970595154081393, 0.9997360781208762, 0.996066089693155, 1.0, 1.0, 0.9988125530110263], "local_test_accs": [1.0, 0.9997894293535481, 0.9992576095025983, 0.9977817213842058, 0.9984802431610942, 0.99853515625, 0.9995150339476236, 0.995026112907237, 1.0, 0.9970595154081393, 0.9997360781208762, 0.996066089693155, 1.0, 1.0, 0.9988125530110263], "Uniform ensemble (Train acc)": 0.8895833333333333, "Uniform ensemble (Test acc)": 0.888, "FedAvg (Train acc)": 0.10361666666666666, "FedAvg (Test acc)": 0.1073, "pdm_KL (Train acc)": 0.9518333333333333, "pdm_KL (Test acc)": 0.9498}, "comm 5": {"training timing": 394, "local_train_accs": [0.9982118909253465, 1.0, 1.0, 0.9997781721384206, 1.0, 0.9970703125, 0.981086323957323, 1.0, 1.0, 0.999176664314279, 1.0, 1.0, 1.0, 0.9988129154795822, 0.9993214588634436], "local_test_accs": [0.9982118909253465, 1.0, 1.0, 0.9997781721384206, 1.0, 0.9970703125, 0.981086323957323, 1.0, 1.0, 0.999176664314279, 1.0, 1.0, 1.0, 0.9988129154795822, 0.9993214588634436], "Uniform ensemble (Train acc)": 0.89955, "Uniform ensemble (Test acc)": 0.9018, "FedAvg (Train acc)": 0.10825, "FedAvg (Test acc)": 0.1113, "pdm_KL (Train acc)": 0.9556333333333333, "pdm_KL (Test acc)": 0.9521}, "comm 6": {"training timing": 386, "local_train_accs": [1.0, 1.0, 1.0, 1.0, 1.0, 0.9970703125, 0.9936954413191077, 0.9995026112907237, 1.0, 0.9998823806163256, 0.9994721562417525, 0.9846577498033044, 1.0, 0.9997625830959165, 1.0], "local_test_accs": [1.0, 1.0, 1.0, 1.0, 1.0, 0.9970703125, 0.9936954413191077, 0.9995026112907237, 1.0, 0.9998823806163256, 0.9994721562417525, 0.9846577498033044, 1.0, 0.9997625830959165, 1.0], "Uniform ensemble (Train acc)": 0.9175833333333333, "Uniform ensemble (Test acc)": 0.9204, "FedAvg (Train acc)": 0.13716666666666666, "FedAvg (Test acc)": 0.1416, "pdm_KL (Train acc)": 0.9584666666666667, "pdm_KL (Test acc)": 0.9558}, "comm 7": {"training timing": 389, "local_train_accs": [0.9957532409476978, 0.9995788587070963, 1.0, 0.9986690328305236, 0.9958749457229701, 1.0, 1.0, 0.9975130564536185, 1.0, 1.0, 1.0, 1.0, 1.0, 0.998338081671415, 0.9972858354537744], "local_test_accs": [0.9957532409476978, 0.9995788587070963, 1.0, 0.9986690328305236, 0.9958749457229701, 1.0, 1.0, 0.9975130564536185, 1.0, 1.0, 1.0, 1.0, 1.0, 0.998338081671415, 0.9972858354537744], "Uniform ensemble (Train acc)": 0.9046666666666666, "Uniform ensemble (Test acc)": 0.9053, "FedAvg (Train acc)": 0.15066666666666667, "FedAvg (Test acc)": 0.1517, "pdm_KL (Train acc)": 0.9591166666666666, "pdm_KL (Test acc)": 0.9564}, "comm 8": {"training timing": 361, "local_train_accs": [1.0, 0.9991577174141925, 1.0, 1.0, 0.998697351280938, 1.0, 0.995635305528613, 0.9972643620989804, 1.0, 0.9992942836979535, 1.0, 0.9988198269079465, 1.0, 0.9990503323836657, 1.0], "local_test_accs": [1.0, 0.9991577174141925, 1.0, 1.0, 0.998697351280938, 1.0, 0.995635305528613, 0.9972643620989804, 1.0, 0.9992942836979535, 1.0, 0.9988198269079465, 1.0, 0.9990503323836657, 1.0], "Uniform ensemble (Train acc)": 0.9108, "Uniform ensemble (Test acc)": 0.9103, "FedAvg (Train acc)": 0.16696666666666668, "FedAvg (Test acc)": 0.1694, "pdm_KL (Train acc)": 0.9535166666666667, "pdm_KL (Test acc)": 0.949}, "comm 9": {"training timing": 384, "local_train_accs": [1.0, 0.9997894293535481, 0.9990101460034645, 1.0, 0.9995657837603127, 1.0, 1.0, 1.0, 1.0, 0.9985885673959068, 0.9994721562417525, 1.0, 1.0, 1.0, 0.9991518235793045], "local_test_accs": [1.0, 0.9997894293535481, 0.9990101460034645, 1.0, 0.9995657837603127, 1.0, 1.0, 1.0, 1.0, 0.9985885673959068, 0.9994721562417525, 1.0, 1.0, 1.0, 0.9991518235793045], "Uniform ensemble (Train acc)": 0.9095, "Uniform ensemble (Test acc)": 0.9071, "FedAvg (Train acc)": 0.10876666666666666, "FedAvg (Test acc)": 0.1006, "pdm_KL (Train acc)": 0.9619166666666666, "pdm_KL (Test acc)": 0.9597}, "comm 10": {"training timing": 382, "local_train_accs": [1.0, 0.9997894293535481, 0.9967829745112596, 0.997338065661047, 0.9950065132435953, 1.0, 0.9995150339476236, 0.998259139517533, 1.0, 0.9987061867795812, 1.0, 0.9948859166011015, 1.0, 0.9997625830959165, 0.9989821882951654],