{"seed": 5, "Data statistics": "{0: {0: 307, 1: 115, 2: 873, 3: 475, 4: 401, 5: 96, 6: 836, 7: 8, 8: 219, 9: 106}, 1: {0: 633, 1: 40, 2: 50, 3: 145, 4: 148, 5: 39, 6: 970, 7: 2789}, 2: {0: 224, 1: 954, 2: 438, 3: 689, 4: 21, 5: 309, 6: 1011, 7: 16, 8: 482}, 3: {0: 3, 1: 58, 2: 24, 3: 55, 4: 437, 5: 44, 6: 1, 7: 840, 8: 221, 9: 227}, 4: {0: 4, 1: 31, 2: 140, 3: 113, 4: 100, 5: 291, 6: 572, 7: 580, 8: 816, 9: 342}, 5: {0: 15, 1: 177, 3: 67, 4: 912, 5: 45, 6: 625, 7: 72, 8: 314, 9: 265}, 6: {1: 992, 2: 111, 3: 967, 4: 46, 5: 1444, 6: 752}, 7: {0: 80, 1: 1761, 2: 1041, 3: 83, 4: 1219}, 8: {0: 136, 1: 1202, 2: 232, 3: 1013, 4: 439, 5: 14, 6: 7, 7: 425, 8: 271, 9: 1333}, 9: {0: 27, 1: 358, 2: 1816, 3: 282, 4: 249, 5: 296, 6: 27, 7: 5, 8: 2659}, 10: {0: 2072, 1: 152, 2: 6, 3: 138, 4: 3, 5: 809, 6: 227, 7: 288, 8: 94, 9: 288}, 11: {0: 4, 1: 441, 2: 237, 3: 264, 4: 1, 5: 1634, 6: 468, 7: 57, 8: 352, 9: 2813}, 12: {0: 1387, 1: 141, 2: 82, 3: 12, 5: 238, 6: 245, 7: 160, 8: 24, 9: 23}, 13: {0: 818, 1: 241, 2: 688, 3: 6, 4: 110, 5: 161, 6: 176, 7: 1025, 8: 398, 9: 552}, 14: {0: 213, 1: 79, 2: 220, 3: 1822, 4: 1756, 5: 1, 6: 1, 8: 1}}", "comm 0": {"training timing": 291, "local_train_accs": [1.0, 1.0, 0.9992760617760618, 1.0, 1.0, 1.0, 1.0, 1.0, 1.0, 0.9996502885119776, 1.0, 1.0, 1.0, 1.0, 1.0], "local_test_accs": [1.0, 1.0, 0.9992760617760618, 1.0, 1.0, 1.0, 1.0, 1.0, 1.0, 0.9996502885119776, 1.0, 1.0, 1.0, 1.0, 1.0], "Uniform ensemble (Train acc)": 0.9559, "Uniform ensemble (Test acc)": 0.9542, "FedAvg (Train acc)": 0.23226666666666668, "FedAvg (Test acc)": 0.2398, "pdm_KL (Train acc)": 0.8505666666666667, "pdm_KL (Test acc)": 0.8549}, "comm 1": {"training timing": 391, "local_train_accs": [1.0, 1.0, 1.0, 0.9994764397905759, 1.0, 1.0, 1.0, 0.9980879541108987, 0.9930993690851735, 1.0, 0.9997547216090262, 0.9971296443948333, 0.9969723183391004, 1.0, 1.0], "local_test_accs": [1.0, 1.0, 1.0, 0.9994764397905759, 1.0, 1.0, 1.0, 0.9980879541108987, 0.9930993690851735, 1.0, 0.9997547216090262, 0.9971296443948333, 0.9969723183391004, 1.0, 1.0], "Uniform ensemble (Train acc)": 0.9573166666666667, "Uniform ensemble (Test acc)": 0.956, "FedAvg (Train acc)": 0.20923333333333333, "FedAvg (Test acc)": 0.2208, "pdm_KL (Train acc)": 0.8999666666666667, "pdm_KL (Test acc)": 0.9048}, "comm 2": {"training timing": 353, "local_train_accs": [0.9979627473806753, 0.9985459077690071, 0.9927606177606177, 1.0, 0.9973235195717631, 0.9691011235955056, 1.0, 1.0, 0.9998028391167192, 1.0, 1.0, 1.0, 1.0, 0.9873053892215569, 0.9997556804300024], "local_test_accs": [0.9979627473806753, 0.9985459077690071, 0.9927606177606177, 1.0, 0.9973235195717631, 0.9691011235955056, 1.0, 1.0, 0.9998028391167192, 1.0, 1.0, 1.0, 1.0, 0.9873053892215569, 0.9997556804300024], "Uniform ensemble (Train acc)": 0.9601166666666666, "Uniform ensemble (Test acc)": 0.9569, "FedAvg (Train acc)": 0.15876666666666667, "FedAvg (Test acc)": 0.1678, "pdm_KL (Train acc)": 0.9336333333333333, "pdm_KL (Test acc)": 0.9343}, "comm 3": {"training timing": 365, "local_train_accs": [1.0, 1.0, 0.9997586872586872, 1.0, 1.0, 1.0, 1.0, 0.9990439770554493, 1.0, 1.0, 0.9997547216090262, 1.0, 1.0, 0.9997604790419161, 1.0], "local_test_accs": [1.0, 1.0, 0.9997586872586872, 1.0, 1.0, 1.0, 1.0, 0.9990439770554493, 1.0, 1.0, 0.9997547216090262, 1.0, 1.0, 0.9997604790419161, 1.0], "Uniform ensemble (Train acc)": 0.9591, "Uniform ensemble (Test acc)": 0.9573, "FedAvg (Train acc)": 0.16128333333333333, "FedAvg (Test acc)": 0.1665, "pdm_KL (Train acc)": 0.9398666666666666, "pdm_KL (Test acc)": 0.9402}, "comm 4": {"training timing": 385, "local_train_accs": [1.0, 1.0, 0.9968629343629344, 0.9984293193717277, 0.9993308798929408, 1.0, 0.9997680890538033, 1.0, 1.0, 1.0, 1.0, 0.995853930792537, 1.0, 0.9944910179640719, 1.0], "local_test_accs": [1.0, 1.0, 0.9968629343629344, 0.9984293193717277, 0.9993308798929408, 1.0, 0.9997680890538033, 1.0, 1.0, 1.0, 1.0, 0.995853930792537, 1.0, 0.9944910179640719, 1.0], "Uniform ensemble (Train acc)": 0.9603166666666667, "Uniform ensemble (Test acc)": 0.9576, "FedAvg (Train acc)": 0.1482, "FedAvg (Test acc)": 0.154, "pdm_KL (Train acc)": 0.9500833333333333, "pdm_KL (Test acc)": 0.9487}, "comm 5": {"training timing": 362, "local_train_accs": [0.9944703143189756, 1.0, 1.0, 0.9994764397905759, 0.9996654399464704, 1.0, 1.0, 1.0, 1.0, 1.0, 0.9997547216090262, 1.0, 1.0, 0.9983233532934132, 0.9997556804300024], "local_test_accs": [0.9944703143189756, 1.0, 1.0, 0.9994764397905759, 0.9996654399464704, 1.0, 1.0, 1.0, 1.0, 1.0, 0.9997547216090262, 1.0, 1.0, 0.9983233532934132, 0.9997556804300024], "Uniform ensemble (Train acc)": 0.96005, "Uniform ensemble (Test acc)": 0.9579, "FedAvg (Train acc)": 0.10586666666666666, "FedAvg (Test acc)": 0.1044, "pdm_KL (Train acc)": 0.9478666666666666, "pdm_KL (Test acc)": 0.9479}, "comm 6": {"training timing": 358, "local_train_accs": [0.9979627473806753, 1.0, 0.9985521235521235, 1.0, 0.9946470391435263, 1.0, 1.0, 1.0, 1.0, 0.9996502885119776, 0.9992641648270787, 0.999840535799713, 0.9995674740484429, 0.9976047904191617, 1.0], "local_test_accs": [0.9979627473806753, 1.0, 0.9985521235521235, 1.0, 0.9946470391435263, 1.0, 1.0, 1.0, 1.0, 0.9996502885119776, 0.9992641648270787, 0.999840535799713, 0.9995674740484429, 0.9976047904191617, 1.0], "Uniform ensemble (Train acc)": 0.9609166666666666, "Uniform ensemble (Test acc)": 0.9593, "FedAvg (Train acc)": 0.14285, "FedAvg (Test acc)": 0.1451, "pdm_KL (Train acc)": 0.9534333333333334, "pdm_KL (Test acc)": 0.9538}, "comm 7": {"training timing": 372, "local_train_accs": [0.9997089639115251, 0.9918986289987536, 1.0, 1.0, 1.0, 0.9967897271268058, 1.0, 1.0, 1.0, 1.0, 0.9992641648270787, 0.999840535799713, 1.0, 0.9944910179640719, 1.0], "local_test_accs": [0.9997089639115251, 0.9918986289987536, 1.0, 1.0, 1.0, 0.9967897271268058, 1.0, 1.0, 1.0, 1.0, 0.9992641648270787, 0.999840535799713, 1.0, 0.9944910179640719, 1.0], "Uniform ensemble (Train acc)": 0.9612833333333334, "Uniform ensemble (Test acc)": 0.9598, "FedAvg (Train acc)": 0.2099, "FedAvg (Test acc)": 0.2154, "pdm_KL (Train acc)": 0.9561, "pdm_KL (Test acc)": 0.9563}, "comm 8": {"training timing": 392, "local_train_accs": [1.0, 1.0, 1.0, 1.0, 1.0, 0.9995987158908507, 1.0, 1.0, 1.0, 0.997202308095821, 1.0, 1.0, 1.0, 0.9997604790419161, 0.9995113608600049], "local_test_accs": [1.0, 1.0, 1.0, 1.0, 1.0, 0.9995987158908507, 1.0, 1.0, 1.0, 0.997202308095821, 1.0, 1.0, 1.0, 0.9997604790419161, 0.9995113608600049], "Uniform ensemble (Train acc)": 0.9617333333333333, "Uniform ensemble (Test acc)": 0.9605, "FedAvg (Train acc)": 0.19213333333333332, "FedAvg (Test acc)": 0.2015, "pdm_KL (Train acc)": 0.95755, "pdm_KL (Test acc)": 0.9565}, "comm 9": {"training timing": 375, "local_train_accs": [0.9967986030267754, 0.9991690901537184, 1.0, 1.0, 1.0, 0.9987961476725522, 1.0, 1.0, 1.0, 0.9998251442559888, 0.9992641648270787, 1.0, 0.9995674740484429, 1.0, 0.9970681651600293], "local_test_accs": [0.9967986030267754, 0.9991690901537184, 1.0, 1.0, 1.0, 0.9987961476725522, 1.0, 1.0, 1.0, 0.9998251442559888, 0.9992641648270787, 1.0, 0.9995674740484429, 1.0, 0.9970681651600293], "Uniform ensemble (Train acc)": 0.9622333333333334, "Uniform ensemble (Test acc)": 0.96, "FedAvg (Train acc)": 0.15161666666666668, "FedAvg (Test acc)": 0.1547, "pdm_KL (Train acc)": 0.9595, "pdm_KL (Test acc)": 0.9587}, "comm 10": {"training timing": 356, "local_train_accs": [0.9953434225844005, 0.9970918155380141, 1.0, 0.9984293193717277, 0.9976580796252927, 1.0, 0.9997680890538033, 1.0, 0.998422712933754, 1.0, 1.0, 0.9992026789985649, 1.0, 1.0, 1.0], "local_test_accs": [0.9953434225844005, 0.9970918155380141, 1.0, 0.9984293193717277, 0.9976580796252927, 1.0, 0.9997680890538033, 1.0, 0.998422712933754, 1.0, 1.0, 0.9992026789985649, 1.0, 1.0, 1.0], "Uniform ensemble (Train acc)": 0.9607, "Uniform ensemble (Test acc)": 0.9587, "FedAvg (Train acc)": 0.1547, "FedAvg (Test acc)": 0.1611, "pdm_KL (Train acc)": 0.9610666666666666,