{"seed": 9, "Data statistics": "{0: {0: 160, 1: 214, 2: 1552, 3: 104, 4: 149, 5: 1481, 6: 858}, 1: {0: 1297, 1: 7, 2: 587, 3: 448, 4: 246, 6: 8, 7: 4, 8: 382, 9: 74}, 2: {0: 137, 1: 53, 2: 98, 3: 57, 4: 35, 5: 3, 6: 38, 7: 399, 8: 316, 9: 1239}, 3: {0: 256, 1: 84, 2: 171, 3: 113, 4: 407, 5: 100, 6: 2, 7: 12, 8: 85, 9: 1123}, 4: {0: 347, 1: 3, 2: 175, 3: 31, 4: 221, 5: 265, 6: 6, 7: 354, 8: 2875}, 5: {0: 879, 1: 1547, 2: 926, 3: 76, 4: 301, 5: 402}, 6: {0: 48, 1: 287, 2: 315, 3: 734, 4: 31, 5: 28, 6: 1722, 7: 269, 8: 482, 9: 102}, 7: {0: 285, 1: 474, 2: 521, 3: 747, 4: 40, 5: 1696, 6: 4, 7: 287}, 8: {0: 72, 1: 142, 2: 483, 3: 235, 4: 1393, 6: 1657, 7: 1551}, 9: {0: 305, 1: 11, 2: 837, 3: 428, 4: 235, 5: 269, 6: 806, 7: 61, 8: 965, 9: 349}, 10: {0: 10, 1: 87, 2: 97, 3: 81, 4: 554, 5: 244, 6: 28, 7: 2390, 8: 283, 9: 2095}, 11: {0: 87, 1: 1551, 2: 30, 3: 1785, 4: 1567}, 12: {0: 524, 1: 7, 2: 73, 3: 5, 4: 99, 5: 8, 6: 614, 8: 43, 9: 65}, 13: {0: 306, 1: 1, 2: 88, 3: 1029, 4: 51, 5: 925, 6: 174, 7: 938, 8: 420, 9: 902}, 14: {0: 1210, 1: 2274, 2: 5, 3: 258, 4: 513, 6: 1}}", "comm 0": {"training timing": 235, "local_train_accs": [1.0, 0.9967245332459875, 0.9962105263157894, 0.9932001699957501, 0.999766191255553, 1.0, 0.9972623195619711, 0.9995066600888012, 0.9998192662208567, 0.9955461790904829, 0.9969330379962514, 1.0, 0.997913769123783, 0.9931733553992552, 1.0], "local_test_accs": [1.0, 0.9967245332459875, 0.9962105263157894, 0.9932001699957501, 0.999766191255553, 1.0, 0.9972623195619711, 0.9995066600888012, 0.9998192662208567, 0.9955461790904829, 0.9969330379962514, 1.0, 0.997913769123783, 0.9931733553992552, 1.0], "Uniform ensemble (Train acc)": 0.9373666666666667, "Uniform ensemble (Test acc)": 0.9355, "FedAvg (Train acc)": 0.18396666666666667, "FedAvg (Test acc)": 0.1902, "pdm_KL (Train acc)": 0.6488666666666667, "pdm_KL (Test acc)": 0.6592}, "comm 1": {"training timing": 343, "local_train_accs": [1.0, 1.0, 1.0, 1.0, 1.0, 1.0, 1.0, 1.0, 1.0, 0.9997655883731833, 1.0, 1.0, 1.0, 1.0, 1.0], "local_test_accs": [1.0, 1.0, 1.0, 1.0, 1.0, 1.0, 1.0, 1.0, 1.0, 0.9997655883731833, 1.0, 1.0, 1.0, 1.0, 1.0], "Uniform ensemble (Train acc)": 0.9424833333333333, "Uniform ensemble (Test acc)": 0.9382, "FedAvg (Train acc)": 0.1773, "FedAvg (Test acc)": 0.1838, "pdm_KL (Train acc)": 0.82575, "pdm_KL (Test acc)": 0.8275}, "comm 2": {"training timing": 337, "local_train_accs": [1.0, 1.0, 1.0, 1.0, 1.0, 1.0, 1.0, 1.0, 1.0, 1.0, 1.0, 1.0, 1.0, 1.0, 1.0], "local_test_accs": [1.0, 1.0, 1.0, 1.0, 1.0, 1.0, 1.0, 1.0, 1.0, 1.0, 1.0, 1.0, 1.0, 1.0, 1.0], "Uniform ensemble (Train acc)": 0.9445833333333333, "Uniform ensemble (Test acc)": 0.94, "FedAvg (Train acc)": 0.15746666666666667, "FedAvg (Test acc)": 0.1619, "pdm_KL (Train acc)": 0.8904833333333333, "pdm_KL (Test acc)": 0.8914}, "comm 3": {"training timing": 306, "local_train_accs": [1.0, 1.0, 0.999578947368421, 1.0, 1.0, 1.0, 1.0, 1.0, 1.0, 1.0, 1.0, 1.0, 1.0, 1.0, 1.0], "local_test_accs": [1.0, 1.0, 0.999578947368421, 1.0, 1.0, 1.0, 1.0, 1.0, 1.0, 1.0, 1.0, 1.0, 1.0, 1.0, 1.0], "Uniform ensemble (Train acc)": 0.9449833333333333, "Uniform ensemble (Test acc)": 0.9408, "FedAvg (Train acc)": 0.1793, "FedAvg (Test acc)": 0.1859, "pdm_KL (Train acc)": 0.9157333333333333, "pdm_KL (Test acc)": 0.915}, "comm 4": {"training timing": 317, "local_train_accs": [1.0, 1.0, 1.0, 1.0, 1.0, 1.0, 1.0, 1.0, 1.0, 1.0, 1.0, 1.0, 1.0, 1.0, 1.0], "local_test_accs": [1.0, 1.0, 1.0, 1.0, 1.0, 1.0, 1.0, 1.0, 1.0, 1.0, 1.0, 1.0, 1.0, 1.0, 1.0], "Uniform ensemble (Train acc)": 0.9462333333333334, "Uniform ensemble (Test acc)": 0.9419, "FedAvg (Train acc)": 0.18563333333333334, "FedAvg (Test acc)": 0.1913, "pdm_KL (Train acc)": 0.9246166666666666, "pdm_KL (Test acc)": 0.924}, "comm 5": {"training timing": 313, "local_train_accs": [1.0, 1.0, 1.0, 1.0, 1.0, 1.0, 1.0, 1.0, 1.0, 1.0, 1.0, 1.0, 1.0, 1.0, 1.0], "local_test_accs": [1.0, 1.0, 1.0, 1.0, 1.0, 1.0, 1.0, 1.0, 1.0, 1.0, 1.0, 1.0, 1.0, 1.0, 1.0], "Uniform ensemble (Train acc)": 0.9460166666666666, "Uniform ensemble (Test acc)": 0.9416, "FedAvg (Train acc)": 0.18686666666666665, "FedAvg (Test acc)": 0.1928, "pdm_KL (Train acc)": 0.9347166666666666, "pdm_KL (Test acc)": 0.933}, "comm 6": {"training timing": 351, "local_train_accs": [1.0, 1.0, 1.0, 1.0, 1.0, 1.0, 1.0, 1.0, 1.0, 1.0, 1.0, 1.0, 1.0, 1.0, 1.0], "local_test_accs": [1.0, 1.0, 1.0, 1.0, 1.0, 1.0, 1.0, 1.0, 1.0, 1.0, 1.0, 1.0, 1.0, 1.0, 1.0], "Uniform ensemble (Train acc)": 0.9463166666666667, "Uniform ensemble (Test acc)": 0.9431, "FedAvg (Train acc)": 0.18795, "FedAvg (Test acc)": 0.1936, "pdm_KL (Train acc)": 0.9398166666666666, "pdm_KL (Test acc)": 0.9384}, "comm 7": {"training timing": 336, "local_train_accs": [1.0, 1.0, 1.0, 1.0, 1.0, 1.0, 1.0, 1.0, 1.0, 1.0, 1.0, 1.0, 1.0, 1.0, 1.0], "local_test_accs": [1.0, 1.0, 1.0, 1.0, 1.0, 1.0, 1.0, 1.0, 1.0, 1.0, 1.0, 1.0, 1.0, 1.0, 1.0], "Uniform ensemble (Train acc)": 0.9459166666666666, "Uniform ensemble (Test acc)": 0.9432, "FedAvg (Train acc)": 0.16691666666666666, "FedAvg (Test acc)": 0.1702, "pdm_KL (Train acc)": 0.94225, "pdm_KL (Test acc)": 0.9402}, "comm 8": {"training timing": 334, "local_train_accs": [1.0, 1.0, 1.0, 1.0, 1.0, 1.0, 1.0, 1.0, 1.0, 1.0, 1.0, 1.0, 1.0, 1.0, 1.0], "local_test_accs": [1.0, 1.0, 1.0, 1.0, 1.0, 1.0, 1.0, 1.0, 1.0, 1.0, 1.0, 1.0, 1.0, 1.0, 1.0], "Uniform ensemble (Train acc)": 0.9471166666666667, "Uniform ensemble (Test acc)": 0.9427, "FedAvg (Train acc)": 0.18488333333333334, "FedAvg (Test acc)": 0.191, "pdm_KL (Train acc)": 0.9484166666666667, "pdm_KL (Test acc)": 0.9466}, "comm 9": {"training timing": 335, "local_train_accs": [1.0, 1.0, 1.0, 1.0, 1.0, 1.0, 1.0, 1.0, 1.0, 1.0, 1.0, 1.0, 1.0, 1.0, 1.0], "local_test_accs": [1.0, 1.0, 1.0, 1.0, 1.0, 1.0, 1.0, 1.0, 1.0, 1.0, 1.0, 1.0, 1.0, 1.0, 1.0], "Uniform ensemble (Train acc)": 0.9466333333333333, "Uniform ensemble (Test acc)": 0.9442, "FedAvg (Train acc)": 0.18948333333333334, "FedAvg (Test acc)": 0.1934, "pdm_KL (Train acc)": 0.9488666666666666, "pdm_KL (Test acc)": 0.9474}, "comm 10": {"training timing": 323, "local_train_accs": [1.0, 1.0, 1.0, 1.0, 1.0, 1.0, 1.0, 1.0, 1.0, 1.0, 1.0, 1.0, 1.0, 1.0, 1.0], "local_test_accs": [1.0, 1.0, 1.0, 1.0, 1.0, 1.0, 1.0, 1.0, 1.0, 1.0, 1.0, 1.0, 1.0, 1.0, 1.0], "Uniform ensemble (Train acc)": 0.9432, "Uniform ensemble (Test acc)": 0.9403, "FedAvg (Train acc)": 0.18048333333333333, "FedAvg (Test acc)": 0.1856, "pdm_KL (Train acc)": 0.9511, "pdm_KL (Test acc)": 0.9495}, "comm 11": {"training timing": 313, "local_train_accs": [1.0, 1.0, 1.0, 1.0, 1.0, 1.0, 1.0, 1.0, 1.0, 1.0, 1.0, 1.0, 1.0, 1.0, 1.0], "local_test_accs": [1.0, 1.0, 1.0, 1.0, 1.0, 1.0, 1.0, 1.0, 1.0, 1.0, 1.0, 1.0, 1.0, 1.0, 1.0], "Uniform ensemble (Train acc)": 0.9440666666666667, "Uniform ensemble (Test acc)": 0.9414, "FedAvg (Train acc)": 0.14401666666666665, "FedAvg (Test acc)": 0.1473, "pdm_KL (Train acc)": 0.9550666666666666, "pdm_KL (Test acc)": 0.9529}, "comm 12": {"training timing": 286, "local_train_accs": [1.0, 1.0, 1.0, 1.0, 1.0, 1.0, 1.0, 1.0, 1.0, 1.0, 1.0, 1.0, 1.0, 1.0, 1.0], "local_test_accs": [1.0, 1.0, 1.0, 1.0, 1.0, 1.0, 1.0, 1.0, 1.0, 1.0, 1.0, 1.0, 1.0, 1.0, 1.0], "Uniform ensemble (Train acc)": 0.9459666666666666, "Uniform ensemble (Test acc)": 0.9456, "FedAvg (Train acc)": 0.17618333333333333, "FedAvg (Test acc)": 0.1821, "pdm_KL (Train acc)": 0.9551666666666667, "pdm_KL (Test acc)": 0.9537}, "comm 13": {"training timing": 308, "local_train_accs": [1.0, 1.0, 1.0, 1.0, 1.0, 1.0, 1.0, 1.0, 1.0, 1.0, 1.0, 1.0, 1.0, 1.0, 1.0], "local_test_accs": [1.0, 1.0, 1.0, 1.0, 1.0, 1.0, 1.0, 1.0, 1.0, 1.0, 1.0, 1.0, 1.0, 1.0, 1.0], "Uniform ensemble (Train acc)": 0.9460333333333333, "Uniform ensemble (Test acc)": 0.9433, "FedAvg (Train acc)": 0.20713333333333334, "FedAvg (Test acc)": 0.2079, "pdm_KL (Train acc)": 0.9540166666666666, "pdm_KL (Test acc)": 0.9515}, "comm 14": {"training timing": 310, "local_train_accs": [1.0, 1.0, 1.0, 1.0, 1.0, 1.0, 1.0, 1.0, 1.0, 1.0, 1.0, 1.0, 1.0, 1.0, 1.0],