{"seed": 7, "Data statistics": "{0: {0: 52, 1: 3082, 2: 1912, 3: 2863, 4: 235, 5: 29, 6: 1094, 7: 428, 8: 4157}, 1: {0: 169, 1: 70, 2: 1305, 3: 8, 4: 79, 5: 820, 6: 8, 7: 3, 8: 283, 9: 264}, 2: {0: 4775, 1: 3246, 2: 209, 3: 135, 4: 1549, 5: 185, 6: 67, 7: 5769}, 3: {0: 590, 1: 343, 2: 2371, 3: 3055, 4: 2762, 5: 2572, 6: 3400}, 4: {0: 337, 1: 1, 2: 161, 3: 70, 4: 1217, 5: 1815, 6: 1349, 7: 65, 8: 1411, 9: 5685}}", "loading time": 29, "local_train_accs": [0.9891712388102801, 1.0, 0.9979290869155946, 0.9965546942291128, 0.9886879696144001], "local_test_accs": [0.7598, 0.7311, 0.7415, 0.6794, 0.814], "Uniform ensemble (Train acc)": 0.94, "Uniform ensemble (Test acc)": 0.9345, "FedAvg (Train acc)": 0.4689833333333333, "FedAvg (Test acc)": 0.4679, "pdm_KL_reg 0": {"Best Result": {"Best Sigma0": 0.5, "Best sigma": 1, "Best gamma": 10, "Best Test accuracy": 0.8605, "Train acc": 0.86485}, "PDM log": "{(0.5, 1, 10): {'shapes': [(784, 217), (217,), (217, 10), (10,)], 'train_accuracy': 0.86485, 'test_accuracy': 0.8605}}", "timing": 57}, "pdm_KL_reg 0.001": {"Best Result": {"Best Sigma0": 0.5, "Best sigma": 1, "Best gamma": 10, "Best Test accuracy": 0.8624, "Train acc": 0.8669166666666667}, "PDM log": "{(0.5, 1, 10): {'shapes': [(784, 216), (216,), (216, 10), (10,)], 'train_accuracy': 0.8669166666666667, 'test_accuracy': 0.8624}}", "timing": 73}, "pdm_KL_reg 0.005": {"Best Result": {"Best Sigma0": 0.5, "Best sigma": 1, "Best gamma": 10, "Best Test accuracy": 0.8634, "Train acc": 0.8675333333333334}, "PDM log": "{(0.5, 1, 10): {'shapes': [(784, 219), (219,), (219, 10), (10,)], 'train_accuracy': 0.8675333333333334, 'test_accuracy': 0.8634}}", "timing": 64}, "pdm_KL_reg 0.01": {"Best Result": {"Best Sigma0": 0.5, "Best sigma": 1, "Best gamma": 10, "Best Test accuracy": 0.8616, "Train acc": 0.8668666666666667}, "PDM log": "{(0.5, 1, 10): {'shapes': [(784, 212), (212,), (212, 10), (10,)], 'train_accuracy': 0.8668666666666667, 'test_accuracy': 0.8616}}", "timing": 85}, "pdm_KL_reg 0.05": {"Best Result": {"Best Sigma0": 0.5, "Best sigma": 1, "Best gamma": 10, "Best Test accuracy": 0.8619, "Train acc": 0.8666666666666667}, "PDM log": "{(0.5, 1, 10): {'shapes': [(784, 214), (214,), (214, 10), (10,)], 'train_accuracy': 0.8666666666666667, 'test_accuracy': 0.8619}}", "timing": 70}, "pdm_KL_reg 0.1": {"Best Result": {"Best Sigma0": 0.5, "Best sigma": 1, "Best gamma": 10, "Best Test accuracy": 0.8621, "Train acc": 0.867}, "PDM log": "{(0.5, 1, 10): {'shapes': [(784, 231), (231,), (231, 10), (10,)], 'train_accuracy': 0.867, 'test_accuracy': 0.8621}}", "timing": 78}, "pdm_KL_reg 0.5": {"Best Result": {"Best Sigma0": 0.5, "Best sigma": 1, "Best gamma": 10, "Best Test accuracy": 0.8634, "Train acc": 0.8689}, "PDM log": "{(0.5, 1, 10): {'shapes': [(784, 280), (280,), (280, 10), (10,)], 'train_accuracy': 0.8689, 'test_accuracy': 0.8634}}", "timing": 100}, "pdm_KL_reg 1": {"Best Result": {"Best Sigma0": 0.5, "Best sigma": 1, "Best gamma": 10, "Best Test accuracy": 0.8615, "Train acc": 0.8660666666666667}, "PDM log": "{(0.5, 1, 10): {'shapes': [(784, 347), (347,), (347, 10), (10,)], 'train_accuracy': 0.8660666666666667, 'test_accuracy': 0.8615}}", "timing": 128}, "pdm_KL_reg 2": {"Best Result": {"Best Sigma0": 0.5, "Best sigma": 1, "Best gamma": 10, "Best Test accuracy": 0.8645, "Train acc": 0.8681}, "PDM log": "{(0.5, 1, 10): {'shapes': [(784, 366), (366,), (366, 10), (10,)], 'train_accuracy': 0.8681, 'test_accuracy': 0.8645}}", "timing": 125}, "pdm_KL_reg 5": {"Best Result": {"Best Sigma0": 0.5, "Best sigma": 1, "Best gamma": 10, "Best Test accuracy": 0.8601, "Train acc": 0.8629666666666667}, "PDM log": "{(0.5, 1, 10): {'shapes': [(784, 331), (331,), (331, 10), (10,)], 'train_accuracy': 0.8629666666666667, 'test_accuracy': 0.8601}}", "timing": 113}, "pdm_KL_reg 10": {"Best Result": {"Best Sigma0": 0.5, "Best sigma": 1, "Best gamma": 10, "Best Test accuracy": 0.5532, "Train acc": 0.562}, "PDM log": "{(0.5, 1, 10): {'shapes': [(784, 174), (174,), (174, 10), (10,)], 'train_accuracy': 0.562, 'test_accuracy': 0.5532}}", "timing": 71}, "best_reg": 2}