{"seed": 2, "Data statistics": "{0: {0: 2169, 1: 3297, 2: 698, 3: 615, 4: 1324, 6: 3, 7: 702, 8: 5419}, 1: {0: 353, 1: 578, 2: 1197, 3: 715, 4: 168, 5: 3592, 6: 5869}, 2: {0: 1951, 1: 69, 2: 1042, 3: 3597, 4: 991, 5: 840, 6: 26, 7: 21, 8: 430, 9: 4646}, 3: {0: 92, 1: 2187, 2: 473, 3: 327, 4: 3018, 5: 805, 6: 14, 7: 5515}, 4: {0: 1358, 1: 611, 2: 2548, 3: 877, 4: 341, 5: 184, 6: 6, 7: 27, 8: 2, 9: 1303}}", "loading time": 39, "local_train_accs": [0.9970478667322696, 0.9965522771007056, 0.9824432527730845, 0.9974257903628027, 0.9936612925451288], "local_test_accs": [0.6937, 0.6673, 0.8534, 0.734, 0.772], "Uniform ensemble (Train acc)": 0.8721166666666667, "Uniform ensemble (Test acc)": 0.8652, "FedAvg (Train acc)": 0.26698333333333335, "FedAvg (Test acc)": 0.2632, "pdm_KL_reg 0": {"Best Result": {"Best Sigma0": 0.5, "Best sigma": 1, "Best gamma": 10, "Best Test accuracy": 0.7999, "Train acc": 0.8005333333333333}, "PDM log": "{(0.5, 1, 10): {'shapes': [(784, 199), (199,), (199, 10), (10,)], 'train_accuracy': 0.8005333333333333, 'test_accuracy': 0.7999}}", "timing": 44}, "pdm_KL_reg 0.001": {"Best Result": {"Best Sigma0": 0.5, "Best sigma": 1, "Best gamma": 10, "Best Test accuracy": 0.7964, "Train acc": 0.7983833333333333}, "PDM log": "{(0.5, 1, 10): {'shapes': [(784, 201), (201,), (201, 10), (10,)], 'train_accuracy': 0.7983833333333333, 'test_accuracy': 0.7964}}", "timing": 65}, "pdm_KL_reg 0.005": {"Best Result": {"Best Sigma0": 0.5, "Best sigma": 1, "Best gamma": 10, "Best Test accuracy": 0.7985, "Train acc": 0.8003666666666667}, "PDM log": "{(0.5, 1, 10): {'shapes': [(784, 200), (200,), (200, 10), (10,)], 'train_accuracy': 0.8003666666666667, 'test_accuracy': 0.7985}}", "timing": 72}, "pdm_KL_reg 0.01": {"Best Result": {"Best Sigma0": 0.5, "Best sigma": 1, "Best gamma": 10, "Best Test accuracy": 0.7947, "Train acc": 0.7966333333333333}, "PDM log": "{(0.5, 1, 10): {'shapes': [(784, 206), (206,), (206, 10), (10,)], 'train_accuracy': 0.7966333333333333, 'test_accuracy': 0.7947}}", "timing": 68}, "pdm_KL_reg 0.05": {"Best Result": {"Best Sigma0": 0.5, "Best sigma": 1, "Best gamma": 10, "Best Test accuracy": 0.8022, "Train acc": 0.8034666666666667}, "PDM log": "{(0.5, 1, 10): {'shapes': [(784, 206), (206,), (206, 10), (10,)], 'train_accuracy': 0.8034666666666667, 'test_accuracy': 0.8022}}", "timing": 80}, "pdm_KL_reg 0.1": {"Best Result": {"Best Sigma0": 0.5, "Best sigma": 1, "Best gamma": 10, "Best Test accuracy": 0.8093, "Train acc": 0.81175}, "PDM log": "{(0.5, 1, 10): {'shapes': [(784, 213), (213,), (213, 10), (10,)], 'train_accuracy': 0.81175, 'test_accuracy': 0.8093}}", "timing": 91}, "pdm_KL_reg 0.5": {"Best Result": {"Best Sigma0": 0.5, "Best sigma": 1, "Best gamma": 10, "Best Test accuracy": 0.8052, "Train acc": 0.8025833333333333}, "PDM log": "{(0.5, 1, 10): {'shapes': [(784, 272), (272,), (272, 10), (10,)], 'train_accuracy': 0.8025833333333333, 'test_accuracy': 0.8052}}", "timing": 93}, "pdm_KL_reg 1": {"Best Result": {"Best Sigma0": 0.5, "Best sigma": 1, "Best gamma": 10, "Best Test accuracy": 0.8192, "Train acc": 0.8196}, "PDM log": "{(0.5, 1, 10): {'shapes': [(784, 356), (356,), (356, 10), (10,)], 'train_accuracy': 0.8196, 'test_accuracy': 0.8192}}", "timing": 141}, "pdm_KL_reg 2": {"Best Result": {"Best Sigma0": 0.5, "Best sigma": 1, "Best gamma": 10, "Best Test accuracy": 0.8182, "Train acc": 0.8191666666666667}, "PDM log": "{(0.5, 1, 10): {'shapes': [(784, 372), (372,), (372, 10), (10,)], 'train_accuracy': 0.8191666666666667, 'test_accuracy': 0.8182}}", "timing": 143}, "pdm_KL_reg 5": {"Best Result": {"Best Sigma0": 0.5, "Best sigma": 1, "Best gamma": 10, "Best Test accuracy": 0.8092, "Train acc": 0.8104333333333333}, "PDM log": "{(0.5, 1, 10): {'shapes': [(784, 346), (346,), (346, 10), (10,)], 'train_accuracy': 0.8104333333333333, 'test_accuracy': 0.8092}}", "timing": 137}, "pdm_KL_reg 10": {"Best Result": {"Best Sigma0": 0.5, "Best sigma": 1, "Best gamma": 10, "Best Test accuracy": 0.5771, "Train acc": 0.5843166666666667}, "PDM log": "{(0.5, 1, 10): {'shapes': [(784, 181), (181,), (181, 10), (10,)], 'train_accuracy': 0.5843166666666667, 'test_accuracy': 0.5771}}", "timing": 73}, "best_reg": 1}