{"seed": 8, "Data statistics": "{0: {0: 1701, 1: 2901, 2: 1118, 4: 84, 6: 560, 7: 1128, 8: 3414, 9: 407}, 1: {0: 1330, 1: 1633, 2: 2118, 3: 340, 4: 697, 5: 442, 6: 747, 7: 759, 8: 405, 9: 129}, 2: {0: 1043, 1: 2041, 2: 1753, 3: 1577, 4: 4912, 5: 77, 6: 376, 7: 2085}, 3: {0: 1284, 1: 30, 2: 40, 3: 855, 4: 85, 5: 623, 6: 4200, 7: 632, 8: 1436, 9: 5311}, 4: {0: 565, 1: 137, 2: 929, 3: 3359, 4: 64, 5: 4279, 6: 35, 7: 1661, 8: 596, 9: 102}}", "loading time": 31, "local_train_accs": [0.9970830018562715, 0.9944186046511628, 0.9883150605885748, 0.988203642384106, 0.991984309712629], "local_test_accs": [0.7582, 0.9191, 0.7583, 0.8829, 0.8743], "Uniform ensemble (Train acc)": 0.96085, "Uniform ensemble (Test acc)": 0.9558, "FedAvg (Train acc)": 0.34346666666666664, "FedAvg (Test acc)": 0.3384, "pdm_KL_reg 0": {"Best Result": {"Best Sigma0": 0.5, "Best sigma": 1, "Best gamma": 10, "Best Test accuracy": 0.937, "Train acc": 0.9411}, "PDM log": "{(0.5, 1, 10): {'shapes': [(784, 199), (199,), (199, 10), (10,)], 'train_accuracy': 0.9411, 'test_accuracy': 0.937}}", "timing": 48}, "pdm_KL_reg 0.001": {"Best Result": {"Best Sigma0": 0.5, "Best sigma": 1, "Best gamma": 10, "Best Test accuracy": 0.9362, "Train acc": 0.93835}, "PDM log": "{(0.5, 1, 10): {'shapes': [(784, 197), (197,), (197, 10), (10,)], 'train_accuracy': 0.93835, 'test_accuracy': 0.9362}}", "timing": 62}, "pdm_KL_reg 0.005": {"Best Result": {"Best Sigma0": 0.5, "Best sigma": 1, "Best gamma": 10, "Best Test accuracy": 0.936, "Train acc": 0.9382833333333334}, "PDM log": "{(0.5, 1, 10): {'shapes': [(784, 204), (204,), (204, 10), (10,)], 'train_accuracy': 0.9382833333333334, 'test_accuracy': 0.936}}", "timing": 63}, "pdm_KL_reg 0.01": {"Best Result": {"Best Sigma0": 0.5, "Best sigma": 1, "Best gamma": 10, "Best Test accuracy": 0.9378, "Train acc": 0.94195}, "PDM log": "{(0.5, 1, 10): {'shapes': [(784, 200), (200,), (200, 10), (10,)], 'train_accuracy': 0.94195, 'test_accuracy': 0.9378}}", "timing": 54}, "pdm_KL_reg 0.05": {"Best Result": {"Best Sigma0": 0.5, "Best sigma": 1, "Best gamma": 10, "Best Test accuracy": 0.9355, "Train acc": 0.9387666666666666}, "PDM log": "{(0.5, 1, 10): {'shapes': [(784, 206), (206,), (206, 10), (10,)], 'train_accuracy': 0.9387666666666666, 'test_accuracy': 0.9355}}", "timing": 57}, "pdm_KL_reg 0.1": {"Best Result": {"Best Sigma0": 0.5, "Best sigma": 1, "Best gamma": 10, "Best Test accuracy": 0.9398, "Train acc": 0.94355}, "PDM log": "{(0.5, 1, 10): {'shapes': [(784, 211), (211,), (211, 10), (10,)], 'train_accuracy': 0.94355, 'test_accuracy': 0.9398}}", "timing": 74}, "pdm_KL_reg 0.5": {"Best Result": {"Best Sigma0": 0.5, "Best sigma": 1, "Best gamma": 10, "Best Test accuracy": 0.9469, "Train acc": 0.9494}, "PDM log": "{(0.5, 1, 10): {'shapes': [(784, 276), (276,), (276, 10), (10,)], 'train_accuracy': 0.9494, 'test_accuracy': 0.9469}}", "timing": 94}, "pdm_KL_reg 1": {"Best Result": {"Best Sigma0": 0.5, "Best sigma": 1, "Best gamma": 10, "Best Test accuracy": 0.9419, "Train acc": 0.9447666666666666}, "PDM log": "{(0.5, 1, 10): {'shapes': [(784, 364), (364,), (364, 10), (10,)], 'train_accuracy': 0.9447666666666666, 'test_accuracy': 0.9419}}", "timing": 122}, "pdm_KL_reg 2": {"Best Result": {"Best Sigma0": 0.5, "Best sigma": 1, "Best gamma": 10, "Best Test accuracy": 0.9411, "Train acc": 0.9441}, "PDM log": "{(0.5, 1, 10): {'shapes': [(784, 385), (385,), (385, 10), (10,)], 'train_accuracy': 0.9441, 'test_accuracy': 0.9411}}", "timing": 128}, "pdm_KL_reg 5": {"Best Result": {"Best Sigma0": 0.5, "Best sigma": 1, "Best gamma": 10, "Best Test accuracy": 0.9411, "Train acc": 0.9418333333333333}, "PDM log": "{(0.5, 1, 10): {'shapes': [(784, 342), (342,), (342, 10), (10,)], 'train_accuracy': 0.9418333333333333, 'test_accuracy': 0.9411}}", "timing": 132}, "pdm_KL_reg 10": {"Best Result": {"Best Sigma0": 0.5, "Best sigma": 1, "Best gamma": 10, "Best Test accuracy": 0.5641, "Train acc": 0.5569166666666666}, "PDM log": "{(0.5, 1, 10): {'shapes': [(784, 176), (176,), (176, 10), (10,)], 'train_accuracy': 0.5569166666666666, 'test_accuracy': 0.5641}}", "timing": 55}, "best_reg": 0.5}