{"seed": 4, "Data statistics": "{0: {0: 907, 1: 1007, 2: 3982, 3: 1674, 4: 4429, 5: 1683}, 1: {0: 1949, 1: 37, 2: 755, 3: 944, 4: 126, 5: 492, 6: 2071, 7: 1999, 8: 1183, 9: 466}, 2: {0: 1283, 1: 2113, 2: 211, 3: 2737, 4: 421, 5: 435, 6: 11, 7: 772, 8: 4445}, 3: {0: 1779, 1: 3115, 2: 495, 3: 23, 4: 663, 5: 1915, 6: 3834, 7: 946}, 4: {0: 5, 1: 470, 2: 515, 3: 753, 4: 203, 5: 896, 6: 2, 7: 2548, 8: 223, 9: 5483}}", "loading time": 25, "local_train_accs": [0.9978804268381816, 0.9909199760526841, 0.9921145799806887, 0.9935003915426781, 0.9893674535952424], "local_test_accs": [0.5931, 0.9316, 0.7801, 0.7315, 0.7495], "Uniform ensemble (Train acc)": 0.897, "Uniform ensemble (Test acc)": 0.8882, "FedAvg (Train acc)": 0.35796666666666666, "FedAvg (Test acc)": 0.3542, "pdm_KL_reg 0": {"Best Result": {"Best Sigma0": 0.5, "Best sigma": 1, "Best gamma": 10, "Best Test accuracy": 0.854, "Train acc": 0.8572}, "PDM log": "{(0.5, 1, 10): {'shapes': [(784, 197), (197,), (197, 10), (10,)], 'train_accuracy': 0.8572, 'test_accuracy': 0.854}}", "timing": 41}, "pdm_KL_reg 0.001": {"Best Result": {"Best Sigma0": 0.5, "Best sigma": 1, "Best gamma": 10, "Best Test accuracy": 0.8537, "Train acc": 0.8579833333333333}, "PDM log": "{(0.5, 1, 10): {'shapes': [(784, 197), (197,), (197, 10), (10,)], 'train_accuracy': 0.8579833333333333, 'test_accuracy': 0.8537}}", "timing": 52}, "pdm_KL_reg 0.005": {"Best Result": {"Best Sigma0": 0.5, "Best sigma": 1, "Best gamma": 10, "Best Test accuracy": 0.8542, "Train acc": 0.8569833333333333}, "PDM log": "{(0.5, 1, 10): {'shapes': [(784, 198), (198,), (198, 10), (10,)], 'train_accuracy': 0.8569833333333333, 'test_accuracy': 0.8542}}", "timing": 53}, "pdm_KL_reg 0.01": {"Best Result": {"Best Sigma0": 0.5, "Best sigma": 1, "Best gamma": 10, "Best Test accuracy": 0.8525, "Train acc": 0.8562833333333333}, "PDM log": "{(0.5, 1, 10): {'shapes': [(784, 197), (197,), (197, 10), (10,)], 'train_accuracy': 0.8562833333333333, 'test_accuracy': 0.8525}}", "timing": 39}, "pdm_KL_reg 0.05": {"Best Result": {"Best Sigma0": 0.5, "Best sigma": 1, "Best gamma": 10, "Best Test accuracy": 0.8549, "Train acc": 0.8581166666666666}, "PDM log": "{(0.5, 1, 10): {'shapes': [(784, 203), (203,), (203, 10), (10,)], 'train_accuracy': 0.8581166666666666, 'test_accuracy': 0.8549}}", "timing": 52}, "pdm_KL_reg 0.1": {"Best Result": {"Best Sigma0": 0.5, "Best sigma": 1, "Best gamma": 10, "Best Test accuracy": 0.8502, "Train acc": 0.8525333333333334}, "PDM log": "{(0.5, 1, 10): {'shapes': [(784, 204), (204,), (204, 10), (10,)], 'train_accuracy': 0.8525333333333334, 'test_accuracy': 0.8502}}", "timing": 69}, "pdm_KL_reg 0.5": {"Best Result": {"Best Sigma0": 0.5, "Best sigma": 1, "Best gamma": 10, "Best Test accuracy": 0.8339, "Train acc": 0.8378666666666666}, "PDM log": "{(0.5, 1, 10): {'shapes': [(784, 276), (276,), (276, 10), (10,)], 'train_accuracy': 0.8378666666666666, 'test_accuracy': 0.8339}}", "timing": 80}, "pdm_KL_reg 1": {"Best Result": {"Best Sigma0": 0.5, "Best sigma": 1, "Best gamma": 10, "Best Test accuracy": 0.8324, "Train acc": 0.83645}, "PDM log": "{(0.5, 1, 10): {'shapes': [(784, 372), (372,), (372, 10), (10,)], 'train_accuracy': 0.83645, 'test_accuracy': 0.8324}}", "timing": 100}, "pdm_KL_reg 2": {"Best Result": {"Best Sigma0": 0.5, "Best sigma": 1, "Best gamma": 10, "Best Test accuracy": 0.8323, "Train acc": 0.8359333333333333}, "PDM log": "{(0.5, 1, 10): {'shapes': [(784, 389), (389,), (389, 10), (10,)], 'train_accuracy': 0.8359333333333333, 'test_accuracy': 0.8323}}", "timing": 92}, "pdm_KL_reg 5": {"Best Result": {"Best Sigma0": 0.5, "Best sigma": 1, "Best gamma": 10, "Best Test accuracy": 0.8186, "Train acc": 0.8205333333333333}, "PDM log": "{(0.5, 1, 10): {'shapes': [(784, 351), (351,), (351, 10), (10,)], 'train_accuracy': 0.8205333333333333, 'test_accuracy': 0.8186}}", "timing": 95}, "pdm_KL_reg 10": {"Best Result": {"Best Sigma0": 0.5, "Best sigma": 1, "Best gamma": 10, "Best Test accuracy": 0.5893, "Train acc": 0.5941666666666666}, "PDM log": "{(0.5, 1, 10): {'shapes': [(784, 179), (179,), (179, 10), (10,)], 'train_accuracy': 0.5941666666666666, 'test_accuracy': 0.5893}}", "timing": 55}, "best_reg": 0.05}