{"seed": 8, "Data statistics": "{0: {0: 518, 1: 496, 2: 490, 3: 514, 4: 513, 5: 507, 6: 510, 7: 462, 8: 461, 9: 529}, 1: {0: 522, 1: 510, 2: 503, 3: 490, 4: 501, 5: 481, 6: 522, 7: 496, 8: 471, 9: 504}, 2: {0: 475, 1: 498, 2: 474, 3: 476, 4: 493, 5: 531, 6: 504, 7: 508, 8: 526, 9: 515}, 3: {0: 491, 1: 516, 2: 505, 3: 501, 4: 508, 5: 499, 6: 480, 7: 486, 8: 519, 9: 495}, 4: {0: 501, 1: 463, 2: 496, 3: 496, 4: 519, 5: 487, 6: 482, 7: 543, 8: 536, 9: 477}, 5: {0: 475, 1: 502, 2: 493, 3: 483, 4: 512, 5: 511, 6: 521, 7: 468, 8: 501, 9: 534}, 6: {0: 492, 1: 517, 2: 530, 3: 502, 4: 509, 5: 480, 6: 493, 7: 488, 8: 499, 9: 490}, 7: {0: 486, 1: 501, 2: 518, 3: 524, 4: 484, 5: 491, 6: 489, 7: 507, 8: 530, 9: 470}, 8: {0: 509, 1: 511, 2: 467, 3: 503, 4: 495, 5: 509, 6: 513, 7: 516, 8: 465, 9: 512}, 9: {0: 531, 1: 486, 2: 524, 3: 511, 4: 466, 5: 504, 6: 486, 7: 526, 8: 492, 9: 474}}", "loading time": 27, "local_train_accs": [0.1852, 0.206, 0.2094, 0.1744, 0.1858, 0.2, 0.1964, 0.1774, 0.1858, 0.1968], "local_test_accs": [0.1801, 0.1992, 0.1894, 0.1709, 0.1831, 0.191, 0.1897, 0.177, 0.1824, 0.1926], "pdm_KL_reg 0": {"Best Result": {"Best Sigma0": 10, "Best sigma": 1, "Best gamma": 10, "Best Test accuracy": 0.1745, "Train acc": 0.17742}, "PDM log": "{(10, 1, 10): {'shapes': [(3072, 800), (800,), (800, 136), (136,), (136, 136), (136,), (136, 136), (136,), (136, 136), (136,), (136, 118), (118,), (118, 10), (10,)], 'train_accuracy': 0.17742, 'test_accuracy': 0.1745}}", "timing": 577}, "pdm_KL_reg 0.001": {"Best Result": {"Best Sigma0": 10, "Best sigma": 1, "Best gamma": 10, "Best Test accuracy": 0.1951, "Train acc": 0.19116}, "PDM log": "{(10, 1, 10): {'shapes': [(3072, 802), (802,), (802, 136), (136,), (136, 136), (136,), (136, 136), (136,), (136, 136), (136,), (136, 118), (118,), (118, 10), (10,)], 'train_accuracy': 0.19116, 'test_accuracy': 0.1951}}", "timing": 1460}, "pdm_KL_reg 0.005": {"Best Result": {"Best Sigma0": 10, "Best sigma": 1, "Best gamma": 10, "Best Test accuracy": 0.1926, "Train acc": 0.18954}, "PDM log": "{(10, 1, 10): {'shapes': [(3072, 800), (800,), (800, 136), (136,), (136, 136), (136,), (136, 136), (136,), (136, 136), (136,), (136, 118), (118,), (118, 10), (10,)], 'train_accuracy': 0.18954, 'test_accuracy': 0.1926}}", "timing": 1480}, "pdm_KL_reg 0.01": {"Best Result": {"Best Sigma0": 10, "Best sigma": 1, "Best gamma": 10, "Best Test accuracy": 0.2022, "Train acc": 0.19674}, "PDM log": "{(10, 1, 10): {'shapes': [(3072, 800), (800,), (800, 136), (136,), (136, 136), (136,), (136, 136), (136,), (136, 136), (136,), (136, 118), (118,), (118, 10), (10,)], 'train_accuracy': 0.19674, 'test_accuracy': 0.2022}}", "timing": 1454}, "pdm_KL_reg 0.05": {"Best Result": {"Best Sigma0": 10, "Best sigma": 1, "Best gamma": 10, "Best Test accuracy": 0.1863, "Train acc": 0.18518}, "PDM log": "{(10, 1, 10): {'shapes': [(3072, 796), (796,), (796, 136), (136,), (136, 136), (136,), (136, 136), (136,), (136, 136), (136,), (136, 118), (118,), (118, 10), (10,)], 'train_accuracy': 0.18518, 'test_accuracy': 0.1863}}", "timing": 1532}, "pdm_KL_reg 0.1": {"Best Result": {"Best Sigma0": 10, "Best sigma": 1, "Best gamma": 10, "Best Test accuracy": 0.1628, "Train acc": 0.16254}, "PDM log": "{(10, 1, 10): {'shapes': [(3072, 790), (790,), (790, 136), (136,), (136, 136), (136,), (136, 136), (136,), (136, 136), (136,), (136, 118), (118,), (118, 10), (10,)], 'train_accuracy': 0.16254, 'test_accuracy': 0.1628}}", "timing": 1483}, "pdm_KL_reg 0.5": {"Best Result": {"Best Sigma0": 10, "Best sigma": 1, "Best gamma": 10, "Best Test accuracy": 0.1752, "Train acc": 0.17886}, "PDM log": "{(10, 1, 10): {'shapes': [(3072, 714), (714,), (714, 136), (136,), (136, 127), (127,), (127, 127), (127,), (127, 136), (136,), (136, 127), (127,), (127, 10), (10,)], 'train_accuracy': 0.17886, 'test_accuracy': 0.1752}}", "timing": 1380}, "pdm_KL_reg 1": {"Best Result": {"Best Sigma0": 10, "Best sigma": 1, "Best gamma": 10, "Best Test accuracy": 0.1144, "Train acc": 0.11042}, "PDM log": "{(10, 1, 10): {'shapes': [(3072, 244), (244,), (244, 127), (127,), (127, 127), (127,), (127, 127), (127,), (127, 127), (127,), (127, 127), (127,), (127, 10), (10,)], 'train_accuracy': 0.11042, 'test_accuracy': 0.1144}}", "timing": 580}, "pdm_KL_reg 2": {"Best Result": {"Best Sigma0": 10, "Best sigma": 1, "Best gamma": 10, "Best Test accuracy": 0.1, "Train acc": 0.1}, "PDM log": "{(10, 1, 10): {'shapes': [(3072, 100), (100,), (100, 118), (118,), (118, 118), (118,), (118, 118), (118,), (118, 118), (118,), (118, 118), (118,), (118, 10), (10,)], 'train_accuracy': 0.1, 'test_accuracy': 0.1}}", "timing": 208}, "pdm_KL_reg 5": {"Best Result": {"Best Sigma0": 10, "Best sigma": 1, "Best gamma": 10, "Best Test accuracy": 0.1, "Train acc": 0.1}, "PDM log": "{(10, 1, 10): {'shapes': [(3072, 100), (100,), (100, 118), (118,), (118, 118), (118,), (118, 118), (118,), (118, 118), (118,), (118, 118), (118,), (118, 10), (10,)], 'train_accuracy': 0.1, 'test_accuracy': 0.1}}", "timing": 198}, "pdm_KL_reg 10": {"Best Result": {"Best Sigma0": 10, "Best sigma": 1, "Best gamma": 10, "Best Test accuracy": 0.1, "Train acc": 0.1}, "PDM log": "{(10, 1, 10): {'shapes': [(3072, 100), (100,), (100, 118), (118,), (118, 118), (118,), (118, 118), (118,), (118, 118), (118,), (118, 118), (118,), (118, 10), (10,)], 'train_accuracy': 0.1, 'test_accuracy': 0.1}}", "timing": 177}, "best_reg": 0.01}