{"seed": 4, "Data statistics": "{0: {0: 169, 1: 1363, 2: 279, 3: 2663}, 1: {0: 364, 1: 238, 2: 145, 3: 5, 4: 26, 5: 835, 6: 242, 7: 1252, 8: 1642}, 2: {0: 239, 1: 1102, 2: 75, 3: 318, 4: 1934, 5: 54, 6: 14, 7: 11, 8: 294}, 3: {0: 333, 1: 63, 2: 379, 3: 192, 4: 1710, 5: 59, 6: 1772}, 4: {0: 1, 1: 560, 2: 318, 3: 451, 4: 198, 5: 844, 6: 2234}, 5: {0: 123, 1: 150, 2: 13, 3: 35, 4: 92, 5: 1268, 6: 49, 7: 210, 8: 60, 9: 48}, 6: {0: 62, 1: 154, 2: 223, 3: 59, 4: 1120, 5: 78, 6: 2, 7: 78, 8: 285, 9: 1}, 7: {0: 366, 1: 470, 2: 670, 3: 470, 4: 161, 5: 1, 6: 83, 7: 1800}, 8: {0: 1342, 1: 378, 2: 7, 3: 16, 5: 35, 6: 38, 7: 14, 8: 185, 9: 4}, 9: {0: 126, 1: 12, 2: 87, 3: 14, 4: 86, 5: 79, 7: 49, 8: 2619, 9: 5430}, 10: {0: 975, 1: 176, 2: 535, 3: 1074, 4: 300, 5: 140, 6: 38, 7: 143, 8: 60, 9: 348}, 11: {0: 681, 1: 26, 2: 803, 4: 51, 5: 45, 6: 80, 7: 84, 8: 697, 9: 75}, 12: {0: 312, 1: 3, 2: 1846, 3: 34, 5: 269, 6: 10, 7: 7, 8: 8, 9: 43}, 13: {0: 693, 1: 1976, 2: 59, 3: 331, 4: 132, 5: 1021}, 14: {0: 137, 1: 71, 2: 519, 3: 469, 4: 32, 5: 693, 6: 1356, 7: 2617, 8: 1}}", "comm 0": {"training timing": 603, "local_train_accs": [0.9930710773357175, 0.9974731522425774, 1.0, 0.9977817213842058, 1.0, 1.0, 1.0, 1.0, 1.0, 1.0, 1.0, 1.0, 1.0, 1.0, 1.0], "local_test_accs": [0.9930710773357175, 0.9974731522425774, 1.0, 0.9977817213842058, 1.0, 1.0, 1.0, 1.0, 1.0, 1.0, 1.0, 1.0, 1.0, 1.0, 1.0], "Uniform ensemble (Train acc)": 0.8990666666666667, "Uniform ensemble (Test acc)": 0.9005, "FedAvg (Train acc)": 0.23248333333333332, "FedAvg (Test acc)": 0.2345, "pdm_KL (Train acc)": 0.24691666666666667, "pdm_KL (Test acc)": 0.2472}, "comm 1": {"training timing": 748, "local_train_accs": [0.9991059454626732, 1.0, 1.0, 0.9991126885536823, 0.9995657837603127, 0.9990234375, 1.0, 0.9990052225814474, 1.0, 0.9971771347918137, 0.9997360781208762, 0.9996066089693155, 1.0, 0.9971509971509972, 1.0], "local_test_accs": [0.9991059454626732, 1.0, 1.0, 0.9991126885536823, 0.9995657837603127, 0.9990234375, 1.0, 0.9990052225814474, 1.0, 0.9971771347918137, 0.9997360781208762, 0.9996066089693155, 1.0, 0.9971509971509972, 1.0], "Uniform ensemble (Train acc)": 0.9097, "Uniform ensemble (Test acc)": 0.9085, "FedAvg (Train acc)": 0.09971666666666666, "FedAvg (Test acc)": 0.1039, "pdm_KL (Train acc)": 0.26476666666666665, "pdm_KL (Test acc)": 0.2768}, "comm 2": {"training timing": 572, "local_train_accs": [1.0, 0.9991577174141925, 0.9982677555060628, 0.9964507542147294, 1.0, 1.0, 1.0, 1.0, 0.9995047052996533, 1.0, 0.9994721562417525, 0.9972462627852084, 1.0, 0.9969135802469136, 1.0], "local_test_accs": [1.0, 0.9991577174141925, 0.9982677555060628, 0.9964507542147294, 1.0, 1.0, 1.0, 1.0, 0.9995047052996533, 1.0, 0.9994721562417525, 0.9972462627852084, 1.0, 0.9969135802469136, 1.0], "Uniform ensemble (Train acc)": 0.9063333333333333, "Uniform ensemble (Test acc)": 0.9035, "FedAvg (Train acc)": 0.11255, "FedAvg (Test acc)": 0.1192, "pdm_KL (Train acc)": 0.44435, "pdm_KL (Test acc)": 0.4522}, "comm 3": {"training timing": 548, "local_train_accs": [1.0, 1.0, 0.998020292006929, 1.0, 0.9995657837603127, 1.0, 1.0, 1.0, 1.0, 0.9994119030816279, 0.9994721562417525, 1.0, 0.9996050552922591, 1.0, 1.0], "local_test_accs": [1.0, 1.0, 0.998020292006929, 1.0, 0.9995657837603127, 1.0, 1.0, 1.0, 1.0, 0.9994119030816279, 0.9994721562417525, 1.0, 0.9996050552922591, 1.0, 1.0], "Uniform ensemble (Train acc)": 0.89685, "Uniform ensemble (Test acc)": 0.8959, "FedAvg (Train acc)": 0.11706666666666667, "FedAvg (Test acc)": 0.1208, "pdm_KL (Train acc)": 0.3455, "pdm_KL (Test acc)": 0.3525}, "comm 4": {"training timing": 613, "local_train_accs": [1.0, 0.9991577174141925, 0.9972779015095273, 1.0, 1.0, 0.9990234375, 0.9995150339476236, 0.9980104451628948, 1.0, 0.9997647612326511, 0.9947215624175244, 1.0, 1.0, 0.9997625830959165, 0.9976251060220526], "local_test_accs": [1.0, 0.9991577174141925, 0.9972779015095273, 1.0, 1.0, 0.9990234375, 0.9995150339476236, 0.9980104451628948, 1.0, 0.9997647612326511, 0.9947215624175244, 1.0, 1.0, 0.9997625830959165, 0.9976251060220526], "Uniform ensemble (Train acc)": 0.88495, "Uniform ensemble (Test acc)": 0.885, "FedAvg (Train acc)": 0.10593333333333334, "FedAvg (Test acc)": 0.1061, "pdm_KL (Train acc)": 0.31861666666666666, "pdm_KL (Test acc)": 0.3237}, "comm 5": {"training timing": 684, "local_train_accs": [1.0, 1.0, 0.9992576095025983, 1.0, 1.0, 0.99951171875, 1.0, 0.9977617508082567, 0.9895988112927192, 0.9990590449306046, 0.9973607812087623, 1.0, 0.9960505529225908, 1.0, 0.9994910941475827], "local_test_accs": [1.0, 1.0, 0.9992576095025983, 1.0, 1.0, 0.99951171875, 1.0, 0.9977617508082567, 0.9895988112927192, 0.9990590449306046, 0.9973607812087623, 1.0, 0.9960505529225908, 1.0, 0.9994910941475827], "Uniform ensemble (Train acc)": 0.9028833333333334, "Uniform ensemble (Test acc)": 0.9054, "FedAvg (Train acc)": 0.13716666666666666, "FedAvg (Test acc)": 0.1382, "pdm_KL (Train acc)": 0.35445, "pdm_KL (Test acc)": 0.3587}, "comm 6": {"training timing": 835, "local_train_accs": [1.0, 0.9953674457780586, 0.9985152190051967, 1.0, 0.9941380807642206, 0.9970703125, 0.991270611057226, 0.9997513056453619, 0.9990094105993066, 0.999176664314279, 0.9960411718131433, 1.0, 1.0, 0.9985754985754985, 0.9993214588634436], "local_test_accs": [1.0, 0.9953674457780586, 0.9985152190051967, 1.0, 0.9941380807642206, 0.9970703125, 0.991270611057226, 0.9997513056453619, 0.9990094105993066, 0.999176664314279, 0.9960411718131433, 1.0, 1.0, 0.9985754985754985, 0.9993214588634436], "Uniform ensemble (Train acc)": 0.8864333333333333, "Uniform ensemble (Test acc)": 0.8835, "FedAvg (Train acc)": 0.13745, "FedAvg (Test acc)": 0.1329, "pdm_KL (Train acc)": 0.36433333333333334, "pdm_KL (Test acc)": 0.3708}, "comm 7": {"training timing": 841, "local_train_accs": [1.0, 0.9972625815961255, 1.0, 1.0, 0.993920972644377, 0.99951171875, 1.0, 0.9952748072618751, 1.0, 1.0, 0.9997360781208762, 1.0, 1.0, 0.9969135802469136, 0.9979643765903308], "local_test_accs": [1.0, 0.9972625815961255, 1.0, 1.0, 0.993920972644377, 0.99951171875, 1.0, 0.9952748072618751, 1.0, 1.0, 0.9997360781208762, 1.0, 1.0, 0.9969135802469136, 0.9979643765903308], "Uniform ensemble (Train acc)": 0.9065833333333333, "Uniform ensemble (Test acc)": 0.9091, "FedAvg (Train acc)": 0.14038333333333333, "FedAvg (Test acc)": 0.1339, "pdm_KL (Train acc)": 0.2768333333333333, "pdm_KL (Test acc)": 0.2811}, "comm 8": {"training timing": 838, "local_train_accs": [1.0, 0.9989471467677405, 1.0, 1.0, 0.9963091619626574, 0.9990234375, 1.0, 1.0, 1.0, 0.9955304634203717, 0.9955133280548958, 1.0, 1.0, 0.9976258309591642, 0.9969465648854962], "local_test_accs": [1.0, 0.9989471467677405, 1.0, 1.0, 0.9963091619626574, 0.9990234375, 1.0, 1.0, 1.0, 0.9955304634203717, 0.9955133280548958, 1.0, 1.0, 0.9976258309591642, 0.9969465648854962], "Uniform ensemble (Train acc)": 0.8924666666666666, "Uniform ensemble (Test acc)": 0.8916, "FedAvg (Train acc)": 0.14473333333333332, "FedAvg (Test acc)": 0.142, "pdm_KL (Train acc)": 0.4078833333333333, "pdm_KL (Test acc)": 0.4093}, "comm 9": {"training timing": 831, "local_train_accs": [1.0, 0.9970520109496737, 1.0, 0.9986690328305236, 1.0, 0.994140625, 0.9762366634335596, 0.9990052225814474, 1.0, 1.0, 1.0, 1.0, 1.0, 1.0, 1.0], "local_test_accs": [1.0, 0.9970520109496737, 1.0, 0.9986690328305236, 1.0, 0.994140625, 0.9762366634335596, 0.9990052225814474, 1.0, 1.0, 1.0, 1.0, 1.0, 1.0, 1.0], "Uniform ensemble (Train acc)": 0.90925, "Uniform ensemble (Test acc)": 0.9119, "FedAvg (Train acc)": 0.11646666666666666, "FedAvg (Test acc)": 0.1164, "pdm_KL (Train acc)": 0.3137666666666667, "pdm_KL (Test acc)": 0.319}, "comm 10": {"training timing": 798, "local_train_accs": [1.0, 0.9953674457780586, 1.0, 0.9991126885536823, 1.0, 1.0, 1.0, 1.0, 1.0, 0.999176664314279, 0.997624703087886, 0.996852871754524, 1.0, 0.9997625830959165, 0.9996607294317218],