{"seed": 9, "Data statistics": "{0: {0: 160, 1: 214, 2: 1552, 3: 104, 4: 149, 5: 1481, 6: 858}, 1: {0: 1297, 1: 7, 2: 587, 3: 448, 4: 246, 6: 8, 7: 4, 8: 382, 9: 74}, 2: {0: 137, 1: 53, 2: 98, 3: 57, 4: 35, 5: 3, 6: 38, 7: 399, 8: 316, 9: 1239}, 3: {0: 256, 1: 84, 2: 171, 3: 113, 4: 407, 5: 100, 6: 2, 7: 12, 8: 85, 9: 1123}, 4: {0: 347, 1: 3, 2: 175, 3: 31, 4: 221, 5: 265, 6: 6, 7: 354, 8: 2875}, 5: {0: 879, 1: 1547, 2: 926, 3: 76, 4: 301, 5: 402}, 6: {0: 48, 1: 287, 2: 315, 3: 734, 4: 31, 5: 28, 6: 1722, 7: 269, 8: 482, 9: 102}, 7: {0: 285, 1: 474, 2: 521, 3: 747, 4: 40, 5: 1696, 6: 4, 7: 287}, 8: {0: 72, 1: 142, 2: 483, 3: 235, 4: 1393, 6: 1657, 7: 1551}, 9: {0: 305, 1: 11, 2: 837, 3: 428, 4: 235, 5: 269, 6: 806, 7: 61, 8: 965, 9: 349}, 10: {0: 10, 1: 87, 2: 97, 3: 81, 4: 554, 5: 244, 6: 28, 7: 2390, 8: 283, 9: 2095}, 11: {0: 87, 1: 1551, 2: 30, 3: 1785, 4: 1567}, 12: {0: 524, 1: 7, 2: 73, 3: 5, 4: 99, 5: 8, 6: 614, 8: 43, 9: 65}, 13: {0: 306, 1: 1, 2: 88, 3: 1029, 4: 51, 5: 925, 6: 174, 7: 938, 8: 420, 9: 902}, 14: {0: 1210, 1: 2274, 2: 5, 3: 258, 4: 513, 6: 1}}", "comm 0": {"training timing": 229, "local_train_accs": [1.0, 0.9967245332459875, 0.9962105263157894, 0.9932001699957501, 0.999766191255553, 1.0, 0.9972623195619711, 0.9995066600888012, 0.9998192662208567, 0.9955461790904829, 0.9969330379962514, 1.0, 0.997913769123783, 0.9931733553992552, 1.0], "local_test_accs": [1.0, 0.9967245332459875, 0.9962105263157894, 0.9932001699957501, 0.999766191255553, 1.0, 0.9972623195619711, 0.9995066600888012, 0.9998192662208567, 0.9955461790904829, 0.9969330379962514, 1.0, 0.997913769123783, 0.9931733553992552, 1.0], "Uniform ensemble (Train acc)": 0.9373666666666667, "Uniform ensemble (Test acc)": 0.9355, "FedAvg (Train acc)": 0.18396666666666667, "FedAvg (Test acc)": 0.1902, "pdm_KL (Train acc)": 0.21035, "pdm_KL (Test acc)": 0.2063}, "comm 1": {"training timing": 323, "local_train_accs": [1.0, 1.0, 1.0, 1.0, 1.0, 1.0, 0.9997511199601792, 1.0, 1.0, 1.0, 1.0, 1.0, 1.0, 0.9997931319817956, 1.0], "local_test_accs": [1.0, 1.0, 1.0, 1.0, 1.0, 1.0, 0.9997511199601792, 1.0, 1.0, 1.0, 1.0, 1.0, 1.0, 0.9997931319817956, 1.0], "Uniform ensemble (Train acc)": 0.9406666666666667, "Uniform ensemble (Test acc)": 0.9373, "FedAvg (Train acc)": 0.18096666666666666, "FedAvg (Test acc)": 0.1871, "pdm_KL (Train acc)": 0.11236666666666667, "pdm_KL (Test acc)": 0.1135}, "comm 2": {"training timing": 338, "local_train_accs": [1.0, 1.0, 1.0, 1.0, 1.0, 1.0, 1.0, 1.0, 1.0, 1.0, 0.999488839666042, 1.0, 1.0, 1.0, 1.0], "local_test_accs": [1.0, 1.0, 1.0, 1.0, 1.0, 1.0, 1.0, 1.0, 1.0, 1.0, 0.999488839666042, 1.0, 1.0, 1.0, 1.0], "Uniform ensemble (Train acc)": 0.9432, "Uniform ensemble (Test acc)": 0.9413, "FedAvg (Train acc)": 0.18206666666666665, "FedAvg (Test acc)": 0.1875, "pdm_KL (Train acc)": 0.17648333333333333, "pdm_KL (Test acc)": 0.1836}, "comm 3": {"training timing": 316, "local_train_accs": [1.0, 1.0, 1.0, 1.0, 1.0, 1.0, 1.0, 1.0, 1.0, 1.0, 1.0, 1.0, 1.0, 1.0, 1.0], "local_test_accs": [1.0, 1.0, 1.0, 1.0, 1.0, 1.0, 1.0, 1.0, 1.0, 1.0, 1.0, 1.0, 1.0, 1.0, 1.0], "Uniform ensemble (Train acc)": 0.9442833333333334, "Uniform ensemble (Test acc)": 0.9414, "FedAvg (Train acc)": 0.17021666666666666, "FedAvg (Test acc)": 0.1742, "pdm_KL (Train acc)": 0.07396666666666667, "pdm_KL (Test acc)": 0.0749}, "comm 4": {"training timing": 336, "local_train_accs": [1.0, 1.0, 1.0, 1.0, 1.0, 1.0, 1.0, 1.0, 1.0, 1.0, 1.0, 1.0, 1.0, 1.0, 1.0], "local_test_accs": [1.0, 1.0, 1.0, 1.0, 1.0, 1.0, 1.0, 1.0, 1.0, 1.0, 1.0, 1.0, 1.0, 1.0, 1.0], "Uniform ensemble (Train acc)": 0.9456666666666667, "Uniform ensemble (Test acc)": 0.9416, "FedAvg (Train acc)": 0.16816666666666666, "FedAvg (Test acc)": 0.1728, "pdm_KL (Train acc)": 0.0901, "pdm_KL (Test acc)": 0.0888}, "comm 5": {"training timing": 346, "local_train_accs": [1.0, 1.0, 0.999578947368421, 1.0, 1.0, 1.0, 1.0, 1.0, 1.0, 1.0, 1.0, 1.0, 1.0, 1.0, 0.9983571931471485], "local_test_accs": [1.0, 1.0, 0.999578947368421, 1.0, 1.0, 1.0, 1.0, 1.0, 1.0, 1.0, 1.0, 1.0, 1.0, 1.0, 0.9983571931471485], "Uniform ensemble (Train acc)": 0.9463666666666667, "Uniform ensemble (Test acc)": 0.9422, "FedAvg (Train acc)": 0.17091666666666666, "FedAvg (Test acc)": 0.1766, "pdm_KL (Train acc)": 0.12038333333333333, "pdm_KL (Test acc)": 0.1201}, "comm 6": {"training timing": 313, "local_train_accs": [1.0, 1.0, 1.0, 1.0, 1.0, 1.0, 1.0, 1.0, 1.0, 1.0, 1.0, 1.0, 1.0, 1.0, 1.0], "local_test_accs": [1.0, 1.0, 1.0, 1.0, 1.0, 1.0, 1.0, 1.0, 1.0, 1.0, 1.0, 1.0, 1.0, 1.0, 1.0], "Uniform ensemble (Train acc)": 0.94565, "Uniform ensemble (Test acc)": 0.9427, "FedAvg (Train acc)": 0.17065, "FedAvg (Test acc)": 0.176, "pdm_KL (Train acc)": 0.15953333333333333, "pdm_KL (Test acc)": 0.1562}, "comm 7": {"training timing": 322, "local_train_accs": [1.0, 1.0, 1.0, 1.0, 1.0, 1.0, 1.0, 1.0, 1.0, 1.0, 1.0, 1.0, 1.0, 1.0, 1.0], "local_test_accs": [1.0, 1.0, 1.0, 1.0, 1.0, 1.0, 1.0, 1.0, 1.0, 1.0, 1.0, 1.0, 1.0, 1.0, 1.0], "Uniform ensemble (Train acc)": 0.9466833333333333, "Uniform ensemble (Test acc)": 0.9443, "FedAvg (Train acc)": 0.13926666666666668, "FedAvg (Test acc)": 0.1424, "pdm_KL (Train acc)": 0.11668333333333333, "pdm_KL (Test acc)": 0.1141}, "comm 8": {"training timing": 317, "local_train_accs": [1.0, 1.0, 1.0, 1.0, 1.0, 1.0, 1.0, 1.0, 1.0, 1.0, 1.0, 1.0, 1.0, 1.0, 1.0], "local_test_accs": [1.0, 1.0, 1.0, 1.0, 1.0, 1.0, 1.0, 1.0, 1.0, 1.0, 1.0, 1.0, 1.0, 1.0, 1.0], "Uniform ensemble (Train acc)": 0.9448166666666666, "Uniform ensemble (Test acc)": 0.9434, "FedAvg (Train acc)": 0.11216666666666666, "FedAvg (Test acc)": 0.1139, "pdm_KL (Train acc)": 0.18565, "pdm_KL (Test acc)": 0.1828}, "comm 9": {"training timing": 300, "local_train_accs": [1.0, 1.0, 1.0, 1.0, 1.0, 1.0, 1.0, 1.0, 1.0, 1.0, 1.0, 1.0, 1.0, 1.0, 1.0], "local_test_accs": [1.0, 1.0, 1.0, 1.0, 1.0, 1.0, 1.0, 1.0, 1.0, 1.0, 1.0, 1.0, 1.0, 1.0, 1.0], "Uniform ensemble (Train acc)": 0.9467166666666667, "Uniform ensemble (Test acc)": 0.9444, "FedAvg (Train acc)": 0.19346666666666668, "FedAvg (Test acc)": 0.1977, "pdm_KL (Train acc)": 0.22378333333333333, "pdm_KL (Test acc)": 0.2231}, "comm 10": {"training timing": 311, "local_train_accs": [1.0, 0.9967245332459875, 1.0, 1.0, 1.0, 1.0, 1.0, 1.0, 1.0, 1.0, 1.0, 1.0, 1.0, 0.9979313198179561, 1.0], "local_test_accs": [1.0, 0.9967245332459875, 1.0, 1.0, 1.0, 1.0, 1.0, 1.0, 1.0, 1.0, 1.0, 1.0, 1.0, 0.9979313198179561, 1.0], "Uniform ensemble (Train acc)": 0.9452833333333334, "Uniform ensemble (Test acc)": 0.9414, "FedAvg (Train acc)": 0.17796666666666666, "FedAvg (Test acc)": 0.1853, "pdm_KL (Train acc)": 0.12476666666666666, "pdm_KL (Test acc)": 0.1234}, "comm 11": {"training timing": 311, "local_train_accs": [0.99867197875166, 1.0, 0.999578947368421, 1.0, 1.0, 1.0, 1.0, 1.0, 1.0, 1.0, 1.0, 1.0, 1.0, 1.0, 1.0], "local_test_accs": [0.99867197875166, 1.0, 0.999578947368421, 1.0, 1.0, 1.0, 1.0, 1.0, 1.0, 1.0, 1.0, 1.0, 1.0, 1.0, 1.0], "Uniform ensemble (Train acc)": 0.9462333333333334, "Uniform ensemble (Test acc)": 0.9438, "FedAvg (Train acc)": 0.173, "FedAvg (Test acc)": 0.1801, "pdm_KL (Train acc)": 0.2046, "pdm_KL (Test acc)": 0.2052}, "comm 12": {"training timing": 291, "local_train_accs": [1.0, 1.0, 1.0, 1.0, 1.0, 1.0, 1.0, 1.0, 1.0, 1.0, 1.0, 1.0, 1.0, 1.0, 1.0], "local_test_accs": [1.0, 1.0, 1.0, 1.0, 1.0, 1.0, 1.0, 1.0, 1.0, 1.0, 1.0, 1.0, 1.0, 1.0, 1.0], "Uniform ensemble (Train acc)": 0.948, "Uniform ensemble (Test acc)": 0.9436, "FedAvg (Train acc)": 0.23595, "FedAvg (Test acc)": 0.2445, "pdm_KL (Train acc)": 0.1888, "pdm_KL (Test acc)": 0.1914}, "comm 13": {"training timing": 292, "local_train_accs": [1.0, 1.0, 1.0, 1.0, 1.0, 1.0, 1.0, 1.0, 1.0, 1.0, 1.0, 1.0, 1.0, 1.0, 1.0], "local_test_accs": [1.0, 1.0, 1.0, 1.0, 1.0, 1.0, 1.0, 1.0, 1.0, 1.0, 1.0, 1.0, 1.0, 1.0, 1.0], "Uniform ensemble (Train acc)": 0.9468, "Uniform ensemble (Test acc)": 0.9432, "FedAvg (Train acc)": 0.23551666666666668, "FedAvg (Test acc)": 0.2423, "pdm_KL (Train acc)": 0.2103,