{"seed": 5, "Data statistics": "{0: {0: 307, 1: 115, 2: 873, 3: 475, 4: 401, 5: 96, 6: 836, 7: 8, 8: 219, 9: 106}, 1: {0: 633, 1: 40, 2: 50, 3: 145, 4: 148, 5: 39, 6: 970, 7: 2789}, 2: {0: 224, 1: 954, 2: 438, 3: 689, 4: 21, 5: 309, 6: 1011, 7: 16, 8: 482}, 3: {0: 3, 1: 58, 2: 24, 3: 55, 4: 437, 5: 44, 6: 1, 7: 840, 8: 221, 9: 227}, 4: {0: 4, 1: 31, 2: 140, 3: 113, 4: 100, 5: 291, 6: 572, 7: 580, 8: 816, 9: 342}, 5: {0: 15, 1: 177, 3: 67, 4: 912, 5: 45, 6: 625, 7: 72, 8: 314, 9: 265}, 6: {1: 992, 2: 111, 3: 967, 4: 46, 5: 1444, 6: 752}, 7: {0: 80, 1: 1761, 2: 1041, 3: 83, 4: 1219}, 8: {0: 136, 1: 1202, 2: 232, 3: 1013, 4: 439, 5: 14, 6: 7, 7: 425, 8: 271, 9: 1333}, 9: {0: 27, 1: 358, 2: 1816, 3: 282, 4: 249, 5: 296, 6: 27, 7: 5, 8: 2659}, 10: {0: 2072, 1: 152, 2: 6, 3: 138, 4: 3, 5: 809, 6: 227, 7: 288, 8: 94, 9: 288}, 11: {0: 4, 1: 441, 2: 237, 3: 264, 4: 1, 5: 1634, 6: 468, 7: 57, 8: 352, 9: 2813}, 12: {0: 1387, 1: 141, 2: 82, 3: 12, 5: 238, 6: 245, 7: 160, 8: 24, 9: 23}, 13: {0: 818, 1: 241, 2: 688, 3: 6, 4: 110, 5: 161, 6: 176, 7: 1025, 8: 398, 9: 552}, 14: {0: 213, 1: 79, 2: 220, 3: 1822, 4: 1756, 5: 1, 6: 1, 8: 1}}", "comm 0": {"training timing": 281, "local_train_accs": [1.0, 1.0, 0.9992760617760618, 1.0, 1.0, 1.0, 1.0, 1.0, 1.0, 0.9996502885119776, 1.0, 1.0, 1.0, 1.0, 1.0], "local_test_accs": [1.0, 1.0, 0.9992760617760618, 1.0, 1.0, 1.0, 1.0, 1.0, 1.0, 0.9996502885119776, 1.0, 1.0, 1.0, 1.0, 1.0], "Uniform ensemble (Train acc)": 0.9559, "Uniform ensemble (Test acc)": 0.9542, "FedAvg (Train acc)": 0.23226666666666668, "FedAvg (Test acc)": 0.2398, "pdm_KL (Train acc)": 0.3829, "pdm_KL (Test acc)": 0.3938}, "comm 1": {"training timing": 405, "local_train_accs": [1.0, 1.0, 0.9932432432432432, 0.9989528795811519, 1.0, 1.0, 1.0, 1.0, 0.9994085173501577, 1.0, 1.0, 1.0, 0.9969723183391004, 1.0, 0.9973124847300269], "local_test_accs": [1.0, 1.0, 0.9932432432432432, 0.9989528795811519, 1.0, 1.0, 1.0, 1.0, 0.9994085173501577, 1.0, 1.0, 1.0, 0.9969723183391004, 1.0, 0.9973124847300269], "Uniform ensemble (Train acc)": 0.9588166666666667, "Uniform ensemble (Test acc)": 0.9582, "FedAvg (Train acc)": 0.1931, "FedAvg (Test acc)": 0.2033, "pdm_KL (Train acc)": 0.33331666666666665, "pdm_KL (Test acc)": 0.3445}, "comm 2": {"training timing": 383, "local_train_accs": [0.9976717112922002, 0.9991690901537184, 0.9983108108108109, 1.0, 0.9986617597858816, 0.9995987158908507, 1.0, 0.9997609942638623, 1.0, 1.0, 1.0, 1.0, 0.9974048442906575, 0.997125748502994, 1.0], "local_test_accs": [0.9976717112922002, 0.9991690901537184, 0.9983108108108109, 1.0, 0.9986617597858816, 0.9995987158908507, 1.0, 0.9997609942638623, 1.0, 1.0, 1.0, 1.0, 0.9974048442906575, 0.997125748502994, 1.0], "Uniform ensemble (Train acc)": 0.95775, "Uniform ensemble (Test acc)": 0.9566, "FedAvg (Train acc)": 0.2191, "FedAvg (Test acc)": 0.225, "pdm_KL (Train acc)": 0.1726, "pdm_KL (Test acc)": 0.1756}, "comm 3": {"training timing": 369, "local_train_accs": [1.0, 0.9997922725384296, 1.0, 0.9973821989528796, 0.9993308798929408, 1.0, 0.9997680890538033, 1.0, 1.0, 1.0, 1.0, 0.9995216073991389, 0.9961072664359861, 0.9995209580838323, 0.9948692890300513], "local_test_accs": [1.0, 0.9997922725384296, 1.0, 0.9973821989528796, 0.9993308798929408, 1.0, 0.9997680890538033, 1.0, 1.0, 1.0, 1.0, 0.9995216073991389, 0.9961072664359861, 0.9995209580838323, 0.9948692890300513], "Uniform ensemble (Train acc)": 0.9605666666666667, "Uniform ensemble (Test acc)": 0.9592, "FedAvg (Train acc)": 0.13938333333333333, "FedAvg (Test acc)": 0.1418, "pdm_KL (Train acc)": 0.10683333333333334, "pdm_KL (Test acc)": 0.1051}, "comm 4": {"training timing": 410, "local_train_accs": [1.0, 0.9950145409223099, 0.993484555984556, 1.0, 0.9996654399464704, 1.0, 1.0, 1.0, 0.999211356466877, 0.9998251442559888, 1.0, 1.0, 0.9965397923875432, 0.9997604790419161, 1.0], "local_test_accs": [1.0, 0.9950145409223099, 0.993484555984556, 1.0, 0.9996654399464704, 1.0, 1.0, 1.0, 0.999211356466877, 0.9998251442559888, 1.0, 1.0, 0.9965397923875432, 0.9997604790419161, 1.0], "Uniform ensemble (Train acc)": 0.9599166666666666, "Uniform ensemble (Test acc)": 0.96, "FedAvg (Train acc)": 0.17206666666666667, "FedAvg (Test acc)": 0.1751, "pdm_KL (Train acc)": 0.24295, "pdm_KL (Test acc)": 0.2446}, "comm 5": {"training timing": 410, "local_train_accs": [1.0, 1.0, 0.9995173745173745, 1.0, 1.0, 1.0, 1.0, 1.0, 1.0, 1.0, 1.0, 0.9987242863977037, 1.0, 0.997125748502994, 0.9970681651600293], "local_test_accs": [1.0, 1.0, 0.9995173745173745, 1.0, 1.0, 1.0, 1.0, 1.0, 1.0, 1.0, 1.0, 0.9987242863977037, 1.0, 0.997125748502994, 0.9970681651600293], "Uniform ensemble (Train acc)": 0.9600333333333333, "Uniform ensemble (Test acc)": 0.9592, "FedAvg (Train acc)": 0.10681666666666667, "FedAvg (Test acc)": 0.1055, "pdm_KL (Train acc)": 0.4634, "pdm_KL (Test acc)": 0.4694}, "comm 6": {"training timing": 410, "local_train_accs": [1.0, 1.0, 0.9978281853281853, 0.9994764397905759, 0.9993308798929408, 1.0, 1.0, 1.0, 0.9996056782334385, 0.9996502885119776, 0.99803777287221, 0.9982458937968426, 1.0, 1.0, 1.0], "local_test_accs": [1.0, 1.0, 0.9978281853281853, 0.9994764397905759, 0.9993308798929408, 1.0, 1.0, 1.0, 0.9996056782334385, 0.9996502885119776, 0.99803777287221, 0.9982458937968426, 1.0, 1.0, 1.0], "Uniform ensemble (Train acc)": 0.95955, "Uniform ensemble (Test acc)": 0.9567, "FedAvg (Train acc)": 0.1112, "FedAvg (Test acc)": 0.1101, "pdm_KL (Train acc)": 0.20725, "pdm_KL (Test acc)": 0.2051}, "comm 7": {"training timing": 405, "local_train_accs": [0.9997089639115251, 1.0, 0.9987934362934363, 1.0, 1.0, 1.0, 1.0, 1.0, 0.999211356466877, 0.9986011540479105, 1.0, 0.999840535799713, 1.0, 0.9997604790419161, 1.0], "local_test_accs": [0.9997089639115251, 1.0, 0.9987934362934363, 1.0, 1.0, 1.0, 1.0, 1.0, 0.999211356466877, 0.9986011540479105, 1.0, 0.999840535799713, 1.0, 0.9997604790419161, 1.0], "Uniform ensemble (Train acc)": 0.9597833333333333, "Uniform ensemble (Test acc)": 0.9599, "FedAvg (Train acc)": 0.13451666666666667, "FedAvg (Test acc)": 0.1312, "pdm_KL (Train acc)": 0.4154833333333333, "pdm_KL (Test acc)": 0.4195}, "comm 8": {"training timing": 443, "local_train_accs": [0.9994179278230501, 1.0, 1.0, 1.0, 0.9996654399464704, 1.0, 0.9997680890538033, 1.0, 0.9980283911671924, 0.9986011540479105, 1.0, 1.0, 1.0, 0.9940119760479041, 0.9987784021500122], "local_test_accs": [0.9994179278230501, 1.0, 1.0, 1.0, 0.9996654399464704, 1.0, 0.9997680890538033, 1.0, 0.9980283911671924, 0.9986011540479105, 1.0, 1.0, 1.0, 0.9940119760479041, 0.9987784021500122], "Uniform ensemble (Train acc)": 0.96045, "Uniform ensemble (Test acc)": 0.959, "FedAvg (Train acc)": 0.1372, "FedAvg (Test acc)": 0.1285, "pdm_KL (Train acc)": 0.37793333333333334, "pdm_KL (Test acc)": 0.382}, "comm 9": {"training timing": 413, "local_train_accs": [1.0, 1.0, 1.0, 0.9989528795811519, 1.0, 0.9935794542536116, 0.9967532467532467, 1.0, 0.9996056782334385, 1.0, 0.9997547216090262, 0.9982458937968426, 1.0, 0.9995209580838323, 1.0], "local_test_accs": [1.0, 1.0, 1.0, 0.9989528795811519, 1.0, 0.9935794542536116, 0.9967532467532467, 1.0, 0.9996056782334385, 1.0, 0.9997547216090262, 0.9982458937968426, 1.0, 0.9995209580838323, 1.0], "Uniform ensemble (Train acc)": 0.9611166666666666, "Uniform ensemble (Test acc)": 0.9605, "FedAvg (Train acc)": 0.15795, "FedAvg (Test acc)": 0.1536, "pdm_KL (Train acc)": 0.23623333333333332, "pdm_KL (Test acc)": 0.2354}, "comm 10": {"training timing": 475, "local_train_accs": [0.9985448195576252, 1.0, 1.0, 1.0, 0.998327199732352, 1.0, 1.0, 1.0, 1.0, 1.0, 1.0, 1.0, 1.0, 1.0, 1.0], "local_test_accs": [0.9985448195576252, 1.0, 1.0, 1.0, 0.998327199732352, 1.0, 1.0, 1.0, 1.0, 1.0, 1.0, 1.0, 1.0, 1.0, 1.0], "Uniform ensemble (Train acc)": 0.9604166666666667, "Uniform ensemble (Test acc)": 0.9595, "FedAvg (Train acc)": 0.1495, "FedAvg (Test acc)": 0.1452, "pdm_KL (Train acc)": 0.25025, "pdm_KL (Test acc)": 0.2535}, "comm 11": {"training timing": 404,