{"seed": 4, "Data statistics": "{0: {0: 580, 1: 694, 2: 624, 3: 614, 4: 560, 5: 523, 6: 605, 7: 625, 8: 581, 9: 594}, 1: {0: 617, 1: 648, 2: 621, 3: 611, 4: 566, 5: 565, 6: 567, 7: 655, 8: 587, 9: 563}, 2: {0: 557, 1: 697, 2: 599, 3: 597, 4: 588, 5: 541, 6: 602, 7: 606, 8: 620, 9: 593}, 3: {0: 594, 1: 659, 2: 550, 3: 623, 4: 626, 5: 545, 6: 592, 7: 603, 8: 560, 9: 648}, 4: {0: 579, 1: 706, 2: 598, 3: 652, 4: 580, 5: 547, 6: 641, 7: 616, 8: 507, 9: 574}, 5: {0: 631, 1: 658, 2: 584, 3: 617, 4: 603, 5: 526, 6: 583, 7: 609, 8: 604, 9: 585}, 6: {0: 576, 1: 686, 2: 595, 3: 601, 4: 573, 5: 535, 6: 589, 7: 678, 8: 559, 9: 608}, 7: {0: 614, 1: 663, 2: 624, 3: 600, 4: 587, 5: 528, 6: 574, 7: 610, 8: 636, 9: 564}, 8: {0: 577, 1: 690, 2: 601, 3: 589, 4: 581, 5: 550, 6: 549, 7: 641, 8: 593, 9: 629}, 9: {0: 598, 1: 641, 2: 562, 3: 627, 4: 578, 5: 561, 6: 616, 7: 622, 8: 604, 9: 591}}", "loading time": 39, "local_train_accs": [0.9793333333333333, 0.9606666666666667, 0.9763333333333334, 0.9698333333333333, 0.9896666666666667, 0.9713333333333334, 0.9723333333333334, 0.9845, 0.985, 0.9848333333333333], "local_test_accs": [0.9365, 0.9193, 0.9378, 0.9277, 0.9434, 0.9214, 0.9296, 0.9413, 0.9421, 0.9434], "pdm_KL_reg 0": {"Best Result": {"Best Sigma0": 10, "Best sigma": 0.5, "Best gamma": 10, "Best Test accuracy": 0.9435, "Train acc": 0.9409666666666666}, "PDM log": "{(10, 0.5, 10): {'shapes': [(784, 892), (892,), (892, 468), (468,), (468, 118), (118,), (118, 10), (10,)], 'train_accuracy': 0.9409666666666666, 'test_accuracy': 0.9435}}", "timing": 338}, "best_reg": 0, "skip_pdm": {"Best Result": {"Best Sigma0": 10, "Best sigma": 0.5, "Best gamma": 10, "Best Test accuracy": 0.1255, "Train acc": 0.12781666666666666}, "PDM log": "{(10, 0.5, 10): {'shapes': [(884, 785), (101, 884), (565, 101), (10, 565)], 'train_accuracy': 0.12781666666666666, 'test_accuracy': 0.1255}}", "timing": 284}}