{"Experiment arguments": "Namespace(alpha=0.5, communication_rounds=None, datadir='data/mnist', dataset='mnist', device=1.0, dropout_p=0.0, epochs=10, experiment=['pdm_KL', 'skip'], init_seed=0, iter_epochs=5, layers=1, loaddir='saved_weights/mnist/homo', logdir='skip_pdm_compare/mnist/homo', lr=0.01, lr_decay=1.0, n=6, n_layers=1, n_nets=10, net_config=[784, 100, 100, 100, 10], num_pool_workers=6, partition='homo', pdm_gamma=10, pdm_sig=0.5, pdm_sig0=10, reg=1e-06, reg_fac=0.0, trials=10, use_freq=True)", "0": {"seed": 0, "Data statistics": "{0: {0: 605, 1: 688, 2: 586, 3: 583, 4: 565, 5: 518, 6: 631, 7: 625, 8: 584, 9: 615}, 1: {0: 600, 1: 691, 2: 580, 3: 625, 4: 588, 5: 557, 6: 559, 7: 603, 8: 607, 9: 590}, 2: {0: 607, 1: 691, 2: 583, 3: 639, 4: 577, 5: 516, 6: 571, 7: 641, 8: 596, 9: 579}, 3: {0: 605, 1: 642, 2: 610, 3: 580, 4: 590, 5: 565, 6: 572, 7: 632, 8: 591, 9: 613}, 4: {0: 578, 1: 653, 2: 600, 3: 593, 4: 627, 5: 556, 6: 629, 7: 608, 8: 581, 9: 575}, 5: {0: 596, 1: 690, 2: 594, 3: 650, 4: 589, 5: 539, 6: 547, 7: 612, 8: 568, 9: 615}, 6: {0: 598, 1: 645, 2: 614, 3: 624, 4: 572, 5: 556, 6: 605, 7: 605, 8: 601, 9: 580}, 7: {0: 544, 1: 682, 2: 604, 3: 591, 4: 605, 5: 562, 6: 601, 7: 694, 8: 525, 9: 592}, 8: {0: 564, 1: 665, 2: 608, 3: 647, 4: 566, 5: 520, 6: 615, 7: 613, 8: 594, 9: 608}, 9: {0: 626, 1: 695, 2: 579, 3: 599, 4: 563, 5: 532, 6: 588, 7: 632, 8: 604, 9: 582}}", "loading time": 25, "local_train_accs": [0.9728333333333333, 0.9718333333333333, 0.9836666666666667, 0.9626666666666667, 0.9661666666666666, 0.9616666666666667, 0.9686666666666667, 0.9561666666666667, 0.9861666666666666, 0.9695], "local_test_accs": [0.9301, 0.9321, 0.9389, 0.9231, 0.9221, 0.9122, 0.9264, 0.9089, 0.9387, 0.9238], "pdm_KL_reg 0": {"Best Result": {"Best Sigma0": 10, "Best sigma": 0.5, "Best gamma": 10, "Best Test accuracy": 0.9432, "Train acc": 0.9445166666666667}, "PDM log": "{(10, 0.5, 10): {'shapes': [(784, 856), (856,), (856, 476), (476,), (476, 118), (118,), (118, 10), (10,)], 'train_accuracy': 0.9445166666666667, 'test_accuracy': 0.9432}}", "timing": 305}, "best_reg": 0, "skip_pdm": {"Best Result": {"Best Sigma0": 10, "Best sigma": 0.5, "Best gamma": 10, "Best Test accuracy": 0.1657, "Train acc": 0.16503333333333334}, "PDM log": "{(10, 0.5, 10): {'shapes': [(857, 785), (101, 857), (577, 101), (10, 577)], 'train_accuracy': 0.16503333333333334, 'test_accuracy': 0.1657}}", "timing": 373}}, "1": {"seed": 1, "Data statistics": "{0: {0: 557, 1: 696, 2: 602, 3: 636, 4: 575, 5: 546, 6: 627, 7: 624, 8: 576, 9: 561}, 1: {0: 601, 1: 677, 2: 592, 3: 601, 4: 582, 5: 564, 6: 560, 7: 641, 8: 596, 9: 586}, 2: {0: 591, 1: 660, 2: 607, 3: 619, 4: 583, 5: 604, 6: 584, 7: 609, 8: 571, 9: 572}, 3: {0: 623, 1: 679, 2: 587, 3: 602, 4: 589, 5: 560, 6: 607, 7: 599, 8: 574, 9: 580}, 4: {0: 590, 1: 642, 2: 599, 3: 608, 4: 583, 5: 509, 6: 602, 7: 625, 8: 610, 9: 632}, 5: {0: 583, 1: 694, 2: 623, 3: 653, 4: 590, 5: 491, 6: 584, 7: 637, 8: 556, 9: 589}, 6: {0: 602, 1: 679, 2: 644, 3: 599, 4: 566, 5: 530, 6: 564, 7: 609, 8: 624, 9: 583}, 7: {0: 573, 1: 639, 2: 569, 3: 580, 4: 608, 5: 541, 6: 602, 7: 653, 8: 589, 9: 646}, 8: {0: 622, 1: 669, 2: 567, 3: 612, 4: 597, 5: 553, 6: 579, 7: 635, 8: 578, 9: 588}, 9: {0: 581, 1: 707, 2: 568, 3: 621, 4: 569, 5: 523, 6: 609, 7: 633, 8: 577, 9: 612}}", "loading time": 41, "local_train_accs": [0.9693333333333334, 0.9723333333333334, 0.9735, 0.987, 0.983, 0.976, 0.9696666666666667, 0.986, 0.9823333333333333, 0.9841666666666666], "local_test_accs": [0.9277, 0.926, 0.9271, 0.9454, 0.9312, 0.9269, 0.9265, 0.9357, 0.9364, 0.9451], "pdm_KL_reg 0": {"Best Result": {"Best Sigma0": 10, "Best sigma": 0.5, "Best gamma": 10, "Best Test accuracy": 0.9427, "Train acc": 0.94295}, "PDM log": "{(10, 0.5, 10): {'shapes': [(784, 882), (882,), (882, 479), (479,), (479, 118), (118,), (118, 10), (10,)], 'train_accuracy': 0.94295, 'test_accuracy': 0.9427}}", "timing": 296}, "best_reg": 0, "skip_pdm": {"Best Result": {"Best Sigma0": 10, "Best sigma": 0.5, "Best gamma": 10, "Best Test accuracy": 0.1965, "Train acc": 0.19543333333333332}, "PDM log": "{(10, 0.5, 10): {'shapes': [(884, 785), (101, 884), (577, 101), (10, 577)], 'train_accuracy': 0.19543333333333332, 'test_accuracy': 0.1965}}", "timing": 321}}, "2": {"seed": 2, "Data statistics": "{0: {0: 613, 1: 691, 2: 569, 3: 611, 4: 600, 5: 562, 6: 585, 7: 610, 8: 590, 9: 569}, 1: {0: 570, 1: 663, 2: 625, 3: 641, 4: 617, 5: 521, 6: 584, 7: 610, 8: 576, 9: 593}, 2: {0: 595, 1: 669, 2: 620, 3: 637, 4: 572, 5: 563, 6: 606, 7: 618, 8: 547, 9: 573}, 3: {0: 572, 1: 675, 2: 577, 3: 575, 4: 587, 5: 546, 6: 611, 7: 637, 8: 606, 9: 614}, 4: {0: 569, 1: 623, 2: 612, 3: 646, 4: 593, 5: 550, 6: 617, 7: 608, 8: 584, 9: 598}, 5: {0: 587, 1: 695, 2: 601, 3: 613, 4: 563, 5: 546, 6: 576, 7: 657, 8: 593, 9: 569}, 6: {0: 618, 1: 690, 2: 608, 3: 559, 4: 573, 5: 541, 6: 572, 7: 633, 8: 590, 9: 616}, 7: {0: 611, 1: 691, 2: 579, 3: 637, 4: 587, 5: 530, 6: 551, 7: 660, 8: 555, 9: 599}, 8: {0: 640, 1: 672, 2: 587, 3: 574, 4: 581, 5: 525, 6: 595, 7: 632, 8: 580, 9: 614}, 9: {0: 548, 1: 673, 2: 580, 3: 638, 4: 569, 5: 537, 6: 621, 7: 600, 8: 630, 9: 604}}", "loading time": 42, "local_train_accs": [0.9866666666666667, 0.9775, 0.9875, 0.9811666666666666, 0.9726666666666667, 0.9523333333333334, 0.9733333333333334, 0.9715, 0.9868333333333333, 0.979], "local_test_accs": [0.9378, 0.93, 0.9444, 0.9373, 0.9303, 0.9074, 0.9335, 0.9327, 0.9406, 0.9312], "pdm_KL_reg 0": {"Best Result": {"Best Sigma0": 10, "Best sigma": 0.5, "Best gamma": 10, "Best Test accuracy": 0.9491, "Train acc": 0.9526833333333333}, "PDM log": "{(10, 0.5, 10): {'shapes': [(784, 870), (870,), (870, 435), (435,), (435, 118), (118,), (118, 10), (10,)], 'train_accuracy': 0.9526833333333333, 'test_accuracy': 0.9491}}", "timing": 362}, "best_reg": 0, "skip_pdm": {"Best Result": {"Best Sigma0": 10, "Best sigma": 0.5, "Best gamma": 10, "Best Test accuracy": 0.1469, "Train acc": 0.15208333333333332}, "PDM log": "{(10, 0.5, 10): {'shapes': [(872, 785), (101, 872), (563, 101), (10, 563)], 'train_accuracy': 0.15208333333333332, 'test_accuracy': 0.1469}}", "timing": 294}}, "3": {"seed": 3, "Data statistics": "{0: {0: 578, 1: 726, 2: 611, 3: 606, 4: 571, 5: 535, 6: 562, 7: 646, 8: 594, 9: 571}, 1: {0: 600, 1: 656, 2: 590, 3: 593, 4: 586, 5: 569, 6: 596, 7: 639, 8: 573, 9: 598}, 2: {0: 557, 1: 671, 2: 594, 3: 628, 4: 595, 5: 530, 6: 564, 7: 644, 8: 612, 9: 605}, 3: {0: 574, 1: 669, 2: 615, 3: 645, 4: 595, 5: 523, 6: 579, 7: 577, 8: 600, 9: 623}, 4: {0: 574, 1: 677, 2: 571, 3: 636, 4: 600, 5: 539, 6: 608, 7: 623, 8: 579, 9: 593}, 5: {0: 585, 1: 682, 2: 619, 3: 631, 4: 587, 5: 524, 6: 591, 7: 599, 8: 553, 9: 629}, 6: {0: 626, 1: 693, 2: 582, 3: 595, 4: 568, 5: 563, 6: 605, 7: 618, 8: 588, 9: 562}, 7: {0: 613, 1: 663, 2: 592, 3: 590, 4: 550, 5: 521, 6: 600, 7: 660, 8: 615, 9: 596}, 8: {0: 624, 1: 689, 2: 589, 3: 620, 4: 567, 5: 570, 6: 575, 7: 618, 8: 563, 9: 585}, 9: {0: 592, 1: 616, 2: 595, 3: 587, 4: 623, 5: 547, 6: 638, 7: 641, 8: 574, 9: 587}}", "loading time": 30, "local_train_accs": [0.9861666666666666, 0.9665, 0.9778333333333333, 0.9763333333333334, 0.9791666666666666, 0.9878333333333333, 0.9811666666666666, 0.983, 0.9725, 0.9688333333333333], "local_test_accs": [0.9384, 0.9264, 0.9387, 0.9323, 0.9359, 0.9362, 0.9408, 0.9429, 0.9323, 0.9257], "pdm_KL_reg 0": {"Best Result": {"Best Sigma0": 10, "Best sigma": 0.5, "Best gamma": 10, "Best Test accuracy": 0.9363, "Train acc": 0.9397333333333333}, "PDM log": "{(10, 0.5, 10): {'shapes': [(784, 875), (875,), (875, 483), (483,), (483, 118), (118,), (118, 10), (10,)], 'train_accuracy': 0.9397333333333333, 'test_accuracy': 0.9363}}", "timing": 344}, "best_reg": 0, "skip_pdm": {"Best Result": {"Best Sigma0": 10, "Best sigma": 0.5, "Best gamma": 10, "Best Test accuracy": 0.1438, "Train acc": 0.14668333333333333},