{"seed": 8, "Data statistics": "{0: {0: 524, 1: 168, 2: 259, 3: 1157, 4: 846, 5: 351, 6: 350, 7: 125, 8: 1521}, 1: {0: 10, 1: 1310, 2: 1614, 3: 90, 4: 8, 5: 214, 6: 861, 7: 1092}, 2: {0: 419, 1: 407, 2: 225, 3: 92, 4: 239, 5: 194, 6: 1031, 7: 439, 8: 285, 9: 15}, 3: {0: 28, 1: 306, 2: 33, 3: 771, 4: 66, 5: 275, 6: 140, 7: 431, 8: 14, 9: 3014}, 4: {0: 21, 1: 95, 2: 123, 3: 552, 5: 857, 6: 67, 7: 1578, 8: 108, 9: 1722}, 5: {0: 56, 1: 317, 2: 1458, 3: 2, 4: 205, 5: 2189, 6: 1243}, 6: {0: 167, 1: 198, 2: 701, 3: 793, 4: 735, 5: 779, 6: 196, 7: 139, 8: 3050}, 7: {0: 3355, 1: 1713}, 8: {0: 395, 1: 94, 2: 284, 3: 1438, 4: 88, 5: 140, 7: 515, 8: 21, 9: 249}, 9: {0: 25, 1: 392, 2: 303, 3: 105, 4: 2813, 5: 1, 6: 1112, 7: 681, 8: 1}}", "loading time": 23, "local_train_accs": [0.46915676287492925, 0.5058665127909213, 0.472504482964734, 0.6581331232768807, 0.6183876634784307, 0.440036563071298, 0.5180526783071915, 0.8693764798737175, 0.5477667493796526, 0.5464752438799927], "local_test_accs": [0.1939, 0.2086, 0.2302, 0.165, 0.2119, 0.127, 0.1855, 0.1689, 0.1945, 0.1501], "Uniform ensemble (Train acc)": 0.30912, "Uniform ensemble (Test acc)": 0.3034, "FedAvg (Train acc)": 0.1, "FedAvg (Test acc)": 0.1, "pdm_KL_reg 0": {"Best Result": {"Best Sigma0": 10, "Best sigma": 1, "Best gamma": 50, "Best Test accuracy": 0.1158, "Train acc": 0.1156}, "PDM log": "{(10, 1, 50): {'shapes': [(3072, 700), (700,), (700, 289), (289,), (289, 289), (289,), (289, 217), (217,), (217, 10), (10,)], 'train_accuracy': 0.1156, 'test_accuracy': 0.1158}}", "timing": 424}, "pdm_KL_reg 0.001": {"Best Result": {"Best Sigma0": 10, "Best sigma": 1, "Best gamma": 50, "Best Test accuracy": 0.131, "Train acc": 0.13068}, "PDM log": "{(10, 1, 50): {'shapes': [(3072, 700), (700,), (700, 298), (298,), (298, 298), (298,), (298, 217), (217,), (217, 10), (10,)], 'train_accuracy': 0.13068, 'test_accuracy': 0.131}}", "timing": 619}, "pdm_KL_reg 0.005": {"Best Result": {"Best Sigma0": 10, "Best sigma": 1, "Best gamma": 50, "Best Test accuracy": 0.1159, "Train acc": 0.11672}, "PDM log": "{(10, 1, 50): {'shapes': [(3072, 700), (700,), (700, 289), (289,), (289, 289), (289,), (289, 217), (217,), (217, 10), (10,)], 'train_accuracy': 0.11672, 'test_accuracy': 0.1159}}", "timing": 676}, "pdm_KL_reg 0.01": {"Best Result": {"Best Sigma0": 10, "Best sigma": 1, "Best gamma": 50, "Best Test accuracy": 0.1138, "Train acc": 0.11366}, "PDM log": "{(10, 1, 50): {'shapes': [(3072, 700), (700,), (700, 289), (289,), (289, 298), (298,), (298, 217), (217,), (217, 10), (10,)], 'train_accuracy': 0.11366, 'test_accuracy': 0.1138}}", "timing": 568}, "pdm_KL_reg 0.05": {"Best Result": {"Best Sigma0": 10, "Best sigma": 1, "Best gamma": 50, "Best Test accuracy": 0.1175, "Train acc": 0.11752}, "PDM log": "{(10, 1, 50): {'shapes': [(3072, 700), (700,), (700, 289), (289,), (289, 280), (280,), (280, 217), (217,), (217, 10), (10,)], 'train_accuracy': 0.11752, 'test_accuracy': 0.1175}}", "timing": 621}, "pdm_KL_reg 0.1": {"Best Result": {"Best Sigma0": 10, "Best sigma": 1, "Best gamma": 50, "Best Test accuracy": 0.1141, "Train acc": 0.11468}, "PDM log": "{(10, 1, 50): {'shapes': [(3072, 700), (700,), (700, 289), (289,), (289, 289), (289,), (289, 217), (217,), (217, 10), (10,)], 'train_accuracy': 0.11468, 'test_accuracy': 0.1141}}", "timing": 790}, "pdm_KL_reg 0.5": {"Best Result": {"Best Sigma0": 10, "Best sigma": 1, "Best gamma": 50, "Best Test accuracy": 0.1089, "Train acc": 0.10884}, "PDM log": "{(10, 1, 50): {'shapes': [(3072, 700), (700,), (700, 262), (262,), (262, 262), (262,), (262, 235), (235,), (235, 10), (10,)], 'train_accuracy': 0.10884, 'test_accuracy': 0.1089}}", "timing": 850}, "pdm_KL_reg 1": {"Best Result": {"Best Sigma0": 10, "Best sigma": 1, "Best gamma": 50, "Best Test accuracy": 0.1477, "Train acc": 0.14726}, "PDM log": "{(10, 1, 50): {'shapes': [(3072, 649), (649,), (649, 244), (244,), (244, 244), (244,), (244, 235), (235,), (235, 10), (10,)], 'train_accuracy': 0.14726, 'test_accuracy': 0.1477}}", "timing": 760}, "pdm_KL_reg 2": {"Best Result": {"Best Sigma0": 10, "Best sigma": 1, "Best gamma": 50, "Best Test accuracy": 0.1, "Train acc": 0.1}, "PDM log": "{(10, 1, 50): {'shapes': [(3072, 109), (109,), (109, 190), (190,), (190, 199), (199,), (199, 226), (226,), (226, 10), (10,)], 'train_accuracy': 0.1, 'test_accuracy': 0.1}}", "timing": 180}, "pdm_KL_reg 5": {"Best Result": {"Best Sigma0": 10, "Best sigma": 1, "Best gamma": 50, "Best Test accuracy": 0.1, "Train acc": 0.1}, "PDM log": "{(10, 1, 50): {'shapes': [(3072, 100), (100,), (100, 145), (145,), (145, 154), (154,), (154, 199), (199,), (199, 10), (10,)], 'train_accuracy': 0.1, 'test_accuracy': 0.1}}", "timing": 156}, "pdm_KL_reg 10": {"Best Result": {"Best Sigma0": 10, "Best sigma": 1, "Best gamma": 50, "Best Test accuracy": 0.1, "Train acc": 0.1}, "PDM log": "{(10, 1, 50): {'shapes': [(3072, 100), (100,), (100, 135), (135,), (135, 136), (136,), (136, 172), (172,), (172, 10), (10,)], 'train_accuracy': 0.1, 'test_accuracy': 0.1}}", "timing": 196}, "best_reg": 1}