{"seed": 9, "Data statistics": "{0: {0: 850, 1: 134, 2: 1, 3: 25, 4: 72, 5: 460, 6: 154, 7: 349, 8: 2830, 9: 76}, 1: {0: 207, 1: 1494, 2: 666, 3: 1620, 4: 108, 5: 232, 6: 695}, 2: {0: 273, 1: 142, 2: 96, 3: 413, 4: 807, 5: 440, 6: 112, 7: 72, 8: 6, 9: 476}, 3: {0: 943, 1: 497, 2: 82, 3: 901, 4: 767, 5: 61, 6: 16, 7: 1049, 8: 13, 9: 18}, 4: {0: 706, 1: 124, 2: 1814, 3: 664, 4: 2594}, 5: {0: 58, 2: 452, 3: 3, 4: 95, 5: 842, 6: 14, 7: 1323, 8: 1770, 9: 199}, 6: {0: 289, 1: 63, 2: 4, 3: 214, 4: 342, 5: 1069, 6: 860, 7: 239, 9: 2287}, 7: {0: 755, 1: 464, 2: 1575, 3: 452, 4: 50, 5: 8, 6: 2365}, 8: {0: 116, 1: 1976, 2: 6, 3: 563, 4: 76, 5: 1467, 6: 95, 7: 785}, 9: {0: 803, 1: 106, 2: 304, 3: 145, 4: 89, 5: 421, 6: 689, 7: 1183, 8: 381, 9: 1944}}", "loading time": 36, "local_train_accs": [0.6703696222985256, 0.5525686977299881, 0.43496651392315827, 0.3940648723257419, 0.4534056252117926, 0.6232127838519764, 0.5556176634991615, 0.5972834715117304, 0.5969708890637293, 0.5241549876339654], "local_test_accs": [0.1998, 0.191, 0.1949, 0.1841, 0.1118, 0.1948, 0.1883, 0.2282, 0.1823, 0.2516], "Uniform ensemble (Train acc)": 0.31224, "Uniform ensemble (Test acc)": 0.3076, "FedAvg (Train acc)": 0.1, "FedAvg (Test acc)": 0.1, "pdm_KL_reg 0": {"Best Result": {"Best Sigma0": 10, "Best sigma": 1, "Best gamma": 50, "Best Test accuracy": 0.1935, "Train acc": 0.1935}, "PDM log": "{(10, 1, 50): {'shapes': [(3072, 700), (700,), (700, 298), (298,), (298, 298), (298,), (298, 225), (225,), (225, 10), (10,)], 'train_accuracy': 0.1935, 'test_accuracy': 0.1935}}", "timing": 321}, "pdm_KL_reg 0.001": {"Best Result": {"Best Sigma0": 10, "Best sigma": 1, "Best gamma": 50, "Best Test accuracy": 0.1918, "Train acc": 0.19126}, "PDM log": "{(10, 1, 50): {'shapes': [(3072, 700), (700,), (700, 289), (289,), (289, 298), (298,), (298, 225), (225,), (225, 10), (10,)], 'train_accuracy': 0.19126, 'test_accuracy': 0.1918}}", "timing": 799}, "pdm_KL_reg 0.005": {"Best Result": {"Best Sigma0": 10, "Best sigma": 1, "Best gamma": 50, "Best Test accuracy": 0.192, "Train acc": 0.19222}, "PDM log": "{(10, 1, 50): {'shapes': [(3072, 700), (700,), (700, 289), (289,), (289, 289), (289,), (289, 225), (225,), (225, 10), (10,)], 'train_accuracy': 0.19222, 'test_accuracy': 0.192}}", "timing": 823}, "pdm_KL_reg 0.01": {"Best Result": {"Best Sigma0": 10, "Best sigma": 1, "Best gamma": 50, "Best Test accuracy": 0.1936, "Train acc": 0.19166}, "PDM log": "{(10, 1, 50): {'shapes': [(3072, 700), (700,), (700, 289), (289,), (289, 289), (289,), (289, 225), (225,), (225, 10), (10,)], 'train_accuracy': 0.19166, 'test_accuracy': 0.1936}}", "timing": 729}, "pdm_KL_reg 0.05": {"Best Result": {"Best Sigma0": 10, "Best sigma": 1, "Best gamma": 50, "Best Test accuracy": 0.1947, "Train acc": 0.19504}, "PDM log": "{(10, 1, 50): {'shapes': [(3072, 700), (700,), (700, 289), (289,), (289, 289), (289,), (289, 225), (225,), (225, 10), (10,)], 'train_accuracy': 0.19504, 'test_accuracy': 0.1947}}", "timing": 591}, "pdm_KL_reg 0.1": {"Best Result": {"Best Sigma0": 10, "Best sigma": 1, "Best gamma": 50, "Best Test accuracy": 0.1921, "Train acc": 0.19242}, "PDM log": "{(10, 1, 50): {'shapes': [(3072, 700), (700,), (700, 289), (289,), (289, 289), (289,), (289, 225), (225,), (225, 10), (10,)], 'train_accuracy': 0.19242, 'test_accuracy': 0.1921}}", "timing": 570}, "pdm_KL_reg 0.5": {"Best Result": {"Best Sigma0": 10, "Best sigma": 1, "Best gamma": 50, "Best Test accuracy": 0.1824, "Train acc": 0.18122}, "PDM log": "{(10, 1, 50): {'shapes': [(3072, 700), (700,), (700, 262), (262,), (262, 264), (264,), (264, 235), (235,), (235, 10), (10,)], 'train_accuracy': 0.18122, 'test_accuracy': 0.1824}}", "timing": 667}, "pdm_KL_reg 1": {"Best Result": {"Best Sigma0": 10, "Best sigma": 1, "Best gamma": 50, "Best Test accuracy": 0.1722, "Train acc": 0.17076}, "PDM log": "{(10, 1, 50): {'shapes': [(3072, 595), (595,), (595, 244), (244,), (244, 244), (244,), (244, 235), (235,), (235, 10), (10,)], 'train_accuracy': 0.17076, 'test_accuracy': 0.1722}}", "timing": 587}, "pdm_KL_reg 2": {"Best Result": {"Best Sigma0": 10, "Best sigma": 1, "Best gamma": 50, "Best Test accuracy": 0.1, "Train acc": 0.1}, "PDM log": "{(10, 1, 50): {'shapes': [(3072, 117), (117,), (117, 190), (190,), (190, 190), (190,), (190, 217), (217,), (217, 10), (10,)], 'train_accuracy': 0.1, 'test_accuracy': 0.1}}", "timing": 255}, "pdm_KL_reg 5": {"Best Result": {"Best Sigma0": 10, "Best sigma": 1, "Best gamma": 50, "Best Test accuracy": 0.1, "Train acc": 0.1}, "PDM log": "{(10, 1, 50): {'shapes': [(3072, 100), (100,), (100, 136), (136,), (136, 154), (154,), (154, 199), (199,), (199, 10), (10,)], 'train_accuracy': 0.1, 'test_accuracy': 0.1}}", "timing": 201}, "pdm_KL_reg 10": {"Best Result": {"Best Sigma0": 10, "Best sigma": 1, "Best gamma": 50, "Best Test accuracy": 0.1, "Train acc": 0.1}, "PDM log": "{(10, 1, 50): {'shapes': [(3072, 100), (100,), (100, 124), (124,), (124, 136), (136,), (136, 172), (172,), (172, 10), (10,)], 'train_accuracy': 0.1, 'test_accuracy': 0.1}}", "timing": 118}, "best_reg": 0.05}