{"seed": 5, "Data statistics": "{0: {0: 1274, 1: 582, 3: 276, 4: 2899, 5: 487, 6: 472, 7: 30}, 1: {0: 2625, 1: 243, 2: 511, 3: 1290, 4: 253, 5: 1031, 6: 601}, 2: {0: 927, 1: 1352, 2: 97, 3: 196, 4: 833, 5: 111, 6: 25, 7: 1460, 8: 231, 9: 134}, 3: {0: 12, 1: 382, 2: 692, 3: 41, 4: 55, 5: 73, 6: 59, 7: 274, 8: 782, 9: 653}, 4: {0: 16, 1: 32, 2: 4, 3: 31, 4: 410, 5: 1631, 6: 13, 7: 148, 8: 3007, 9: 2564}, 5: {0: 63, 1: 315, 2: 43, 3: 3062, 4: 9, 5: 287, 6: 1396, 7: 1188}, 6: {1: 2919, 2: 102, 3: 33, 4: 980, 5: 573, 6: 1114, 7: 47, 8: 1144}, 7: {0: 332, 1: 36, 2: 3305, 3: 223, 4: 56, 5: 446, 6: 328, 7: 2857}, 8: {0: 564, 1: 28, 2: 1048, 3: 932, 4: 277, 5: 696, 6: 142, 7: 144, 8: 395, 9: 481}, 9: {0: 110, 1: 853, 2: 156, 3: 47, 4: 70, 5: 86, 6: 1768, 7: 117, 8: 292, 9: 2117}}", "loading time": 19, "local_train_accs": [0.9951827242524917, 0.9911504424778761, 0.990122996645546, 0.9913992722461131, 0.9797606924643585, 0.9943422913719944, 0.9862557870370371, 0.9877357246472372, 0.9719566602931804, 0.9798789173789174], "local_test_accs": [0.6575, 0.6602, 0.8874, 0.8465, 0.6967, 0.6885, 0.7025, 0.7244, 0.9118, 0.8206], "pdm_KL_reg 0": {"Best Result": {"Best Sigma0": 3, "Best sigma": 0.9, "Best gamma": 1, "Best Test accuracy": 0.6252, "Train acc": 0.6306833333333334}, "PDM log": "{(3, 0.9, 1): {'shapes': [(784, 631), (631,), (631, 109), (109,), (109, 101), (101,), (101, 10), (10,)], 'train_accuracy': 0.6306833333333334, 'test_accuracy': 0.6252}}", "timing": 242}, "pdm_KL_reg 0.001": {"Best Result": {"Best Sigma0": 3, "Best sigma": 0.9, "Best gamma": 1, "Best Test accuracy": 0.6835, "Train acc": 0.6830333333333334}, "PDM log": "{(3, 0.9, 1): {'shapes': [(784, 628), (628,), (628, 109), (109,), (109, 101), (101,), (101, 10), (10,)], 'train_accuracy': 0.6830333333333334, 'test_accuracy': 0.6835}}", "timing": 628}, "pdm_KL_reg 0.005": {"Best Result": {"Best Sigma0": 3, "Best sigma": 0.9, "Best gamma": 1, "Best Test accuracy": 0.6136, "Train acc": 0.6176166666666667}, "PDM log": "{(3, 0.9, 1): {'shapes': [(784, 631), (631,), (631, 109), (109,), (109, 101), (101,), (101, 10), (10,)], 'train_accuracy': 0.6176166666666667, 'test_accuracy': 0.6136}}", "timing": 654}, "pdm_KL_reg 0.01": {"Best Result": {"Best Sigma0": 3, "Best sigma": 0.9, "Best gamma": 1, "Best Test accuracy": 0.6505, "Train acc": 0.6573166666666667}, "PDM log": "{(3, 0.9, 1): {'shapes': [(784, 628), (628,), (628, 109), (109,), (109, 101), (101,), (101, 10), (10,)], 'train_accuracy': 0.6573166666666667, 'test_accuracy': 0.6505}}", "timing": 589}, "pdm_KL_reg 0.05": {"Best Result": {"Best Sigma0": 3, "Best sigma": 0.9, "Best gamma": 1, "Best Test accuracy": 0.61, "Train acc": 0.6199333333333333}, "PDM log": "{(3, 0.9, 1): {'shapes': [(784, 627), (627,), (627, 109), (109,), (109, 101), (101,), (101, 10), (10,)], 'train_accuracy': 0.6199333333333333, 'test_accuracy': 0.61}}", "timing": 646}, "pdm_KL_reg 0.1": {"Best Result": {"Best Sigma0": 3, "Best sigma": 0.9, "Best gamma": 1, "Best Test accuracy": 0.6009, "Train acc": 0.6113}, "PDM log": "{(3, 0.9, 1): {'shapes': [(784, 619), (619,), (619, 109), (109,), (109, 101), (101,), (101, 10), (10,)], 'train_accuracy': 0.6113, 'test_accuracy': 0.6009}}", "timing": 623}, "pdm_KL_reg 0.5": {"Best Result": {"Best Sigma0": 3, "Best sigma": 0.9, "Best gamma": 1, "Best Test accuracy": 0.6498, "Train acc": 0.6580333333333334}, "PDM log": "{(3, 0.9, 1): {'shapes': [(784, 584), (584,), (584, 109), (109,), (109, 100), (100,), (100, 10), (10,)], 'train_accuracy': 0.6580333333333334, 'test_accuracy': 0.6498}}", "timing": 538}, "pdm_KL_reg 1": {"Best Result": {"Best Sigma0": 3, "Best sigma": 0.9, "Best gamma": 1, "Best Test accuracy": 0.545, "Train acc": 0.5464333333333333}, "PDM log": "{(3, 0.9, 1): {'shapes': [(784, 452), (452,), (452, 100), (100,), (100, 100), (100,), (100, 10), (10,)], 'train_accuracy': 0.5464333333333333, 'test_accuracy': 0.545}}", "timing": 377}, "pdm_KL_reg 2": {"Best Result": {"Best Sigma0": 3, "Best sigma": 0.9, "Best gamma": 1, "Best Test accuracy": 0.0974, "Train acc": 0.09751666666666667}, "PDM log": "{(3, 0.9, 1): {'shapes': [(784, 100), (100,), (100, 100), (100,), (100, 100), (100,), (100, 10), (10,)], 'train_accuracy': 0.09751666666666667, 'test_accuracy': 0.0974}}", "timing": 63}, "pdm_KL_reg 5": {"Best Result": {"Best Sigma0": 3, "Best sigma": 0.9, "Best gamma": 1, "Best Test accuracy": 0.0974, "Train acc": 0.09751666666666667}, "PDM log": "{(3, 0.9, 1): {'shapes': [(784, 100), (100,), (100, 100), (100,), (100, 100), (100,), (100, 10), (10,)], 'train_accuracy': 0.09751666666666667, 'test_accuracy': 0.0974}}", "timing": 60}, "pdm_KL_reg 10": {"Best Result": {"Best Sigma0": 3, "Best sigma": 0.9, "Best gamma": 1, "Best Test accuracy": 0.0974, "Train acc": 0.09751666666666667}, "PDM log": "{(3, 0.9, 1): {'shapes': [(784, 100), (100,), (100, 100), (100,), (100, 100), (100,), (100, 10), (10,)], 'train_accuracy': 0.09751666666666667, 'test_accuracy': 0.0974}}", "timing": 64}, "best_reg": 0.001}