{"seed": 1, "Data statistics": "{0: {0: 248, 1: 83, 2: 207, 3: 99, 4: 776, 5: 380, 6: 206, 7: 350, 8: 326, 9: 117}, 1: {0: 32, 1: 787, 2: 107, 3: 76, 4: 860, 5: 388, 6: 1125, 7: 1, 8: 586, 9: 2654}, 2: {0: 1711, 1: 1222, 2: 2657, 3: 143, 4: 349}, 3: {0: 301, 1: 336, 2: 1374, 3: 1805, 4: 2026, 5: 2536}, 4: {0: 166, 1: 315, 2: 274, 3: 12, 4: 47, 5: 38, 6: 723, 7: 175, 8: 48, 9: 2474}, 5: {0: 2902, 1: 187, 3: 322, 4: 24, 5: 71, 6: 2360, 7: 2841}, 6: {0: 127, 1: 963, 2: 729, 3: 810, 4: 960, 5: 24, 6: 804, 7: 111, 8: 1703}, 7: {0: 28, 1: 1747, 2: 276, 3: 72, 4: 657, 5: 1128, 6: 668, 7: 58, 8: 457, 9: 122}, 8: {0: 4, 1: 364, 2: 138, 3: 177, 4: 45, 5: 798, 7: 2648, 8: 2247}, 9: {0: 404, 1: 738, 2: 196, 3: 2615, 4: 98, 5: 58, 6: 32, 7: 81, 8: 484, 9: 582}}", "loading time": 20, "local_train_accs": [0.9828080229226361, 0.9877569528415961, 0.9879973692864189, 0.9929577464788732, 0.9786985018726592, 0.995980245779258, 0.9879634087626384, 0.9838864377517744, 0.9925245288895811, 0.9888426626323752], "local_test_accs": [0.9057, 0.801, 0.4928, 0.5861, 0.7463, 0.6151, 0.7835, 0.8262, 0.6254, 0.8708], "pdm_KL_reg 0": {"Best Result": {"Best Sigma0": 3, "Best sigma": 0.9, "Best gamma": 1, "Best Test accuracy": 0.5802, "Train acc": 0.57695}, "PDM log": "{(3, 0.9, 1): {'shapes': [(784, 656), (656,), (656, 109), (109,), (109, 100), (100,), (100, 10), (10,)], 'train_accuracy': 0.57695, 'test_accuracy': 0.5802}}", "timing": 272}, "pdm_KL_reg 0.001": {"Best Result": {"Best Sigma0": 3, "Best sigma": 0.9, "Best gamma": 1, "Best Test accuracy": 0.663, "Train acc": 0.6513333333333333}, "PDM log": "{(3, 0.9, 1): {'shapes': [(784, 653), (653,), (653, 109), (109,), (109, 100), (100,), (100, 10), (10,)], 'train_accuracy': 0.6513333333333333, 'test_accuracy': 0.663}}", "timing": 687}, "pdm_KL_reg 0.005": {"Best Result": {"Best Sigma0": 3, "Best sigma": 0.9, "Best gamma": 1, "Best Test accuracy": 0.637, "Train acc": 0.62775}, "PDM log": "{(3, 0.9, 1): {'shapes': [(784, 655), (655,), (655, 109), (109,), (109, 100), (100,), (100, 10), (10,)], 'train_accuracy': 0.62775, 'test_accuracy': 0.637}}", "timing": 654}, "pdm_KL_reg 0.01": {"Best Result": {"Best Sigma0": 3, "Best sigma": 0.9, "Best gamma": 1, "Best Test accuracy": 0.53, "Train acc": 0.5299}, "PDM log": "{(3, 0.9, 1): {'shapes': [(784, 652), (652,), (652, 109), (109,), (109, 100), (100,), (100, 10), (10,)], 'train_accuracy': 0.5299, 'test_accuracy': 0.53}}", "timing": 651}, "pdm_KL_reg 0.05": {"Best Result": {"Best Sigma0": 3, "Best sigma": 0.9, "Best gamma": 1, "Best Test accuracy": 0.6716, "Train acc": 0.6609}, "PDM log": "{(3, 0.9, 1): {'shapes': [(784, 651), (651,), (651, 109), (109,), (109, 100), (100,), (100, 10), (10,)], 'train_accuracy': 0.6609, 'test_accuracy': 0.6716}}", "timing": 666}, "pdm_KL_reg 0.1": {"Best Result": {"Best Sigma0": 3, "Best sigma": 0.9, "Best gamma": 1, "Best Test accuracy": 0.5702, "Train acc": 0.56455}, "PDM log": "{(3, 0.9, 1): {'shapes': [(784, 647), (647,), (647, 109), (109,), (109, 100), (100,), (100, 10), (10,)], 'train_accuracy': 0.56455, 'test_accuracy': 0.5702}}", "timing": 643}, "pdm_KL_reg 0.5": {"Best Result": {"Best Sigma0": 3, "Best sigma": 0.9, "Best gamma": 1, "Best Test accuracy": 0.6415, "Train acc": 0.6301833333333333}, "PDM log": "{(3, 0.9, 1): {'shapes': [(784, 598), (598,), (598, 109), (109,), (109, 100), (100,), (100, 10), (10,)], 'train_accuracy': 0.6301833333333333, 'test_accuracy': 0.6415}}", "timing": 595}, "pdm_KL_reg 1": {"Best Result": {"Best Sigma0": 3, "Best sigma": 0.9, "Best gamma": 1, "Best Test accuracy": 0.5845, "Train acc": 0.5803666666666667}, "PDM log": "{(3, 0.9, 1): {'shapes': [(784, 457), (457,), (457, 100), (100,), (100, 100), (100,), (100, 10), (10,)], 'train_accuracy': 0.5803666666666667, 'test_accuracy': 0.5845}}", "timing": 362}, "pdm_KL_reg 2": {"Best Result": {"Best Sigma0": 3, "Best sigma": 0.9, "Best gamma": 1, "Best Test accuracy": 0.0974, "Train acc": 0.09751666666666667}, "PDM log": "{(3, 0.9, 1): {'shapes': [(784, 100), (100,), (100, 100), (100,), (100, 100), (100,), (100, 10), (10,)], 'train_accuracy': 0.09751666666666667, 'test_accuracy': 0.0974}}", "timing": 60}, "pdm_KL_reg 5": {"Best Result": {"Best Sigma0": 3, "Best sigma": 0.9, "Best gamma": 1, "Best Test accuracy": 0.0974, "Train acc": 0.09751666666666667}, "PDM log": "{(3, 0.9, 1): {'shapes': [(784, 100), (100,), (100, 100), (100,), (100, 100), (100,), (100, 10), (10,)], 'train_accuracy': 0.09751666666666667, 'test_accuracy': 0.0974}}", "timing": 63}, "pdm_KL_reg 10": {"Best Result": {"Best Sigma0": 3, "Best sigma": 0.9, "Best gamma": 1, "Best Test accuracy": 0.0974, "Train acc": 0.09751666666666667}, "PDM log": "{(3, 0.9, 1): {'shapes': [(784, 100), (100,), (100, 100), (100,), (100, 100), (100,), (100, 10), (10,)], 'train_accuracy': 0.09751666666666667, 'test_accuracy': 0.0974}}", "timing": 63}, "best_reg": 0.05}