{"seed": 4, "Data statistics": "{0: {0: 321, 1: 1287, 2: 157, 3: 21, 4: 607, 5: 1592, 6: 2154}, 1: {0: 689, 1: 357, 2: 399, 3: 51, 4: 2117, 5: 62, 6: 291, 7: 1583, 8: 204, 9: 143}, 2: {0: 455, 1: 255, 2: 873, 3: 149, 4: 226, 5: 168, 7: 212, 8: 34, 9: 1895}, 3: {0: 629, 1: 1403, 2: 274, 3: 870, 4: 911, 5: 436, 6: 1, 7: 829, 8: 48, 9: 10}, 4: {0: 2, 1: 2167, 2: 2124, 3: 72, 4: 6, 5: 431, 6: 83, 7: 97, 8: 407, 9: 295}, 5: {0: 234, 1: 4, 2: 589, 3: 2311, 4: 245, 5: 329, 6: 445, 7: 448, 8: 24, 9: 2405}, 6: {0: 118, 1: 210, 2: 490, 3: 10, 4: 1, 5: 1653, 6: 1894, 7: 3, 8: 1496, 9: 178}, 7: {0: 693, 1: 224, 2: 255, 3: 789, 4: 1093, 5: 63, 6: 837, 7: 916, 8: 3239}, 8: {0: 2544, 1: 789, 2: 131, 3: 422, 4: 176, 5: 2, 6: 135, 7: 1957}, 9: {0: 238, 1: 46, 2: 666, 3: 1436, 4: 460, 5: 685, 6: 78, 7: 220, 8: 399, 9: 1023}}", "loading time": 20, "local_train_accs": [0.9899006352826193, 0.9855834464043419, 0.9800796812749004, 0.9678432822029199, 0.9903237156931738, 0.9680125106624965, 0.9866182058483397, 0.9811320754716981, 0.9917153996101364, 0.9535326604456295], "local_test_accs": [0.6182, 0.8841, 0.8015, 0.7112, 0.7114, 0.7185, 0.6818, 0.8072, 0.6531, 0.8489], "pdm_KL_reg 0": {"Best Result": {"Best Sigma0": 3, "Best sigma": 0.9, "Best gamma": 1, "Best Test accuracy": 0.5763, "Train acc": 0.5621166666666667}, "PDM log": "{(3, 0.9, 1): {'shapes': [(784, 659), (659,), (659, 109), (109,), (109, 100), (100,), (100, 10), (10,)], 'train_accuracy': 0.5621166666666667, 'test_accuracy': 0.5763}}", "timing": 272}, "pdm_KL_reg 0.001": {"Best Result": {"Best Sigma0": 3, "Best sigma": 0.9, "Best gamma": 1, "Best Test accuracy": 0.7582, "Train acc": 0.7613166666666666}, "PDM log": "{(3, 0.9, 1): {'shapes': [(784, 661), (661,), (661, 116), (116,), (116, 100), (100,), (100, 10), (10,)], 'train_accuracy': 0.7613166666666666, 'test_accuracy': 0.7582}}", "timing": 690}, "pdm_KL_reg 0.005": {"Best Result": {"Best Sigma0": 3, "Best sigma": 0.9, "Best gamma": 1, "Best Test accuracy": 0.6012, "Train acc": 0.60465}, "PDM log": "{(3, 0.9, 1): {'shapes': [(784, 657), (657,), (657, 109), (109,), (109, 100), (100,), (100, 10), (10,)], 'train_accuracy': 0.60465, 'test_accuracy': 0.6012}}", "timing": 620}, "pdm_KL_reg 0.01": {"Best Result": {"Best Sigma0": 3, "Best sigma": 0.9, "Best gamma": 1, "Best Test accuracy": 0.6462, "Train acc": 0.64625}, "PDM log": "{(3, 0.9, 1): {'shapes': [(784, 657), (657,), (657, 109), (109,), (109, 100), (100,), (100, 10), (10,)], 'train_accuracy': 0.64625, 'test_accuracy': 0.6462}}", "timing": 602}, "pdm_KL_reg 0.05": {"Best Result": {"Best Sigma0": 3, "Best sigma": 0.9, "Best gamma": 1, "Best Test accuracy": 0.6174, "Train acc": 0.6156333333333334}, "PDM log": "{(3, 0.9, 1): {'shapes': [(784, 655), (655,), (655, 114), (114,), (114, 100), (100,), (100, 10), (10,)], 'train_accuracy': 0.6156333333333334, 'test_accuracy': 0.6174}}", "timing": 629}, "pdm_KL_reg 0.1": {"Best Result": {"Best Sigma0": 3, "Best sigma": 0.9, "Best gamma": 1, "Best Test accuracy": 0.5226, "Train acc": 0.5162333333333333}, "PDM log": "{(3, 0.9, 1): {'shapes': [(784, 651), (651,), (651, 109), (109,), (109, 100), (100,), (100, 10), (10,)], 'train_accuracy': 0.5162333333333333, 'test_accuracy': 0.5226}}", "timing": 687}, "pdm_KL_reg 0.5": {"Best Result": {"Best Sigma0": 3, "Best sigma": 0.9, "Best gamma": 1, "Best Test accuracy": 0.6114, "Train acc": 0.6069666666666667}, "PDM log": "{(3, 0.9, 1): {'shapes': [(784, 611), (611,), (611, 109), (109,), (109, 100), (100,), (100, 10), (10,)], 'train_accuracy': 0.6069666666666667, 'test_accuracy': 0.6114}}", "timing": 515}, "pdm_KL_reg 1": {"Best Result": {"Best Sigma0": 3, "Best sigma": 0.9, "Best gamma": 1, "Best Test accuracy": 0.705, "Train acc": 0.6998166666666666}, "PDM log": "{(3, 0.9, 1): {'shapes': [(784, 489), (489,), (489, 100), (100,), (100, 100), (100,), (100, 10), (10,)], 'train_accuracy': 0.6998166666666666, 'test_accuracy': 0.705}}", "timing": 414}, "pdm_KL_reg 2": {"Best Result": {"Best Sigma0": 3, "Best sigma": 0.9, "Best gamma": 1, "Best Test accuracy": 0.0974, "Train acc": 0.09751666666666667}, "PDM log": "{(3, 0.9, 1): {'shapes': [(784, 100), (100,), (100, 100), (100,), (100, 100), (100,), (100, 10), (10,)], 'train_accuracy': 0.09751666666666667, 'test_accuracy': 0.0974}}", "timing": 59}, "pdm_KL_reg 5": {"Best Result": {"Best Sigma0": 3, "Best sigma": 0.9, "Best gamma": 1, "Best Test accuracy": 0.0974, "Train acc": 0.09751666666666667}, "PDM log": "{(3, 0.9, 1): {'shapes': [(784, 100), (100,), (100, 100), (100,), (100, 100), (100,), (100, 10), (10,)], 'train_accuracy': 0.09751666666666667, 'test_accuracy': 0.0974}}", "timing": 62}, "pdm_KL_reg 10": {"Best Result": {"Best Sigma0": 3, "Best sigma": 0.9, "Best gamma": 1, "Best Test accuracy": 0.0974, "Train acc": 0.09751666666666667}, "PDM log": "{(3, 0.9, 1): {'shapes': [(784, 100), (100,), (100, 100), (100,), (100, 100), (100,), (100, 10), (10,)], 'train_accuracy': 0.09751666666666667, 'test_accuracy': 0.0974}}", "timing": 61}, "best_reg": 0.001}