{"seed": 2, "Data statistics": "{0: {0: 613, 1: 691, 2: 569, 3: 611, 4: 600, 5: 562, 6: 585, 7: 610, 8: 590, 9: 569}, 1: {0: 570, 1: 663, 2: 625, 3: 641, 4: 617, 5: 521, 6: 584, 7: 610, 8: 576, 9: 593}, 2: {0: 595, 1: 669, 2: 620, 3: 637, 4: 572, 5: 563, 6: 606, 7: 618, 8: 547, 9: 573}, 3: {0: 572, 1: 675, 2: 577, 3: 575, 4: 587, 5: 546, 6: 611, 7: 637, 8: 606, 9: 614}, 4: {0: 569, 1: 623, 2: 612, 3: 646, 4: 593, 5: 550, 6: 617, 7: 608, 8: 584, 9: 598}, 5: {0: 587, 1: 695, 2: 601, 3: 613, 4: 563, 5: 546, 6: 576, 7: 657, 8: 593, 9: 569}, 6: {0: 618, 1: 690, 2: 608, 3: 559, 4: 573, 5: 541, 6: 572, 7: 633, 8: 590, 9: 616}, 7: {0: 611, 1: 691, 2: 579, 3: 637, 4: 587, 5: 530, 6: 551, 7: 660, 8: 555, 9: 599}, 8: {0: 640, 1: 672, 2: 587, 3: 574, 4: 581, 5: 525, 6: 595, 7: 632, 8: 580, 9: 614}, 9: {0: 548, 1: 673, 2: 580, 3: 638, 4: 569, 5: 537, 6: 621, 7: 600, 8: 630, 9: 604}}", "loading time": 45, "local_train_accs": [0.9675, 0.9788333333333333, 0.9716666666666667, 0.976, 0.9673333333333334, 0.9775, 0.9735, 0.9543333333333334, 0.9596666666666667, 0.9535], "local_test_accs": [0.9264, 0.9374, 0.9298, 0.9353, 0.9276, 0.9358, 0.9369, 0.9062, 0.9131, 0.9111], "pdm_KL_reg 0": {"Best Result": {"Best Sigma0": 10, "Best sigma": 0.5, "Best gamma": 10, "Best Test accuracy": 0.8799, "Train acc": 0.8842166666666667}, "PDM log": "{(10, 0.5, 10): {'shapes': [(784, 865), (865,), (865, 563), (563,), (563, 307), (307,), (307, 118), (118,), (118, 10), (10,)], 'train_accuracy': 0.8842166666666667, 'test_accuracy': 0.8799}}", "timing": 407}, "best_reg": 0, "skip_pdm": {"Best Result": {"Best Sigma0": 10, "Best sigma": 0.5, "Best gamma": 10, "Best Test accuracy": 0.0974, "Train acc": 0.09751666666666667}, "PDM log": "{(10, 0.5, 10): {'shapes': [(858, 785), (101, 858), (785, 101), (101, 785), (10, 101)], 'train_accuracy': 0.09751666666666667, 'test_accuracy': 0.0974}}", "timing": 342}}