{"seed": 6, "Data statistics": "{0: {0: 359, 1: 323, 2: 321, 3: 326, 4: 330, 5: 334, 6: 347, 7: 334, 8: 340, 9: 320}, 1: {0: 330, 1: 341, 2: 314, 3: 324, 4: 340, 5: 319, 6: 336, 7: 313, 8: 335, 9: 382}, 2: {0: 328, 1: 343, 2: 312, 3: 343, 4: 361, 5: 346, 6: 327, 7: 316, 8: 346, 9: 312}, 3: {0: 343, 1: 324, 2: 321, 3: 348, 4: 344, 5: 324, 6: 339, 7: 313, 8: 349, 9: 329}, 4: {0: 319, 1: 327, 2: 323, 3: 328, 4: 317, 5: 354, 6: 344, 7: 355, 8: 337, 9: 330}, 5: {0: 318, 1: 307, 2: 366, 3: 331, 4: 333, 5: 346, 6: 298, 7: 324, 8: 349, 9: 361}, 6: {0: 344, 1: 323, 2: 357, 3: 335, 4: 353, 5: 302, 6: 344, 7: 328, 8: 338, 9: 309}, 7: {0: 328, 1: 331, 2: 313, 3: 347, 4: 328, 5: 321, 6: 352, 7: 344, 8: 346, 9: 323}, 8: {0: 336, 1: 330, 2: 334, 3: 349, 4: 319, 5: 350, 6: 352, 7: 305, 8: 325, 9: 333}, 9: {0: 311, 1: 337, 2: 343, 3: 330, 4: 299, 5: 360, 6: 339, 7: 352, 8: 330, 9: 332}, 10: {0: 347, 1: 324, 2: 369, 3: 328, 4: 306, 5: 312, 6: 324, 7: 357, 8: 341, 9: 325}, 11: {0: 350, 1: 358, 2: 319, 3: 300, 4: 342, 5: 339, 6: 311, 7: 339, 8: 304, 9: 371}, 12: {0: 331, 1: 333, 2: 334, 3: 358, 4: 343, 5: 327, 6: 318, 7: 341, 8: 325, 9: 323}, 13: {0: 341, 1: 332, 2: 324, 3: 321, 4: 343, 5: 336, 6: 344, 7: 349, 8: 318, 9: 325}, 14: {0: 315, 1: 367, 2: 350, 3: 332, 4: 342, 5: 330, 6: 325, 7: 330, 8: 317, 9: 325}}", "comm 0": {"training timing": 736, "local_train_accs": [0.4433113377324535, 0.47450509898020393, 0.4610077984403119, 0.4430113977204559, 0.46220755848830236, 0.48814881488148815, 0.4446444644464446, 0.4746474647464746, 0.44914491449144917, 0.44044404440444046, 0.45034503450345037, 0.44794479447944796, 0.46624662466246625, 0.47764776477647763, 0.41794179417941796], "local_test_accs": [0.4433113377324535, 0.47450509898020393, 0.4610077984403119, 0.4430113977204559, 0.46220755848830236, 0.48814881488148815, 0.4446444644464446, 0.4746474647464746, 0.44914491449144917, 0.44044404440444046, 0.45034503450345037, 0.44794479447944796, 0.46624662466246625, 0.47764776477647763, 0.41794179417941796], "Uniform ensemble (Train acc)": 0.42702, "Uniform ensemble (Test acc)": 0.4243, "FedAvg (Train acc)": 0.0991, "FedAvg (Test acc)": 0.0994, "pdm_KL (Train acc)": 0.2929, "pdm_KL (Test acc)": 0.2922}, "comm 1": {"training timing": 864, "local_train_accs": [0.4934013197360528, 0.5215956808638272, 0.5020995800839833, 0.5338932213557288, 0.5020995800839833, 0.49204920492049203, 0.47884788478847884, 0.4965496549654965, 0.5097509750975098, 0.4902490249024902, 0.5067506750675067, 0.5184518451845185, 0.5187518751875188, 0.531953195319532, 0.5229522952295229], "local_test_accs": [0.4934013197360528, 0.5215956808638272, 0.5020995800839833, 0.5338932213557288, 0.5020995800839833, 0.49204920492049203, 0.47884788478847884, 0.4965496549654965, 0.5097509750975098, 0.4902490249024902, 0.5067506750675067, 0.5184518451845185, 0.5187518751875188, 0.531953195319532, 0.5229522952295229], "Uniform ensemble (Train acc)": 0.4498, "Uniform ensemble (Test acc)": 0.4457, "FedAvg (Train acc)": 0.09972, "FedAvg (Test acc)": 0.0998, "pdm_KL (Train acc)": 0.3641, "pdm_KL (Test acc)": 0.3632}, "comm 2": {"training timing": 803, "local_train_accs": [0.5425914817036592, 0.5692861427714457, 0.5758848230353929, 0.5704859028194361, 0.5356928614277144, 0.5289528952895289, 0.5511551155115512, 0.5871587158715872, 0.5706570657065707, 0.5742574257425742, 0.5418541854185418, 0.5862586258625863, 0.573057305730573, 0.5892589258925892, 0.5175517551755175], "local_test_accs": [0.5425914817036592, 0.5692861427714457, 0.5758848230353929, 0.5704859028194361, 0.5356928614277144, 0.5289528952895289, 0.5511551155115512, 0.5871587158715872, 0.5706570657065707, 0.5742574257425742, 0.5418541854185418, 0.5862586258625863, 0.573057305730573, 0.5892589258925892, 0.5175517551755175], "Uniform ensemble (Train acc)": 0.46538, "Uniform ensemble (Test acc)": 0.4506, "FedAvg (Train acc)": 0.10008, "FedAvg (Test acc)": 0.1, "pdm_KL (Train acc)": 0.39258, "pdm_KL (Test acc)": 0.393}, "comm 3": {"training timing": 997, "local_train_accs": [0.5881823635272946, 0.6322735452909418, 0.637372525494901, 0.6349730053989202, 0.6112777444511098, 0.6396639663966397, 0.6066606660666066, 0.600960096009601, 0.6036603660366037, 0.624062406240624, 0.57995799579958, 0.6147614761476148, 0.6228622862286228, 0.606960696069607, 0.6567656765676567], "local_test_accs": [0.5881823635272946, 0.6322735452909418, 0.637372525494901, 0.6349730053989202, 0.6112777444511098, 0.6396639663966397, 0.6066606660666066, 0.600960096009601, 0.6036603660366037, 0.624062406240624, 0.57995799579958, 0.6147614761476148, 0.6228622862286228, 0.606960696069607, 0.6567656765676567], "Uniform ensemble (Train acc)": 0.4815, "Uniform ensemble (Test acc)": 0.4634, "FedAvg (Train acc)": 0.10748, "FedAvg (Test acc)": 0.1063, "pdm_KL (Train acc)": 0.4282, "pdm_KL (Test acc)": 0.4203}, "comm 4": {"training timing": 896, "local_train_accs": [0.6139772045590882, 0.6940611877624475, 0.6250749850029994, 0.6625674865026995, 0.6331733653269346, 0.690969096909691, 0.6129612961296129, 0.6816681668166816, 0.6426642664266426, 0.636963696369637, 0.6387638763876388, 0.6621662166216622, 0.6618661866186618, 0.6648664866486649, 0.6777677767776777], "local_test_accs": [0.6139772045590882, 0.6940611877624475, 0.6250749850029994, 0.6625674865026995, 0.6331733653269346, 0.690969096909691, 0.6129612961296129, 0.6816681668166816, 0.6426642664266426, 0.636963696369637, 0.6387638763876388, 0.6621662166216622, 0.6618661866186618, 0.6648664866486649, 0.6777677767776777], "Uniform ensemble (Train acc)": 0.49248, "Uniform ensemble (Test acc)": 0.4743, "FedAvg (Train acc)": 0.10634, "FedAvg (Test acc)": 0.1054, "pdm_KL (Train acc)": 0.41242, "pdm_KL (Test acc)": 0.4015}, "comm 5": {"training timing": 873, "local_train_accs": [0.7006598680263947, 0.7501499700059988, 0.7255548890221956, 0.7249550089982003, 0.6967606478704259, 0.7176717671767177, 0.6678667866786678, 0.7212721272127213, 0.6951695169516952, 0.6897689768976898, 0.7179717971797179, 0.6825682568256826, 0.6711671167116712, 0.6897689768976898, 0.684968496849685], "local_test_accs": [0.7006598680263947, 0.7501499700059988, 0.7255548890221956, 0.7249550089982003, 0.6967606478704259, 0.7176717671767177, 0.6678667866786678, 0.7212721272127213, 0.6951695169516952, 0.6897689768976898, 0.7179717971797179, 0.6825682568256826, 0.6711671167116712, 0.6897689768976898, 0.684968496849685], "Uniform ensemble (Train acc)": 0.5032, "Uniform ensemble (Test acc)": 0.4753, "FedAvg (Train acc)": 0.12862, "FedAvg (Test acc)": 0.1298, "pdm_KL (Train acc)": 0.35056, "pdm_KL (Test acc)": 0.3381}, "comm 6": {"training timing": 373, "local_train_accs": [0.7177564487102579, 0.7666466706658668, 0.7513497300539892, 0.7261547690461908, 0.7264547090581883, 0.7584758475847585, 0.7176717671767177, 0.7329732973297329, 0.7356735673567357, 0.735973597359736, 0.735973597359736, 0.7374737473747375, 0.7563756375637564, 0.7029702970297029, 0.7611761176117612], "local_test_accs": [0.7177564487102579, 0.7666466706658668, 0.7513497300539892, 0.7261547690461908, 0.7264547090581883, 0.7584758475847585, 0.7176717671767177, 0.7329732973297329, 0.7356735673567357, 0.735973597359736, 0.735973597359736, 0.7374737473747375, 0.7563756375637564, 0.7029702970297029, 0.7611761176117612], "Uniform ensemble (Train acc)": 0.50986, "Uniform ensemble (Test acc)": 0.4804, "FedAvg (Train acc)": 0.13906, "FedAvg (Test acc)": 0.1418, "pdm_KL (Train acc)": 0.39946, "pdm_KL (Test acc)": 0.3922}, "comm 7": {"training timing": 847, "local_train_accs": [0.7966406718656269, 0.7789442111577685, 0.7846430713857229, 0.7618476304739052, 0.7564487102579485, 0.7998799879987999, 0.7344734473447345, 0.7653765376537653, 0.7077707770777077, 0.7608760876087609, 0.7806780678067807, 0.7557755775577558, 0.7464746474647465, 0.7638763876387639, 0.7806780678067807],