{"seed": 4, "Data statistics": "{0: {0: 325, 1: 334, 2: 318, 3: 325, 4: 319, 5: 328, 6: 345, 7: 348, 8: 352, 9: 340}, 1: {0: 341, 1: 340, 2: 329, 3: 361, 4: 322, 5: 331, 6: 336, 7: 341, 8: 277, 9: 356}, 2: {0: 367, 1: 353, 2: 327, 3: 299, 4: 325, 5: 345, 6: 339, 7: 324, 8: 331, 9: 324}, 3: {0: 323, 1: 331, 2: 309, 3: 311, 4: 360, 5: 345, 6: 344, 7: 334, 8: 359, 9: 318}, 4: {0: 351, 1: 326, 2: 363, 3: 342, 4: 340, 5: 330, 6: 347, 7: 317, 8: 291, 9: 327}, 5: {0: 346, 1: 335, 2: 339, 3: 303, 4: 330, 5: 314, 6: 390, 7: 338, 8: 335, 9: 303}, 6: {0: 319, 1: 344, 2: 356, 3: 342, 4: 363, 5: 344, 6: 308, 7: 312, 8: 324, 9: 321}, 7: {0: 332, 1: 337, 2: 306, 3: 362, 4: 325, 5: 346, 6: 310, 7: 338, 8: 344, 9: 333}, 8: {0: 336, 1: 320, 2: 370, 3: 354, 4: 291, 5: 335, 6: 307, 7: 332, 8: 357, 9: 331}, 9: {0: 317, 1: 340, 2: 337, 3: 333, 4: 337, 5: 342, 6: 329, 7: 336, 8: 322, 9: 340}, 10: {0: 345, 1: 319, 2: 306, 3: 346, 4: 334, 5: 338, 6: 328, 7: 336, 8: 334, 9: 347}, 11: {0: 327, 1: 316, 2: 332, 3: 324, 4: 347, 5: 323, 6: 322, 7: 342, 8: 342, 9: 358}, 12: {0: 329, 1: 316, 2: 338, 3: 336, 4: 342, 5: 314, 6: 311, 7: 351, 8: 359, 9: 337}, 13: {0: 316, 1: 347, 2: 339, 3: 320, 4: 340, 5: 347, 6: 333, 7: 336, 8: 334, 9: 321}, 14: {0: 326, 1: 342, 2: 331, 3: 342, 4: 325, 5: 318, 6: 351, 7: 315, 8: 339, 9: 344}}", "comm 0": {"training timing": 966, "local_train_accs": [0.4595080983803239, 0.4232153569286143, 0.4487102579484103, 0.4559088182363527, 0.45560887822435514, 0.44854485448544856, 0.45994599459945995, 0.45874587458745875, 0.41974197419741976, 0.46174617461746176, 0.45034503450345037, 0.42004200420042004, 0.465946594659466, 0.42184218421842185, 0.46264626462646263], "local_test_accs": [0.4595080983803239, 0.4232153569286143, 0.4487102579484103, 0.4559088182363527, 0.45560887822435514, 0.44854485448544856, 0.45994599459945995, 0.45874587458745875, 0.41974197419741976, 0.46174617461746176, 0.45034503450345037, 0.42004200420042004, 0.465946594659466, 0.42184218421842185, 0.46264626462646263], "Uniform ensemble (Train acc)": 0.41792, "Uniform ensemble (Test acc)": 0.4145, "FedAvg (Train acc)": 0.09968, "FedAvg (Test acc)": 0.1, "pdm_KL (Train acc)": 0.32166, "pdm_KL (Test acc)": 0.3198}, "comm 1": {"training timing": 915, "local_train_accs": [0.5143971205758848, 0.5107978404319136, 0.5050989802039592, 0.52249550089982, 0.4766046790641872, 0.49144914491449143, 0.5211521152115212, 0.5010501050105011, 0.5235523552355236, 0.5367536753675367, 0.49744974497449745, 0.489048904890489, 0.5229522952295229, 0.5136513651365137, 0.5277527752775277], "local_test_accs": [0.5143971205758848, 0.5107978404319136, 0.5050989802039592, 0.52249550089982, 0.4766046790641872, 0.49144914491449143, 0.5211521152115212, 0.5010501050105011, 0.5235523552355236, 0.5367536753675367, 0.49744974497449745, 0.489048904890489, 0.5229522952295229, 0.5136513651365137, 0.5277527752775277], "Uniform ensemble (Train acc)": 0.45192, "Uniform ensemble (Test acc)": 0.4478, "FedAvg (Train acc)": 0.09994, "FedAvg (Test acc)": 0.1001, "pdm_KL (Train acc)": 0.39194, "pdm_KL (Test acc)": 0.3886}, "comm 2": {"training timing": 758, "local_train_accs": [0.5536892621475705, 0.5440911817636472, 0.5734853029394121, 0.5845830833833233, 0.5680863827234554, 0.5703570357035703, 0.5676567656765676, 0.5703570357035703, 0.5532553255325533, 0.6024602460246025, 0.564056405640564, 0.5415541554155415, 0.5313531353135313, 0.5634563456345635, 0.5724572457245725], "local_test_accs": [0.5536892621475705, 0.5440911817636472, 0.5734853029394121, 0.5845830833833233, 0.5680863827234554, 0.5703570357035703, 0.5676567656765676, 0.5703570357035703, 0.5532553255325533, 0.6024602460246025, 0.564056405640564, 0.5415541554155415, 0.5313531353135313, 0.5634563456345635, 0.5724572457245725], "Uniform ensemble (Train acc)": 0.468, "Uniform ensemble (Test acc)": 0.4586, "FedAvg (Train acc)": 0.09988, "FedAvg (Test acc)": 0.1001, "pdm_KL (Train acc)": 0.4191, "pdm_KL (Test acc)": 0.4166}, "comm 3": {"training timing": 815, "local_train_accs": [0.623875224955009, 0.6286742651469706, 0.6181763647270546, 0.6052789442111578, 0.6094781043791242, 0.5955595559555955, 0.60996099609961, 0.5907590759075908, 0.585058505850585, 0.6141614161416141, 0.6255625562556255, 0.621962196219622, 0.5892589258925892, 0.5895589558955896, 0.6084608460846085], "local_test_accs": [0.623875224955009, 0.6286742651469706, 0.6181763647270546, 0.6052789442111578, 0.6094781043791242, 0.5955595559555955, 0.60996099609961, 0.5907590759075908, 0.585058505850585, 0.6141614161416141, 0.6255625562556255, 0.621962196219622, 0.5892589258925892, 0.5895589558955896, 0.6084608460846085], "Uniform ensemble (Train acc)": 0.48304, "Uniform ensemble (Test acc)": 0.4672, "FedAvg (Train acc)": 0.09958, "FedAvg (Test acc)": 0.0996, "pdm_KL (Train acc)": 0.42344, "pdm_KL (Test acc)": 0.4228}, "comm 4": {"training timing": 951, "local_train_accs": [0.6862627474505099, 0.6685662867426515, 0.6874625074985004, 0.6625674865026995, 0.6427714457108579, 0.6405640564056405, 0.6705670567056705, 0.6534653465346535, 0.6693669366936693, 0.6720672067206721, 0.6426642664266426, 0.645964596459646, 0.6441644164416441, 0.6816681668166816, 0.6198619861986199], "local_test_accs": [0.6862627474505099, 0.6685662867426515, 0.6874625074985004, 0.6625674865026995, 0.6427714457108579, 0.6405640564056405, 0.6705670567056705, 0.6534653465346535, 0.6693669366936693, 0.6720672067206721, 0.6426642664266426, 0.645964596459646, 0.6441644164416441, 0.6816681668166816, 0.6198619861986199], "Uniform ensemble (Train acc)": 0.49404, "Uniform ensemble (Test acc)": 0.4745, "FedAvg (Train acc)": 0.0997, "FedAvg (Test acc)": 0.0992, "pdm_KL (Train acc)": 0.40816, "pdm_KL (Test acc)": 0.4065}, "comm 5": {"training timing": 1069, "local_train_accs": [0.7210557888422315, 0.6772645470905819, 0.7084583083383323, 0.6664667066586683, 0.6802639472105579, 0.6648664866486649, 0.7029702970297029, 0.6813681368136814, 0.6912691269126913, 0.6651665166516652, 0.6456645664566457, 0.7182718271827183, 0.6681668166816682, 0.7104710471047104, 0.7056705670567057], "local_test_accs": [0.7210557888422315, 0.6772645470905819, 0.7084583083383323, 0.6664667066586683, 0.6802639472105579, 0.6648664866486649, 0.7029702970297029, 0.6813681368136814, 0.6912691269126913, 0.6651665166516652, 0.6456645664566457, 0.7182718271827183, 0.6681668166816682, 0.7104710471047104, 0.7056705670567057], "Uniform ensemble (Train acc)": 0.50634, "Uniform ensemble (Test acc)": 0.4851, "FedAvg (Train acc)": 0.10708, "FedAvg (Test acc)": 0.1069, "pdm_KL (Train acc)": 0.36248, "pdm_KL (Test acc)": 0.3548}, "comm 6": {"training timing": 1289, "local_train_accs": [0.7636472705458909, 0.7621475704859029, 0.7339532093581284, 0.7150569886022795, 0.7300539892021596, 0.7914791479147915, 0.7464746474647465, 0.6999699969997, 0.7455745574557455, 0.7068706870687068, 0.7506750675067507, 0.7611761176117612, 0.7653765376537653, 0.7005700570057005, 0.7437743774377438], "local_test_accs": [0.7636472705458909, 0.7621475704859029, 0.7339532093581284, 0.7150569886022795, 0.7300539892021596, 0.7914791479147915, 0.7464746474647465, 0.6999699969997, 0.7455745574557455, 0.7068706870687068, 0.7506750675067507, 0.7611761176117612, 0.7653765376537653, 0.7005700570057005, 0.7437743774377438], "Uniform ensemble (Train acc)": 0.51636, "Uniform ensemble (Test acc)": 0.4886, "FedAvg (Train acc)": 0.10512, "FedAvg (Test acc)": 0.1033, "pdm_KL (Train acc)": 0.39188, "pdm_KL (Test acc)": 0.3782}, "comm 7": {"training timing": 978, "local_train_accs": [0.7699460107978404, 0.7693461307738453, 0.7348530293941212, 0.7969406118776244, 0.7576484703059388, 0.7767776777677767, 0.7572757275727573, 0.768076807680768, 0.7788778877887789, 0.7581758175817582, 0.7881788178817882, 0.7524752475247525, 0.786978697869787, 0.7833783378337834, 0.7815781578157815],