{"seed": 5, "Data statistics": "{0: {0: 350, 1: 328, 2: 344, 3: 333, 4: 316, 5: 338, 6: 347, 7: 321, 8: 324, 9: 333}, 1: {0: 321, 1: 314, 2: 346, 3: 349, 4: 332, 5: 329, 6: 339, 7: 325, 8: 343, 9: 336}, 2: {0: 325, 1: 319, 2: 313, 3: 372, 4: 322, 5: 351, 6: 306, 7: 336, 8: 342, 9: 348}, 3: {0: 317, 1: 363, 2: 313, 3: 344, 4: 344, 5: 327, 6: 333, 7: 313, 8: 337, 9: 343}, 4: {0: 346, 1: 330, 2: 329, 3: 325, 4: 328, 5: 343, 6: 329, 7: 331, 8: 341, 9: 332}, 5: {0: 313, 1: 329, 2: 352, 3: 329, 4: 331, 5: 316, 6: 333, 7: 360, 8: 343, 9: 327}, 6: {0: 340, 1: 351, 2: 318, 3: 343, 4: 331, 5: 327, 6: 342, 7: 336, 8: 338, 9: 307}, 7: {0: 345, 1: 323, 2: 320, 3: 317, 4: 372, 5: 316, 6: 342, 7: 337, 8: 327, 9: 334}, 8: {0: 388, 1: 335, 2: 337, 3: 307, 4: 346, 5: 353, 6: 293, 7: 351, 8: 301, 9: 322}, 9: {0: 353, 1: 340, 2: 324, 3: 333, 4: 327, 5: 335, 6: 340, 7: 320, 8: 300, 9: 361}, 10: {0: 309, 1: 321, 2: 368, 3: 292, 4: 323, 5: 326, 6: 343, 7: 351, 8: 359, 9: 341}, 11: {0: 332, 1: 338, 2: 337, 3: 338, 4: 329, 5: 346, 6: 366, 7: 323, 8: 325, 9: 299}, 12: {0: 299, 1: 318, 2: 313, 3: 354, 4: 332, 5: 333, 6: 339, 7: 352, 8: 338, 9: 355}, 13: {0: 324, 1: 357, 2: 334, 3: 324, 4: 327, 5: 347, 6: 333, 7: 313, 8: 341, 9: 333}, 14: {0: 338, 1: 334, 2: 352, 3: 340, 4: 340, 5: 313, 6: 315, 7: 331, 8: 341, 9: 329}}", "comm 0": {"training timing": 570, "local_train_accs": [0.47210557888422316, 0.46400719856028794, 0.39652069586082783, 0.471505698860228, 0.47450509898020393, 0.42034203420342037, 0.46354635463546356, 0.4608460846084608, 0.4602460246024602, 0.42724272427242727, 0.47764776477647763, 0.45814581458145814, 0.46804680468046805, 0.44014401440144013, 0.41554155415541555], "local_test_accs": [0.47210557888422316, 0.46400719856028794, 0.39652069586082783, 0.471505698860228, 0.47450509898020393, 0.42034203420342037, 0.46354635463546356, 0.4608460846084608, 0.4602460246024602, 0.42724272427242727, 0.47764776477647763, 0.45814581458145814, 0.46804680468046805, 0.44014401440144013, 0.41554155415541555], "Uniform ensemble (Train acc)": 0.42466, "Uniform ensemble (Test acc)": 0.4223, "FedAvg (Train acc)": 0.10002, "FedAvg (Test acc)": 0.0989, "pdm_KL (Train acc)": 0.30662, "pdm_KL (Test acc)": 0.3006}, "comm 1": {"training timing": 952, "local_train_accs": [0.5419916016796641, 0.4979004199160168, 0.5008998200359928, 0.510497900419916, 0.5086982603479304, 0.48754875487548754, 0.47254725472547254, 0.5565556555655565, 0.4746474647464746, 0.5157515751575158, 0.5268526852685268, 0.5196519651965197, 0.5229522952295229, 0.510951095109511, 0.5175517551755175], "local_test_accs": [0.5419916016796641, 0.4979004199160168, 0.5008998200359928, 0.510497900419916, 0.5086982603479304, 0.48754875487548754, 0.47254725472547254, 0.5565556555655565, 0.4746474647464746, 0.5157515751575158, 0.5268526852685268, 0.5196519651965197, 0.5229522952295229, 0.510951095109511, 0.5175517551755175], "Uniform ensemble (Train acc)": 0.45132, "Uniform ensemble (Test acc)": 0.4395, "FedAvg (Train acc)": 0.1, "FedAvg (Test acc)": 0.1, "pdm_KL (Train acc)": 0.35278, "pdm_KL (Test acc)": 0.3483}, "comm 2": {"training timing": 940, "local_train_accs": [0.5884823035392921, 0.5716856628674265, 0.5827834433113377, 0.5653869226154769, 0.5548890221955609, 0.5766576657665766, 0.5958595859585959, 0.5532553255325533, 0.5766576657665766, 0.558055805580558, 0.5892589258925892, 0.5694569456945695, 0.5403540354035403, 0.5571557155715572, 0.54995499549955], "local_test_accs": [0.5884823035392921, 0.5716856628674265, 0.5827834433113377, 0.5653869226154769, 0.5548890221955609, 0.5766576657665766, 0.5958595859585959, 0.5532553255325533, 0.5766576657665766, 0.558055805580558, 0.5892589258925892, 0.5694569456945695, 0.5403540354035403, 0.5571557155715572, 0.54995499549955], "Uniform ensemble (Train acc)": 0.46806, "Uniform ensemble (Test acc)": 0.4539, "FedAvg (Train acc)": 0.10006, "FedAvg (Test acc)": 0.1, "pdm_KL (Train acc)": 0.38294, "pdm_KL (Test acc)": 0.3747}, "comm 3": {"training timing": 576, "local_train_accs": [0.647870425914817, 0.629874025194961, 0.6313737252549491, 0.6445710857828434, 0.6406718656268746, 0.6084608460846085, 0.5988598859885989, 0.6237623762376238, 0.5775577557755776, 0.6351635163516351, 0.618061806180618, 0.5673567356735674, 0.6093609360936093, 0.6129612961296129, 0.594059405940594], "local_test_accs": [0.647870425914817, 0.629874025194961, 0.6313737252549491, 0.6445710857828434, 0.6406718656268746, 0.6084608460846085, 0.5988598859885989, 0.6237623762376238, 0.5775577557755776, 0.6351635163516351, 0.618061806180618, 0.5673567356735674, 0.6093609360936093, 0.6129612961296129, 0.594059405940594], "Uniform ensemble (Train acc)": 0.4854, "Uniform ensemble (Test acc)": 0.4649, "FedAvg (Train acc)": 0.09996, "FedAvg (Test acc)": 0.1, "pdm_KL (Train acc)": 0.40918, "pdm_KL (Test acc)": 0.4019}, "comm 4": {"training timing": 662, "local_train_accs": [0.6904619076184763, 0.6445710857828434, 0.6475704859028194, 0.6874625074985004, 0.6628674265146971, 0.6324632463246325, 0.6756675667566757, 0.684068406840684, 0.6762676267626763, 0.6591659165916591, 0.621962196219622, 0.6297629762976298, 0.6264626462646264, 0.6705670567056705, 0.6552655265526552], "local_test_accs": [0.6904619076184763, 0.6445710857828434, 0.6475704859028194, 0.6874625074985004, 0.6628674265146971, 0.6324632463246325, 0.6756675667566757, 0.684068406840684, 0.6762676267626763, 0.6591659165916591, 0.621962196219622, 0.6297629762976298, 0.6264626462646264, 0.6705670567056705, 0.6552655265526552], "Uniform ensemble (Train acc)": 0.49454, "Uniform ensemble (Test acc)": 0.468, "FedAvg (Train acc)": 0.09914, "FedAvg (Test acc)": 0.0995, "pdm_KL (Train acc)": 0.38356, "pdm_KL (Test acc)": 0.3703}, "comm 5": {"training timing": 420, "local_train_accs": [0.7396520695860828, 0.7219556088782244, 0.6946610677864428, 0.7099580083983204, 0.7075584883023396, 0.6582658265826583, 0.7320732073207321, 0.6885688568856886, 0.6960696069606961, 0.7086708670867087, 0.729072907290729, 0.7017701770177017, 0.6768676867686768, 0.7251725172517252, 0.7068706870687068], "local_test_accs": [0.7396520695860828, 0.7219556088782244, 0.6946610677864428, 0.7099580083983204, 0.7075584883023396, 0.6582658265826583, 0.7320732073207321, 0.6885688568856886, 0.6960696069606961, 0.7086708670867087, 0.729072907290729, 0.7017701770177017, 0.6768676867686768, 0.7251725172517252, 0.7068706870687068], "Uniform ensemble (Train acc)": 0.50606, "Uniform ensemble (Test acc)": 0.4784, "FedAvg (Train acc)": 0.0834, "FedAvg (Test acc)": 0.0834, "pdm_KL (Train acc)": 0.36582, "pdm_KL (Test acc)": 0.3562}, "comm 6": {"training timing": 666, "local_train_accs": [0.7435512897420515, 0.7510497900419916, 0.755248950209958, 0.7663467306538693, 0.7204559088182364, 0.7323732373237324, 0.7236723672367237, 0.7479747974797479, 0.7287728772877288, 0.7317731773177317, 0.7245724572457246, 0.7356735673567357, 0.7542754275427542, 0.7338733873387339, 0.7572757275727573], "local_test_accs": [0.7435512897420515, 0.7510497900419916, 0.755248950209958, 0.7663467306538693, 0.7204559088182364, 0.7323732373237324, 0.7236723672367237, 0.7479747974797479, 0.7287728772877288, 0.7317731773177317, 0.7245724572457246, 0.7356735673567357, 0.7542754275427542, 0.7338733873387339, 0.7572757275727573], "Uniform ensemble (Train acc)": 0.51466, "Uniform ensemble (Test acc)": 0.481, "FedAvg (Train acc)": 0.08286, "FedAvg (Test acc)": 0.0814, "pdm_KL (Train acc)": 0.37324, "pdm_KL (Test acc)": 0.3605}, "comm 7": {"training timing": 787, "local_train_accs": [0.7933413317336533, 0.8020395920815837, 0.7540491901619676, 0.7540491901619676, 0.7903419316136773, 0.7722772277227723, 0.7881788178817882, 0.7872787278727873, 0.7926792679267927, 0.7986798679867987, 0.774977497749775, 0.7770777077707771, 0.768076807680768, 0.7947794779477948, 0.7572757275727573],