{"seed": 0, "Data statistics": "{0: {0: 333, 1: 338, 2: 324, 3: 366, 4: 307, 5: 371, 6: 325, 7: 328, 8: 308, 9: 334}, 1: {0: 362, 1: 311, 2: 323, 3: 331, 4: 339, 5: 322, 6: 320, 7: 347, 8: 346, 9: 333}, 2: {0: 309, 1: 337, 2: 369, 3: 334, 4: 321, 5: 323, 6: 308, 7: 325, 8: 335, 9: 373}, 3: {0: 348, 1: 359, 2: 330, 3: 317, 4: 347, 5: 322, 6: 330, 7: 346, 8: 322, 9: 313}, 4: {0: 302, 1: 344, 2: 327, 3: 310, 4: 344, 5: 318, 6: 353, 7: 333, 8: 354, 9: 349}, 5: {0: 347, 1: 324, 2: 335, 3: 331, 4: 348, 5: 325, 6: 320, 7: 322, 8: 311, 9: 370}, 6: {0: 349, 1: 329, 2: 334, 3: 329, 4: 308, 5: 343, 6: 351, 7: 314, 8: 332, 9: 344}, 7: {0: 326, 1: 318, 2: 315, 3: 328, 4: 334, 5: 341, 6: 351, 7: 333, 8: 328, 9: 359}, 8: {0: 334, 1: 314, 2: 349, 3: 325, 4: 368, 5: 335, 6: 355, 7: 332, 8: 320, 9: 301}, 9: {0: 336, 1: 340, 2: 354, 3: 321, 4: 322, 5: 298, 6: 325, 7: 379, 8: 332, 9: 326}, 10: {0: 336, 1: 323, 2: 322, 3: 354, 4: 328, 5: 346, 6: 341, 7: 323, 8: 327, 9: 333}, 11: {0: 313, 1: 366, 2: 299, 3: 362, 4: 340, 5: 335, 6: 342, 7: 332, 8: 326, 9: 318}, 12: {0: 324, 1: 322, 2: 322, 3: 325, 4: 344, 5: 344, 6: 326, 7: 334, 8: 367, 9: 325}, 13: {0: 346, 1: 342, 2: 345, 3: 338, 4: 323, 5: 342, 6: 344, 7: 337, 8: 319, 9: 297}, 14: {0: 335, 1: 333, 2: 352, 3: 329, 4: 327, 5: 335, 6: 309, 7: 315, 8: 373, 9: 325}}", "comm 0": {"training timing": 258, "local_train_accs": [0.4475104979004199, 0.39952009598080385, 0.41631673665266944, 0.45770845830833834, 0.4406118776244751, 0.44854485448544856, 0.43204320432043203, 0.4383438343834383, 0.44044404440444046, 0.46384638463846384, 0.4083408340834083, 0.45574557455745573, 0.4458445844584458, 0.45094509450945097, 0.39063906390639064], "local_test_accs": [0.4475104979004199, 0.39952009598080385, 0.41631673665266944, 0.45770845830833834, 0.4406118776244751, 0.44854485448544856, 0.43204320432043203, 0.4383438343834383, 0.44044404440444046, 0.46384638463846384, 0.4083408340834083, 0.45574557455745573, 0.4458445844584458, 0.45094509450945097, 0.39063906390639064], "Uniform ensemble (Train acc)": 0.41596, "Uniform ensemble (Test acc)": 0.4139, "FedAvg (Train acc)": 0.09962, "FedAvg (Test acc)": 0.0995, "pdm_KL (Train acc)": 0.28154, "pdm_KL (Test acc)": 0.2802}, "comm 1": {"training timing": 475, "local_train_accs": [0.5095980803839232, 0.47000599880023997, 0.4967006598680264, 0.46550689862027594, 0.47960407918416315, 0.5055505550555055, 0.49954995499549953, 0.47584758475847583, 0.5196519651965197, 0.48724872487248727, 0.5076507650765076, 0.51005100510051, 0.5142514251425142, 0.49744974497449745, 0.4803480348034804], "local_test_accs": [0.5095980803839232, 0.47000599880023997, 0.4967006598680264, 0.46550689862027594, 0.47960407918416315, 0.5055505550555055, 0.49954995499549953, 0.47584758475847583, 0.5196519651965197, 0.48724872487248727, 0.5076507650765076, 0.51005100510051, 0.5142514251425142, 0.49744974497449745, 0.4803480348034804], "Uniform ensemble (Train acc)": 0.44434, "Uniform ensemble (Test acc)": 0.4374, "FedAvg (Train acc)": 0.07118, "FedAvg (Test acc)": 0.073, "pdm_KL (Train acc)": 0.3468, "pdm_KL (Test acc)": 0.3428}, "comm 2": {"training timing": 538, "local_train_accs": [0.5683863227354529, 0.5221955608878225, 0.5512897420515896, 0.5782843431313738, 0.5380923815236952, 0.5496549654965497, 0.5196519651965197, 0.5274527452745275, 0.561956195619562, 0.5142514251425142, 0.5295529552955296, 0.5334533453345335, 0.5454545454545454, 0.549054905490549, 0.519051905190519], "local_test_accs": [0.5683863227354529, 0.5221955608878225, 0.5512897420515896, 0.5782843431313738, 0.5380923815236952, 0.5496549654965497, 0.5196519651965197, 0.5274527452745275, 0.561956195619562, 0.5142514251425142, 0.5295529552955296, 0.5334533453345335, 0.5454545454545454, 0.549054905490549, 0.519051905190519], "Uniform ensemble (Train acc)": 0.4643, "Uniform ensemble (Test acc)": 0.4561, "FedAvg (Train acc)": 0.0712, "FedAvg (Test acc)": 0.0727, "pdm_KL (Train acc)": 0.36744, "pdm_KL (Test acc)": 0.3671}, "comm 3": {"training timing": 647, "local_train_accs": [0.6010797840431914, 0.5791841631673665, 0.5995800839832034, 0.625374925014997, 0.6067786442711458, 0.594059405940594, 0.5652565256525652, 0.5841584158415841, 0.6291629162916291, 0.5853585358535853, 0.5895589558955896, 0.5997599759975998, 0.5943594359435943, 0.6147614761476148, 0.579057905790579], "local_test_accs": [0.6010797840431914, 0.5791841631673665, 0.5995800839832034, 0.625374925014997, 0.6067786442711458, 0.594059405940594, 0.5652565256525652, 0.5841584158415841, 0.6291629162916291, 0.5853585358535853, 0.5895589558955896, 0.5997599759975998, 0.5943594359435943, 0.6147614761476148, 0.579057905790579], "Uniform ensemble (Train acc)": 0.4799, "Uniform ensemble (Test acc)": 0.4662, "FedAvg (Train acc)": 0.10024, "FedAvg (Test acc)": 0.0997, "pdm_KL (Train acc)": 0.38378, "pdm_KL (Test acc)": 0.3797}, "comm 4": {"training timing": 356, "local_train_accs": [0.668866226754649, 0.6043791241751649, 0.6424715056988602, 0.649370125974805, 0.6589682063587282, 0.6327632763276327, 0.615961596159616, 0.6234623462346235, 0.6543654365436543, 0.6276627662766276, 0.558055805580558, 0.6138613861386139, 0.6015601560156015, 0.6123612361236124, 0.6294629462946295], "local_test_accs": [0.668866226754649, 0.6043791241751649, 0.6424715056988602, 0.649370125974805, 0.6589682063587282, 0.6327632763276327, 0.615961596159616, 0.6234623462346235, 0.6543654365436543, 0.6276627662766276, 0.558055805580558, 0.6138613861386139, 0.6015601560156015, 0.6123612361236124, 0.6294629462946295], "Uniform ensemble (Train acc)": 0.49232, "Uniform ensemble (Test acc)": 0.4735, "FedAvg (Train acc)": 0.10002, "FedAvg (Test acc)": 0.099, "pdm_KL (Train acc)": 0.39998, "pdm_KL (Test acc)": 0.3929}, "comm 5": {"training timing": 1005, "local_train_accs": [0.6955608878224355, 0.6526694661067787, 0.6730653869226155, 0.7108578284343131, 0.6742651469706059, 0.7020702070207021, 0.6354635463546354, 0.6573657365736574, 0.7035703570357036, 0.6561656165616562, 0.6207620762076208, 0.6633663366336634, 0.6600660066006601, 0.7536753675367537, 0.6471647164716472], "local_test_accs": [0.6955608878224355, 0.6526694661067787, 0.6730653869226155, 0.7108578284343131, 0.6742651469706059, 0.7020702070207021, 0.6354635463546354, 0.6573657365736574, 0.7035703570357036, 0.6561656165616562, 0.6207620762076208, 0.6633663366336634, 0.6600660066006601, 0.7536753675367537, 0.6471647164716472], "Uniform ensemble (Train acc)": 0.50072, "Uniform ensemble (Test acc)": 0.4798, "FedAvg (Train acc)": 0.09898, "FedAvg (Test acc)": 0.0991, "pdm_KL (Train acc)": 0.4175, "pdm_KL (Test acc)": 0.4103}, "comm 6": {"training timing": 1556, "local_train_accs": [0.7603479304139172, 0.6907618476304739, 0.7360527894421116, 0.6946610677864428, 0.7129574085182964, 0.7032703270327033, 0.720972097209721, 0.7038703870387039, 0.7572757275727573, 0.7128712871287128, 0.7098709870987099, 0.6900690069006901, 0.7017701770177017, 0.7188718871887189, 0.7227722772277227], "local_test_accs": [0.7603479304139172, 0.6907618476304739, 0.7360527894421116, 0.6946610677864428, 0.7129574085182964, 0.7032703270327033, 0.720972097209721, 0.7038703870387039, 0.7572757275727573, 0.7128712871287128, 0.7098709870987099, 0.6900690069006901, 0.7017701770177017, 0.7188718871887189, 0.7227722772277227], "Uniform ensemble (Train acc)": 0.50986, "Uniform ensemble (Test acc)": 0.4834, "FedAvg (Train acc)": 0.099, "FedAvg (Test acc)": 0.0991, "pdm_KL (Train acc)": 0.41278, "pdm_KL (Test acc)": 0.4031}, "comm 7": {"training timing": 1297, "local_train_accs": [0.7909418116376725, 0.7153569286142771, 0.7441511697660468, 0.7519496100779844, 0.7267546490701859, 0.7821782178217822, 0.774077407740774, 0.7248724872487249, 0.7674767476747675, 0.7251725172517252, 0.7146714671467147, 0.741974197419742, 0.7041704170417041, 0.8085808580858086, 0.7611761176117612],