{"seed": 2, "Data statistics": "{0: {0: 342, 1: 329, 2: 333, 3: 332, 4: 358, 5: 342, 6: 343, 7: 320, 8: 322, 9: 313}, 1: {0: 330, 1: 326, 2: 366, 3: 340, 4: 310, 5: 323, 6: 336, 7: 340, 8: 327, 9: 336}, 2: {0: 357, 1: 341, 2: 332, 3: 311, 4: 340, 5: 333, 6: 315, 7: 338, 8: 341, 9: 326}, 3: {0: 342, 1: 338, 2: 343, 3: 331, 4: 309, 5: 325, 6: 346, 7: 330, 8: 322, 9: 348}, 4: {0: 323, 1: 342, 2: 336, 3: 349, 4: 330, 5: 324, 6: 317, 7: 342, 8: 321, 9: 350}, 5: {0: 306, 1: 299, 2: 300, 3: 349, 4: 338, 5: 354, 6: 359, 7: 349, 8: 347, 9: 332}, 6: {0: 355, 1: 356, 2: 327, 3: 299, 4: 336, 5: 325, 6: 343, 7: 333, 8: 332, 9: 327}, 7: {0: 334, 1: 335, 2: 326, 3: 339, 4: 349, 5: 356, 6: 308, 7: 318, 8: 345, 9: 323}, 8: {0: 353, 1: 333, 2: 347, 3: 328, 4: 338, 5: 308, 6: 313, 7: 341, 8: 324, 9: 348}, 9: {0: 319, 1: 350, 2: 338, 3: 337, 4: 326, 5: 314, 6: 326, 7: 328, 8: 353, 9: 342}, 10: {0: 340, 1: 322, 2: 332, 3: 351, 4: 354, 5: 318, 6: 317, 7: 345, 8: 324, 9: 330}, 11: {0: 310, 1: 323, 2: 321, 3: 329, 4: 353, 5: 362, 6: 358, 7: 317, 8: 327, 9: 333}, 12: {0: 335, 1: 334, 2: 350, 3: 321, 4: 348, 5: 333, 6: 336, 7: 326, 8: 338, 9: 312}, 13: {0: 330, 1: 357, 2: 333, 3: 335, 4: 322, 5: 342, 6: 343, 7: 334, 8: 313, 9: 324}, 14: {0: 324, 1: 315, 2: 316, 3: 349, 4: 289, 5: 341, 6: 340, 7: 339, 8: 364, 9: 356}}", "comm 0": {"training timing": 444, "local_train_accs": [0.44631073785242953, 0.46460707858428313, 0.46010797840431916, 0.4346130773845231, 0.4616076784643071, 0.4515451545154515, 0.46564656465646564, 0.46294629462946296, 0.40984098409840986, 0.45814581458145814, 0.44824482448244823, 0.414041404140414, 0.44134413441344134, 0.4521452145214521, 0.4158415841584158], "local_test_accs": [0.44631073785242953, 0.46460707858428313, 0.46010797840431916, 0.4346130773845231, 0.4616076784643071, 0.4515451545154515, 0.46564656465646564, 0.46294629462946296, 0.40984098409840986, 0.45814581458145814, 0.44824482448244823, 0.414041404140414, 0.44134413441344134, 0.4521452145214521, 0.4158415841584158], "Uniform ensemble (Train acc)": 0.42308, "Uniform ensemble (Test acc)": 0.4213, "FedAvg (Train acc)": 0.1, "FedAvg (Test acc)": 0.1, "pdm_KL (Train acc)": 0.32728, "pdm_KL (Test acc)": 0.3208}, "comm 1": {"training timing": 1528, "local_train_accs": [0.528494301139772, 0.501499700059988, 0.5116976604679064, 0.508998200359928, 0.501499700059988, 0.49864986498649866, 0.5067506750675067, 0.5145514551455146, 0.45064506450645064, 0.47734773477347736, 0.510951095109511, 0.5226522652265226, 0.48664866486648667, 0.5223522352235224, 0.5166516651665166], "local_test_accs": [0.528494301139772, 0.501499700059988, 0.5116976604679064, 0.508998200359928, 0.501499700059988, 0.49864986498649866, 0.5067506750675067, 0.5145514551455146, 0.45064506450645064, 0.47734773477347736, 0.510951095109511, 0.5226522652265226, 0.48664866486648667, 0.5223522352235224, 0.5166516651665166], "Uniform ensemble (Train acc)": 0.44926, "Uniform ensemble (Test acc)": 0.4456, "FedAvg (Train acc)": 0.1, "FedAvg (Test acc)": 0.1, "pdm_KL (Train acc)": 0.37842, "pdm_KL (Test acc)": 0.3753}, "comm 2": {"training timing": 1308, "local_train_accs": [0.5746850629874025, 0.5566886622675465, 0.5497900419916016, 0.5647870425914817, 0.5446910617876425, 0.5616561656165616, 0.5661566156615662, 0.5622562256225623, 0.5616561656165616, 0.555955595559556, 0.5610561056105611, 0.5673567356735674, 0.5445544554455446, 0.5841584158415841, 0.5727572757275727], "local_test_accs": [0.5746850629874025, 0.5566886622675465, 0.5497900419916016, 0.5647870425914817, 0.5446910617876425, 0.5616561656165616, 0.5661566156615662, 0.5622562256225623, 0.5616561656165616, 0.555955595559556, 0.5610561056105611, 0.5673567356735674, 0.5445544554455446, 0.5841584158415841, 0.5727572757275727], "Uniform ensemble (Train acc)": 0.47046, "Uniform ensemble (Test acc)": 0.4574, "FedAvg (Train acc)": 0.09998, "FedAvg (Test acc)": 0.1, "pdm_KL (Train acc)": 0.40614, "pdm_KL (Test acc)": 0.4039}, "comm 3": {"training timing": 1482, "local_train_accs": [0.6157768446310737, 0.5926814637072585, 0.5872825434913017, 0.6046790641871626, 0.5761847630473905, 0.6084608460846085, 0.6501650165016502, 0.6204620462046204, 0.6165616561656165, 0.6270627062706271, 0.5997599759975998, 0.6186618661866187, 0.5928592859285928, 0.5955595559555955, 0.609060906090609], "local_test_accs": [0.6157768446310737, 0.5926814637072585, 0.5872825434913017, 0.6046790641871626, 0.5761847630473905, 0.6084608460846085, 0.6501650165016502, 0.6204620462046204, 0.6165616561656165, 0.6270627062706271, 0.5997599759975998, 0.6186618661866187, 0.5928592859285928, 0.5955595559555955, 0.609060906090609], "Uniform ensemble (Train acc)": 0.4826, "Uniform ensemble (Test acc)": 0.4677, "FedAvg (Train acc)": 0.10002, "FedAvg (Test acc)": 0.1, "pdm_KL (Train acc)": 0.41574, "pdm_KL (Test acc)": 0.4124}, "comm 4": {"training timing": 1260, "local_train_accs": [0.6673665266946611, 0.6538692261547691, 0.6715656868626275, 0.6334733053389322, 0.6295740851829634, 0.6714671467146714, 0.6696669666966697, 0.6558655865586559, 0.6546654665466547, 0.645964596459646, 0.6237623762376238, 0.7107710771077108, 0.6573657365736574, 0.6417641764176417, 0.6447644764476448], "local_test_accs": [0.6673665266946611, 0.6538692261547691, 0.6715656868626275, 0.6334733053389322, 0.6295740851829634, 0.6714671467146714, 0.6696669666966697, 0.6558655865586559, 0.6546654665466547, 0.645964596459646, 0.6237623762376238, 0.7107710771077108, 0.6573657365736574, 0.6417641764176417, 0.6447644764476448], "Uniform ensemble (Train acc)": 0.49654, "Uniform ensemble (Test acc)": 0.4767, "FedAvg (Train acc)": 0.09896, "FedAvg (Test acc)": 0.0993, "pdm_KL (Train acc)": 0.44046, "pdm_KL (Test acc)": 0.4279}, "comm 5": {"training timing": 1531, "local_train_accs": [0.7375524895020996, 0.6571685662867427, 0.6859628074385123, 0.7003599280143972, 0.6895620875824835, 0.7050705070507051, 0.7056705670567057, 0.6900690069006901, 0.705970597059706, 0.7362736273627363, 0.699069906990699, 0.7173717371737174, 0.6684668466846685, 0.6396639663966397, 0.7383738373837384], "local_test_accs": [0.7375524895020996, 0.6571685662867427, 0.6859628074385123, 0.7003599280143972, 0.6895620875824835, 0.7050705070507051, 0.7056705670567057, 0.6900690069006901, 0.705970597059706, 0.7362736273627363, 0.699069906990699, 0.7173717371737174, 0.6684668466846685, 0.6396639663966397, 0.7383738373837384], "Uniform ensemble (Train acc)": 0.50572, "Uniform ensemble (Test acc)": 0.4795, "FedAvg (Train acc)": 0.098, "FedAvg (Test acc)": 0.0986, "pdm_KL (Train acc)": 0.39678, "pdm_KL (Test acc)": 0.3855}, "comm 6": {"training timing": 853, "local_train_accs": [0.6973605278944212, 0.7189562087582484, 0.7570485902819436, 0.7165566886622675, 0.7162567486502699, 0.7713771377137714, 0.7413741374137414, 0.7413741374137414, 0.7347734773477348, 0.7791779177917791, 0.7167716771677167, 0.7698769876987699, 0.7074707470747075, 0.7425742574257426, 0.7329732973297329], "local_test_accs": [0.6973605278944212, 0.7189562087582484, 0.7570485902819436, 0.7165566886622675, 0.7162567486502699, 0.7713771377137714, 0.7413741374137414, 0.7413741374137414, 0.7347734773477348, 0.7791779177917791, 0.7167716771677167, 0.7698769876987699, 0.7074707470747075, 0.7425742574257426, 0.7329732973297329], "Uniform ensemble (Train acc)": 0.51352, "Uniform ensemble (Test acc)": 0.4797, "FedAvg (Train acc)": 0.10084, "FedAvg (Test acc)": 0.1008, "pdm_KL (Train acc)": 0.37738, "pdm_KL (Test acc)": 0.3648}, "comm 7": {"training timing": 1006, "local_train_accs": [0.770245950809838, 0.7258548290341932, 0.7711457708458308, 0.7408518296340731, 0.7384523095380924, 0.7917791779177917, 0.8145814581458146, 0.7887788778877888, 0.7995799579957996, 0.7527752775277528, 0.7587758775877588, 0.7773777377737774, 0.7587758775877588, 0.801980198019802, 0.7692769276927692],