{"seed": 7, "Data statistics": "{0: {0: 317, 1: 344, 2: 356, 3: 358, 4: 307, 5: 327, 6: 370, 7: 304, 8: 341, 9: 310}, 1: {0: 337, 1: 347, 2: 328, 3: 347, 4: 320, 5: 320, 6: 321, 7: 331, 8: 339, 9: 344}, 2: {0: 355, 1: 308, 2: 329, 3: 342, 4: 347, 5: 318, 6: 342, 7: 336, 8: 329, 9: 328}, 3: {0: 351, 1: 321, 2: 329, 3: 321, 4: 335, 5: 360, 6: 318, 7: 349, 8: 310, 9: 340}, 4: {0: 298, 1: 325, 2: 332, 3: 333, 4: 320, 5: 338, 6: 332, 7: 336, 8: 376, 9: 344}, 5: {0: 329, 1: 313, 2: 318, 3: 339, 4: 324, 5: 345, 6: 309, 7: 347, 8: 349, 9: 360}, 6: {0: 346, 1: 318, 2: 332, 3: 344, 4: 332, 5: 356, 6: 326, 7: 338, 8: 324, 9: 317}, 7: {0: 343, 1: 355, 2: 334, 3: 326, 4: 322, 5: 320, 6: 329, 7: 317, 8: 346, 9: 341}, 8: {0: 334, 1: 330, 2: 355, 3: 320, 4: 349, 5: 328, 6: 305, 7: 329, 8: 332, 9: 351}, 9: {0: 338, 1: 331, 2: 323, 3: 305, 4: 322, 5: 355, 6: 365, 7: 302, 8: 366, 9: 326}, 10: {0: 311, 1: 316, 2: 342, 3: 332, 4: 355, 5: 332, 6: 326, 7: 392, 8: 329, 9: 298}, 11: {0: 350, 1: 347, 2: 309, 3: 336, 4: 354, 5: 306, 6: 352, 7: 352, 8: 304, 9: 323}, 12: {0: 359, 1: 364, 2: 325, 3: 309, 4: 338, 5: 334, 6: 342, 7: 298, 8: 300, 9: 364}, 13: {0: 320, 1: 342, 2: 355, 3: 335, 4: 338, 5: 331, 6: 320, 7: 341, 8: 340, 9: 311}, 14: {0: 312, 1: 339, 2: 333, 3: 353, 4: 337, 5: 330, 6: 343, 7: 328, 8: 315, 9: 343}}", "comm 0": {"training timing": 762, "local_train_accs": [0.45920815836832635, 0.4346130773845231, 0.46370725854829037, 0.4385122975404919, 0.45200959808038393, 0.47314731473147315, 0.46414641464146417, 0.46054605460546055, 0.44194419441944194, 0.459045904590459, 0.45454545454545453, 0.47374737473747375, 0.45814581458145814, 0.45544554455445546, 0.46624662466246625], "local_test_accs": [0.45920815836832635, 0.4346130773845231, 0.46370725854829037, 0.4385122975404919, 0.45200959808038393, 0.47314731473147315, 0.46414641464146417, 0.46054605460546055, 0.44194419441944194, 0.459045904590459, 0.45454545454545453, 0.47374737473747375, 0.45814581458145814, 0.45544554455445546, 0.46624662466246625], "Uniform ensemble (Train acc)": 0.42714, "Uniform ensemble (Test acc)": 0.4265, "FedAvg (Train acc)": 0.10016, "FedAvg (Test acc)": 0.1004, "pdm_KL (Train acc)": 0.32714, "pdm_KL (Test acc)": 0.324}, "comm 1": {"training timing": 748, "local_train_accs": [0.5086982603479304, 0.5221955608878225, 0.4877024595080984, 0.5131973605278944, 0.5335932813437313, 0.5310531053105311, 0.5121512151215122, 0.5286528652865287, 0.5289528952895289, 0.5352535253525352, 0.5184518451845185, 0.49204920492049203, 0.510951095109511, 0.49504950495049505, 0.5043504350435043], "local_test_accs": [0.5086982603479304, 0.5221955608878225, 0.4877024595080984, 0.5131973605278944, 0.5335932813437313, 0.5310531053105311, 0.5121512151215122, 0.5286528652865287, 0.5289528952895289, 0.5352535253525352, 0.5184518451845185, 0.49204920492049203, 0.510951095109511, 0.49504950495049505, 0.5043504350435043], "Uniform ensemble (Train acc)": 0.45044, "Uniform ensemble (Test acc)": 0.4443, "FedAvg (Train acc)": 0.10004, "FedAvg (Test acc)": 0.1004, "pdm_KL (Train acc)": 0.36504, "pdm_KL (Test acc)": 0.3553}, "comm 2": {"training timing": 775, "local_train_accs": [0.5419916016796641, 0.5506898620275945, 0.5710857828434314, 0.5731853629274145, 0.5653869226154769, 0.5829582958295829, 0.5616561656165616, 0.5988598859885989, 0.5658565856585659, 0.5787578757875788, 0.5688568856885688, 0.5886588658865887, 0.5682568256825683, 0.5661566156615662, 0.5787578757875788], "local_test_accs": [0.5419916016796641, 0.5506898620275945, 0.5710857828434314, 0.5731853629274145, 0.5653869226154769, 0.5829582958295829, 0.5616561656165616, 0.5988598859885989, 0.5658565856585659, 0.5787578757875788, 0.5688568856885688, 0.5886588658865887, 0.5682568256825683, 0.5661566156615662, 0.5787578757875788], "Uniform ensemble (Train acc)": 0.46558, "Uniform ensemble (Test acc)": 0.453, "FedAvg (Train acc)": 0.10064, "FedAvg (Test acc)": 0.1014, "pdm_KL (Train acc)": 0.3982, "pdm_KL (Test acc)": 0.3888}, "comm 3": {"training timing": 412, "local_train_accs": [0.6256748650269947, 0.6292741451709658, 0.6157768446310737, 0.6190761847630474, 0.611877624475105, 0.6453645364536453, 0.6087608760876088, 0.6420642064206421, 0.6048604860486049, 0.5688568856885688, 0.6255625562556255, 0.6105610561056105, 0.6102610261026102, 0.5766576657665766, 0.6198619861986199], "local_test_accs": [0.6256748650269947, 0.6292741451709658, 0.6157768446310737, 0.6190761847630474, 0.611877624475105, 0.6453645364536453, 0.6087608760876088, 0.6420642064206421, 0.6048604860486049, 0.5688568856885688, 0.6255625562556255, 0.6105610561056105, 0.6102610261026102, 0.5766576657665766, 0.6198619861986199], "Uniform ensemble (Train acc)": 0.48076, "Uniform ensemble (Test acc)": 0.4669, "FedAvg (Train acc)": 0.11182, "FedAvg (Test acc)": 0.1137, "pdm_KL (Train acc)": 0.40898, "pdm_KL (Test acc)": 0.396}, "comm 4": {"training timing": 503, "local_train_accs": [0.6442711457708459, 0.6457708458308339, 0.6376724655068986, 0.6682663467306539, 0.6784643071385723, 0.6771677167716772, 0.6126612661266126, 0.6762676267626763, 0.645964596459646, 0.6885688568856886, 0.6915691569156915, 0.6906690669066907, 0.6423642364236424, 0.633063306330633, 0.6297629762976298], "local_test_accs": [0.6442711457708459, 0.6457708458308339, 0.6376724655068986, 0.6682663467306539, 0.6784643071385723, 0.6771677167716772, 0.6126612661266126, 0.6762676267626763, 0.645964596459646, 0.6885688568856886, 0.6915691569156915, 0.6906690669066907, 0.6423642364236424, 0.633063306330633, 0.6297629762976298], "Uniform ensemble (Train acc)": 0.49438, "Uniform ensemble (Test acc)": 0.4744, "FedAvg (Train acc)": 0.121, "FedAvg (Test acc)": 0.1216, "pdm_KL (Train acc)": 0.38164, "pdm_KL (Test acc)": 0.3741}, "comm 5": {"training timing": 747, "local_train_accs": [0.7141571685662867, 0.7084583083383323, 0.6802639472105579, 0.6736652669466107, 0.6967606478704259, 0.7221722172217222, 0.7035703570357036, 0.7098709870987099, 0.696969696969697, 0.7137713771377138, 0.7296729672967297, 0.6885688568856886, 0.6711671167116712, 0.6696669666966697, 0.6663666366636664], "local_test_accs": [0.7141571685662867, 0.7084583083383323, 0.6802639472105579, 0.6736652669466107, 0.6967606478704259, 0.7221722172217222, 0.7035703570357036, 0.7098709870987099, 0.696969696969697, 0.7137713771377138, 0.7296729672967297, 0.6885688568856886, 0.6711671167116712, 0.6696669666966697, 0.6663666366636664], "Uniform ensemble (Train acc)": 0.50308, "Uniform ensemble (Test acc)": 0.48, "FedAvg (Train acc)": 0.12064, "FedAvg (Test acc)": 0.1203, "pdm_KL (Train acc)": 0.31578, "pdm_KL (Test acc)": 0.3074}, "comm 6": {"training timing": 775, "local_train_accs": [0.7681463707258548, 0.7366526694661067, 0.7012597480503899, 0.7558488302339532, 0.735752849430114, 0.7710771077107711, 0.7014701470147015, 0.7665766576657665, 0.7416741674167416, 0.7452745274527453, 0.7812781278127813, 0.7398739873987399, 0.7155715571557155, 0.7020702070207021, 0.741974197419742], "local_test_accs": [0.7681463707258548, 0.7366526694661067, 0.7012597480503899, 0.7558488302339532, 0.735752849430114, 0.7710771077107711, 0.7014701470147015, 0.7665766576657665, 0.7416741674167416, 0.7452745274527453, 0.7812781278127813, 0.7398739873987399, 0.7155715571557155, 0.7020702070207021, 0.741974197419742], "Uniform ensemble (Train acc)": 0.51042, "Uniform ensemble (Test acc)": 0.4838, "FedAvg (Train acc)": 0.11504, "FedAvg (Test acc)": 0.1143, "pdm_KL (Train acc)": 0.30562, "pdm_KL (Test acc)": 0.3004}, "comm 7": {"training timing": 506, "local_train_accs": [0.7837432513497301, 0.7996400719856028, 0.7618476304739052, 0.7375524895020996, 0.7864427114577085, 0.7932793279327933, 0.7668766876687669, 0.7518751875187519, 0.7764776477647765, 0.7560756075607561, 0.7908790879087909, 0.7872787278727873, 0.7656765676567657, 0.7581758175817582, 0.7674767476747675],