{"seed": 8, "Data statistics": "{0: {0: 3323, 1: 4315, 2: 5005, 3: 705, 4: 633, 5: 3504, 6: 22, 7: 3358, 8: 195, 9: 5949}, 1: {0: 2600, 1: 2427, 2: 953, 3: 5426, 4: 5209, 5: 1917, 6: 5896, 7: 2907, 8: 5656}}", "loading time": 8, "local_train_accs": [0.9899292828316487, 0.990512564032615], "local_test_accs": [0.8638, 0.863], "pdm_KL_reg 0": {"Best Result": {"Best Sigma0": 3, "Best sigma": 0.9, "Best gamma": 1, "Best Test accuracy": 0.8731, "Train acc": 0.8834333333333333}, "PDM log": "{(3, 0.9, 1): {'shapes': [(784, 180), (180,), (180, 10), (10,)], 'train_accuracy': 0.8834333333333333, 'test_accuracy': 0.8731}}", "timing": 12}, "pdm_KL_reg 0.001": {"Best Result": {"Best Sigma0": 3, "Best sigma": 0.9, "Best gamma": 1, "Best Test accuracy": 0.8731, "Train acc": 0.8834333333333333}, "PDM log": "{(3, 0.9, 1): {'shapes': [(784, 180), (180,), (180, 10), (10,)], 'train_accuracy': 0.8834333333333333, 'test_accuracy': 0.8731}}", "timing": 11}, "pdm_KL_reg 0.005": {"Best Result": {"Best Sigma0": 3, "Best sigma": 0.9, "Best gamma": 1, "Best Test accuracy": 0.8731, "Train acc": 0.8834333333333333}, "PDM log": "{(3, 0.9, 1): {'shapes': [(784, 180), (180,), (180, 10), (10,)], 'train_accuracy': 0.8834333333333333, 'test_accuracy': 0.8731}}", "timing": 12}, "pdm_KL_reg 0.01": {"Best Result": {"Best Sigma0": 3, "Best sigma": 0.9, "Best gamma": 1, "Best Test accuracy": 0.8731, "Train acc": 0.8834333333333333}, "PDM log": "{(3, 0.9, 1): {'shapes': [(784, 180), (180,), (180, 10), (10,)], 'train_accuracy': 0.8834333333333333, 'test_accuracy': 0.8731}}", "timing": 13}, "pdm_KL_reg 0.05": {"Best Result": {"Best Sigma0": 3, "Best sigma": 0.9, "Best gamma": 1, "Best Test accuracy": 0.8731, "Train acc": 0.8834333333333333}, "PDM log": "{(3, 0.9, 1): {'shapes': [(784, 180), (180,), (180, 10), (10,)], 'train_accuracy': 0.8834333333333333, 'test_accuracy': 0.8731}}", "timing": 12}, "pdm_KL_reg 0.1": {"Best Result": {"Best Sigma0": 3, "Best sigma": 0.9, "Best gamma": 1, "Best Test accuracy": 0.8731, "Train acc": 0.8834333333333333}, "PDM log": "{(3, 0.9, 1): {'shapes': [(784, 180), (180,), (180, 10), (10,)], 'train_accuracy': 0.8834333333333333, 'test_accuracy': 0.8731}}", "timing": 12}, "pdm_KL_reg 0.5": {"Best Result": {"Best Sigma0": 3, "Best sigma": 0.9, "Best gamma": 1, "Best Test accuracy": 0.8731, "Train acc": 0.8834333333333333}, "PDM log": "{(3, 0.9, 1): {'shapes': [(784, 179), (179,), (179, 10), (10,)], 'train_accuracy': 0.8834333333333333, 'test_accuracy': 0.8731}}", "timing": 13}, "pdm_KL_reg 1": {"Best Result": {"Best Sigma0": 3, "Best sigma": 0.9, "Best gamma": 1, "Best Test accuracy": 0.873, "Train acc": 0.8834333333333333}, "PDM log": "{(3, 0.9, 1): {'shapes': [(784, 177), (177,), (177, 10), (10,)], 'train_accuracy': 0.8834333333333333, 'test_accuracy': 0.873}}", "timing": 11}, "pdm_KL_reg 2": {"Best Result": {"Best Sigma0": 3, "Best sigma": 0.9, "Best gamma": 1, "Best Test accuracy": 0.2369, "Train acc": 0.23828333333333335}, "PDM log": "{(3, 0.9, 1): {'shapes': [(784, 100), (100,), (100, 10), (10,)], 'train_accuracy': 0.23828333333333335, 'test_accuracy': 0.2369}}", "timing": 11}, "pdm_KL_reg 5": {"Best Result": {"Best Sigma0": 3, "Best sigma": 0.9, "Best gamma": 1, "Best Test accuracy": 0.2369, "Train acc": 0.23828333333333335}, "PDM log": "{(3, 0.9, 1): {'shapes': [(784, 100), (100,), (100, 10), (10,)], 'train_accuracy': 0.23828333333333335, 'test_accuracy': 0.2369}}", "timing": 11}, "pdm_KL_reg 10": {"Best Result": {"Best Sigma0": 3, "Best sigma": 0.9, "Best gamma": 1, "Best Test accuracy": 0.2369, "Train acc": 0.23828333333333335}, "PDM log": "{(3, 0.9, 1): {'shapes': [(784, 100), (100,), (100, 10), (10,)], 'train_accuracy': 0.23828333333333335, 'test_accuracy': 0.2369}}", "timing": 12}, "best_reg": 0}