{"seed": 7, "Data statistics": "{0: {0: 554, 1: 669, 2: 572, 3: 681, 4: 598, 5: 558, 6: 636, 7: 619, 8: 562, 9: 551}, 1: {0: 590, 1: 674, 2: 557, 3: 563, 4: 600, 5: 553, 6: 565, 7: 674, 8: 639, 9: 585}, 2: {0: 605, 1: 703, 2: 584, 3: 644, 4: 578, 5: 529, 6: 563, 7: 606, 8: 577, 9: 611}, 3: {0: 581, 1: 680, 2: 615, 3: 621, 4: 560, 5: 588, 6: 616, 7: 604, 8: 523, 9: 612}, 4: {0: 623, 1: 671, 2: 621, 3: 623, 4: 589, 5: 521, 6: 604, 7: 610, 8: 560, 9: 578}, 5: {0: 571, 1: 610, 2: 573, 3: 626, 4: 602, 5: 557, 6: 561, 7: 678, 8: 604, 9: 618}, 6: {0: 552, 1: 679, 2: 615, 3: 613, 4: 559, 5: 514, 6: 599, 7: 643, 8: 606, 9: 620}, 7: {0: 620, 1: 710, 2: 621, 3: 598, 4: 568, 5: 520, 6: 575, 7: 612, 8: 597, 9: 579}, 8: {0: 625, 1: 671, 2: 596, 3: 560, 4: 620, 5: 530, 6: 646, 7: 593, 8: 558, 9: 601}, 9: {0: 602, 1: 675, 2: 604, 3: 602, 4: 568, 5: 551, 6: 553, 7: 626, 8: 625, 9: 594}}", "loading time": 56, "local_train_accs": [0.953, 0.9853333333333333, 0.9766666666666667, 0.9865, 0.9791666666666666, 0.983, 0.9755, 0.9828333333333333, 0.9715, 0.9755], "local_test_accs": [0.9043, 0.9369, 0.929, 0.9402, 0.9334, 0.9382, 0.9286, 0.9357, 0.9224, 0.9241], "Uniform ensemble (Train acc)": 0.9692, "Uniform ensemble (Test acc)": 0.9672, "FedAvg (Train acc)": 0.09751666666666667, "FedAvg (Test acc)": 0.0974, "pdm_KL_reg 0": {"Best Result": {"Best Sigma0": 0.5, "Best sigma": 1, "Best gamma": 10, "Best Test accuracy": 0.8462, "Train acc": 0.85045}, "PDM log": "{(0.5, 1, 10): {'shapes': [(784, 274), (274,), (274, 118), (118,), (118, 10), (10,)], 'train_accuracy': 0.85045, 'test_accuracy': 0.8462}}", "timing": 100}, "pdm_KL_reg 0.001": {"Best Result": {"Best Sigma0": 0.5, "Best sigma": 1, "Best gamma": 10, "Best Test accuracy": 0.9052, "Train acc": 0.9093666666666667}, "PDM log": "{(0.5, 1, 10): {'shapes': [(784, 268), (268,), (268, 118), (118,), (118, 10), (10,)], 'train_accuracy': 0.9093666666666667, 'test_accuracy': 0.9052}}", "timing": 108}, "pdm_KL_reg 0.005": {"Best Result": {"Best Sigma0": 0.5, "Best sigma": 1, "Best gamma": 10, "Best Test accuracy": 0.8891, "Train acc": 0.8902}, "PDM log": "{(0.5, 1, 10): {'shapes': [(784, 277), (277,), (277, 118), (118,), (118, 10), (10,)], 'train_accuracy': 0.8902, 'test_accuracy': 0.8891}}", "timing": 168}, "pdm_KL_reg 0.01": {"Best Result": {"Best Sigma0": 0.5, "Best sigma": 1, "Best gamma": 10, "Best Test accuracy": 0.8835, "Train acc": 0.8808166666666667}, "PDM log": "{(0.5, 1, 10): {'shapes': [(784, 275), (275,), (275, 118), (118,), (118, 10), (10,)], 'train_accuracy': 0.8808166666666667, 'test_accuracy': 0.8835}}", "timing": 182}, "pdm_KL_reg 0.05": {"Best Result": {"Best Sigma0": 0.5, "Best sigma": 1, "Best gamma": 10, "Best Test accuracy": 0.875, "Train acc": 0.8753}, "PDM log": "{(0.5, 1, 10): {'shapes': [(784, 287), (287,), (287, 118), (118,), (118, 10), (10,)], 'train_accuracy': 0.8753, 'test_accuracy': 0.875}}", "timing": 156}, "pdm_KL_reg 0.1": {"Best Result": {"Best Sigma0": 0.5, "Best sigma": 1, "Best gamma": 10, "Best Test accuracy": 0.894, "Train acc": 0.89355}, "PDM log": "{(0.5, 1, 10): {'shapes': [(784, 293), (293,), (293, 118), (118,), (118, 10), (10,)], 'train_accuracy': 0.89355, 'test_accuracy': 0.894}}", "timing": 165}, "pdm_KL_reg 0.5": {"Best Result": {"Best Sigma0": 0.5, "Best sigma": 1, "Best gamma": 10, "Best Test accuracy": 0.9141, "Train acc": 0.9130833333333334}, "PDM log": "{(0.5, 1, 10): {'shapes': [(784, 445), (445,), (445, 118), (118,), (118, 10), (10,)], 'train_accuracy': 0.9130833333333334, 'test_accuracy': 0.9141}}", "timing": 274}, "pdm_KL_reg 1": {"Best Result": {"Best Sigma0": 0.5, "Best sigma": 1, "Best gamma": 10, "Best Test accuracy": 0.9135, "Train acc": 0.9157833333333333}, "PDM log": "{(0.5, 1, 10): {'shapes': [(784, 667), (667,), (667, 118), (118,), (118, 10), (10,)], 'train_accuracy': 0.9157833333333333, 'test_accuracy': 0.9135}}", "timing": 443}, "pdm_KL_reg 2": {"Best Result": {"Best Sigma0": 0.5, "Best sigma": 1, "Best gamma": 10, "Best Test accuracy": 0.2561, "Train acc": 0.2586333333333333}, "PDM log": "{(0.5, 1, 10): {'shapes': [(784, 700), (700,), (700, 127), (127,), (127, 10), (10,)], 'train_accuracy': 0.2586333333333333, 'test_accuracy': 0.2561}}", "timing": 415}, "pdm_KL_reg 5": {"Best Result": {"Best Sigma0": 0.5, "Best sigma": 1, "Best gamma": 10, "Best Test accuracy": 0.1107, "Train acc": 0.10856666666666667}, "PDM log": "{(0.5, 1, 10): {'shapes': [(784, 322), (322,), (322, 127), (127,), (127, 10), (10,)], 'train_accuracy': 0.10856666666666667, 'test_accuracy': 0.1107}}", "timing": 268}, "pdm_KL_reg 10": {"Best Result": {"Best Sigma0": 0.5, "Best sigma": 1, "Best gamma": 10, "Best Test accuracy": 0.0974, "Train acc": 0.09751666666666667}, "PDM log": "{(0.5, 1, 10): {'shapes': [(784, 218), (218,), (218, 127), (127,), (127, 10), (10,)], 'train_accuracy': 0.09751666666666667, 'test_accuracy': 0.0974}}", "timing": 122}, "best_reg": 0.5}