{"seed": 1, "Data statistics": "{0: {0: 557, 1: 696, 2: 602, 3: 636, 4: 575, 5: 546, 6: 627, 7: 624, 8: 576, 9: 561}, 1: {0: 601, 1: 677, 2: 592, 3: 601, 4: 582, 5: 564, 6: 560, 7: 641, 8: 596, 9: 586}, 2: {0: 591, 1: 660, 2: 607, 3: 619, 4: 583, 5: 604, 6: 584, 7: 609, 8: 571, 9: 572}, 3: {0: 623, 1: 679, 2: 587, 3: 602, 4: 589, 5: 560, 6: 607, 7: 599, 8: 574, 9: 580}, 4: {0: 590, 1: 642, 2: 599, 3: 608, 4: 583, 5: 509, 6: 602, 7: 625, 8: 610, 9: 632}, 5: {0: 583, 1: 694, 2: 623, 3: 653, 4: 590, 5: 491, 6: 584, 7: 637, 8: 556, 9: 589}, 6: {0: 602, 1: 679, 2: 644, 3: 599, 4: 566, 5: 530, 6: 564, 7: 609, 8: 624, 9: 583}, 7: {0: 573, 1: 639, 2: 569, 3: 580, 4: 608, 5: 541, 6: 602, 7: 653, 8: 589, 9: 646}, 8: {0: 622, 1: 669, 2: 567, 3: 612, 4: 597, 5: 553, 6: 579, 7: 635, 8: 578, 9: 588}, 9: {0: 581, 1: 707, 2: 568, 3: 621, 4: 569, 5: 523, 6: 609, 7: 633, 8: 577, 9: 612}}", "loading time": 45, "local_train_accs": [0.9813333333333333, 0.982, 0.9893333333333333, 0.9915, 0.9795, 0.9843333333333333, 0.9771666666666666, 0.9625, 0.9681666666666666, 0.9783333333333334], "local_test_accs": [0.9353, 0.9347, 0.9429, 0.9444, 0.9345, 0.9358, 0.9333, 0.9176, 0.9132, 0.9314], "Uniform ensemble (Train acc)": 0.9698, "Uniform ensemble (Test acc)": 0.9662, "FedAvg (Train acc)": 0.09751666666666667, "FedAvg (Test acc)": 0.0974, "pdm_KL_reg 0": {"Best Result": {"Best Sigma0": 0.5, "Best sigma": 1, "Best gamma": 10, "Best Test accuracy": 0.8876, "Train acc": 0.8877833333333334}, "PDM log": "{(0.5, 1, 10): {'shapes': [(784, 266), (266,), (266, 118), (118,), (118, 10), (10,)], 'train_accuracy': 0.8877833333333334, 'test_accuracy': 0.8876}}", "timing": 113}, "pdm_KL_reg 0.001": {"Best Result": {"Best Sigma0": 0.5, "Best sigma": 1, "Best gamma": 10, "Best Test accuracy": 0.9066, "Train acc": 0.9071833333333333}, "PDM log": "{(0.5, 1, 10): {'shapes': [(784, 265), (265,), (265, 118), (118,), (118, 10), (10,)], 'train_accuracy': 0.9071833333333333, 'test_accuracy': 0.9066}}", "timing": 192}, "pdm_KL_reg 0.005": {"Best Result": {"Best Sigma0": 0.5, "Best sigma": 1, "Best gamma": 10, "Best Test accuracy": 0.9011, "Train acc": 0.89995}, "PDM log": "{(0.5, 1, 10): {'shapes': [(784, 268), (268,), (268, 118), (118,), (118, 10), (10,)], 'train_accuracy': 0.89995, 'test_accuracy': 0.9011}}", "timing": 171}, "pdm_KL_reg 0.01": {"Best Result": {"Best Sigma0": 0.5, "Best sigma": 1, "Best gamma": 10, "Best Test accuracy": 0.9128, "Train acc": 0.9106}, "PDM log": "{(0.5, 1, 10): {'shapes': [(784, 271), (271,), (271, 118), (118,), (118, 10), (10,)], 'train_accuracy': 0.9106, 'test_accuracy': 0.9128}}", "timing": 155}, "pdm_KL_reg 0.05": {"Best Result": {"Best Sigma0": 0.5, "Best sigma": 1, "Best gamma": 10, "Best Test accuracy": 0.8777, "Train acc": 0.8794666666666666}, "PDM log": "{(0.5, 1, 10): {'shapes': [(784, 276), (276,), (276, 118), (118,), (118, 10), (10,)], 'train_accuracy': 0.8794666666666666, 'test_accuracy': 0.8777}}", "timing": 126}, "pdm_KL_reg 0.1": {"Best Result": {"Best Sigma0": 0.5, "Best sigma": 1, "Best gamma": 10, "Best Test accuracy": 0.8849, "Train acc": 0.88965}, "PDM log": "{(0.5, 1, 10): {'shapes': [(784, 292), (292,), (292, 118), (118,), (118, 10), (10,)], 'train_accuracy': 0.88965, 'test_accuracy': 0.8849}}", "timing": 181}, "pdm_KL_reg 0.5": {"Best Result": {"Best Sigma0": 0.5, "Best sigma": 1, "Best gamma": 10, "Best Test accuracy": 0.9223, "Train acc": 0.92285}, "PDM log": "{(0.5, 1, 10): {'shapes': [(784, 437), (437,), (437, 118), (118,), (118, 10), (10,)], 'train_accuracy': 0.92285, 'test_accuracy': 0.9223}}", "timing": 237}, "pdm_KL_reg 1": {"Best Result": {"Best Sigma0": 0.5, "Best sigma": 1, "Best gamma": 10, "Best Test accuracy": 0.9439, "Train acc": 0.94475}, "PDM log": "{(0.5, 1, 10): {'shapes': [(784, 653), (653,), (653, 118), (118,), (118, 10), (10,)], 'train_accuracy': 0.94475, 'test_accuracy': 0.9439}}", "timing": 330}, "pdm_KL_reg 2": {"Best Result": {"Best Sigma0": 0.5, "Best sigma": 1, "Best gamma": 10, "Best Test accuracy": 0.4142, "Train acc": 0.42138333333333333}, "PDM log": "{(0.5, 1, 10): {'shapes': [(784, 699), (699,), (699, 127), (127,), (127, 10), (10,)], 'train_accuracy': 0.42138333333333333, 'test_accuracy': 0.4142}}", "timing": 391}, "pdm_KL_reg 5": {"Best Result": {"Best Sigma0": 0.5, "Best sigma": 1, "Best gamma": 10, "Best Test accuracy": 0.1865, "Train acc": 0.1852}, "PDM log": "{(0.5, 1, 10): {'shapes': [(784, 300), (300,), (300, 127), (127,), (127, 10), (10,)], 'train_accuracy': 0.1852, 'test_accuracy': 0.1865}}", "timing": 238}, "pdm_KL_reg 10": {"Best Result": {"Best Sigma0": 0.5, "Best sigma": 1, "Best gamma": 10, "Best Test accuracy": 0.0974, "Train acc": 0.09751666666666667}, "PDM log": "{(0.5, 1, 10): {'shapes': [(784, 211), (211,), (211, 127), (127,), (127, 10), (10,)], 'train_accuracy': 0.09751666666666667, 'test_accuracy': 0.0974}}", "timing": 222}, "best_reg": 1}