{"seed": 0, "Data statistics": "{0: {0: 953, 1: 142, 2: 141, 3: 75, 4: 695, 5: 819, 7: 2482}, 1: {0: 16, 1: 43, 2: 902, 3: 1650, 4: 86, 5: 182, 7: 693, 8: 110, 9: 6}, 2: {0: 9, 1: 8, 2: 290, 3: 769, 4: 841, 5: 283, 6: 119, 7: 1044, 8: 1014, 9: 58}, 3: {0: 395, 1: 1200, 2: 48, 3: 68, 4: 896, 5: 681, 6: 90, 7: 17, 8: 1351, 9: 301}, 4: {0: 504, 1: 2917, 2: 570, 3: 721, 4: 121, 5: 356}, 5: {0: 1262, 1: 71, 2: 325, 3: 119, 4: 1560, 5: 14, 6: 1, 7: 85, 8: 366}, 6: {0: 9, 1: 273, 2: 1657, 3: 40, 4: 1, 5: 130, 6: 1911, 7: 21, 8: 1160}, 7: {0: 722, 1: 3, 2: 281, 3: 738, 4: 22, 5: 974, 6: 624, 7: 1, 8: 82, 9: 878}, 8: {0: 1127, 1: 153, 2: 680, 3: 500, 4: 698, 5: 1139, 6: 92, 7: 23, 8: 1, 9: 3665}, 9: {0: 3, 1: 190, 2: 106, 3: 320, 4: 80, 5: 422, 6: 2163, 7: 634, 8: 916, 9: 92}}", "loading time": 29, "local_train_accs": [0.6088185415488977, 0.48454446854663774, 0.49289740698985346, 0.5371507826431543, 0.6403931393332049, 0.6258217196949777, 0.6241830065359477, 0.5128323699421965, 0.5805892547660312, 0.5962241169305724], "local_test_accs": [0.2057, 0.1279, 0.2145, 0.2409, 0.1711, 0.1654, 0.2059, 0.2663, 0.2214, 0.1879], "Uniform ensemble (Train acc)": 0.35066, "Uniform ensemble (Test acc)": 0.349, "FedAvg (Train acc)": 0.1, "FedAvg (Test acc)": 0.1, "pdm_KL_reg 0": {"Best Result": {"Best Sigma0": 0.5, "Best sigma": 1, "Best gamma": 10, "Best Test accuracy": 0.1037, "Train acc": 0.10542}, "PDM log": "{(0.5, 1, 10): {'shapes': [(3072, 263), (263,), (263, 118), (118,), (118, 106), (106,), (106, 10), (10,)], 'train_accuracy': 0.10542, 'test_accuracy': 0.1037}}", "timing": 216}, "pdm_KL_reg 0.001": {"Best Result": {"Best Sigma0": 0.5, "Best sigma": 1, "Best gamma": 10, "Best Test accuracy": 0.0999, "Train acc": 0.0997}, "PDM log": "{(0.5, 1, 10): {'shapes': [(3072, 267), (267,), (267, 127), (127,), (127, 112), (112,), (112, 10), (10,)], 'train_accuracy': 0.0997, 'test_accuracy': 0.0999}}", "timing": 535}, "pdm_KL_reg 0.005": {"Best Result": {"Best Sigma0": 0.5, "Best sigma": 1, "Best gamma": 10, "Best Test accuracy": 0.1, "Train acc": 0.10016}, "PDM log": "{(0.5, 1, 10): {'shapes': [(3072, 267), (267,), (267, 118), (118,), (118, 112), (112,), (112, 10), (10,)], 'train_accuracy': 0.10016, 'test_accuracy': 0.1}}", "timing": 539}, "pdm_KL_reg 0.01": {"Best Result": {"Best Sigma0": 0.5, "Best sigma": 1, "Best gamma": 10, "Best Test accuracy": 0.094, "Train acc": 0.0947}, "PDM log": "{(0.5, 1, 10): {'shapes': [(3072, 263), (263,), (263, 118), (118,), (118, 106), (106,), (106, 10), (10,)], 'train_accuracy': 0.0947, 'test_accuracy': 0.094}}", "timing": 522}, "pdm_KL_reg 0.05": {"Best Result": {"Best Sigma0": 0.5, "Best sigma": 1, "Best gamma": 10, "Best Test accuracy": 0.1049, "Train acc": 0.1048}, "PDM log": "{(0.5, 1, 10): {'shapes': [(3072, 271), (271,), (271, 118), (118,), (118, 112), (112,), (112, 10), (10,)], 'train_accuracy': 0.1048, 'test_accuracy': 0.1049}}", "timing": 528}, "pdm_KL_reg 0.1": {"Best Result": {"Best Sigma0": 0.5, "Best sigma": 1, "Best gamma": 10, "Best Test accuracy": 0.1039, "Train acc": 0.10394}, "PDM log": "{(0.5, 1, 10): {'shapes': [(3072, 278), (278,), (278, 118), (118,), (118, 112), (112,), (112, 10), (10,)], 'train_accuracy': 0.10394, 'test_accuracy': 0.1039}}", "timing": 558}, "pdm_KL_reg 0.5": {"Best Result": {"Best Sigma0": 0.5, "Best sigma": 1, "Best gamma": 10, "Best Test accuracy": 0.1016, "Train acc": 0.10138}, "PDM log": "{(0.5, 1, 10): {'shapes': [(3072, 334), (334,), (334, 127), (127,), (127, 115), (115,), (115, 10), (10,)], 'train_accuracy': 0.10138, 'test_accuracy': 0.1016}}", "timing": 643}, "pdm_KL_reg 1": {"Best Result": {"Best Sigma0": 0.5, "Best sigma": 1, "Best gamma": 10, "Best Test accuracy": 0.099, "Train acc": 0.10046}, "PDM log": "{(0.5, 1, 10): {'shapes': [(3072, 568), (568,), (568, 127), (127,), (127, 118), (118,), (118, 10), (10,)], 'train_accuracy': 0.10046, 'test_accuracy': 0.099}}", "timing": 967}, "pdm_KL_reg 2": {"Best Result": {"Best Sigma0": 0.5, "Best sigma": 1, "Best gamma": 10, "Best Test accuracy": 0.093, "Train acc": 0.09536}, "PDM log": "{(0.5, 1, 10): {'shapes': [(3072, 700), (700,), (700, 127), (127,), (127, 127), (127,), (127, 10), (10,)], 'train_accuracy': 0.09536, 'test_accuracy': 0.093}}", "timing": 1226}, "pdm_KL_reg 5": {"Best Result": {"Best Sigma0": 0.5, "Best sigma": 1, "Best gamma": 10, "Best Test accuracy": 0.1014, "Train acc": 0.1024}, "PDM log": "{(0.5, 1, 10): {'shapes': [(3072, 665), (665,), (665, 127), (127,), (127, 118), (118,), (118, 10), (10,)], 'train_accuracy': 0.1024, 'test_accuracy': 0.1014}}", "timing": 1205}, "pdm_KL_reg 10": {"Best Result": {"Best Sigma0": 0.5, "Best sigma": 1, "Best gamma": 10, "Best Test accuracy": 0.1089, "Train acc": 0.10844}, "PDM log": "{(0.5, 1, 10): {'shapes': [(3072, 690), (690,), (690, 127), (127,), (127, 127), (127,), (127, 10), (10,)], 'train_accuracy': 0.10844, 'test_accuracy': 0.1089}}", "timing": 1203}, "best_reg": 10}