{"seed": 6, "Data statistics": "{0: {0: 193, 1: 210, 3: 460, 4: 26, 5: 5, 6: 126, 7: 49, 8: 874, 9: 332}, 1: {0: 1769, 1: 168, 2: 620, 3: 158, 4: 2341}, 2: {0: 346, 1: 931, 2: 26, 3: 64, 4: 636, 5: 23, 6: 462, 7: 144, 8: 1123, 9: 3145}, 3: {0: 126, 1: 415, 2: 75, 3: 2, 4: 736, 5: 57, 6: 327, 7: 3568}, 4: {1: 503, 2: 2042, 3: 114, 4: 84, 5: 81, 6: 1902, 7: 282}, 5: {0: 1, 1: 1891, 2: 88, 3: 53, 4: 33, 5: 2056, 6: 159, 7: 13, 8: 1196}, 6: {0: 1958, 1: 90, 2: 196, 3: 739, 4: 670, 5: 89, 6: 25, 7: 71, 8: 1494}, 7: {0: 147, 1: 44, 2: 165, 3: 2558, 4: 99, 5: 1075, 6: 1979}, 8: {0: 453, 1: 735, 2: 111, 3: 484, 4: 164, 5: 1328, 6: 16, 7: 565, 8: 300, 9: 1430}, 9: {0: 7, 1: 13, 2: 1677, 3: 368, 4: 211, 5: 286, 6: 4, 7: 308, 8: 13, 9: 93}}", "loading time": 117, "local_train_accs": [0.5687912087912088, 0.6965981012658228, 0.5876811594202899, 0.6748963437617791, 0.5443290734824281, 0.7269581056466302, 0.5294448612153039, 0.5318938519861546, 0.4539921231650555, 0.562751677852349], "local_test_accs": [0.2097, 0.1811, 0.2394, 0.1022, 0.1468, 0.2138, 0.2093, 0.1379, 0.211, 0.1], "Uniform ensemble (Train acc)": 0.34878, "Uniform ensemble (Test acc)": 0.3488, "FedAvg (Train acc)": 0.1, "FedAvg (Test acc)": 0.1, "pdm_KL_reg 0": {"Best Result": {"Best Sigma0": 0.5, "Best sigma": 1, "Best gamma": 10, "Best Test accuracy": 0.0992, "Train acc": 0.10028}, "PDM log": "{(0.5, 1, 10): {'shapes': [(3072, 268), (268,), (268, 118), (118,), (118, 113), (113,), (113, 10), (10,)], 'train_accuracy': 0.10028, 'test_accuracy': 0.0992}}", "timing": 516}, "pdm_KL_reg 0.001": {"Best Result": {"Best Sigma0": 0.5, "Best sigma": 1, "Best gamma": 10, "Best Test accuracy": 0.1001, "Train acc": 0.10004}, "PDM log": "{(0.5, 1, 10): {'shapes': [(3072, 264), (264,), (264, 118), (118,), (118, 113), (113,), (113, 10), (10,)], 'train_accuracy': 0.10004, 'test_accuracy': 0.1001}}", "timing": 923}, "pdm_KL_reg 0.005": {"Best Result": {"Best Sigma0": 0.5, "Best sigma": 1, "Best gamma": 10, "Best Test accuracy": 0.1003, "Train acc": 0.10018}, "PDM log": "{(0.5, 1, 10): {'shapes': [(3072, 268), (268,), (268, 118), (118,), (118, 108), (108,), (108, 10), (10,)], 'train_accuracy': 0.10018, 'test_accuracy': 0.1003}}", "timing": 810}, "pdm_KL_reg 0.01": {"Best Result": {"Best Sigma0": 0.5, "Best sigma": 1, "Best gamma": 10, "Best Test accuracy": 0.1, "Train acc": 0.1}, "PDM log": "{(0.5, 1, 10): {'shapes': [(3072, 269), (269,), (269, 118), (118,), (118, 108), (108,), (108, 10), (10,)], 'train_accuracy': 0.1, 'test_accuracy': 0.1}}", "timing": 925}, "pdm_KL_reg 0.05": {"Best Result": {"Best Sigma0": 0.5, "Best sigma": 1, "Best gamma": 10, "Best Test accuracy": 0.1, "Train acc": 0.1}, "PDM log": "{(0.5, 1, 10): {'shapes': [(3072, 268), (268,), (268, 118), (118,), (118, 108), (108,), (108, 10), (10,)], 'train_accuracy': 0.1, 'test_accuracy': 0.1}}", "timing": 935}, "pdm_KL_reg 0.1": {"Best Result": {"Best Sigma0": 0.5, "Best sigma": 1, "Best gamma": 10, "Best Test accuracy": 0.1004, "Train acc": 0.1012}, "PDM log": "{(0.5, 1, 10): {'shapes': [(3072, 271), (271,), (271, 118), (118,), (118, 113), (113,), (113, 10), (10,)], 'train_accuracy': 0.1012, 'test_accuracy': 0.1004}}", "timing": 928}, "pdm_KL_reg 0.5": {"Best Result": {"Best Sigma0": 0.5, "Best sigma": 1, "Best gamma": 10, "Best Test accuracy": 0.1, "Train acc": 0.1}, "PDM log": "{(0.5, 1, 10): {'shapes': [(3072, 344), (344,), (344, 127), (127,), (127, 109), (109,), (109, 10), (10,)], 'train_accuracy': 0.1, 'test_accuracy': 0.1}}", "timing": 1048}, "pdm_KL_reg 1": {"Best Result": {"Best Sigma0": 0.5, "Best sigma": 1, "Best gamma": 10, "Best Test accuracy": 0.1, "Train acc": 0.1}, "PDM log": "{(0.5, 1, 10): {'shapes': [(3072, 552), (552,), (552, 127), (127,), (127, 118), (118,), (118, 10), (10,)], 'train_accuracy': 0.1, 'test_accuracy': 0.1}}", "timing": 1590}, "pdm_KL_reg 2": {"Best Result": {"Best Sigma0": 0.5, "Best sigma": 1, "Best gamma": 10, "Best Test accuracy": 0.1, "Train acc": 0.1}, "PDM log": "{(0.5, 1, 10): {'shapes': [(3072, 700), (700,), (700, 127), (127,), (127, 127), (127,), (127, 10), (10,)], 'train_accuracy': 0.1, 'test_accuracy': 0.1}}", "timing": 1785}, "pdm_KL_reg 5": {"Best Result": {"Best Sigma0": 0.5, "Best sigma": 1, "Best gamma": 10, "Best Test accuracy": 0.1, "Train acc": 0.1}, "PDM log": "{(0.5, 1, 10): {'shapes': [(3072, 673), (673,), (673, 127), (127,), (127, 127), (127,), (127, 10), (10,)], 'train_accuracy': 0.1, 'test_accuracy': 0.1}}", "timing": 1768}, "pdm_KL_reg 10": {"Best Result": {"Best Sigma0": 0.5, "Best sigma": 1, "Best gamma": 10, "Best Test accuracy": 0.1, "Train acc": 0.1}, "PDM log": "{(0.5, 1, 10): {'shapes': [(3072, 700), (700,), (700, 127), (127,), (127, 118), (118,), (118, 10), (10,)], 'train_accuracy': 0.1, 'test_accuracy': 0.1}}", "timing": 1900}, "best_reg": 0.1}