{"seed": 3, "Data statistics": "{0: {0: 233, 1: 255, 2: 274, 3: 233, 4: 235, 5: 250, 6: 270, 7: 242, 8: 251, 9: 257}, 1: {0: 255, 1: 238, 2: 241, 3: 266, 4: 218, 5: 255, 6: 256, 7: 270, 8: 246, 9: 255}, 2: {0: 272, 1: 228, 2: 258, 3: 235, 4: 239, 5: 256, 6: 250, 7: 257, 8: 243, 9: 262}, 3: {0: 272, 1: 230, 2: 260, 3: 260, 4: 226, 5: 245, 6: 267, 7: 271, 8: 230, 9: 239}, 4: {0: 257, 1: 250, 2: 236, 3: 267, 4: 262, 5: 257, 6: 247, 7: 261, 8: 252, 9: 211}, 5: {0: 255, 1: 254, 2: 254, 3: 254, 4: 220, 5: 247, 6: 260, 7: 245, 8: 250, 9: 261}, 6: {0: 231, 1: 274, 2: 240, 3: 261, 4: 249, 5: 255, 6: 259, 7: 245, 8: 229, 9: 257}, 7: {0: 235, 1: 253, 2: 274, 3: 251, 4: 245, 5: 228, 6: 252, 7: 266, 8: 253, 9: 243}, 8: {0: 290, 1: 247, 2: 248, 3: 243, 4: 269, 5: 235, 6: 233, 7: 250, 8: 242, 9: 243}, 9: {0: 238, 1: 264, 2: 239, 3: 263, 4: 237, 5: 243, 6: 248, 7: 234, 8: 299, 9: 235}, 10: {0: 248, 1: 241, 2: 254, 3: 225, 4: 255, 5: 265, 6: 248, 7: 233, 8: 268, 9: 263}, 11: {0: 226, 1: 261, 2: 241, 3: 245, 4: 242, 5: 297, 6: 249, 7: 232, 8: 250, 9: 257}, 12: {0: 259, 1: 253, 2: 240, 3: 243, 4: 261, 5: 276, 6: 257, 7: 227, 8: 231, 9: 253}, 13: {0: 241, 1: 261, 2: 238, 3: 272, 4: 248, 5: 257, 6: 220, 7: 257, 8: 263, 9: 243}, 14: {0: 225, 1: 263, 2: 237, 3: 268, 4: 246, 5: 244, 6: 251, 7: 249, 8: 274, 9: 243}, 15: {0: 267, 1: 246, 2: 253, 3: 239, 4: 259, 5: 242, 6: 256, 7: 237, 8: 234, 9: 267}, 16: {0: 242, 1: 262, 2: 268, 3: 224, 4: 267, 5: 229, 6: 247, 7: 240, 8: 245, 9: 276}, 17: {0: 276, 1: 252, 2: 235, 3: 240, 4: 267, 5: 236, 6: 245, 7: 257, 8: 239, 9: 253}, 18: {0: 237, 1: 226, 2: 269, 3: 265, 4: 277, 5: 244, 6: 236, 7: 262, 8: 237, 9: 247}, 19: {0: 241, 1: 242, 2: 241, 3: 246, 4: 278, 5: 239, 6: 249, 7: 265, 8: 264, 9: 235}}", "loading time": 205, "local_train_accs": [0.4024, 0.4188, 0.4564, 0.4292, 0.3648, 0.4208, 0.4276, 0.4352, 0.4484, 0.4232, 0.434, 0.4364, 0.4328, 0.3888, 0.4132, 0.426, 0.4348, 0.3992, 0.394, 0.4208], "local_test_accs": [0.3316, 0.3314, 0.3372, 0.34, 0.3001, 0.3492, 0.3515, 0.3435, 0.3441, 0.327, 0.3287, 0.3285, 0.3271, 0.3246, 0.3271, 0.331, 0.3345, 0.3201, 0.3186, 0.3302], "Uniform ensemble (Train acc)": 0.40574, "Uniform ensemble (Test acc)": 0.4011, "FedAvg (Train acc)": 0.1, "FedAvg (Test acc)": 0.1, "pdm_KL_reg 0": {"Best Result": {"Best Sigma0": 10, "Best sigma": 1, "Best gamma": 10, "Best Test accuracy": 0.3875, "Train acc": 0.39098}, "PDM log": "{(10, 1, 10): {'shapes': [(3072, 700), (700,), (700, 10), (10,)], 'train_accuracy': 0.39098, 'test_accuracy': 0.3875}}", "timing": 1565}, "pdm_KL_reg 0.001": {"Best Result": {"Best Sigma0": 10, "Best sigma": 1, "Best gamma": 10, "Best Test accuracy": 0.3802, "Train acc": 0.38314}, "PDM log": "{(10, 1, 10): {'shapes': [(3072, 700), (700,), (700, 10), (10,)], 'train_accuracy': 0.38314, 'test_accuracy': 0.3802}}", "timing": 3252}, "pdm_KL_reg 0.005": {"Best Result": {"Best Sigma0": 10, "Best sigma": 1, "Best gamma": 10, "Best Test accuracy": 0.393, "Train acc": 0.39502}, "PDM log": "{(10, 1, 10): {'shapes': [(3072, 700), (700,), (700, 10), (10,)], 'train_accuracy': 0.39502, 'test_accuracy': 0.393}}", "timing": 3333}, "pdm_KL_reg 0.01": {"Best Result": {"Best Sigma0": 10, "Best sigma": 1, "Best gamma": 10, "Best Test accuracy": 0.3865, "Train acc": 0.39112}, "PDM log": "{(10, 1, 10): {'shapes': [(3072, 700), (700,), (700, 10), (10,)], 'train_accuracy': 0.39112, 'test_accuracy': 0.3865}}", "timing": 3007}, "pdm_KL_reg 0.05": {"Best Result": {"Best Sigma0": 10, "Best sigma": 1, "Best gamma": 10, "Best Test accuracy": 0.3855, "Train acc": 0.38922}, "PDM log": "{(10, 1, 10): {'shapes': [(3072, 700), (700,), (700, 10), (10,)], 'train_accuracy': 0.38922, 'test_accuracy': 0.3855}}", "timing": 2997}, "pdm_KL_reg 0.1": {"Best Result": {"Best Sigma0": 10, "Best sigma": 1, "Best gamma": 10, "Best Test accuracy": 0.3918, "Train acc": 0.39582}, "PDM log": "{(10, 1, 10): {'shapes': [(3072, 700), (700,), (700, 10), (10,)], 'train_accuracy': 0.39582, 'test_accuracy': 0.3918}}", "timing": 2992}, "pdm_KL_reg 0.5": {"Best Result": {"Best Sigma0": 10, "Best sigma": 1, "Best gamma": 10, "Best Test accuracy": 0.3789, "Train acc": 0.38388}, "PDM log": "{(10, 1, 10): {'shapes': [(3072, 700), (700,), (700, 10), (10,)], 'train_accuracy': 0.38388, 'test_accuracy': 0.3789}}", "timing": 3355}, "pdm_KL_reg 1": {"Best Result": {"Best Sigma0": 10, "Best sigma": 1, "Best gamma": 10, "Best Test accuracy": 0.3494, "Train acc": 0.35026}, "PDM log": "{(10, 1, 10): {'shapes': [(3072, 328), (328,), (328, 10), (10,)], 'train_accuracy': 0.35026, 'test_accuracy': 0.3494}}", "timing": 1709}, "pdm_KL_reg 2": {"Best Result": {"Best Sigma0": 10, "Best sigma": 1, "Best gamma": 10, "Best Test accuracy": 0.1, "Train acc": 0.1}, "PDM log": "{(10, 1, 10): {'shapes': [(3072, 100), (100,), (100, 10), (10,)], 'train_accuracy': 0.1, 'test_accuracy': 0.1}}", "timing": 667}, "pdm_KL_reg 5": {"Best Result": {"Best Sigma0": 10, "Best sigma": 1, "Best gamma": 10, "Best Test accuracy": 0.1, "Train acc": 0.1}, "PDM log": "{(10, 1, 10): {'shapes': [(3072, 100), (100,), (100, 10), (10,)], 'train_accuracy': 0.1, 'test_accuracy': 0.1}}", "timing": 612}, "pdm_KL_reg 10": {"Best Result": {"Best Sigma0": 10, "Best sigma": 1, "Best gamma": 10, "Best Test accuracy": 0.1, "Train acc": 0.1}, "PDM log": "{(10, 1, 10): {'shapes': [(3072, 100), (100,), (100, 10), (10,)], 'train_accuracy': 0.1, 'test_accuracy': 0.1}}", "timing": 609}, "best_reg": 0.005}