{"seed": 5, "Data statistics": "{0: {0: 307, 1: 115, 2: 873, 3: 475, 4: 401, 5: 96, 6: 836, 7: 8, 8: 219, 9: 106}, 1: {0: 633, 1: 40, 2: 50, 3: 145, 4: 148, 5: 39, 6: 970, 7: 2789}, 2: {0: 224, 1: 954, 2: 438, 3: 689, 4: 21, 5: 309, 6: 1011, 7: 16, 8: 482}, 3: {0: 3, 1: 58, 2: 24, 3: 55, 4: 437, 5: 44, 6: 1, 7: 840, 8: 221, 9: 227}, 4: {0: 4, 1: 31, 2: 140, 3: 113, 4: 100, 5: 291, 6: 572, 7: 580, 8: 816, 9: 342}, 5: {0: 15, 1: 177, 3: 67, 4: 912, 5: 45, 6: 625, 7: 72, 8: 314, 9: 265}, 6: {1: 992, 2: 111, 3: 967, 4: 46, 5: 1444, 6: 752}, 7: {0: 80, 1: 1761, 2: 1041, 3: 83, 4: 1219}, 8: {0: 136, 1: 1202, 2: 232, 3: 1013, 4: 439, 5: 14, 6: 7, 7: 425, 8: 271, 9: 1333}, 9: {0: 27, 1: 358, 2: 1816, 3: 282, 4: 249, 5: 296, 6: 27, 7: 5, 8: 2659}, 10: {0: 2072, 1: 152, 2: 6, 3: 138, 4: 3, 5: 809, 6: 227, 7: 288, 8: 94, 9: 288}, 11: {0: 4, 1: 441, 2: 237, 3: 264, 4: 1, 5: 1634, 6: 468, 7: 57, 8: 352, 9: 2813}, 12: {0: 1387, 1: 141, 2: 82, 3: 12, 5: 238, 6: 245, 7: 160, 8: 24, 9: 23}, 13: {0: 818, 1: 241, 2: 688, 3: 6, 4: 110, 5: 161, 6: 176, 7: 1025, 8: 398, 9: 552}, 14: {0: 213, 1: 79, 2: 220, 3: 1822, 4: 1756, 5: 1, 6: 1, 8: 1}}", "comm 0": {"training timing": 290, "local_train_accs": [1.0, 1.0, 0.9992760617760618, 1.0, 1.0, 1.0, 1.0, 1.0, 1.0, 0.9996502885119776, 1.0, 1.0, 1.0, 1.0, 1.0], "local_test_accs": [1.0, 1.0, 0.9992760617760618, 1.0, 1.0, 1.0, 1.0, 1.0, 1.0, 0.9996502885119776, 1.0, 1.0, 1.0, 1.0, 1.0], "Uniform ensemble (Train acc)": 0.9559, "Uniform ensemble (Test acc)": 0.9542, "FedAvg (Train acc)": 0.23226666666666668, "FedAvg (Test acc)": 0.2398, "pdm_KL (Train acc)": 0.8010833333333334, "pdm_KL (Test acc)": 0.799}, "comm 1": {"training timing": 388, "local_train_accs": [0.9889406286379511, 1.0, 0.986003861003861, 1.0, 1.0, 1.0, 1.0, 0.9997609942638623, 0.9994085173501577, 0.9931806259835636, 0.9985283296541575, 1.0, 1.0, 0.9959281437125749, 1.0], "local_test_accs": [0.9889406286379511, 1.0, 0.986003861003861, 1.0, 1.0, 1.0, 1.0, 0.9997609942638623, 0.9994085173501577, 0.9931806259835636, 0.9985283296541575, 1.0, 1.0, 0.9959281437125749, 1.0], "Uniform ensemble (Train acc)": 0.9563333333333334, "Uniform ensemble (Test acc)": 0.9541, "FedAvg (Train acc)": 0.19568333333333332, "FedAvg (Test acc)": 0.2021, "pdm_KL (Train acc)": 0.9046833333333333, "pdm_KL (Test acc)": 0.9053}, "comm 2": {"training timing": 417, "local_train_accs": [1.0, 0.9997922725384296, 0.999034749034749, 0.9994764397905759, 0.998327199732352, 1.0, 1.0, 1.0, 1.0, 1.0, 0.9931322050527348, 1.0, 0.9991349480968859, 0.9894610778443114, 1.0], "local_test_accs": [1.0, 0.9997922725384296, 0.999034749034749, 0.9994764397905759, 0.998327199732352, 1.0, 1.0, 1.0, 1.0, 1.0, 0.9931322050527348, 1.0, 0.9991349480968859, 0.9894610778443114, 1.0], "Uniform ensemble (Train acc)": 0.95805, "Uniform ensemble (Test acc)": 0.9574, "FedAvg (Train acc)": 0.1596, "FedAvg (Test acc)": 0.1635, "pdm_KL (Train acc)": 0.9134, "pdm_KL (Test acc)": 0.918}, "comm 3": {"training timing": 356, "local_train_accs": [0.9973806752037253, 0.9997922725384296, 1.0, 1.0, 1.0, 0.9983948635634029, 1.0, 1.0, 0.9954652996845426, 1.0, 1.0, 1.0, 1.0, 0.9765269461077845, 1.0], "local_test_accs": [0.9973806752037253, 0.9997922725384296, 1.0, 1.0, 1.0, 0.9983948635634029, 1.0, 1.0, 0.9954652996845426, 1.0, 1.0, 1.0, 1.0, 0.9765269461077845, 1.0], "Uniform ensemble (Train acc)": 0.9598, "Uniform ensemble (Test acc)": 0.9577, "FedAvg (Train acc)": 0.15918333333333334, "FedAvg (Test acc)": 0.1637, "pdm_KL (Train acc)": 0.9257166666666666, "pdm_KL (Test acc)": 0.9256}, "comm 4": {"training timing": 376, "local_train_accs": [1.0, 1.0, 0.9997586872586872, 1.0, 1.0, 0.9975922953451043, 1.0, 0.9997609942638623, 0.9988170347003155, 1.0, 1.0, 1.0, 0.9995674740484429, 0.9920958083832335, 0.9995113608600049], "local_test_accs": [1.0, 1.0, 0.9997586872586872, 1.0, 1.0, 0.9975922953451043, 1.0, 0.9997609942638623, 0.9988170347003155, 1.0, 1.0, 1.0, 0.9995674740484429, 0.9920958083832335, 0.9995113608600049], "Uniform ensemble (Train acc)": 0.9594833333333334, "Uniform ensemble (Test acc)": 0.9575, "FedAvg (Train acc)": 0.15463333333333334, "FedAvg (Test acc)": 0.1588, "pdm_KL (Train acc)": 0.9367, "pdm_KL (Test acc)": 0.9369}, "comm 5": {"training timing": 386, "local_train_accs": [1.0, 0.9997922725384296, 0.9910714285714286, 1.0, 1.0, 0.992776886035313, 1.0, 0.9997609942638623, 1.0, 1.0, 1.0, 1.0, 1.0, 1.0, 0.9982897630100172], "local_test_accs": [1.0, 0.9997922725384296, 0.9910714285714286, 1.0, 1.0, 0.992776886035313, 1.0, 0.9997609942638623, 1.0, 1.0, 1.0, 1.0, 1.0, 1.0, 0.9982897630100172], "Uniform ensemble (Train acc)": 0.9588666666666666, "Uniform ensemble (Test acc)": 0.9582, "FedAvg (Train acc)": 0.1667, "FedAvg (Test acc)": 0.1734, "pdm_KL (Train acc)": 0.9470833333333334, "pdm_KL (Test acc)": 0.9467}, "comm 6": {"training timing": 390, "local_train_accs": [1.0, 1.0, 1.0, 1.0, 1.0, 0.9991974317817014, 0.9988404452690167, 0.9997609942638623, 0.9986198738170347, 0.9989508655359328, 1.0, 0.9993621431988519, 1.0, 0.9978443113772455, 0.9963352064500367], "local_test_accs": [1.0, 1.0, 1.0, 1.0, 1.0, 0.9991974317817014, 0.9988404452690167, 0.9997609942638623, 0.9986198738170347, 0.9989508655359328, 1.0, 0.9993621431988519, 1.0, 0.9978443113772455, 0.9963352064500367], "Uniform ensemble (Train acc)": 0.9593, "Uniform ensemble (Test acc)": 0.9582, "FedAvg (Train acc)": 0.17351666666666668, "FedAvg (Test acc)": 0.1789, "pdm_KL (Train acc)": 0.9540666666666666, "pdm_KL (Test acc)": 0.9544}, "comm 7": {"training timing": 397, "local_train_accs": [1.0, 0.9995845450768591, 1.0, 1.0, 1.0, 0.9991974317817014, 1.0, 0.9995219885277247, 0.9970425867507886, 0.9994754327679665, 0.9997547216090262, 1.0, 1.0, 0.998562874251497, 1.0], "local_test_accs": [1.0, 0.9995845450768591, 1.0, 1.0, 1.0, 0.9991974317817014, 1.0, 0.9995219885277247, 0.9970425867507886, 0.9994754327679665, 0.9997547216090262, 1.0, 1.0, 0.998562874251497, 1.0], "Uniform ensemble (Train acc)": 0.96075, "Uniform ensemble (Test acc)": 0.9588, "FedAvg (Train acc)": 0.22615, "FedAvg (Test acc)": 0.2299, "pdm_KL (Train acc)": 0.95325, "pdm_KL (Test acc)": 0.9541}, "comm 8": {"training timing": 408, "local_train_accs": [1.0, 1.0, 1.0, 1.0, 1.0, 1.0, 0.9997680890538033, 0.9995219885277247, 0.9994085173501577, 1.0, 0.9960755457444199, 1.0, 0.9965397923875432, 1.0, 1.0], "local_test_accs": [1.0, 1.0, 1.0, 1.0, 1.0, 1.0, 0.9997680890538033, 0.9995219885277247, 0.9994085173501577, 1.0, 0.9960755457444199, 1.0, 0.9965397923875432, 1.0, 1.0], "Uniform ensemble (Train acc)": 0.96145, "Uniform ensemble (Test acc)": 0.9605, "FedAvg (Train acc)": 0.21866666666666668, "FedAvg (Test acc)": 0.2221, "pdm_KL (Train acc)": 0.9561833333333334, "pdm_KL (Test acc)": 0.9546}, "comm 9": {"training timing": 374, "local_train_accs": [1.0, 1.0, 0.9942084942084942, 0.9989528795811519, 1.0, 0.9991974317817014, 1.0, 1.0, 0.9881703470031545, 1.0, 1.0, 0.9992026789985649, 1.0, 0.9973652694610778, 1.0], "local_test_accs": [1.0, 1.0, 0.9942084942084942, 0.9989528795811519, 1.0, 0.9991974317817014, 1.0, 1.0, 0.9881703470031545, 1.0, 1.0, 0.9992026789985649, 1.0, 0.9973652694610778, 1.0], "Uniform ensemble (Train acc)": 0.9606833333333333, "Uniform ensemble (Test acc)": 0.9595, "FedAvg (Train acc)": 0.17871666666666666, "FedAvg (Test acc)": 0.1795, "pdm_KL (Train acc)": 0.9595333333333333, "pdm_KL (Test acc)": 0.9574}, "comm 10": {"training timing": 362, "local_train_accs": [1.0, 1.0, 0.9968629343629344, 0.9921465968586387, 0.9993308798929408, 1.0, 1.0, 1.0, 1.0, 0.9982514425598881, 0.9973019376992887, 1.0, 1.0, 0.9983233532934132, 1.0], "local_test_accs": [1.0, 1.0, 0.9968629343629344, 0.9921465968586387, 0.9993308798929408, 1.0, 1.0, 1.0, 1.0, 0.9982514425598881, 0.9973019376992887, 1.0, 1.0, 0.9983233532934132, 1.0], "Uniform ensemble (Train acc)": 0.9616, "Uniform ensemble (Test acc)": 0.9609, "FedAvg (Train acc)": 0.18651666666666666, "FedAvg (Test acc)": 0.1869, "pdm_KL (Train acc)": 0.9598,