{"seed": 2, "Data statistics": "{0: {0: 20, 1: 166, 2: 805, 3: 1865, 4: 1297, 5: 1014}, 1: {0: 318, 1: 1068, 2: 10, 3: 177, 4: 73, 5: 25, 6: 630, 7: 719, 8: 206, 9: 1249}, 2: {0: 527, 1: 20, 2: 32, 3: 198, 4: 71, 5: 33, 6: 27, 7: 626, 8: 383, 9: 244}, 3: {0: 271, 1: 1707, 2: 2, 3: 229, 4: 526, 5: 372, 6: 24, 7: 175, 8: 413, 9: 1788}, 4: {0: 930, 1: 357, 2: 340, 3: 268, 4: 2215, 5: 2429}, 5: {0: 226, 1: 83, 2: 2028, 3: 461, 4: 131, 5: 293, 6: 10, 7: 3134}, 6: {0: 39, 1: 1568, 2: 691, 3: 1584, 4: 370, 5: 669, 6: 1506}, 7: {0: 1548, 1: 6, 2: 397, 3: 188, 4: 35, 5: 155, 6: 806, 7: 179, 8: 2216}, 8: {0: 1107, 1: 22, 2: 294, 3: 17, 4: 264, 6: 1214, 7: 8, 8: 749, 9: 929}, 9: {0: 14, 1: 3, 2: 401, 3: 13, 4: 18, 5: 10, 6: 783, 7: 159, 8: 1033, 9: 790}}", "loading time": 136, "local_train_accs": [0.44145538997484035, 0.5188826815642458, 0.5557612216566404, 0.4842927183584529, 0.6219605444257532, 0.6088595664467483, 0.4952543955189046, 0.5649186256781193, 0.552997393570808, 0.6516749379652605], "local_test_accs": [0.1377, 0.2661, 0.2468, 0.204, 0.2323, 0.1471, 0.1997, 0.2023, 0.227, 0.2367], "Uniform ensemble (Train acc)": 0.33558, "Uniform ensemble (Test acc)": 0.3321, "FedAvg (Train acc)": 0.1, "FedAvg (Test acc)": 0.1, "pdm_KL_reg 0": {"Best Result": {"Best Sigma0": 0.5, "Best sigma": 1, "Best gamma": 10, "Best Test accuracy": 0.1, "Train acc": 0.1}, "PDM log": "{(0.5, 1, 10): {'shapes': [(3072, 255), (255,), (255, 127), (127,), (127, 118), (118,), (118, 111), (111,), (111, 10), (10,)], 'train_accuracy': 0.1, 'test_accuracy': 0.1}}", "timing": 675}, "pdm_KL_reg 0.001": {"Best Result": {"Best Sigma0": 0.5, "Best sigma": 1, "Best gamma": 10, "Best Test accuracy": 0.1, "Train acc": 0.1}, "PDM log": "{(0.5, 1, 10): {'shapes': [(3072, 254), (254,), (254, 127), (127,), (127, 118), (118,), (118, 111), (111,), (111, 10), (10,)], 'train_accuracy': 0.1, 'test_accuracy': 0.1}}", "timing": 1065}, "pdm_KL_reg 0.005": {"Best Result": {"Best Sigma0": 0.5, "Best sigma": 1, "Best gamma": 10, "Best Test accuracy": 0.1, "Train acc": 0.1}, "PDM log": "{(0.5, 1, 10): {'shapes': [(3072, 252), (252,), (252, 127), (127,), (127, 118), (118,), (118, 111), (111,), (111, 10), (10,)], 'train_accuracy': 0.1, 'test_accuracy': 0.1}}", "timing": 897}, "pdm_KL_reg 0.01": {"Best Result": {"Best Sigma0": 0.5, "Best sigma": 1, "Best gamma": 10, "Best Test accuracy": 0.1, "Train acc": 0.1}, "PDM log": "{(0.5, 1, 10): {'shapes': [(3072, 254), (254,), (254, 118), (118,), (118, 118), (118,), (118, 111), (111,), (111, 10), (10,)], 'train_accuracy': 0.1, 'test_accuracy': 0.1}}", "timing": 698}, "pdm_KL_reg 0.05": {"Best Result": {"Best Sigma0": 0.5, "Best sigma": 1, "Best gamma": 10, "Best Test accuracy": 0.1, "Train acc": 0.1}, "PDM log": "{(0.5, 1, 10): {'shapes': [(3072, 254), (254,), (254, 118), (118,), (118, 127), (127,), (127, 112), (112,), (112, 10), (10,)], 'train_accuracy': 0.1, 'test_accuracy': 0.1}}", "timing": 754}, "pdm_KL_reg 0.1": {"Best Result": {"Best Sigma0": 0.5, "Best sigma": 1, "Best gamma": 10, "Best Test accuracy": 0.1, "Train acc": 0.1}, "PDM log": "{(0.5, 1, 10): {'shapes': [(3072, 259), (259,), (259, 118), (118,), (118, 118), (118,), (118, 112), (112,), (112, 10), (10,)], 'train_accuracy': 0.1, 'test_accuracy': 0.1}}", "timing": 954}, "pdm_KL_reg 0.5": {"Best Result": {"Best Sigma0": 0.5, "Best sigma": 1, "Best gamma": 10, "Best Test accuracy": 0.1, "Train acc": 0.1}, "PDM log": "{(0.5, 1, 10): {'shapes': [(3072, 328), (328,), (328, 127), (127,), (127, 118), (118,), (118, 115), (115,), (115, 10), (10,)], 'train_accuracy': 0.1, 'test_accuracy': 0.1}}", "timing": 1117}, "pdm_KL_reg 1": {"Best Result": {"Best Sigma0": 0.5, "Best sigma": 1, "Best gamma": 10, "Best Test accuracy": 0.1, "Train acc": 0.1}, "PDM log": "{(0.5, 1, 10): {'shapes': [(3072, 544), (544,), (544, 127), (127,), (127, 127), (127,), (127, 117), (117,), (117, 10), (10,)], 'train_accuracy': 0.1, 'test_accuracy': 0.1}}", "timing": 1522}, "pdm_KL_reg 2": {"Best Result": {"Best Sigma0": 0.5, "Best sigma": 1, "Best gamma": 10, "Best Test accuracy": 0.0951, "Train acc": 0.09436}, "PDM log": "{(0.5, 1, 10): {'shapes': [(3072, 686), (686,), (686, 127), (127,), (127, 127), (127,), (127, 127), (127,), (127, 10), (10,)], 'train_accuracy': 0.09436, 'test_accuracy': 0.0951}}", "timing": 1943}, "pdm_KL_reg 5": {"Best Result": {"Best Sigma0": 0.5, "Best sigma": 1, "Best gamma": 10, "Best Test accuracy": 0.1, "Train acc": 0.1}, "PDM log": "{(0.5, 1, 10): {'shapes': [(3072, 662), (662,), (662, 127), (127,), (127, 127), (127,), (127, 118), (118,), (118, 10), (10,)], 'train_accuracy': 0.1, 'test_accuracy': 0.1}}", "timing": 2025}, "pdm_KL_reg 10": {"Best Result": {"Best Sigma0": 0.5, "Best sigma": 1, "Best gamma": 10, "Best Test accuracy": 0.1, "Train acc": 0.1}, "PDM log": "{(0.5, 1, 10): {'shapes': [(3072, 691), (691,), (691, 127), (127,), (127, 127), (127,), (127, 118), (118,), (118, 10), (10,)], 'train_accuracy': 0.1, 'test_accuracy': 0.1}}", "timing": 1948}, "best_reg": 0}