{"seed": 3, "Data statistics": "{0: {0: 324, 1: 286, 2: 177, 3: 114, 4: 936, 5: 105, 6: 350, 7: 5, 8: 428, 9: 978}, 1: {0: 906, 1: 924, 2: 1139, 3: 191, 4: 579, 5: 333, 6: 718, 7: 28, 8: 83, 9: 1105}, 2: {0: 381, 1: 108, 2: 483, 3: 1152, 4: 1050, 5: 78, 6: 954, 7: 206, 8: 620}, 3: {0: 7, 1: 1745, 2: 1728, 3: 388, 4: 193, 5: 831, 6: 841}, 4: {0: 1403, 1: 431, 2: 577, 3: 316, 4: 1020, 5: 559, 6: 1770}, 5: {0: 635, 1: 195, 2: 61, 3: 595, 4: 275, 5: 842, 6: 4, 7: 3009}, 6: {0: 23, 1: 46, 2: 454, 3: 833, 4: 189, 5: 117, 6: 161, 7: 426, 8: 1887, 9: 1182}, 7: {0: 1227, 1: 455, 2: 49, 3: 370, 4: 150, 5: 261, 6: 18, 7: 1, 8: 35, 9: 120}, 8: {0: 88, 1: 72, 2: 3, 3: 1022, 4: 57, 5: 627, 6: 66, 7: 1039, 8: 1251, 9: 1308}, 9: {0: 6, 1: 738, 2: 329, 3: 19, 4: 551, 5: 1247, 6: 118, 7: 286, 8: 696, 9: 307}}", "loading time": 132, "local_train_accs": [0.4474750202538482, 0.4219114219114219, 0.42468203497615264, 0.5210186638758068, 0.4774522712310731, 0.5758547008547008, 0.5338473110191801, 0.546909903201787, 0.4905114765949756, 0.45799394926693043], "local_test_accs": [0.2138, 0.2502, 0.2394, 0.1683, 0.1928, 0.1887, 0.233, 0.1785, 0.2161, 0.2076], "Uniform ensemble (Train acc)": 0.3391, "Uniform ensemble (Test acc)": 0.3407, "FedAvg (Train acc)": 0.1, "FedAvg (Test acc)": 0.1, "pdm_KL_reg 0": {"Best Result": {"Best Sigma0": 0.5, "Best sigma": 1, "Best gamma": 10, "Best Test accuracy": 0.1278, "Train acc": 0.12458}, "PDM log": "{(0.5, 1, 10): {'shapes': [(3072, 261), (261,), (261, 118), (118,), (118, 118), (118,), (118, 107), (107,), (107, 10), (10,)], 'train_accuracy': 0.12458, 'test_accuracy': 0.1278}}", "timing": 538}, "pdm_KL_reg 0.001": {"Best Result": {"Best Sigma0": 0.5, "Best sigma": 1, "Best gamma": 10, "Best Test accuracy": 0.1263, "Train acc": 0.12376}, "PDM log": "{(0.5, 1, 10): {'shapes': [(3072, 264), (264,), (264, 118), (118,), (118, 118), (118,), (118, 108), (108,), (108, 10), (10,)], 'train_accuracy': 0.12376, 'test_accuracy': 0.1263}}", "timing": 869}, "pdm_KL_reg 0.005": {"Best Result": {"Best Sigma0": 0.5, "Best sigma": 1, "Best gamma": 10, "Best Test accuracy": 0.1268, "Train acc": 0.12548}, "PDM log": "{(0.5, 1, 10): {'shapes': [(3072, 264), (264,), (264, 118), (118,), (118, 118), (118,), (118, 108), (108,), (108, 10), (10,)], 'train_accuracy': 0.12548, 'test_accuracy': 0.1268}}", "timing": 971}, "pdm_KL_reg 0.01": {"Best Result": {"Best Sigma0": 0.5, "Best sigma": 1, "Best gamma": 10, "Best Test accuracy": 0.128, "Train acc": 0.12238}, "PDM log": "{(0.5, 1, 10): {'shapes': [(3072, 263), (263,), (263, 118), (118,), (118, 118), (118,), (118, 107), (107,), (107, 10), (10,)], 'train_accuracy': 0.12238, 'test_accuracy': 0.128}}", "timing": 879}, "pdm_KL_reg 0.05": {"Best Result": {"Best Sigma0": 0.5, "Best sigma": 1, "Best gamma": 10, "Best Test accuracy": 0.127, "Train acc": 0.12438}, "PDM log": "{(0.5, 1, 10): {'shapes': [(3072, 264), (264,), (264, 118), (118,), (118, 118), (118,), (118, 108), (108,), (108, 10), (10,)], 'train_accuracy': 0.12438, 'test_accuracy': 0.127}}", "timing": 931}, "pdm_KL_reg 0.1": {"Best Result": {"Best Sigma0": 0.5, "Best sigma": 1, "Best gamma": 10, "Best Test accuracy": 0.1325, "Train acc": 0.12552}, "PDM log": "{(0.5, 1, 10): {'shapes': [(3072, 270), (270,), (270, 127), (127,), (127, 118), (118,), (118, 113), (113,), (113, 10), (10,)], 'train_accuracy': 0.12552, 'test_accuracy': 0.1325}}", "timing": 910}, "pdm_KL_reg 0.5": {"Best Result": {"Best Sigma0": 0.5, "Best sigma": 1, "Best gamma": 10, "Best Test accuracy": 0.1295, "Train acc": 0.1301}, "PDM log": "{(0.5, 1, 10): {'shapes': [(3072, 320), (320,), (320, 127), (127,), (127, 127), (127,), (127, 114), (114,), (114, 10), (10,)], 'train_accuracy': 0.1301, 'test_accuracy': 0.1295}}", "timing": 1078}, "pdm_KL_reg 1": {"Best Result": {"Best Sigma0": 0.5, "Best sigma": 1, "Best gamma": 10, "Best Test accuracy": 0.1257, "Train acc": 0.12618}, "PDM log": "{(0.5, 1, 10): {'shapes': [(3072, 506), (506,), (506, 127), (127,), (127, 127), (127,), (127, 117), (117,), (117, 10), (10,)], 'train_accuracy': 0.12618, 'test_accuracy': 0.1257}}", "timing": 1499}, "pdm_KL_reg 2": {"Best Result": {"Best Sigma0": 0.5, "Best sigma": 1, "Best gamma": 10, "Best Test accuracy": 0.1, "Train acc": 0.1}, "PDM log": "{(0.5, 1, 10): {'shapes': [(3072, 666), (666,), (666, 127), (127,), (127, 127), (127,), (127, 127), (127,), (127, 10), (10,)], 'train_accuracy': 0.1, 'test_accuracy': 0.1}}", "timing": 1815}, "pdm_KL_reg 5": {"Best Result": {"Best Sigma0": 0.5, "Best sigma": 1, "Best gamma": 10, "Best Test accuracy": 0.1, "Train acc": 0.1}, "PDM log": "{(0.5, 1, 10): {'shapes': [(3072, 627), (627,), (627, 127), (127,), (127, 127), (127,), (127, 118), (118,), (118, 10), (10,)], 'train_accuracy': 0.1, 'test_accuracy': 0.1}}", "timing": 1644}, "pdm_KL_reg 10": {"Best Result": {"Best Sigma0": 0.5, "Best sigma": 1, "Best gamma": 10, "Best Test accuracy": 0.1, "Train acc": 0.1}, "PDM log": "{(0.5, 1, 10): {'shapes': [(3072, 658), (658,), (658, 136), (136,), (136, 136), (136,), (136, 118), (118,), (118, 10), (10,)], 'train_accuracy': 0.1, 'test_accuracy': 0.1}}", "timing": 1827}, "best_reg": 0.1}