{"comm 0": {"ensemble acc": 0.42019, "ensemble std": 0.003911380830346237, "fedavg acc": 0.10001, "fedavg std": 0.0007006425622241333, "KL reg 0 acc": 0.29908999999999997, "KL reg 0 std": 0.01997705934315658, "KL reg 0.001 acc": 0.30217, "KL reg 0.001 std": 0.019448961411859502, "KL reg 0.005 acc": 0.29311999999999994, "KL reg 0.005 std": 0.02344592928420625, "KL reg 0.01 acc": 0.29186, "KL reg 0.01 std": 0.023767675527909756, "KL reg 0.05 acc": 0.29024, "KL reg 0.05 std": 0.024083446597196172, "KL reg 0.1 acc": 0.29484, "KL reg 0.1 std": 0.015368877642820888, "KL reg 0.5 acc": 0.30868000000000007, "KL reg 0.5 std": 0.021780899889582157, "KL reg 1 acc": 0.25286, "KL reg 1 std": 0.03699578894955478, "KL reg 2 acc": 0.1, "KL reg 2 std": 0.0, "KL reg 5 acc": 0.1, "KL reg 5 std": 0.0, "KL reg 10 acc": 0.1, "KL reg 10 std": 0.0, "KL best acc": 0.32111000000000006, "KL best std": 0.013969928417855259}, "comm 1": {"ensemble acc": 0.44179, "ensemble std": 0.0016996764397966993, "fedavg acc": 0.09996000000000001, "fedavg std": 0.0007565712127751088, "KL reg 0 acc": 0.3693700000000001, "KL reg 0 std": 0.013784197473919192, "KL reg 0.001 acc": 0.36860000000000004, "KL reg 0.001 std": 0.012873228033403279, "KL reg 0.005 acc": 0.36505, "KL reg 0.005 std": 0.01591931217107072, "KL reg 0.01 acc": 0.36988000000000004, "KL reg 0.01 std": 0.011417775615241356, "KL reg 0.05 acc": 0.37068999999999996, "KL reg 0.05 std": 0.012075632488611097, "KL reg 0.1 acc": 0.36785999999999996, "KL reg 0.1 std": 0.01512257914510617, "KL reg 0.5 acc": 0.36717, "KL reg 0.5 std": 0.01403260845317078, "KL reg 1 acc": 0.33485, "KL reg 1 std": 0.016290503368527318, "KL reg 2 acc": 0.1, "KL reg 2 std": 0.0, "KL reg 5 acc": 0.1, "KL reg 5 std": 0.0, "KL reg 10 acc": 0.09972, "KL reg 10 std": 0.0008400000000000032, "KL best acc": 0.37938000000000005, "KL best std": 0.01068782484886425}, "comm 2": {"ensemble acc": 0.45362, "ensemble std": 0.003931615444063668, "fedavg acc": 0.09941, "fedavg std": 0.007113852683321465, "KL reg 0 acc": 0.3959, "KL reg 0 std": 0.02238334202035075, "KL reg 0.001 acc": 0.39393, "KL reg 0.001 std": 0.023820833318756923, "KL reg 0.005 acc": 0.39554999999999996, "KL reg 0.005 std": 0.01919298048766788, "KL reg 0.01 acc": 0.3981, "KL reg 0.01 std": 0.014772609789742638, "KL reg 0.05 acc": 0.39601000000000003, "KL reg 0.05 std": 0.017710304909854046, "KL reg 0.1 acc": 0.39303, "KL reg 0.1 std": 0.020361436589789034, "KL reg 0.5 acc": 0.39456, "KL reg 0.5 std": 0.01512337263972558, "KL reg 1 acc": 0.32492, "KL reg 1 std": 0.038582192783718244, "KL reg 2 acc": 0.10528, "KL reg 2 std": 0.01580669478417294, "KL reg 5 acc": 0.10142, "KL reg 5 std": 0.004259999999999997, "KL reg 10 acc": 0.10185999999999999, "KL reg 10 std": 0.005579999999999998, "KL best acc": 0.40610999999999997, "KL best std": 0.014469378010128845}, "comm 3": {"ensemble acc": 0.46446, "ensemble std": 0.0033627964553329696, "fedavg acc": 0.10146, "fedavg std": 0.008602116018747946, "KL reg 0 acc": 0.41122999999999993, "KL reg 0 std": 0.017237810185751552, "KL reg 0.001 acc": 0.41202999999999995, "KL reg 0.001 std": 0.01547798759529158, "KL reg 0.005 acc": 0.40901, "KL reg 0.005 std": 0.017234352323194504, "KL reg 0.01 acc": 0.41189, "KL reg 0.01 std": 0.011035982058702343, "KL reg 0.05 acc": 0.41134000000000004, "KL reg 0.05 std": 0.01646992410425743, "KL reg 0.1 acc": 0.40852000000000005, "KL reg 0.1 std": 0.01630771596514975, "KL reg 0.5 acc": 0.4086, "KL reg 0.5 std": 0.013086557989020647, "KL reg 1 acc": 0.33376, "KL reg 1 std": 0.025061651980665598, "KL reg 2 acc": 0.10146999999999999, "KL reg 2 std": 0.004409999999999997, "KL reg 5 acc": 0.10129000000000002, "KL reg 5 std": 0.003869999999999999, "KL reg 10 acc": 0.10137, "KL reg 10 std": 0.0041099999999999965, "KL best acc": 0.42015, "KL best std": 0.011588722966746597}, "comm 4": {"ensemble acc": 0.47028, "ensemble std": 0.003698053542067773, "fedavg acc": 0.10085, "fedavg std": 0.00839526652346428, "KL reg 0 acc": 0.42179, "KL reg 0 std": 0.013729417321940503, "KL reg 0.001 acc": 0.4205, "KL reg 0.001 std": 0.016027164440411783, "KL reg 0.005 acc": 0.4219200000000001, "KL reg 0.005 std": 0.012576708631434537, "KL reg 0.01 acc": 0.41994, "KL reg 0.01 std": 0.010379036564151794, "KL reg 0.05 acc": 0.41956, "KL reg 0.05 std": 0.011994098548869772, "KL reg 0.1 acc": 0.41797000000000006, "KL reg 0.1 std": 0.013159487072070855, "KL reg 0.5 acc": 0.39782, "KL reg 0.5 std": 0.024365089780257324, "KL reg 1 acc": 0.33257, "KL reg 1 std": 0.03080568291728004, "KL reg 2 acc": 0.10491999999999999, "KL reg 2 std": 0.01168706977817793, "KL reg 5 acc": 0.10089000000000001, "KL reg 5 std": 0.002669999999999997, "KL reg 10 acc": 0.10118, "KL reg 10 std": 0.003539999999999997, "KL best acc": 0.42743000000000003, "KL best std": 0.010477886237214067}, "comm 5": {"ensemble acc": 0.47741, "ensemble std": 0.0035962341414318383, "fedavg acc": 0.10214000000000001, "fedavg std": 0.008518121858719798, "KL reg 0 acc": 0.42874, "KL reg 0 std": 0.01313964991923301, "KL reg 0.001 acc": 0.42744, "KL reg 0.001 std": 0.013004168562426437, "KL reg 0.005 acc": 0.42726, "KL reg 0.005 std": 0.01226949061697347, "KL reg 0.01 acc": 0.42804000000000003, "KL reg 0.01 std": 0.010445496637307388, "KL reg 0.05 acc": 0.42638, "KL reg 0.05 std": 0.012210225223148019, "KL reg 0.1 acc": 0.42537, "KL reg 0.1 std": 0.013101606771690257, "KL reg 0.5 acc": 0.37491, "KL reg 0.5 std": 0.033647717604616205, "KL reg 1 acc": 0.31826, "KL reg 1 std": 0.03489479044212761, "KL reg 2 acc": 0.10206, "KL reg 2 std": 0.004144200767337409, "KL reg 5 acc": 0.10107999999999999, "KL reg 5 std": 0.0032399999999999972, "KL reg 10 acc": 0.10106, "KL reg 10 std": 0.0031799999999999997, "KL best acc": 0.43404, "KL best std": 0.009697030473294385}, "comm 6": {"ensemble acc": 0.48195, "ensemble std": 0.004813782296697681, "fedavg acc": 0.10519, "fedavg std": 0.009320241413182386, "KL reg 0 acc": 0.43363000000000007, "KL reg 0 std": 0.010993184252071828, "KL reg 0.001 acc": 0.43118, "KL reg 0.001 std": 0.011567782847201107, "KL reg 0.005 acc": 0.43339, "KL reg 0.005 std": 0.009776139319792857, "KL reg 0.01 acc": 0.43294, "KL reg 0.01 std": 0.0068345007132928175, "KL reg 0.05 acc": 0.43191999999999997, "KL reg 0.05 std": 0.008457990305031098, "KL reg 0.1 acc": 0.43096999999999996, "KL reg 0.1 std": 0.010388652463144589, "KL reg 0.5 acc": 0.3736499999999999, "KL reg 0.5 std": 0.03320732599894186, "KL reg 1 acc": 0.33952, "KL reg 1 std": 0.0336695648917535, "KL reg 2 acc": 0.10356000000000001, "KL reg 2 std": 0.0071816711147197464, "KL reg 5 acc": 0.10281, "KL reg 5 std": 0.005632841201383186, "KL reg 10 acc": 0.10155, "KL reg 10 std": 0.004326950427263987, "KL best acc": 0.43779, "KL best std": 0.007755958999375899}, "comm 7": {"ensemble acc": 0.48450000000000004, "ensemble std": 0.0022943408639519943, "fedavg acc": 0.10354000000000001, "fedavg std": 0.011372088638416425, "KL reg 0 acc": 0.43898000000000004, "KL reg 0 std": 0.01091840647713759, "KL reg 0.001 acc": 0.43807999999999997, "KL reg 0.001 std": 0.011433004854367898, "KL reg 0.005 acc": 0.43750999999999995, "KL reg 0.005 std": 0.010932287043432395, "KL reg 0.01 acc": 0.43644999999999995, "KL reg 0.01 std": 0.007621056357225019, "KL reg 0.05 acc": 0.43314, "KL reg 0.05 std": 0.010793627749741973, "KL reg 0.1 acc": 0.43232, "KL reg 0.1 std": 0.010899339429525067, "KL reg 0.5 acc": 0.34128, "KL reg 0.5 std": 0.049877746540917416, "KL reg 1 acc": 0.34302, "KL reg 1 std": 0.0299170118828736, "KL reg 2 acc": 0.10496000000000001, "KL reg 2 std": 0.010220391381938362, "KL reg 5 acc": 0.10262, "KL reg 5 std": 0.004959596757801987, "KL reg 10 acc": 0.10377, "KL reg 10 std": 0.007821515198476568, "KL best acc": 0.44247, "KL best std": 0.010078596132398593}, "comm 8": {"ensemble acc": 0.48650000000000004, "ensemble std": 0.004163412062239335, "fedavg acc": 0.10311999999999999, "fedavg std": 0.009946537085840477, "KL reg 0 acc": 0.43856, "KL reg 0 std": 0.010473604919033364,