{"seed": 0, "Data statistics": "{0: {0: 486, 1: 2, 2: 544, 3: 61, 4: 7, 5: 38, 6: 33, 7: 155, 8: 1191}, 1: {0: 8, 1: 53, 2: 38, 3: 293, 4: 12, 5: 205, 6: 768, 7: 120, 8: 1, 9: 172}, 2: {0: 4, 1: 1662, 2: 1, 3: 113, 4: 24, 5: 399}, 3: {0: 202, 1: 239, 2: 89, 3: 106, 4: 682, 5: 333, 6: 7, 7: 84, 8: 708}, 4: {0: 257, 1: 163, 2: 12, 3: 26, 4: 198, 5: 6, 7: 11, 8: 406, 9: 7}, 5: {0: 643, 1: 122, 2: 2, 3: 1363}, 6: {0: 5, 1: 212, 3: 1, 4: 3, 5: 117, 6: 74, 7: 3, 8: 1519, 9: 233}, 7: {0: 368, 1: 94, 2: 643, 3: 407, 4: 306, 6: 1255}, 8: {0: 575, 1: 90, 2: 93, 3: 645, 4: 5, 5: 707}, 9: {0: 1, 1: 71, 2: 907, 3: 44, 4: 31, 5: 780, 6: 459}, 10: {0: 592, 1: 164, 2: 539, 3: 52, 4: 115, 5: 43, 6: 112, 7: 438}, 11: {0: 264, 1: 118, 2: 16, 3: 102, 4: 1133, 5: 6, 6: 209, 7: 213}, 12: {0: 235, 1: 263, 2: 50, 3: 35, 4: 9, 5: 4, 6: 5, 7: 286, 8: 281, 9: 862}, 13: {0: 251, 1: 24, 2: 76, 3: 56, 4: 8, 5: 446, 6: 181, 7: 422, 8: 11, 9: 23}, 14: {0: 458, 1: 34, 2: 309, 3: 381, 4: 227, 5: 9, 6: 73, 7: 43, 8: 36, 9: 127}, 15: {0: 139, 1: 14, 2: 150, 3: 19, 4: 322, 5: 2, 6: 22, 8: 8, 9: 1363}, 16: {0: 27, 1: 231, 2: 82, 3: 55, 4: 55, 5: 478, 6: 591, 7: 67, 8: 48, 9: 283}, 17: {0: 2, 1: 488, 2: 321, 3: 127, 4: 234, 5: 120, 6: 131, 8: 1, 9: 888}, 18: {0: 30, 1: 185, 2: 675, 3: 1, 4: 21, 5: 129, 6: 441, 7: 559}, 19: {0: 32, 1: 483, 2: 19, 3: 87, 4: 7, 5: 27, 6: 9, 7: 18, 8: 268, 9: 80}, 20: {0: 13, 1: 189, 2: 17, 3: 215, 4: 730, 5: 36, 6: 11, 7: 10, 8: 176, 9: 20}, 21: {0: 72, 1: 45, 2: 178, 3: 191, 4: 598, 5: 71, 6: 271, 7: 233, 8: 57, 9: 58}, 22: {0: 225, 1: 5, 2: 226, 3: 343, 4: 54, 5: 41, 6: 1, 7: 11, 8: 5, 9: 48}, 23: {0: 2, 1: 30, 2: 3, 3: 31, 4: 218, 5: 331, 6: 301, 7: 2239}, 24: {0: 109, 1: 19, 2: 10, 3: 246, 4: 1, 5: 672, 6: 46, 7: 88, 8: 284, 9: 836}}", "local_train_accs": [0.6889153754469607, 0.5658682634730539, 0.8769859282796187, 0.5861224489795919, 0.6390423572744015, 0.8389671361502348, 0.7951084448546377, 0.5655711031565246, 0.6236406619385343, 0.631487134757959, 0.5620437956204379, 0.6428918000970403, 0.6310344827586207, 0.5767690253671562, 0.48497348261638185, 0.7572339382050024, 0.5362545644235786, 0.5847750865051903, 0.6036256736893679, 0.6524271844660194, 0.6280875088214538, 0.4813979706877114, 0.602711157455683, 0.7800316957210777, 0.6326265685850281], "local_test_accs": [0.221, 0.2173, 0.1618, 0.2386, 0.219, 0.1766, 0.2252, 0.2579, 0.1956, 0.1919, 0.2141, 0.2267, 0.2451, 0.2502, 0.2341, 0.1839, 0.2283, 0.2366, 0.232, 0.1925, 0.2178, 0.2295, 0.2047, 0.167, 0.2264], "Uniform ensemble (Train acc)": 0.3653, "Uniform ensemble (Test acc)": 0.3603, "pdm_match": {"Best Result": {"Best Sigma0": 1.0, "Best sigma": 0.5, "Best gamma": 10.0, "Best Test accuracy": 0.2498, "Train acc": 0.24878}, "PDM log": "{(1.0, 1.0, 1.0): {'shapes': [(3072, 958), (958,), (958, 10), (10,)], 'train_accuracy': 0.22026, 'test_accuracy': 0.223}, (10.0, 1.0, 1.0): {'shapes': [(3072, 700), (700,), (700, 10), (10,)], 'train_accuracy': 0.19814, 'test_accuracy': 0.2003}, (1.0, 0.1, 1.0): {'shapes': [(3072, 911), (911,), (911, 10), (10,)], 'train_accuracy': 0.2325, 'test_accuracy': 0.2351}, (10.0, 0.1, 1.0): {'shapes': [(3072, 700), (700,), (700, 10), (10,)], 'train_accuracy': 0.17972, 'test_accuracy': 0.1824}, (1.0, 0.5, 1.0): {'shapes': [(3072, 967), (967,), (967, 10), (10,)], 'train_accuracy': 0.19088, 'test_accuracy': 0.1943}, (10.0, 0.5, 1.0): {'shapes': [(3072, 700), (700,), (700, 10), (10,)], 'train_accuracy': 0.19888, 'test_accuracy': 0.2028}, (1.0, 1.0, 10.0): {'shapes': [(3072, 967), (967,), (967, 10), (10,)], 'train_accuracy': 0.22958, 'test_accuracy': 0.2332}, (10.0, 1.0, 10.0): {'shapes': [(3072, 700), (700,), (700, 10), (10,)], 'train_accuracy': 0.20802, 'test_accuracy': 0.2106}, (1.0, 0.1, 10.0): {'shapes': [(3072, 906), (906,), (906, 10), (10,)], 'train_accuracy': 0.2217, 'test_accuracy': 0.2236}, (10.0, 0.1, 10.0): {'shapes': [(3072, 700), (700,), (700, 10), (10,)], 'train_accuracy': 0.19606, 'test_accuracy': 0.1977}, (1.0, 0.5, 10.0): {'shapes': [(3072, 967), (967,), (967, 10), (10,)], 'train_accuracy': 0.24878, 'test_accuracy': 0.2498}, (10.0, 0.5, 10.0): {'shapes': [(3072, 700), (700,), (700, 10), (10,)], 'train_accuracy': 0.22524, 'test_accuracy': 0.2274}, (1.0, 1.0, 50.0): {'shapes': [(3072, 967), (967,), (967, 10), (10,)], 'train_accuracy': 0.21494, 'test_accuracy': 0.212}, (10.0, 1.0, 50.0): {'shapes': [(3072, 700), (700,), (700, 10), (10,)], 'train_accuracy': 0.2084, 'test_accuracy': 0.2114}, (1.0, 0.1, 50.0): {'shapes': [(3072, 905), (905,), (905, 10), (10,)], 'train_accuracy': 0.22236, 'test_accuracy': 0.2235}, (10.0, 0.1, 50.0): {'shapes': [(3072, 700), (700,), (700, 10), (10,)], 'train_accuracy': 0.20604, 'test_accuracy': 0.2106}, (1.0, 0.5, 50.0): {'shapes': [(3072, 967), (967,), (967, 10), (10,)], 'train_accuracy': 0.23418, 'test_accuracy': 0.2394}, (10.0, 0.5, 50.0): {'shapes': [(3072, 700), (700,), (700, 10), (10,)], 'train_accuracy': 0.20672, 'test_accuracy': 0.2113}}"}, "pdm_KL_match": {"Best Result": {"Best Sigma0": 1.0, "Best sigma": 1.0, "Best gamma": 10.0, "Best Test accuracy": 0.2529, "Train acc": 0.25168}, "PDM log": "{(1.0, 1.0, 1.0): {'shapes': [(3072, 397), (397,), (397, 10), (10,)], 'train_accuracy': 0.20288, 'test_accuracy': 0.2017}, (10.0, 1.0, 1.0): {'shapes': [(3072, 100), (100,), (100, 10), (10,)], 'train_accuracy': 0.19172, 'test_accuracy': 0.1935}, (1.0, 0.1, 1.0): {'shapes': [(3072, 812), (812,), (812, 10), (10,)], 'train_accuracy': 0.20772, 'test_accuracy': 0.2073}, (10.0, 0.1, 1.0): {'shapes': [(3072, 542), (542,), (542, 10), (10,)], 'train_accuracy': 0.24992, 'test_accuracy': 0.2523}, (1.0, 0.5, 1.0): {'shapes': [(3072, 882), (882,), (882, 10), (10,)], 'train_accuracy': 0.21458, 'test_accuracy': 0.2166}, (10.0, 0.5, 1.0): {'shapes': [(3072, 107), (107,), (107, 10), (10,)], 'train_accuracy': 0.18694, 'test_accuracy': 0.1871}, (1.0, 1.0, 10.0): {'shapes': [(3072, 921), (921,), (921, 10), (10,)], 'train_accuracy': 0.25168, 'test_accuracy': 0.2529}, (10.0, 1.0, 10.0): {'shapes': [(3072, 381), (381,), (381, 10), (10,)], 'train_accuracy': 0.23154, 'test_accuracy': 0.2295}, (1.0, 0.1, 10.0): {'shapes': [(3072, 906), (906,), (906, 10), (10,)], 'train_accuracy': 0.24752, 'test_accuracy': 0.2464}, (10.0, 0.1, 10.0): {'shapes': [(3072, 793), (793,), (793, 10), (10,)], 'train_accuracy': 0.20262, 'test_accuracy': 0.1996}, (1.0, 0.5, 10.0): {'shapes': [(3072, 949), (949,), (949, 10), (10,)], 'train_accuracy': 0.23604, 'test_accuracy': 0.2309}, (10.0, 0.5, 10.0): {'shapes': [(3072, 391), (391,), (391, 10), (10,)], 'train_accuracy': 0.21508, 'test_accuracy': 0.2117}, (1.0, 1.0, 50.0): {'shapes': [(3072, 955), (955,), (955, 10), (10,)], 'train_accuracy': 0.21436, 'test_accuracy': 0.2144}, (10.0, 1.0, 50.0): {'shapes': [(3072, 856), (856,), (856, 10), (10,)], 'train_accuracy': 0.24422, 'test_accuracy': 0.2456}, (1.0, 0.1, 50.0): {'shapes': [(3072, 934), (934,), (934, 10), (10,)], 'train_accuracy': 0.24828, 'test_accuracy': 0.2491}, (10.0, 0.1, 50.0): {'shapes': [(3072, 861), (861,), (861, 10), (10,)], 'train_accuracy': 0.23354, 'test_accuracy': 0.2346}, (1.0, 0.5, 50.0): {'shapes': [(3072, 958), (958,), (958, 10), (10,)], 'train_accuracy': 0.22042, 'test_accuracy': 0.2198}, (10.0, 0.5, 50.0): {'shapes': [(3072, 861), (861,), (861, 10), (10,)], 'train_accuracy': 0.2163, 'test_accuracy': 0.219}}"}, "pdm_KL2_match": {}}