{"seed": 8, "Data statistics": "{0: {0: 336, 1: 326, 2: 342, 3: 328, 4: 359, 5: 335, 6: 338, 7: 305, 8: 320, 9: 345}, 1: {0: 364, 1: 338, 2: 304, 3: 352, 4: 335, 5: 338, 6: 353, 7: 328, 8: 281, 9: 341}, 2: {0: 340, 1: 342, 2: 347, 3: 324, 4: 320, 5: 315, 6: 341, 7: 325, 8: 331, 9: 349}, 3: {0: 309, 1: 331, 2: 321, 3: 310, 4: 333, 5: 349, 6: 336, 7: 341, 8: 368, 9: 336}, 4: {0: 330, 1: 346, 2: 314, 3: 321, 4: 330, 5: 348, 6: 317, 7: 337, 8: 344, 9: 347}, 5: {0: 327, 1: 337, 2: 345, 3: 346, 4: 338, 5: 333, 6: 331, 7: 317, 8: 334, 9: 325}, 6: {0: 324, 1: 308, 2: 345, 3: 325, 4: 342, 5: 331, 6: 326, 7: 344, 8: 364, 9: 324}, 7: {0: 324, 1: 331, 2: 312, 3: 346, 4: 346, 5: 329, 6: 324, 7: 342, 8: 349, 9: 330}, 8: {0: 328, 1: 326, 2: 331, 3: 308, 4: 343, 5: 339, 6: 353, 7: 324, 8: 323, 9: 358}, 9: {0: 324, 1: 341, 2: 345, 3: 329, 4: 358, 5: 327, 6: 326, 7: 330, 8: 340, 9: 313}, 10: {0: 337, 1: 366, 2: 348, 3: 355, 4: 306, 5: 320, 6: 315, 7: 315, 8: 343, 9: 328}, 11: {0: 317, 1: 311, 2: 355, 3: 343, 4: 329, 5: 323, 6: 341, 7: 350, 8: 346, 9: 318}, 12: {0: 327, 1: 345, 2: 312, 3: 323, 4: 338, 5: 318, 6: 345, 7: 366, 8: 329, 9: 330}, 13: {0: 349, 1: 313, 2: 314, 3: 362, 4: 303, 5: 384, 6: 329, 7: 326, 8: 302, 9: 351}, 14: {0: 364, 1: 339, 2: 365, 3: 328, 4: 320, 5: 311, 6: 325, 7: 350, 8: 326, 9: 305}}", "comm 0": {"training timing": 512, "local_train_accs": [0.42231553689262147, 0.4394121175764847, 0.45920815836832635, 0.4793041391721656, 0.45650869826034796, 0.44824482448244823, 0.41344134413441347, 0.4683468346834683, 0.46444644464446444, 0.42544254425442546, 0.49294929492949296, 0.45004500450045004, 0.46114611461146116, 0.45364536453645365, 0.45544554455445546], "local_test_accs": [0.42231553689262147, 0.4394121175764847, 0.45920815836832635, 0.4793041391721656, 0.45650869826034796, 0.44824482448244823, 0.41344134413441347, 0.4683468346834683, 0.46444644464446444, 0.42544254425442546, 0.49294929492949296, 0.45004500450045004, 0.46114611461146116, 0.45364536453645365, 0.45544554455445546], "Uniform ensemble (Train acc)": 0.41918, "Uniform ensemble (Test acc)": 0.4191, "FedAvg (Train acc)": 0.09992, "FedAvg (Test acc)": 0.1002, "pdm_KL (Train acc)": 0.1, "pdm_KL (Test acc)": 0.1}, "comm 1": {"training timing": 987, "local_train_accs": [0.4829034193161368, 0.5101979604079184, 0.5296940611877624, 0.5170965806838632, 0.5143971205758848, 0.5058505850585059, 0.5175517551755175, 0.5220522052205221, 0.5397539753975398, 0.5124512451245125, 0.5256525652565257, 0.48634863486348634, 0.5286528652865287, 0.5091509150915091, 0.5073507350735074], "local_test_accs": [0.4829034193161368, 0.5101979604079184, 0.5296940611877624, 0.5170965806838632, 0.5143971205758848, 0.5058505850585059, 0.5175517551755175, 0.5220522052205221, 0.5397539753975398, 0.5124512451245125, 0.5256525652565257, 0.48634863486348634, 0.5286528652865287, 0.5091509150915091, 0.5073507350735074], "Uniform ensemble (Train acc)": 0.44708, "Uniform ensemble (Test acc)": 0.4423, "FedAvg (Train acc)": 0.10006, "FedAvg (Test acc)": 0.1, "pdm_KL (Train acc)": 0.1, "pdm_KL (Test acc)": 0.1}, "comm 2": {"training timing": 858, "local_train_accs": [0.555488902219556, 0.5596880623875224, 0.5587882423515297, 0.5575884823035393, 0.5731853629274145, 0.5418541854185418, 0.5520552055205521, 0.5697569756975698, 0.5547554755475548, 0.5679567956795679, 0.570957095709571, 0.5439543954395439, 0.5733573357335734, 0.564056405640564, 0.5724572457245725], "local_test_accs": [0.555488902219556, 0.5596880623875224, 0.5587882423515297, 0.5575884823035393, 0.5731853629274145, 0.5418541854185418, 0.5520552055205521, 0.5697569756975698, 0.5547554755475548, 0.5679567956795679, 0.570957095709571, 0.5439543954395439, 0.5733573357335734, 0.564056405640564, 0.5724572457245725], "Uniform ensemble (Train acc)": 0.4599, "Uniform ensemble (Test acc)": 0.4514, "FedAvg (Train acc)": 0.10118, "FedAvg (Test acc)": 0.1008, "pdm_KL (Train acc)": 0.1, "pdm_KL (Test acc)": 0.1}, "comm 3": {"training timing": 1120, "local_train_accs": [0.6037792441511698, 0.6214757048590281, 0.6181763647270546, 0.6472705458908218, 0.6280743851229754, 0.5946594659465947, 0.5889588958895889, 0.6117611761176117, 0.6075607560756076, 0.5775577557755776, 0.6294629462946295, 0.6129612961296129, 0.6144614461446145, 0.5826582658265826, 0.60996099609961], "local_test_accs": [0.6037792441511698, 0.6214757048590281, 0.6181763647270546, 0.6472705458908218, 0.6280743851229754, 0.5946594659465947, 0.5889588958895889, 0.6117611761176117, 0.6075607560756076, 0.5775577557755776, 0.6294629462946295, 0.6129612961296129, 0.6144614461446145, 0.5826582658265826, 0.60996099609961], "Uniform ensemble (Train acc)": 0.47664, "Uniform ensemble (Test acc)": 0.4615, "FedAvg (Train acc)": 0.10098, "FedAvg (Test acc)": 0.1002, "pdm_KL (Train acc)": 0.1, "pdm_KL (Test acc)": 0.1}, "comm 4": {"training timing": 551, "local_train_accs": [0.637372525494901, 0.6583683263347331, 0.6583683263347331, 0.6715656868626275, 0.668866226754649, 0.6438643864386439, 0.6471647164716472, 0.6405640564056405, 0.6045604560456046, 0.6456645664566457, 0.6483648364836484, 0.6345634563456346, 0.6726672667266727, 0.6474647464746475, 0.6492649264926492], "local_test_accs": [0.637372525494901, 0.6583683263347331, 0.6583683263347331, 0.6715656868626275, 0.668866226754649, 0.6438643864386439, 0.6471647164716472, 0.6405640564056405, 0.6045604560456046, 0.6456645664566457, 0.6483648364836484, 0.6345634563456346, 0.6726672667266727, 0.6474647464746475, 0.6492649264926492], "Uniform ensemble (Train acc)": 0.48812, "Uniform ensemble (Test acc)": 0.4689, "FedAvg (Train acc)": 0.10648, "FedAvg (Test acc)": 0.1056, "pdm_KL (Train acc)": 0.1, "pdm_KL (Test acc)": 0.1}, "comm 5": {"training timing": 1012, "local_train_accs": [0.6352729454109178, 0.6874625074985004, 0.6862627474505099, 0.6907618476304739, 0.6820635872825435, 0.6921692169216922, 0.6717671767176717, 0.6876687668766877, 0.6822682268226823, 0.6924692469246925, 0.699069906990699, 0.6636663666366637, 0.6831683168316832, 0.6228622862286228, 0.6738673867386739], "local_test_accs": [0.6352729454109178, 0.6874625074985004, 0.6862627474505099, 0.6907618476304739, 0.6820635872825435, 0.6921692169216922, 0.6717671767176717, 0.6876687668766877, 0.6822682268226823, 0.6924692469246925, 0.699069906990699, 0.6636663666366637, 0.6831683168316832, 0.6228622862286228, 0.6738673867386739], "Uniform ensemble (Train acc)": 0.4989, "Uniform ensemble (Test acc)": 0.4751, "FedAvg (Train acc)": 0.1054, "FedAvg (Test acc)": 0.1048, "pdm_KL (Train acc)": 0.1, "pdm_KL (Test acc)": 0.1}, "comm 6": {"training timing": 827, "local_train_accs": [0.7243551289742052, 0.7483503299340132, 0.74625074985003, 0.759748050389922, 0.7204559088182364, 0.7122712271227123, 0.6825682568256826, 0.7047704770477048, 0.7371737173717372, 0.7260726072607261, 0.7146714671467147, 0.7152715271527152, 0.7527752775277528, 0.6900690069006901, 0.7110711071107111], "local_test_accs": [0.7243551289742052, 0.7483503299340132, 0.74625074985003, 0.759748050389922, 0.7204559088182364, 0.7122712271227123, 0.6825682568256826, 0.7047704770477048, 0.7371737173717372, 0.7260726072607261, 0.7146714671467147, 0.7152715271527152, 0.7527752775277528, 0.6900690069006901, 0.7110711071107111], "Uniform ensemble (Train acc)": 0.50758, "Uniform ensemble (Test acc)": 0.4812, "FedAvg (Train acc)": 0.10584, "FedAvg (Test acc)": 0.1045, "pdm_KL (Train acc)": 0.1, "pdm_KL (Test acc)": 0.1}, "comm 7": {"training timing": 710, "local_train_accs": [0.7423515296940612, 0.8026394721055788, 0.7510497900419916, 0.755248950209958, 0.7738452309538092, 0.7818781878187819, 0.7413741374137414, 0.7731773177317732, 0.7401740174017402, 0.7848784878487849, 0.7755775577557755, 0.7314731473147315, 0.7773777377737774, 0.7044704470447045, 0.7578757875787578],