{"seed": 5, "Data statistics": "{0: {0: 350, 1: 328, 2: 344, 3: 333, 4: 316, 5: 338, 6: 347, 7: 321, 8: 324, 9: 333}, 1: {0: 321, 1: 314, 2: 346, 3: 349, 4: 332, 5: 329, 6: 339, 7: 325, 8: 343, 9: 336}, 2: {0: 325, 1: 319, 2: 313, 3: 372, 4: 322, 5: 351, 6: 306, 7: 336, 8: 342, 9: 348}, 3: {0: 317, 1: 363, 2: 313, 3: 344, 4: 344, 5: 327, 6: 333, 7: 313, 8: 337, 9: 343}, 4: {0: 346, 1: 330, 2: 329, 3: 325, 4: 328, 5: 343, 6: 329, 7: 331, 8: 341, 9: 332}, 5: {0: 313, 1: 329, 2: 352, 3: 329, 4: 331, 5: 316, 6: 333, 7: 360, 8: 343, 9: 327}, 6: {0: 340, 1: 351, 2: 318, 3: 343, 4: 331, 5: 327, 6: 342, 7: 336, 8: 338, 9: 307}, 7: {0: 345, 1: 323, 2: 320, 3: 317, 4: 372, 5: 316, 6: 342, 7: 337, 8: 327, 9: 334}, 8: {0: 388, 1: 335, 2: 337, 3: 307, 4: 346, 5: 353, 6: 293, 7: 351, 8: 301, 9: 322}, 9: {0: 353, 1: 340, 2: 324, 3: 333, 4: 327, 5: 335, 6: 340, 7: 320, 8: 300, 9: 361}, 10: {0: 309, 1: 321, 2: 368, 3: 292, 4: 323, 5: 326, 6: 343, 7: 351, 8: 359, 9: 341}, 11: {0: 332, 1: 338, 2: 337, 3: 338, 4: 329, 5: 346, 6: 366, 7: 323, 8: 325, 9: 299}, 12: {0: 299, 1: 318, 2: 313, 3: 354, 4: 332, 5: 333, 6: 339, 7: 352, 8: 338, 9: 355}, 13: {0: 324, 1: 357, 2: 334, 3: 324, 4: 327, 5: 347, 6: 333, 7: 313, 8: 341, 9: 333}, 14: {0: 338, 1: 334, 2: 352, 3: 340, 4: 340, 5: 313, 6: 315, 7: 331, 8: 341, 9: 329}}", "comm 0": {"training timing": 1089, "local_train_accs": [0.47210557888422316, 0.46400719856028794, 0.39652069586082783, 0.471505698860228, 0.47450509898020393, 0.42034203420342037, 0.46354635463546356, 0.4608460846084608, 0.4602460246024602, 0.42724272427242727, 0.47764776477647763, 0.45814581458145814, 0.46804680468046805, 0.44014401440144013, 0.41554155415541555], "local_test_accs": [0.47210557888422316, 0.46400719856028794, 0.39652069586082783, 0.471505698860228, 0.47450509898020393, 0.42034203420342037, 0.46354635463546356, 0.4608460846084608, 0.4602460246024602, 0.42724272427242727, 0.47764776477647763, 0.45814581458145814, 0.46804680468046805, 0.44014401440144013, 0.41554155415541555], "Uniform ensemble (Train acc)": 0.42466, "Uniform ensemble (Test acc)": 0.4223, "FedAvg (Train acc)": 0.10002, "FedAvg (Test acc)": 0.0989, "pdm_KL (Train acc)": 0.1, "pdm_KL (Test acc)": 0.1}, "comm 1": {"training timing": 1210, "local_train_accs": [0.5119976004799041, 0.517996400719856, 0.4901019796040792, 0.52249550089982, 0.5155968806238752, 0.48184818481848185, 0.5142514251425142, 0.5175517551755175, 0.5451545154515451, 0.49234923492349236, 0.540954095409541, 0.5163516351635163, 0.5004500450045004, 0.5031503150315032, 0.4821482148214821], "local_test_accs": [0.5119976004799041, 0.517996400719856, 0.4901019796040792, 0.52249550089982, 0.5155968806238752, 0.48184818481848185, 0.5142514251425142, 0.5175517551755175, 0.5451545154515451, 0.49234923492349236, 0.540954095409541, 0.5163516351635163, 0.5004500450045004, 0.5031503150315032, 0.4821482148214821], "Uniform ensemble (Train acc)": 0.4513, "Uniform ensemble (Test acc)": 0.4411, "FedAvg (Train acc)": 0.1, "FedAvg (Test acc)": 0.1, "pdm_KL (Train acc)": 0.1, "pdm_KL (Test acc)": 0.1}, "comm 2": {"training timing": 1412, "local_train_accs": [0.5734853029394121, 0.5692861427714457, 0.5515896820635873, 0.586382723455309, 0.5716856628674265, 0.5601560156015601, 0.5760576057605761, 0.5853585358535853, 0.5595559555955596, 0.5697569756975698, 0.5907590759075908, 0.5586558655865587, 0.5253525352535253, 0.5751575157515751, 0.5724572457245725], "local_test_accs": [0.5734853029394121, 0.5692861427714457, 0.5515896820635873, 0.586382723455309, 0.5716856628674265, 0.5601560156015601, 0.5760576057605761, 0.5853585358535853, 0.5595559555955596, 0.5697569756975698, 0.5907590759075908, 0.5586558655865587, 0.5253525352535253, 0.5751575157515751, 0.5724572457245725], "Uniform ensemble (Train acc)": 0.46748, "Uniform ensemble (Test acc)": 0.4493, "FedAvg (Train acc)": 0.09992, "FedAvg (Test acc)": 0.0999, "pdm_KL (Train acc)": 0.1, "pdm_KL (Test acc)": 0.1}, "comm 3": {"training timing": 1619, "local_train_accs": [0.629874025194961, 0.6028794241151769, 0.590881823635273, 0.6340731853629274, 0.5965806838632274, 0.534053405340534, 0.6360636063606361, 0.6321632163216322, 0.6255625562556255, 0.648064806480648, 0.6210621062106211, 0.5871587158715872, 0.6147614761476148, 0.6255625562556255, 0.5535553555355536], "local_test_accs": [0.629874025194961, 0.6028794241151769, 0.590881823635273, 0.6340731853629274, 0.5965806838632274, 0.534053405340534, 0.6360636063606361, 0.6321632163216322, 0.6255625562556255, 0.648064806480648, 0.6210621062106211, 0.5871587158715872, 0.6147614761476148, 0.6255625562556255, 0.5535553555355536], "Uniform ensemble (Train acc)": 0.48402, "Uniform ensemble (Test acc)": 0.4629, "FedAvg (Train acc)": 0.09718, "FedAvg (Test acc)": 0.0976, "pdm_KL (Train acc)": 0.1, "pdm_KL (Test acc)": 0.1}, "comm 4": {"training timing": 756, "local_train_accs": [0.6769646070785843, 0.7138572285542891, 0.634373125374925, 0.6793641271745651, 0.6655668866226755, 0.6717671767176717, 0.6462646264626463, 0.7047704770477048, 0.6615661566156615, 0.6525652565256526, 0.6825682568256826, 0.6654665466546654, 0.6453645364536453, 0.6372637263726373, 0.6432643264326433], "local_test_accs": [0.6769646070785843, 0.7138572285542891, 0.634373125374925, 0.6793641271745651, 0.6655668866226755, 0.6717671767176717, 0.6462646264626463, 0.7047704770477048, 0.6615661566156615, 0.6525652565256526, 0.6825682568256826, 0.6654665466546654, 0.6453645364536453, 0.6372637263726373, 0.6432643264326433], "Uniform ensemble (Train acc)": 0.49582, "Uniform ensemble (Test acc)": 0.4734, "FedAvg (Train acc)": 0.07848, "FedAvg (Test acc)": 0.0787, "pdm_KL (Train acc)": 0.1, "pdm_KL (Test acc)": 0.1}, "comm 5": {"training timing": 1142, "local_train_accs": [0.6958608278344331, 0.7489502099580084, 0.6736652669466107, 0.6976604679064187, 0.70875824835033, 0.7005700570057005, 0.7320732073207321, 0.7164716471647165, 0.7137713771377138, 0.7257725772577258, 0.7374737473747375, 0.7041704170417041, 0.7161716171617162, 0.6951695169516952, 0.654965496549655], "local_test_accs": [0.6958608278344331, 0.7489502099580084, 0.6736652669466107, 0.6976604679064187, 0.70875824835033, 0.7005700570057005, 0.7320732073207321, 0.7164716471647165, 0.7137713771377138, 0.7257725772577258, 0.7374737473747375, 0.7041704170417041, 0.7161716171617162, 0.6951695169516952, 0.654965496549655], "Uniform ensemble (Train acc)": 0.50734, "Uniform ensemble (Test acc)": 0.4814, "FedAvg (Train acc)": 0.083, "FedAvg (Test acc)": 0.0858, "pdm_KL (Train acc)": 0.1, "pdm_KL (Test acc)": 0.1}, "comm 6": {"training timing": 1429, "local_train_accs": [0.7777444511097781, 0.7510497900419916, 0.7333533293341332, 0.7615476904619076, 0.7444511097780444, 0.7020702070207021, 0.7479747974797479, 0.7572757275727573, 0.7578757875787578, 0.726972697269727, 0.7761776177617762, 0.7146714671467147, 0.7470747074707471, 0.7674767476747675, 0.7164716471647165], "local_test_accs": [0.7777444511097781, 0.7510497900419916, 0.7333533293341332, 0.7615476904619076, 0.7444511097780444, 0.7020702070207021, 0.7479747974797479, 0.7572757275727573, 0.7578757875787578, 0.726972697269727, 0.7761776177617762, 0.7146714671467147, 0.7470747074707471, 0.7674767476747675, 0.7164716471647165], "Uniform ensemble (Train acc)": 0.51502, "Uniform ensemble (Test acc)": 0.4825, "FedAvg (Train acc)": 0.08696, "FedAvg (Test acc)": 0.0918, "pdm_KL (Train acc)": 0.1, "pdm_KL (Test acc)": 0.1}, "comm 7": {"training timing": 1229, "local_train_accs": [0.7990401919616077, 0.7861427714457109, 0.7738452309538092, 0.8068386322735452, 0.7573485302939412, 0.7707770777077708, 0.7701770177017702, 0.7467746774677467, 0.7956795679567957, 0.7875787578757876, 0.7857785778577858, 0.7995799579957996, 0.7794779477947795, 0.7833783378337834, 0.753075307530753],