{"seed": 2, "Data statistics": "{0: {0: 342, 1: 329, 2: 333, 3: 332, 4: 358, 5: 342, 6: 343, 7: 320, 8: 322, 9: 313}, 1: {0: 330, 1: 326, 2: 366, 3: 340, 4: 310, 5: 323, 6: 336, 7: 340, 8: 327, 9: 336}, 2: {0: 357, 1: 341, 2: 332, 3: 311, 4: 340, 5: 333, 6: 315, 7: 338, 8: 341, 9: 326}, 3: {0: 342, 1: 338, 2: 343, 3: 331, 4: 309, 5: 325, 6: 346, 7: 330, 8: 322, 9: 348}, 4: {0: 323, 1: 342, 2: 336, 3: 349, 4: 330, 5: 324, 6: 317, 7: 342, 8: 321, 9: 350}, 5: {0: 306, 1: 299, 2: 300, 3: 349, 4: 338, 5: 354, 6: 359, 7: 349, 8: 347, 9: 332}, 6: {0: 355, 1: 356, 2: 327, 3: 299, 4: 336, 5: 325, 6: 343, 7: 333, 8: 332, 9: 327}, 7: {0: 334, 1: 335, 2: 326, 3: 339, 4: 349, 5: 356, 6: 308, 7: 318, 8: 345, 9: 323}, 8: {0: 353, 1: 333, 2: 347, 3: 328, 4: 338, 5: 308, 6: 313, 7: 341, 8: 324, 9: 348}, 9: {0: 319, 1: 350, 2: 338, 3: 337, 4: 326, 5: 314, 6: 326, 7: 328, 8: 353, 9: 342}, 10: {0: 340, 1: 322, 2: 332, 3: 351, 4: 354, 5: 318, 6: 317, 7: 345, 8: 324, 9: 330}, 11: {0: 310, 1: 323, 2: 321, 3: 329, 4: 353, 5: 362, 6: 358, 7: 317, 8: 327, 9: 333}, 12: {0: 335, 1: 334, 2: 350, 3: 321, 4: 348, 5: 333, 6: 336, 7: 326, 8: 338, 9: 312}, 13: {0: 330, 1: 357, 2: 333, 3: 335, 4: 322, 5: 342, 6: 343, 7: 334, 8: 313, 9: 324}, 14: {0: 324, 1: 315, 2: 316, 3: 349, 4: 289, 5: 341, 6: 340, 7: 339, 8: 364, 9: 356}}", "comm 0": {"training timing": 1083, "local_train_accs": [0.44631073785242953, 0.46460707858428313, 0.46010797840431916, 0.4346130773845231, 0.4616076784643071, 0.4515451545154515, 0.46564656465646564, 0.46294629462946296, 0.40984098409840986, 0.45814581458145814, 0.44824482448244823, 0.414041404140414, 0.44134413441344134, 0.4521452145214521, 0.4158415841584158], "local_test_accs": [0.44631073785242953, 0.46460707858428313, 0.46010797840431916, 0.4346130773845231, 0.4616076784643071, 0.4515451545154515, 0.46564656465646564, 0.46294629462946296, 0.40984098409840986, 0.45814581458145814, 0.44824482448244823, 0.414041404140414, 0.44134413441344134, 0.4521452145214521, 0.4158415841584158], "Uniform ensemble (Train acc)": 0.42308, "Uniform ensemble (Test acc)": 0.4213, "FedAvg (Train acc)": 0.1, "FedAvg (Test acc)": 0.1, "pdm_KL (Train acc)": 0.1, "pdm_KL (Test acc)": 0.1}, "comm 1": {"training timing": 1079, "local_train_accs": [0.5152969406118776, 0.510497900419916, 0.47390521895620874, 0.5233953209358129, 0.4694061187762448, 0.46684668466846685, 0.49234923492349236, 0.5061506150615062, 0.5142514251425142, 0.5301530153015301, 0.51995199519952, 0.5073507350735074, 0.5244524452445245, 0.49864986498649866, 0.48814881488148815], "local_test_accs": [0.5152969406118776, 0.510497900419916, 0.47390521895620874, 0.5233953209358129, 0.4694061187762448, 0.46684668466846685, 0.49234923492349236, 0.5061506150615062, 0.5142514251425142, 0.5301530153015301, 0.51995199519952, 0.5073507350735074, 0.5244524452445245, 0.49864986498649866, 0.48814881488148815], "Uniform ensemble (Train acc)": 0.44826, "Uniform ensemble (Test acc)": 0.4405, "FedAvg (Train acc)": 0.1, "FedAvg (Test acc)": 0.1, "pdm_KL (Train acc)": 0.1, "pdm_KL (Test acc)": 0.1}, "comm 2": {"training timing": 1496, "local_train_accs": [0.5698860227954409, 0.5548890221955609, 0.5602879424115177, 0.5641871625674865, 0.5413917216556688, 0.5622562256225623, 0.6042604260426042, 0.5514551455145514, 0.546954695469547, 0.5574557455745575, 0.5301530153015301, 0.5733573357335734, 0.5436543654365437, 0.5589558955895589, 0.543054305430543], "local_test_accs": [0.5698860227954409, 0.5548890221955609, 0.5602879424115177, 0.5641871625674865, 0.5413917216556688, 0.5622562256225623, 0.6042604260426042, 0.5514551455145514, 0.546954695469547, 0.5574557455745575, 0.5301530153015301, 0.5733573357335734, 0.5436543654365437, 0.5589558955895589, 0.543054305430543], "Uniform ensemble (Train acc)": 0.4674, "Uniform ensemble (Test acc)": 0.4593, "FedAvg (Train acc)": 0.10002, "FedAvg (Test acc)": 0.1, "pdm_KL (Train acc)": 0.1, "pdm_KL (Test acc)": 0.1}, "comm 3": {"training timing": 679, "local_train_accs": [0.6076784643071386, 0.5998800239952009, 0.6079784043191362, 0.6058788242351529, 0.5911817636472706, 0.6375637563756376, 0.6531653165316532, 0.585058505850585, 0.5742574257425742, 0.6345634563456346, 0.5493549354935493, 0.6312631263126313, 0.5817581758175817, 0.6048604860486049, 0.5907590759075908], "local_test_accs": [0.6076784643071386, 0.5998800239952009, 0.6079784043191362, 0.6058788242351529, 0.5911817636472706, 0.6375637563756376, 0.6531653165316532, 0.585058505850585, 0.5742574257425742, 0.6345634563456346, 0.5493549354935493, 0.6312631263126313, 0.5817581758175817, 0.6048604860486049, 0.5907590759075908], "Uniform ensemble (Train acc)": 0.48398, "Uniform ensemble (Test acc)": 0.4679, "FedAvg (Train acc)": 0.10006, "FedAvg (Test acc)": 0.0999, "pdm_KL (Train acc)": 0.1, "pdm_KL (Test acc)": 0.1}, "comm 4": {"training timing": 1459, "local_train_accs": [0.6823635272945411, 0.6430713857228554, 0.6589682063587282, 0.6334733053389322, 0.6241751649670066, 0.663066306630663, 0.6882688268826883, 0.6693669366936693, 0.663066306630663, 0.6039603960396039, 0.6666666666666666, 0.6906690669066907, 0.6600660066006601, 0.6579657965796579, 0.6537653765376538], "local_test_accs": [0.6823635272945411, 0.6430713857228554, 0.6589682063587282, 0.6334733053389322, 0.6241751649670066, 0.663066306630663, 0.6882688268826883, 0.6693669366936693, 0.663066306630663, 0.6039603960396039, 0.6666666666666666, 0.6906690669066907, 0.6600660066006601, 0.6579657965796579, 0.6537653765376538], "Uniform ensemble (Train acc)": 0.49638, "Uniform ensemble (Test acc)": 0.4746, "FedAvg (Train acc)": 0.0987, "FedAvg (Test acc)": 0.0989, "pdm_KL (Train acc)": 0.1, "pdm_KL (Test acc)": 0.1}, "comm 5": {"training timing": 1682, "local_train_accs": [0.7279544091181763, 0.7033593281343731, 0.671865626874625, 0.7069586082783443, 0.6124775044991002, 0.7086708670867087, 0.6477647764776477, 0.6915691569156915, 0.7446744674467447, 0.6828682868286828, 0.7146714671467147, 0.7353735373537353, 0.7038703870387039, 0.6813681368136814, 0.7215721572157215], "local_test_accs": [0.7279544091181763, 0.7033593281343731, 0.671865626874625, 0.7069586082783443, 0.6124775044991002, 0.7086708670867087, 0.6477647764776477, 0.6915691569156915, 0.7446744674467447, 0.6828682868286828, 0.7146714671467147, 0.7353735373537353, 0.7038703870387039, 0.6813681368136814, 0.7215721572157215], "Uniform ensemble (Train acc)": 0.50358, "Uniform ensemble (Test acc)": 0.4818, "FedAvg (Train acc)": 0.10048, "FedAvg (Test acc)": 0.1001, "pdm_KL (Train acc)": 0.1, "pdm_KL (Test acc)": 0.1}, "comm 6": {"training timing": 947, "local_train_accs": [0.7396520695860828, 0.747750449910018, 0.7555488902219556, 0.7366526694661067, 0.73125374925015, 0.7725772577257726, 0.7782778277827783, 0.7545754575457546, 0.7293729372937293, 0.7536753675367537, 0.7128712871287128, 0.7533753375337534, 0.7203720372037203, 0.7491749174917491, 0.7503750375037503], "local_test_accs": [0.7396520695860828, 0.747750449910018, 0.7555488902219556, 0.7366526694661067, 0.73125374925015, 0.7725772577257726, 0.7782778277827783, 0.7545754575457546, 0.7293729372937293, 0.7536753675367537, 0.7128712871287128, 0.7533753375337534, 0.7203720372037203, 0.7491749174917491, 0.7503750375037503], "Uniform ensemble (Train acc)": 0.51278, "Uniform ensemble (Test acc)": 0.4833, "FedAvg (Train acc)": 0.10044, "FedAvg (Test acc)": 0.1002, "pdm_KL (Train acc)": 0.1, "pdm_KL (Test acc)": 0.1}, "comm 7": {"training timing": 1030, "local_train_accs": [0.7498500299940012, 0.7864427114577085, 0.789742051589682, 0.756748650269946, 0.7414517096580684, 0.783078307830783, 0.7767776777677767, 0.7938793879387939, 0.7866786678667866, 0.8112811281128113, 0.7824782478247825, 0.7752775277527753, 0.7578757875787578, 0.7596759675967597, 0.7377737773777377],