{"seed": 8, "Data statistics": "{0: {0: 518, 1: 496, 2: 490, 3: 514, 4: 513, 5: 507, 6: 510, 7: 462, 8: 461, 9: 529}, 1: {0: 522, 1: 510, 2: 503, 3: 490, 4: 501, 5: 481, 6: 522, 7: 496, 8: 471, 9: 504}, 2: {0: 475, 1: 498, 2: 474, 3: 476, 4: 493, 5: 531, 6: 504, 7: 508, 8: 526, 9: 515}, 3: {0: 491, 1: 516, 2: 505, 3: 501, 4: 508, 5: 499, 6: 480, 7: 486, 8: 519, 9: 495}, 4: {0: 501, 1: 463, 2: 496, 3: 496, 4: 519, 5: 487, 6: 482, 7: 543, 8: 536, 9: 477}, 5: {0: 475, 1: 502, 2: 493, 3: 483, 4: 512, 5: 511, 6: 521, 7: 468, 8: 501, 9: 534}, 6: {0: 492, 1: 517, 2: 530, 3: 502, 4: 509, 5: 480, 6: 493, 7: 488, 8: 499, 9: 490}, 7: {0: 486, 1: 501, 2: 518, 3: 524, 4: 484, 5: 491, 6: 489, 7: 507, 8: 530, 9: 470}, 8: {0: 509, 1: 511, 2: 467, 3: 503, 4: 495, 5: 509, 6: 513, 7: 516, 8: 465, 9: 512}, 9: {0: 531, 1: 486, 2: 524, 3: 511, 4: 466, 5: 504, 6: 486, 7: 526, 8: 492, 9: 474}}", "loading time": 29, "local_train_accs": [0.2452, 0.2482, 0.2186, 0.162, 0.1792, 0.1068, 0.1836, 0.2132, 0.2502, 0.206], "local_test_accs": [0.2279, 0.2444, 0.2132, 0.1577, 0.1903, 0.1, 0.1789, 0.2074, 0.2328, 0.2048], "pdm_KL_reg 0": {"Best Result": {"Best Sigma0": 10, "Best sigma": 1, "Best gamma": 10, "Best Test accuracy": 0.1776, "Train acc": 0.18236}, "PDM log": "{(10, 1, 10): {'shapes': [(3072, 829), (829,), (829, 136), (136,), (136, 136), (136,), (136, 145), (145,), (145, 118), (118,), (118, 10), (10,)], 'train_accuracy': 0.18236, 'test_accuracy': 0.1776}}", "timing": 368}, "best_reg": 0, "skip_pdm": {"Best Result": {"Best Sigma0": 10, "Best sigma": 1, "Best gamma": 10, "Best Test accuracy": 0.0972, "Train acc": 0.09724}, "PDM log": "{(10, 1, 10): {'shapes': [(830, 3073), (101, 830), (173, 101), (101, 173), (137, 101), (10, 137)], 'train_accuracy': 0.09724, 'test_accuracy': 0.0972}}", "timing": 350}}