{"seed": 3, "Data statistics": "{0: {0: 488, 1: 493, 2: 515, 3: 499, 4: 453, 5: 505, 6: 526, 7: 512, 8: 497, 9: 512}, 1: {0: 544, 1: 458, 2: 518, 3: 495, 4: 465, 5: 501, 6: 517, 7: 528, 8: 473, 9: 501}, 2: {0: 512, 1: 504, 2: 490, 3: 521, 4: 482, 5: 504, 6: 507, 7: 506, 8: 502, 9: 472}, 3: {0: 466, 1: 527, 2: 514, 3: 512, 4: 494, 5: 483, 6: 511, 7: 511, 8: 482, 9: 500}, 4: {0: 528, 1: 511, 2: 487, 3: 506, 4: 506, 5: 478, 6: 481, 7: 484, 8: 541, 9: 478}, 5: {0: 474, 1: 502, 2: 495, 3: 470, 4: 497, 5: 562, 6: 497, 7: 465, 8: 518, 9: 520}, 6: {0: 500, 1: 514, 2: 478, 3: 515, 4: 509, 5: 533, 6: 477, 7: 484, 8: 494, 9: 496}, 7: {0: 492, 1: 509, 2: 490, 3: 507, 4: 505, 5: 486, 6: 507, 7: 486, 8: 508, 9: 510}, 8: {0: 518, 1: 514, 2: 503, 3: 464, 4: 534, 5: 465, 6: 492, 7: 497, 8: 484, 9: 529}, 9: {0: 478, 1: 468, 2: 510, 3: 511, 4: 555, 5: 483, 6: 485, 7: 527, 8: 501, 9: 482}}", "loading time": 27, "local_train_accs": [0.1898, 0.1762, 0.2046, 0.2096, 0.202, 0.236, 0.196, 0.2024, 0.2498, 0.1962], "local_test_accs": [0.1855, 0.1739, 0.1919, 0.2003, 0.1857, 0.216, 0.1873, 0.1959, 0.2479, 0.1916], "pdm_KL_reg 0": {"Best Result": {"Best Sigma0": 10, "Best sigma": 1, "Best gamma": 10, "Best Test accuracy": 0.1513, "Train acc": 0.14822}, "PDM log": "{(10, 1, 10): {'shapes': [(3072, 825), (825,), (825, 136), (136,), (136, 136), (136,), (136, 136), (136,), (136, 118), (118,), (118, 10), (10,)], 'train_accuracy': 0.14822, 'test_accuracy': 0.1513}}", "timing": 380}, "best_reg": 0, "skip_pdm": {"Best Result": {"Best Sigma0": 10, "Best sigma": 1, "Best gamma": 10, "Best Test accuracy": 0.1, "Train acc": 0.10002}, "PDM log": "{(10, 1, 10): {'shapes': [(828, 3073), (101, 828), (173, 101), (101, 173), (146, 101), (10, 146)], 'train_accuracy': 0.10002, 'test_accuracy': 0.1}}", "timing": 353}}