{"seed": 1, "Data statistics": "{0: {0: 1158, 1: 1373, 2: 1194, 3: 1237, 4: 1157, 5: 1110, 6: 1187, 7: 1265, 8: 1172, 9: 1147}, 1: {0: 1214, 1: 1339, 2: 1194, 3: 1221, 4: 1172, 5: 1164, 6: 1191, 7: 1208, 8: 1145, 9: 1152}, 2: {0: 1173, 1: 1336, 2: 1222, 3: 1261, 4: 1173, 5: 1000, 6: 1186, 7: 1262, 8: 1166, 9: 1221}, 3: {0: 1175, 1: 1318, 2: 1213, 3: 1179, 4: 1174, 5: 1071, 6: 1166, 7: 1262, 8: 1213, 9: 1229}, 4: {0: 1203, 1: 1376, 2: 1135, 3: 1233, 4: 1166, 5: 1076, 6: 1188, 7: 1268, 8: 1155, 9: 1200}}", "loading time": 46, "local_train_accs": [0.9819166666666667, 0.9808333333333333, 0.987, 0.9859166666666667, 0.9764166666666667], "local_test_accs": [0.9506, 0.9416, 0.9492, 0.9514, 0.9409], "Uniform ensemble (Train acc)": 0.9785, "Uniform ensemble (Test acc)": 0.9746, "FedAvg (Train acc)": 0.2703833333333333, "FedAvg (Test acc)": 0.2782, "pdm_KL_reg 0": {"Best Result": {"Best Sigma0": 0.5, "Best sigma": 1, "Best gamma": 10, "Best Test accuracy": 0.9684, "Train acc": 0.9734333333333334}, "PDM log": "{(0.5, 1, 10): {'shapes': [(784, 197), (197,), (197, 10), (10,)], 'train_accuracy': 0.9734333333333334, 'test_accuracy': 0.9684}}", "timing": 49}, "pdm_KL_reg 0.001": {"Best Result": {"Best Sigma0": 0.5, "Best sigma": 1, "Best gamma": 10, "Best Test accuracy": 0.9693, "Train acc": 0.9737166666666667}, "PDM log": "{(0.5, 1, 10): {'shapes': [(784, 195), (195,), (195, 10), (10,)], 'train_accuracy': 0.9737166666666667, 'test_accuracy': 0.9693}}", "timing": 74}, "pdm_KL_reg 0.005": {"Best Result": {"Best Sigma0": 0.5, "Best sigma": 1, "Best gamma": 10, "Best Test accuracy": 0.9676, "Train acc": 0.9731}, "PDM log": "{(0.5, 1, 10): {'shapes': [(784, 193), (193,), (193, 10), (10,)], 'train_accuracy': 0.9731, 'test_accuracy': 0.9676}}", "timing": 73}, "pdm_KL_reg 0.01": {"Best Result": {"Best Sigma0": 0.5, "Best sigma": 1, "Best gamma": 10, "Best Test accuracy": 0.9684, "Train acc": 0.9733666666666667}, "PDM log": "{(0.5, 1, 10): {'shapes': [(784, 197), (197,), (197, 10), (10,)], 'train_accuracy': 0.9733666666666667, 'test_accuracy': 0.9684}}", "timing": 84}, "pdm_KL_reg 0.05": {"Best Result": {"Best Sigma0": 0.5, "Best sigma": 1, "Best gamma": 10, "Best Test accuracy": 0.9691, "Train acc": 0.97435}, "PDM log": "{(0.5, 1, 10): {'shapes': [(784, 201), (201,), (201, 10), (10,)], 'train_accuracy': 0.97435, 'test_accuracy': 0.9691}}", "timing": 78}, "pdm_KL_reg 0.1": {"Best Result": {"Best Sigma0": 0.5, "Best sigma": 1, "Best gamma": 10, "Best Test accuracy": 0.9694, "Train acc": 0.97495}, "PDM log": "{(0.5, 1, 10): {'shapes': [(784, 208), (208,), (208, 10), (10,)], 'train_accuracy': 0.97495, 'test_accuracy': 0.9694}}", "timing": 84}, "pdm_KL_reg 0.5": {"Best Result": {"Best Sigma0": 0.5, "Best sigma": 1, "Best gamma": 10, "Best Test accuracy": 0.9743, "Train acc": 0.97825}, "PDM log": "{(0.5, 1, 10): {'shapes': [(784, 284), (284,), (284, 10), (10,)], 'train_accuracy': 0.97825, 'test_accuracy': 0.9743}}", "timing": 111}, "pdm_KL_reg 1": {"Best Result": {"Best Sigma0": 0.5, "Best sigma": 1, "Best gamma": 10, "Best Test accuracy": 0.976, "Train acc": 0.9799333333333333}, "PDM log": "{(0.5, 1, 10): {'shapes': [(784, 400), (400,), (400, 10), (10,)], 'train_accuracy': 0.9799333333333333, 'test_accuracy': 0.976}}", "timing": 168}, "pdm_KL_reg 2": {"Best Result": {"Best Sigma0": 0.5, "Best sigma": 1, "Best gamma": 10, "Best Test accuracy": 0.976, "Train acc": 0.9800833333333333}, "PDM log": "{(0.5, 1, 10): {'shapes': [(784, 418), (418,), (418, 10), (10,)], 'train_accuracy': 0.9800833333333333, 'test_accuracy': 0.976}}", "timing": 162}, "pdm_KL_reg 5": {"Best Result": {"Best Sigma0": 0.5, "Best sigma": 1, "Best gamma": 10, "Best Test accuracy": 0.9757, "Train acc": 0.9801333333333333}, "PDM log": "{(0.5, 1, 10): {'shapes': [(784, 417), (417,), (417, 10), (10,)], 'train_accuracy': 0.9801333333333333, 'test_accuracy': 0.9757}}", "timing": 145}, "pdm_KL_reg 10": {"Best Result": {"Best Sigma0": 0.5, "Best sigma": 1, "Best gamma": 10, "Best Test accuracy": 0.7042, "Train acc": 0.7057666666666667}, "PDM log": "{(0.5, 1, 10): {'shapes': [(784, 177), (177,), (177, 10), (10,)], 'train_accuracy': 0.7057666666666667, 'test_accuracy': 0.7042}}", "timing": 81}, "best_reg": 1}