{"seed": 5, "Data statistics": "{0: {0: 1198, 1: 1323, 2: 1171, 3: 1249, 4: 1175, 5: 1014, 6: 1205, 7: 1300, 8: 1182, 9: 1183}, 1: {0: 1229, 1: 1351, 2: 1172, 3: 1196, 4: 1147, 5: 1109, 6: 1157, 7: 1255, 8: 1145, 9: 1239}, 2: {0: 1158, 1: 1356, 2: 1208, 3: 1260, 4: 1136, 5: 1100, 6: 1153, 7: 1273, 8: 1196, 9: 1160}, 3: {0: 1151, 1: 1342, 2: 1219, 3: 1223, 4: 1219, 5: 1115, 6: 1190, 7: 1216, 8: 1122, 9: 1203}, 4: {0: 1187, 1: 1370, 2: 1188, 3: 1203, 4: 1165, 5: 1083, 6: 1213, 7: 1221, 8: 1206, 9: 1164}}", "loading time": 34, "local_train_accs": [0.986, 0.9850833333333333, 0.9868333333333333, 0.9796666666666667, 0.9891666666666666], "local_test_accs": [0.9498, 0.9524, 0.9535, 0.9399, 0.9502], "Uniform ensemble (Train acc)": 0.9782333333333333, "Uniform ensemble (Test acc)": 0.9718, "FedAvg (Train acc)": 0.24306666666666665, "FedAvg (Test acc)": 0.2412, "pdm_KL_reg 0": {"Best Result": {"Best Sigma0": 0.5, "Best sigma": 1, "Best gamma": 10, "Best Test accuracy": 0.9701, "Train acc": 0.97375}, "PDM log": "{(0.5, 1, 10): {'shapes': [(784, 194), (194,), (194, 10), (10,)], 'train_accuracy': 0.97375, 'test_accuracy': 0.9701}}", "timing": 45}, "pdm_KL_reg 0.001": {"Best Result": {"Best Sigma0": 0.5, "Best sigma": 1, "Best gamma": 10, "Best Test accuracy": 0.9692, "Train acc": 0.9733166666666667}, "PDM log": "{(0.5, 1, 10): {'shapes': [(784, 193), (193,), (193, 10), (10,)], 'train_accuracy': 0.9733166666666667, 'test_accuracy': 0.9692}}", "timing": 62}, "pdm_KL_reg 0.005": {"Best Result": {"Best Sigma0": 0.5, "Best sigma": 1, "Best gamma": 10, "Best Test accuracy": 0.9684, "Train acc": 0.9732666666666666}, "PDM log": "{(0.5, 1, 10): {'shapes': [(784, 194), (194,), (194, 10), (10,)], 'train_accuracy': 0.9732666666666666, 'test_accuracy': 0.9684}}", "timing": 70}, "pdm_KL_reg 0.01": {"Best Result": {"Best Sigma0": 0.5, "Best sigma": 1, "Best gamma": 10, "Best Test accuracy": 0.9686, "Train acc": 0.9731833333333333}, "PDM log": "{(0.5, 1, 10): {'shapes': [(784, 193), (193,), (193, 10), (10,)], 'train_accuracy': 0.9731833333333333, 'test_accuracy': 0.9686}}", "timing": 85}, "pdm_KL_reg 0.05": {"Best Result": {"Best Sigma0": 0.5, "Best sigma": 1, "Best gamma": 10, "Best Test accuracy": 0.9693, "Train acc": 0.97435}, "PDM log": "{(0.5, 1, 10): {'shapes': [(784, 200), (200,), (200, 10), (10,)], 'train_accuracy': 0.97435, 'test_accuracy': 0.9693}}", "timing": 97}, "pdm_KL_reg 0.1": {"Best Result": {"Best Sigma0": 0.5, "Best sigma": 1, "Best gamma": 10, "Best Test accuracy": 0.9709, "Train acc": 0.9743}, "PDM log": "{(0.5, 1, 10): {'shapes': [(784, 206), (206,), (206, 10), (10,)], 'train_accuracy': 0.9743, 'test_accuracy': 0.9709}}", "timing": 73}, "pdm_KL_reg 0.5": {"Best Result": {"Best Sigma0": 0.5, "Best sigma": 1, "Best gamma": 10, "Best Test accuracy": 0.9725, "Train acc": 0.9776833333333333}, "PDM log": "{(0.5, 1, 10): {'shapes': [(784, 283), (283,), (283, 10), (10,)], 'train_accuracy': 0.9776833333333333, 'test_accuracy': 0.9725}}", "timing": 113}, "pdm_KL_reg 1": {"Best Result": {"Best Sigma0": 0.5, "Best sigma": 1, "Best gamma": 10, "Best Test accuracy": 0.9735, "Train acc": 0.9788333333333333}, "PDM log": "{(0.5, 1, 10): {'shapes': [(784, 400), (400,), (400, 10), (10,)], 'train_accuracy': 0.9788333333333333, 'test_accuracy': 0.9735}}", "timing": 144}, "pdm_KL_reg 2": {"Best Result": {"Best Sigma0": 0.5, "Best sigma": 1, "Best gamma": 10, "Best Test accuracy": 0.9737, "Train acc": 0.9789166666666667}, "PDM log": "{(0.5, 1, 10): {'shapes': [(784, 413), (413,), (413, 10), (10,)], 'train_accuracy': 0.9789166666666667, 'test_accuracy': 0.9737}}", "timing": 154}, "pdm_KL_reg 5": {"Best Result": {"Best Sigma0": 0.5, "Best sigma": 1, "Best gamma": 10, "Best Test accuracy": 0.9732, "Train acc": 0.97805}, "PDM log": "{(0.5, 1, 10): {'shapes': [(784, 396), (396,), (396, 10), (10,)], 'train_accuracy': 0.97805, 'test_accuracy': 0.9732}}", "timing": 140}, "pdm_KL_reg 10": {"Best Result": {"Best Sigma0": 0.5, "Best sigma": 1, "Best gamma": 10, "Best Test accuracy": 0.7357, "Train acc": 0.7469166666666667}, "PDM log": "{(0.5, 1, 10): {'shapes': [(784, 191), (191,), (191, 10), (10,)], 'train_accuracy': 0.7469166666666667, 'test_accuracy': 0.7357}}", "timing": 75}, "best_reg": 2}