{"seed": 2, "Data statistics": "{0: {0: 1183, 1: 1354, 2: 1194, 3: 1252, 4: 1217, 5: 1083, 6: 1169, 7: 1220, 8: 1166, 9: 1162}, 1: {0: 1167, 1: 1344, 2: 1197, 3: 1212, 4: 1159, 5: 1109, 6: 1217, 7: 1255, 8: 1153, 9: 1187}, 2: {0: 1156, 1: 1318, 2: 1213, 3: 1259, 4: 1156, 5: 1096, 6: 1193, 7: 1265, 8: 1177, 9: 1167}, 3: {0: 1229, 1: 1381, 2: 1187, 3: 1196, 4: 1160, 5: 1071, 6: 1123, 7: 1293, 8: 1145, 9: 1215}, 4: {0: 1188, 1: 1345, 2: 1167, 3: 1212, 4: 1150, 5: 1062, 6: 1216, 7: 1232, 8: 1210, 9: 1218}}", "loading time": 39, "local_train_accs": [0.9853333333333333, 0.9895, 0.9785, 0.9875833333333334, 0.988], "local_test_accs": [0.9473, 0.9566, 0.9442, 0.9475, 0.9509], "Uniform ensemble (Train acc)": 0.9774166666666667, "Uniform ensemble (Test acc)": 0.9704, "FedAvg (Train acc)": 0.2556, "FedAvg (Test acc)": 0.2525, "pdm_KL_reg 0": {"Best Result": {"Best Sigma0": 0.5, "Best sigma": 1, "Best gamma": 10, "Best Test accuracy": 0.966, "Train acc": 0.9727666666666667}, "PDM log": "{(0.5, 1, 10): {'shapes': [(784, 193), (193,), (193, 10), (10,)], 'train_accuracy': 0.9727666666666667, 'test_accuracy': 0.966}}", "timing": 55}, "pdm_KL_reg 0.001": {"Best Result": {"Best Sigma0": 0.5, "Best sigma": 1, "Best gamma": 10, "Best Test accuracy": 0.966, "Train acc": 0.9725833333333334}, "PDM log": "{(0.5, 1, 10): {'shapes': [(784, 193), (193,), (193, 10), (10,)], 'train_accuracy': 0.9725833333333334, 'test_accuracy': 0.966}}", "timing": 82}, "pdm_KL_reg 0.005": {"Best Result": {"Best Sigma0": 0.5, "Best sigma": 1, "Best gamma": 10, "Best Test accuracy": 0.9664, "Train acc": 0.97225}, "PDM log": "{(0.5, 1, 10): {'shapes': [(784, 190), (190,), (190, 10), (10,)], 'train_accuracy': 0.97225, 'test_accuracy': 0.9664}}", "timing": 70}, "pdm_KL_reg 0.01": {"Best Result": {"Best Sigma0": 0.5, "Best sigma": 1, "Best gamma": 10, "Best Test accuracy": 0.9652, "Train acc": 0.9722833333333334}, "PDM log": "{(0.5, 1, 10): {'shapes': [(784, 192), (192,), (192, 10), (10,)], 'train_accuracy': 0.9722833333333334, 'test_accuracy': 0.9652}}", "timing": 56}, "pdm_KL_reg 0.05": {"Best Result": {"Best Sigma0": 0.5, "Best sigma": 1, "Best gamma": 10, "Best Test accuracy": 0.9651, "Train acc": 0.97275}, "PDM log": "{(0.5, 1, 10): {'shapes': [(784, 194), (194,), (194, 10), (10,)], 'train_accuracy': 0.97275, 'test_accuracy': 0.9651}}", "timing": 67}, "pdm_KL_reg 0.1": {"Best Result": {"Best Sigma0": 0.5, "Best sigma": 1, "Best gamma": 10, "Best Test accuracy": 0.965, "Train acc": 0.97265}, "PDM log": "{(0.5, 1, 10): {'shapes': [(784, 204), (204,), (204, 10), (10,)], 'train_accuracy': 0.97265, 'test_accuracy': 0.965}}", "timing": 80}, "pdm_KL_reg 0.5": {"Best Result": {"Best Sigma0": 0.5, "Best sigma": 1, "Best gamma": 10, "Best Test accuracy": 0.9706, "Train acc": 0.9769666666666666}, "PDM log": "{(0.5, 1, 10): {'shapes': [(784, 284), (284,), (284, 10), (10,)], 'train_accuracy': 0.9769666666666666, 'test_accuracy': 0.9706}}", "timing": 120}, "pdm_KL_reg 1": {"Best Result": {"Best Sigma0": 0.5, "Best sigma": 1, "Best gamma": 10, "Best Test accuracy": 0.9724, "Train acc": 0.9785}, "PDM log": "{(0.5, 1, 10): {'shapes': [(784, 401), (401,), (401, 10), (10,)], 'train_accuracy': 0.9785, 'test_accuracy': 0.9724}}", "timing": 163}, "pdm_KL_reg 2": {"Best Result": {"Best Sigma0": 0.5, "Best sigma": 1, "Best gamma": 10, "Best Test accuracy": 0.9726, "Train acc": 0.9785166666666667}, "PDM log": "{(0.5, 1, 10): {'shapes': [(784, 418), (418,), (418, 10), (10,)], 'train_accuracy': 0.9785166666666667, 'test_accuracy': 0.9726}}", "timing": 152}, "pdm_KL_reg 5": {"Best Result": {"Best Sigma0": 0.5, "Best sigma": 1, "Best gamma": 10, "Best Test accuracy": 0.9715, "Train acc": 0.97835}, "PDM log": "{(0.5, 1, 10): {'shapes': [(784, 410), (410,), (410, 10), (10,)], 'train_accuracy': 0.97835, 'test_accuracy': 0.9715}}", "timing": 171}, "pdm_KL_reg 10": {"Best Result": {"Best Sigma0": 0.5, "Best sigma": 1, "Best gamma": 10, "Best Test accuracy": 0.6631, "Train acc": 0.66905}, "PDM log": "{(0.5, 1, 10): {'shapes': [(784, 184), (184,), (184, 10), (10,)], 'train_accuracy': 0.66905, 'test_accuracy': 0.6631}}", "timing": 66}, "best_reg": 2}