{"seed": 2, "Data statistics": "{0: {0: 1593, 1: 475, 2: 877, 3: 767, 4: 2, 5: 8, 6: 895, 7: 50, 8: 962, 9: 212}, 1: {0: 260, 1: 1498, 2: 2, 3: 84, 4: 346, 5: 957, 6: 1195, 7: 381, 8: 642, 9: 2884}, 2: {0: 1433, 1: 390, 2: 392, 3: 285, 4: 2456, 5: 192, 6: 418, 7: 586}, 3: {0: 68, 1: 2184, 2: 1, 3: 162, 4: 195, 5: 473, 6: 704, 7: 293, 8: 1474, 9: 12}, 4: {0: 997, 2: 102, 3: 259, 4: 100, 5: 1559, 6: 164, 7: 88, 8: 1216, 9: 6}, 5: {0: 371, 1: 826, 2: 1594, 3: 2116, 4: 906, 5: 127, 6: 1421}, 6: {0: 203, 1: 1300, 2: 255, 3: 53, 4: 67, 5: 54, 6: 308, 7: 900, 8: 432, 9: 455}, 7: {0: 2, 1: 19, 2: 86, 3: 846, 4: 1087, 5: 1307, 6: 694, 7: 185, 9: 519}, 8: {0: 992, 1: 15, 2: 1552, 3: 1413, 4: 514, 5: 329, 6: 99, 7: 142, 8: 660, 9: 569}, 9: {0: 4, 1: 35, 2: 1097, 3: 146, 4: 169, 5: 415, 6: 20, 7: 3640, 8: 465, 9: 1292}}", "loading time": 20, "local_train_accs": [0.9808252011641843, 0.9384167777912474, 0.9751300390117035, 0.9604743083003953, 0.9665998663994656, 0.9792147806004619, 0.9590265706481251, 0.9608008429926238, 0.9684964200477327, 0.9623781408760126], "local_test_accs": [0.7274, 0.7196, 0.736, 0.6997, 0.7053, 0.6506, 0.8003, 0.6275, 0.785, 0.6631], "pdm_KL_reg 0": {"Best Result": {"Best Sigma0": 3, "Best sigma": 0.9, "Best gamma": 1, "Best Test accuracy": 0.101, "Train acc": 0.10236666666666666}, "PDM log": "{(3, 0.9, 1): {'shapes': [(784, 569), (569,), (569, 124), (124,), (124, 109), (109,), (109, 109), (109,), (109, 109), (109,), (109, 102), (102,), (102, 10), (10,)], 'train_accuracy': 0.10236666666666666, 'test_accuracy': 0.101}}", "timing": 271}, "pdm_KL_reg 0.001": {"Best Result": {"Best Sigma0": 3, "Best sigma": 0.9, "Best gamma": 1, "Best Test accuracy": 0.1018, "Train acc": 0.10318333333333334}, "PDM log": "{(3, 0.9, 1): {'shapes': [(784, 572), (572,), (572, 124), (124,), (124, 109), (109,), (109, 109), (109,), (109, 108), (108,), (108, 102), (102,), (102, 10), (10,)], 'train_accuracy': 0.10318333333333334, 'test_accuracy': 0.1018}}", "timing": 539}, "pdm_KL_reg 0.005": {"Best Result": {"Best Sigma0": 3, "Best sigma": 0.9, "Best gamma": 1, "Best Test accuracy": 0.101, "Train acc": 0.10218333333333333}, "PDM log": "{(3, 0.9, 1): {'shapes': [(784, 571), (571,), (571, 120), (120,), (120, 109), (109,), (109, 109), (109,), (109, 106), (106,), (106, 102), (102,), (102, 10), (10,)], 'train_accuracy': 0.10218333333333333, 'test_accuracy': 0.101}}", "timing": 571}, "pdm_KL_reg 0.01": {"Best Result": {"Best Sigma0": 3, "Best sigma": 0.9, "Best gamma": 1, "Best Test accuracy": 0.101, "Train acc": 0.10218333333333333}, "PDM log": "{(3, 0.9, 1): {'shapes': [(784, 569), (569,), (569, 119), (119,), (119, 109), (109,), (109, 109), (109,), (109, 109), (109,), (109, 102), (102,), (102, 10), (10,)], 'train_accuracy': 0.10218333333333333, 'test_accuracy': 0.101}}", "timing": 602}, "pdm_KL_reg 0.05": {"Best Result": {"Best Sigma0": 3, "Best sigma": 0.9, "Best gamma": 1, "Best Test accuracy": 0.1021, "Train acc": 0.1035}, "PDM log": "{(3, 0.9, 1): {'shapes': [(784, 569), (569,), (569, 124), (124,), (124, 109), (109,), (109, 109), (109,), (109, 109), (109,), (109, 102), (102,), (102, 10), (10,)], 'train_accuracy': 0.1035, 'test_accuracy': 0.1021}}", "timing": 598}, "pdm_KL_reg 0.1": {"Best Result": {"Best Sigma0": 3, "Best sigma": 0.9, "Best gamma": 1, "Best Test accuracy": 0.101, "Train acc": 0.10218333333333333}, "PDM log": "{(3, 0.9, 1): {'shapes': [(784, 568), (568,), (568, 120), (120,), (120, 109), (109,), (109, 109), (109,), (109, 100), (100,), (100, 102), (102,), (102, 10), (10,)], 'train_accuracy': 0.10218333333333333, 'test_accuracy': 0.101}}", "timing": 573}, "pdm_KL_reg 0.5": {"Best Result": {"Best Sigma0": 3, "Best sigma": 0.9, "Best gamma": 1, "Best Test accuracy": 0.101, "Train acc": 0.10218333333333333}, "PDM log": "{(3, 0.9, 1): {'shapes': [(784, 537), (537,), (537, 109), (109,), (109, 106), (106,), (106, 100), (100,), (100, 100), (100,), (100, 101), (101,), (101, 10), (10,)], 'train_accuracy': 0.10218333333333333, 'test_accuracy': 0.101}}", "timing": 519}, "pdm_KL_reg 1": {"Best Result": {"Best Sigma0": 3, "Best sigma": 0.9, "Best gamma": 1, "Best Test accuracy": 0.101, "Train acc": 0.10218333333333333}, "PDM log": "{(3, 0.9, 1): {'shapes': [(784, 452), (452,), (452, 100), (100,), (100, 100), (100,), (100, 100), (100,), (100, 100), (100,), (100, 100), (100,), (100, 10), (10,)], 'train_accuracy': 0.10218333333333333, 'test_accuracy': 0.101}}", "timing": 416}, "pdm_KL_reg 2": {"Best Result": {"Best Sigma0": 3, "Best sigma": 0.9, "Best gamma": 1, "Best Test accuracy": 0.101, "Train acc": 0.10218333333333333}, "PDM log": "{(3, 0.9, 1): {'shapes': [(784, 100), (100,), (100, 100), (100,), (100, 100), (100,), (100, 100), (100,), (100, 100), (100,), (100, 100), (100,), (100, 10), (10,)], 'train_accuracy': 0.10218333333333333, 'test_accuracy': 0.101}}", "timing": 95}, "pdm_KL_reg 5": {"Best Result": {"Best Sigma0": 3, "Best sigma": 0.9, "Best gamma": 1, "Best Test accuracy": 0.101, "Train acc": 0.10218333333333333}, "PDM log": "{(3, 0.9, 1): {'shapes': [(784, 100), (100,), (100, 100), (100,), (100, 100), (100,), (100, 100), (100,), (100, 100), (100,), (100, 100), (100,), (100, 10), (10,)], 'train_accuracy': 0.10218333333333333, 'test_accuracy': 0.101}}", "timing": 94}, "pdm_KL_reg 10": {"Best Result": {"Best Sigma0": 3, "Best sigma": 0.9, "Best gamma": 1, "Best Test accuracy": 0.101, "Train acc": 0.10218333333333333}, "PDM log": "{(3, 0.9, 1): {'shapes': [(784, 100), (100,), (100, 100), (100,), (100, 100), (100,), (100, 100), (100,), (100, 100), (100,), (100, 100), (100,), (100, 10), (10,)], 'train_accuracy': 0.10218333333333333, 'test_accuracy': 0.101}}", "timing": 90}, "best_reg": 0.05}