{"seed": 7, "Data statistics": "{0: {0: 2784, 1: 1184, 2: 387, 3: 64, 4: 1265, 5: 947, 6: 621, 7: 5, 8: 5664}, 1: {0: 5, 1: 586, 2: 12, 3: 232, 4: 23, 5: 2218, 6: 30, 7: 196, 8: 231, 9: 4357}, 2: {0: 170, 1: 2330, 2: 1558, 3: 299, 4: 1152, 5: 4, 6: 2694, 7: 5016}, 3: {0: 2715, 1: 1705, 2: 2766, 3: 2614, 4: 1432, 5: 29, 6: 1096}, 4: {0: 326, 1: 195, 2: 1277, 3: 2791, 4: 2128, 5: 2802, 6: 1559, 7: 783, 8: 105, 9: 1643}}", "loading time": 35, "local_train_accs": [0.902561721229007, 0.9378960709759189, 0.8768811918626636, 0.7798818483450676, 0.7985891689323242], "local_test_accs": [0.5234, 0.5348, 0.5117, 0.4444, 0.7389], "FedAvg (Train acc)": 0.38763333333333333, "FedAvg (Test acc)": 0.3817}