{"seed": 6, "Data statistics": "{0: {0: 104, 1: 4065, 2: 33, 3: 929, 4: 194, 5: 2799, 6: 2739, 7: 325, 8: 731, 9: 1465}, 1: {0: 2013, 1: 1297, 2: 307, 3: 28, 4: 18, 5: 3046, 6: 349, 7: 3848, 8: 1813}, 2: {0: 772, 1: 463, 2: 16, 3: 1458, 4: 3106, 5: 151, 6: 1150, 7: 41, 8: 1876, 9: 90}, 3: {0: 1405, 1: 11, 2: 580, 3: 3502, 4: 587, 5: 3, 6: 256, 7: 1776, 8: 935, 9: 1067}, 4: {0: 1706, 1: 164, 2: 5064, 3: 83, 4: 2095, 5: 1, 6: 1506, 7: 10, 8: 645, 9: 3378}}", "loading time": 32, "local_train_accs": [0.9153466826060969, 0.9312839059674503, 0.8296612956264386, 0.8794704603833234, 0.8205705705705706], "local_test_accs": [0.6054, 0.5885, 0.5949, 0.5965, 0.566], "FedAvg (Train acc)": 0.5314666666666666, "FedAvg (Test acc)": 0.5244}