{"seed": 0, "Data statistics": "{0: {0: 605, 1: 688, 2: 586, 3: 583, 4: 565, 5: 518, 6: 631, 7: 625, 8: 584, 9: 615}, 1: {0: 600, 1: 691, 2: 580, 3: 625, 4: 588, 5: 557, 6: 559, 7: 603, 8: 607, 9: 590}, 2: {0: 607, 1: 691, 2: 583, 3: 639, 4: 577, 5: 516, 6: 571, 7: 641, 8: 596, 9: 579}, 3: {0: 605, 1: 642, 2: 610, 3: 580, 4: 590, 5: 565, 6: 572, 7: 632, 8: 591, 9: 613}, 4: {0: 578, 1: 653, 2: 600, 3: 593, 4: 627, 5: 556, 6: 629, 7: 608, 8: 581, 9: 575}, 5: {0: 596, 1: 690, 2: 594, 3: 650, 4: 589, 5: 539, 6: 547, 7: 612, 8: 568, 9: 615}, 6: {0: 598, 1: 645, 2: 614, 3: 624, 4: 572, 5: 556, 6: 605, 7: 605, 8: 601, 9: 580}, 7: {0: 544, 1: 682, 2: 604, 3: 591, 4: 605, 5: 562, 6: 601, 7: 694, 8: 525, 9: 592}, 8: {0: 564, 1: 665, 2: 608, 3: 647, 4: 566, 5: 520, 6: 615, 7: 613, 8: 594, 9: 608}, 9: {0: 626, 1: 695, 2: 579, 3: 599, 4: 563, 5: 532, 6: 588, 7: 632, 8: 604, 9: 582}}", "loading time": 33, "local_train_accs": [0.9728333333333333, 0.9718333333333333, 0.9836666666666667, 0.9626666666666667, 0.9661666666666666, 0.9616666666666667, 0.9686666666666667, 0.9561666666666667, 0.9861666666666666, 0.9695], "local_test_accs": [0.9301, 0.9321, 0.9389, 0.9231, 0.9221, 0.9122, 0.9264, 0.9089, 0.9387, 0.9238], "Uniform ensemble (Train acc)": 0.9667166666666667, "Uniform ensemble (Test acc)": 0.9637, "FedAvg (Train acc)": 0.09751666666666667, "FedAvg (Test acc)": 0.0974, "pdm_KL_reg 0": {"Best Result": {"Best Sigma0": 0.5, "Best sigma": 1, "Best gamma": 10, "Best Test accuracy": 0.6876, "Train acc": 0.6824666666666667}, "PDM log": "{(0.5, 1, 10): {'shapes': [(784, 256), (256,), (256, 118), (118,), (118, 118), (118,), (118, 10), (10,)], 'train_accuracy': 0.6824666666666667, 'test_accuracy': 0.6876}}", "timing": 58}, "pdm_KL_reg 0.001": {"Best Result": {"Best Sigma0": 0.5, "Best sigma": 1, "Best gamma": 10, "Best Test accuracy": 0.721, "Train acc": 0.7273}, "PDM log": "{(0.5, 1, 10): {'shapes': [(784, 254), (254,), (254, 127), (127,), (127, 118), (118,), (118, 10), (10,)], 'train_accuracy': 0.7273, 'test_accuracy': 0.721}}", "timing": 113}, "pdm_KL_reg 0.005": {"Best Result": {"Best Sigma0": 0.5, "Best sigma": 1, "Best gamma": 10, "Best Test accuracy": 0.5732, "Train acc": 0.5812166666666667}, "PDM log": "{(0.5, 1, 10): {'shapes': [(784, 255), (255,), (255, 118), (118,), (118, 118), (118,), (118, 10), (10,)], 'train_accuracy': 0.5812166666666667, 'test_accuracy': 0.5732}}", "timing": 121}, "pdm_KL_reg 0.01": {"Best Result": {"Best Sigma0": 0.5, "Best sigma": 1, "Best gamma": 10, "Best Test accuracy": 0.6823, "Train acc": 0.6799}, "PDM log": "{(0.5, 1, 10): {'shapes': [(784, 253), (253,), (253, 118), (118,), (118, 118), (118,), (118, 10), (10,)], 'train_accuracy': 0.6799, 'test_accuracy': 0.6823}}", "timing": 121}, "pdm_KL_reg 0.05": {"Best Result": {"Best Sigma0": 0.5, "Best sigma": 1, "Best gamma": 10, "Best Test accuracy": 0.7053, "Train acc": 0.7053}, "PDM log": "{(0.5, 1, 10): {'shapes': [(784, 259), (259,), (259, 126), (126,), (126, 118), (118,), (118, 10), (10,)], 'train_accuracy': 0.7053, 'test_accuracy': 0.7053}}", "timing": 147}, "pdm_KL_reg 0.1": {"Best Result": {"Best Sigma0": 0.5, "Best sigma": 1, "Best gamma": 10, "Best Test accuracy": 0.7215, "Train acc": 0.7141166666666666}, "PDM log": "{(0.5, 1, 10): {'shapes': [(784, 277), (277,), (277, 127), (127,), (127, 118), (118,), (118, 10), (10,)], 'train_accuracy': 0.7141166666666666, 'test_accuracy': 0.7215}}", "timing": 167}, "pdm_KL_reg 0.5": {"Best Result": {"Best Sigma0": 0.5, "Best sigma": 1, "Best gamma": 10, "Best Test accuracy": 0.8215, "Train acc": 0.8248166666666666}, "PDM log": "{(0.5, 1, 10): {'shapes': [(784, 412), (412,), (412, 127), (127,), (127, 118), (118,), (118, 10), (10,)], 'train_accuracy': 0.8248166666666666, 'test_accuracy': 0.8215}}", "timing": 287}, "pdm_KL_reg 1": {"Best Result": {"Best Sigma0": 0.5, "Best sigma": 1, "Best gamma": 10, "Best Test accuracy": 0.8389, "Train acc": 0.8389}, "PDM log": "{(0.5, 1, 10): {'shapes': [(784, 632), (632,), (632, 127), (127,), (127, 118), (118,), (118, 10), (10,)], 'train_accuracy': 0.8389, 'test_accuracy': 0.8389}}", "timing": 574}, "pdm_KL_reg 2": {"Best Result": {"Best Sigma0": 0.5, "Best sigma": 1, "Best gamma": 10, "Best Test accuracy": 0.111, "Train acc": 0.11441666666666667}, "PDM log": "{(0.5, 1, 10): {'shapes': [(784, 692), (692,), (692, 154), (154,), (154, 127), (127,), (127, 10), (10,)], 'train_accuracy': 0.11441666666666667, 'test_accuracy': 0.111}}", "timing": 569}, "pdm_KL_reg 5": {"Best Result": {"Best Sigma0": 0.5, "Best sigma": 1, "Best gamma": 10, "Best Test accuracy": 0.0974, "Train acc": 0.09751666666666667}, "PDM log": "{(0.5, 1, 10): {'shapes': [(784, 309), (309,), (309, 181), (181,), (181, 127), (127,), (127, 10), (10,)], 'train_accuracy': 0.09751666666666667, 'test_accuracy': 0.0974}}", "timing": 374}, "pdm_KL_reg 10": {"Best Result": {"Best Sigma0": 0.5, "Best sigma": 1, "Best gamma": 10, "Best Test accuracy": 0.0974, "Train acc": 0.09751666666666667}, "PDM log": "{(0.5, 1, 10): {'shapes': [(784, 225), (225,), (225, 213), (213,), (213, 127), (127,), (127, 10), (10,)], 'train_accuracy': 0.09751666666666667, 'test_accuracy': 0.0974}}", "timing": 282}, "best_reg": 1}