{"seed": 2, "Data statistics": "{0: {0: 613, 1: 691, 2: 569, 3: 611, 4: 600, 5: 562, 6: 585, 7: 610, 8: 590, 9: 569}, 1: {0: 570, 1: 663, 2: 625, 3: 641, 4: 617, 5: 521, 6: 584, 7: 610, 8: 576, 9: 593}, 2: {0: 595, 1: 669, 2: 620, 3: 637, 4: 572, 5: 563, 6: 606, 7: 618, 8: 547, 9: 573}, 3: {0: 572, 1: 675, 2: 577, 3: 575, 4: 587, 5: 546, 6: 611, 7: 637, 8: 606, 9: 614}, 4: {0: 569, 1: 623, 2: 612, 3: 646, 4: 593, 5: 550, 6: 617, 7: 608, 8: 584, 9: 598}, 5: {0: 587, 1: 695, 2: 601, 3: 613, 4: 563, 5: 546, 6: 576, 7: 657, 8: 593, 9: 569}, 6: {0: 618, 1: 690, 2: 608, 3: 559, 4: 573, 5: 541, 6: 572, 7: 633, 8: 590, 9: 616}, 7: {0: 611, 1: 691, 2: 579, 3: 637, 4: 587, 5: 530, 6: 551, 7: 660, 8: 555, 9: 599}, 8: {0: 640, 1: 672, 2: 587, 3: 574, 4: 581, 5: 525, 6: 595, 7: 632, 8: 580, 9: 614}, 9: {0: 548, 1: 673, 2: 580, 3: 638, 4: 569, 5: 537, 6: 621, 7: 600, 8: 630, 9: 604}}", "loading time": 50, "local_train_accs": [0.9866666666666667, 0.9775, 0.9875, 0.9811666666666666, 0.9726666666666667, 0.9523333333333334, 0.9733333333333334, 0.9715, 0.9868333333333333, 0.979], "local_test_accs": [0.9378, 0.93, 0.9444, 0.9373, 0.9303, 0.9074, 0.9335, 0.9327, 0.9406, 0.9312], "Uniform ensemble (Train acc)": 0.9681166666666666, "Uniform ensemble (Test acc)": 0.9654, "FedAvg (Train acc)": 0.09751666666666667, "FedAvg (Test acc)": 0.0974, "pdm_KL_reg 0": {"Best Result": {"Best Sigma0": 0.5, "Best sigma": 1, "Best gamma": 10, "Best Test accuracy": 0.7743, "Train acc": 0.76565}, "PDM log": "{(0.5, 1, 10): {'shapes': [(784, 258), (258,), (258, 127), (127,), (127, 118), (118,), (118, 10), (10,)], 'train_accuracy': 0.76565, 'test_accuracy': 0.7743}}", "timing": 78}, "pdm_KL_reg 0.001": {"Best Result": {"Best Sigma0": 0.5, "Best sigma": 1, "Best gamma": 10, "Best Test accuracy": 0.808, "Train acc": 0.7969833333333334}, "PDM log": "{(0.5, 1, 10): {'shapes': [(784, 256), (256,), (256, 118), (118,), (118, 118), (118,), (118, 10), (10,)], 'train_accuracy': 0.7969833333333334, 'test_accuracy': 0.808}}", "timing": 145}, "pdm_KL_reg 0.005": {"Best Result": {"Best Sigma0": 0.5, "Best sigma": 1, "Best gamma": 10, "Best Test accuracy": 0.6996, "Train acc": 0.70165}, "PDM log": "{(0.5, 1, 10): {'shapes': [(784, 262), (262,), (262, 118), (118,), (118, 118), (118,), (118, 10), (10,)], 'train_accuracy': 0.70165, 'test_accuracy': 0.6996}}", "timing": 242}, "pdm_KL_reg 0.01": {"Best Result": {"Best Sigma0": 0.5, "Best sigma": 1, "Best gamma": 10, "Best Test accuracy": 0.8594, "Train acc": 0.8594333333333334}, "PDM log": "{(0.5, 1, 10): {'shapes': [(784, 260), (260,), (260, 127), (127,), (127, 118), (118,), (118, 10), (10,)], 'train_accuracy': 0.8594333333333334, 'test_accuracy': 0.8594}}", "timing": 140}, "pdm_KL_reg 0.05": {"Best Result": {"Best Sigma0": 0.5, "Best sigma": 1, "Best gamma": 10, "Best Test accuracy": 0.6965, "Train acc": 0.6917}, "PDM log": "{(0.5, 1, 10): {'shapes': [(784, 262), (262,), (262, 127), (127,), (127, 118), (118,), (118, 10), (10,)], 'train_accuracy': 0.6917, 'test_accuracy': 0.6965}}", "timing": 213}, "pdm_KL_reg 0.1": {"Best Result": {"Best Sigma0": 0.5, "Best sigma": 1, "Best gamma": 10, "Best Test accuracy": 0.8057, "Train acc": 0.8094166666666667}, "PDM log": "{(0.5, 1, 10): {'shapes': [(784, 281), (281,), (281, 118), (118,), (118, 118), (118,), (118, 10), (10,)], 'train_accuracy': 0.8094166666666667, 'test_accuracy': 0.8057}}", "timing": 208}, "pdm_KL_reg 0.5": {"Best Result": {"Best Sigma0": 0.5, "Best sigma": 1, "Best gamma": 10, "Best Test accuracy": 0.8955, "Train acc": 0.8949166666666667}, "PDM log": "{(0.5, 1, 10): {'shapes': [(784, 407), (407,), (407, 127), (127,), (127, 118), (118,), (118, 10), (10,)], 'train_accuracy': 0.8949166666666667, 'test_accuracy': 0.8955}}", "timing": 304}, "pdm_KL_reg 1": {"Best Result": {"Best Sigma0": 0.5, "Best sigma": 1, "Best gamma": 10, "Best Test accuracy": 0.7426, "Train acc": 0.7412166666666666}, "PDM log": "{(0.5, 1, 10): {'shapes': [(784, 631), (631,), (631, 127), (127,), (127, 118), (118,), (118, 10), (10,)], 'train_accuracy': 0.7412166666666666, 'test_accuracy': 0.7426}}", "timing": 489}, "pdm_KL_reg 2": {"Best Result": {"Best Sigma0": 0.5, "Best sigma": 1, "Best gamma": 10, "Best Test accuracy": 0.0977, "Train acc": 0.09813333333333334}, "PDM log": "{(0.5, 1, 10): {'shapes': [(784, 692), (692,), (692, 154), (154,), (154, 127), (127,), (127, 10), (10,)], 'train_accuracy': 0.09813333333333334, 'test_accuracy': 0.0977}}", "timing": 401}, "pdm_KL_reg 5": {"Best Result": {"Best Sigma0": 0.5, "Best sigma": 1, "Best gamma": 10, "Best Test accuracy": 0.0974, "Train acc": 0.09751666666666667}, "PDM log": "{(0.5, 1, 10): {'shapes': [(784, 308), (308,), (308, 181), (181,), (181, 127), (127,), (127, 10), (10,)], 'train_accuracy': 0.09751666666666667, 'test_accuracy': 0.0974}}", "timing": 301}, "pdm_KL_reg 10": {"Best Result": {"Best Sigma0": 0.5, "Best sigma": 1, "Best gamma": 10, "Best Test accuracy": 0.0974, "Train acc": 0.09751666666666667}, "PDM log": "{(0.5, 1, 10): {'shapes': [(784, 217), (217,), (217, 208), (208,), (208, 118), (118,), (118, 10), (10,)], 'train_accuracy': 0.09751666666666667, 'test_accuracy': 0.0974}}", "timing": 180}, "best_reg": 0.5}