{"seed": 0, "Data statistics": "{0: {0: 953, 1: 142, 2: 141, 3: 75, 4: 695, 5: 819, 7: 2482}, 1: {0: 16, 1: 43, 2: 902, 3: 1650, 4: 86, 5: 182, 7: 693, 8: 110, 9: 6}, 2: {0: 9, 1: 8, 2: 290, 3: 769, 4: 841, 5: 283, 6: 119, 7: 1044, 8: 1014, 9: 58}, 3: {0: 395, 1: 1200, 2: 48, 3: 68, 4: 896, 5: 681, 6: 90, 7: 17, 8: 1351, 9: 301}, 4: {0: 504, 1: 2917, 2: 570, 3: 721, 4: 121, 5: 356}, 5: {0: 1262, 1: 71, 2: 325, 3: 119, 4: 1560, 5: 14, 6: 1, 7: 85, 8: 366}, 6: {0: 9, 1: 273, 2: 1657, 3: 40, 4: 1, 5: 130, 6: 1911, 7: 21, 8: 1160}, 7: {0: 722, 1: 3, 2: 281, 3: 738, 4: 22, 5: 974, 6: 624, 7: 1, 8: 82, 9: 878}, 8: {0: 1127, 1: 153, 2: 680, 3: 500, 4: 698, 5: 1139, 6: 92, 7: 23, 8: 1, 9: 3665}, 9: {0: 3, 1: 190, 2: 106, 3: 320, 4: 80, 5: 422, 6: 2163, 7: 634, 8: 916, 9: 92}}", "loading time": 26, "local_train_accs": [0.5843225928019596, 0.44739696312364424, 0.48883878241262685, 0.5175351694075688, 0.6766236269030642, 0.6302918748356561, 0.6668589004229143, 0.48786127167630056, 0.5844268383263184, 0.5836378400324808], "local_test_accs": [0.1714, 0.1, 0.2211, 0.223, 0.2392, 0.182, 0.2234, 0.2569, 0.2179, 0.1817], "pdm_KL_reg 0": {"Best Result": {"Best Sigma0": 10, "Best sigma": 1, "Best gamma": 50, "Best Test accuracy": 0.2334, "Train acc": 0.23462}, "PDM log": "{(10, 1, 50): {'shapes': [(3072, 927), (927,), (927, 217), (217,), (217, 10), (10,)], 'train_accuracy': 0.23462, 'test_accuracy': 0.2334}}", "timing": 522}, "best_reg": 0, "skip_pdm": {"Best Result": {"Best Sigma0": 10, "Best sigma": 1, "Best gamma": 50, "Best Test accuracy": 0.1, "Train acc": 0.10002}, "PDM log": "{(10, 1, 50): {'shapes': [(936, 3073), (101, 936), (10, 101)], 'train_accuracy': 0.10002, 'test_accuracy': 0.1}}", "timing": 653}}