{"Experiment arguments": "Namespace(alpha=0.5, communication_rounds=None, datadir='data/mnist', dataset='mnist', device=1.0, dropout_p=0.0, epochs=10, experiment=['pdm_KL'], init_seed=0, iter_epochs=5, layers=0, loaddir='saved_weights/mnist/homo', logdir='eval_pdm_iters/mnist/homo', lr=0.01, lr_decay=1.0, n=10, n_layers=1, n_nets=2, net_config=[784, 100, 10], num_pool_workers=3, partition='homo', pdm_gamma=10, pdm_sig=0.5, pdm_sig0=10, reg=1e-06, reg_fac=0.0, trials=10)", "0": {"seed": 0, "Data statistics": "{0: {0: 2995, 1: 3365, 2: 2959, 3: 3020, 4: 2947, 5: 2712, 6: 2962, 7: 3109, 8: 2959, 9: 2972}, 1: {0: 2928, 1: 3377, 2: 2999, 3: 3111, 4: 2895, 5: 2709, 6: 2956, 7: 3156, 8: 2892, 9: 2977}}", "loading time": 16, "local_train_accs": [0.9900666666666667, 0.9844333333333334], "local_test_accs": [0.966, 0.9604], "pdm_pdm_it 5": {"Best Result": {"Best Sigma0": 10, "Best sigma": 0.5, "Best gamma": 10, "Best Test accuracy": 0.9754, "Train acc": 0.9857166666666667}, "PDM log": "{(10, 0.5, 10): {'shapes': [(784, 191), (191,), (191, 10), (10,)], 'train_accuracy': 0.9857166666666667, 'test_accuracy': 0.9754}}", "timing": 18}, "pdm_pdm_it 10": {"Best Result": {"Best Sigma0": 10, "Best sigma": 0.5, "Best gamma": 10, "Best Test accuracy": 0.9754, "Train acc": 0.9857166666666667}, "PDM log": "{(10, 0.5, 10): {'shapes': [(784, 191), (191,), (191, 10), (10,)], 'train_accuracy': 0.9857166666666667, 'test_accuracy': 0.9754}}", "timing": 30}, "pdm_pdm_it 15": {"Best Result": {"Best Sigma0": 10, "Best sigma": 0.5, "Best gamma": 10, "Best Test accuracy": 0.9754, "Train acc": 0.9857166666666667}, "PDM log": "{(10, 0.5, 10): {'shapes': [(784, 191), (191,), (191, 10), (10,)], 'train_accuracy': 0.9857166666666667, 'test_accuracy': 0.9754}}", "timing": 39}, "pdm_pdm_it 20": {"Best Result": {"Best Sigma0": 10, "Best sigma": 0.5, "Best gamma": 10, "Best Test accuracy": 0.9754, "Train acc": 0.9857166666666667}, "PDM log": "{(10, 0.5, 10): {'shapes': [(784, 191), (191,), (191, 10), (10,)], 'train_accuracy': 0.9857166666666667, 'test_accuracy': 0.9754}}", "timing": 43}}, "1": {"seed": 1, "Data statistics": "{0: {0: 2962, 1: 3354, 2: 2987, 3: 3066, 4: 2912, 5: 2783, 6: 2980, 7: 3098, 8: 2927, 9: 2931}, 1: {0: 2961, 1: 3388, 2: 2971, 3: 3065, 4: 2930, 5: 2638, 6: 2938, 7: 3167, 8: 2924, 9: 3018}}", "loading time": 13, "local_train_accs": [0.9854, 0.9928], "local_test_accs": [0.961, 0.9676], "pdm_pdm_it 5": {"Best Result": {"Best Sigma0": 10, "Best sigma": 0.5, "Best gamma": 10, "Best Test accuracy": 0.9751, "Train acc": 0.9862833333333333}, "PDM log": "{(10, 0.5, 10): {'shapes': [(784, 188), (188,), (188, 10), (10,)], 'train_accuracy': 0.9862833333333333, 'test_accuracy': 0.9751}}", "timing": 20}, "pdm_pdm_it 10": {"Best Result": {"Best Sigma0": 10, "Best sigma": 0.5, "Best gamma": 10, "Best Test accuracy": 0.9751, "Train acc": 0.9862833333333333}, "PDM log": "{(10, 0.5, 10): {'shapes': [(784, 188), (188,), (188, 10), (10,)], 'train_accuracy': 0.9862833333333333, 'test_accuracy': 0.9751}}", "timing": 23}, "pdm_pdm_it 15": {"Best Result": {"Best Sigma0": 10, "Best sigma": 0.5, "Best gamma": 10, "Best Test accuracy": 0.9751, "Train acc": 0.9862833333333333}, "PDM log": "{(10, 0.5, 10): {'shapes': [(784, 188), (188,), (188, 10), (10,)], 'train_accuracy': 0.9862833333333333, 'test_accuracy': 0.9751}}", "timing": 33}, "pdm_pdm_it 20": {"Best Result": {"Best Sigma0": 10, "Best sigma": 0.5, "Best gamma": 10, "Best Test accuracy": 0.9751, "Train acc": 0.9862833333333333}, "PDM log": "{(10, 0.5, 10): {'shapes': [(784, 188), (188,), (188, 10), (10,)], 'train_accuracy': 0.9862833333333333, 'test_accuracy': 0.9751}}", "timing": 45}}, "2": {"seed": 2, "Data statistics": "{0: {0: 2919, 1: 3321, 2: 3003, 3: 3110, 4: 2969, 5: 2742, 6: 3003, 7: 3083, 8: 2903, 9: 2947}, 1: {0: 3004, 1: 3421, 2: 2955, 3: 3021, 4: 2873, 5: 2679, 6: 2915, 7: 3182, 8: 2948, 9: 3002}}", "loading time": 14, "local_train_accs": [0.9902, 0.9841], "local_test_accs": [0.9672, 0.9601], "pdm_pdm_it 5": {"Best Result": {"Best Sigma0": 10, "Best sigma": 0.5, "Best gamma": 10, "Best Test accuracy": 0.9748, "Train acc": 0.9855666666666667}, "PDM log": "{(10, 0.5, 10): {'shapes': [(784, 186), (186,), (186, 10), (10,)], 'train_accuracy': 0.9855666666666667, 'test_accuracy': 0.9748}}", "timing": 21}, "pdm_pdm_it 10": {"Best Result": {"Best Sigma0": 10, "Best sigma": 0.5, "Best gamma": 10, "Best Test accuracy": 0.9748, "Train acc": 0.9855666666666667}, "PDM log": "{(10, 0.5, 10): {'shapes': [(784, 186), (186,), (186, 10), (10,)], 'train_accuracy': 0.9855666666666667, 'test_accuracy': 0.9748}}", "timing": 23}, "pdm_pdm_it 15": {"Best Result": {"Best Sigma0": 10, "Best sigma": 0.5, "Best gamma": 10, "Best Test accuracy": 0.9748, "Train acc": 0.9855666666666667}, "PDM log": "{(10, 0.5, 10): {'shapes': [(784, 186), (186,), (186, 10), (10,)], 'train_accuracy': 0.9855666666666667, 'test_accuracy': 0.9748}}", "timing": 30}, "pdm_pdm_it 20": {"Best Result": {"Best Sigma0": 10, "Best sigma": 0.5, "Best gamma": 10, "Best Test accuracy": 0.9748, "Train acc": 0.9855666666666667}, "PDM log": "{(10, 0.5, 10): {'shapes': [(784, 186), (186,), (186, 10), (10,)], 'train_accuracy': 0.9855666666666667, 'test_accuracy': 0.9748}}", "timing": 44}}, "3": {"seed": 3, "Data statistics": "{0: {0: 2883, 1: 3399, 2: 2981, 3: 3108, 4: 2947, 5: 2696, 6: 2909, 7: 3129, 8: 2958, 9: 2990}, 1: {0: 3040, 1: 3343, 2: 2977, 3: 3023, 4: 2895, 5: 2725, 6: 3009, 7: 3136, 8: 2893, 9: 2959}}", "loading time": 15, "local_train_accs": [0.9877333333333334, 0.9807666666666667], "local_test_accs": [0.9639, 0.9583], "pdm_pdm_it 5": {"Best Result": {"Best Sigma0": 10, "Best sigma": 0.5, "Best gamma": 10, "Best Test accuracy": 0.9742, "Train acc": 0.9857666666666667}, "PDM log": "{(10, 0.5, 10): {'shapes': [(784, 191), (191,), (191, 10), (10,)], 'train_accuracy': 0.9857666666666667, 'test_accuracy': 0.9742}}", "timing": 21}, "pdm_pdm_it 10": {"Best Result": {"Best Sigma0": 10, "Best sigma": 0.5, "Best gamma": 10, "Best Test accuracy": 0.9742, "Train acc": 0.9857666666666667}, "PDM log": "{(10, 0.5, 10): {'shapes': [(784, 191), (191,), (191, 10), (10,)], 'train_accuracy': 0.9857666666666667, 'test_accuracy': 0.9742}}", "timing": 25}, "pdm_pdm_it 15": {"Best Result": {"Best Sigma0": 10, "Best sigma": 0.5, "Best gamma": 10, "Best Test accuracy": 0.9742, "Train acc": 0.9857666666666667}, "PDM log": "{(10, 0.5, 10): {'shapes': [(784, 191), (191,), (191, 10), (10,)], 'train_accuracy': 0.9857666666666667, 'test_accuracy': 0.9742}}", "timing": 38}, "pdm_pdm_it 20": {"Best Result": {"Best Sigma0": 10, "Best sigma": 0.5, "Best gamma": 10, "Best Test accuracy": 0.9742, "Train acc": 0.9857666666666667}, "PDM log": "{(10, 0.5, 10): {'shapes': [(784, 191), (191,), (191, 10), (10,)], 'train_accuracy': 0.9857666666666667, 'test_accuracy': 0.9742}}", "timing": 45}}, "4": {"seed": 4, "Data statistics": "{0: {0: 2927, 1: 3404, 2: 2992, 3: 3097, 4: 2920, 5: 2721, 6: 3007, 7: 3105, 8: 2855, 9: 2972}, 1: {0: 2996, 1: 3338, 2: 2966, 3: 3034, 4: 2922, 5: 2700, 6: 2911, 7: 3160, 8: 2996, 9: 2977}}", "loading time": 14, "local_train_accs": [0.9902333333333333, 0.9794333333333334], "local_test_accs": [0.9654, 0.9592], "pdm_pdm_it 5": {"Best Result": {"Best Sigma0": 10, "Best sigma": 0.5, "Best gamma": 10, "Best Test accuracy": 0.9767, "Train acc": 0.98495}, "PDM log": "{(10, 0.5, 10): {'shapes': [(784, 189), (189,), (189, 10), (10,)], 'train_accuracy': 0.98495, 'test_accuracy': 0.9767}}", "timing": 20}, "pdm_pdm_it 10": {"Best Result": {"Best Sigma0": 10, "Best sigma": 0.5, "Best gamma": 10, "Best Test accuracy": 0.9767, "Train acc": 0.98495}, "PDM log": "{(10, 0.5, 10): {'shapes': [(784, 189), (189,), (189, 10), (10,)], 'train_accuracy': 0.98495, 'test_accuracy': 0.9767}}", "timing": 30}, "pdm_pdm_it 15": {"Best Result": {"Best Sigma0": 10, "Best sigma": 0.5, "Best gamma": 10, "Best Test accuracy": 0.9767, "Train acc": 0.98495},