{"seed": 7, "Data statistics": "{0: {0: 2953, 1: 3397, 2: 2949, 3: 3132, 4: 2925, 5: 2749, 6: 2984, 7: 3113, 8: 2861, 9: 2937}, 1: {0: 2970, 1: 3345, 2: 3009, 3: 2999, 4: 2917, 5: 2672, 6: 2934, 7: 3152, 8: 2990, 9: 3012}}", "loading time": 19, "local_train_accs": [0.9873, 0.9836333333333334], "local_test_accs": [0.9651, 0.9605], "pdm_pdm_it 5": {"Best Result": {"Best Sigma0": 10, "Best sigma": 0.5, "Best gamma": 10, "Best Test accuracy": 0.9747, "Train acc": 0.9857833333333333}, "PDM log": "{(10, 0.5, 10): {'shapes': [(784, 190), (190,), (190, 10), (10,)], 'train_accuracy': 0.9857833333333333, 'test_accuracy': 0.9747}}", "timing": 25}, "pdm_pdm_it 10": {"Best Result": {"Best Sigma0": 10, "Best sigma": 0.5, "Best gamma": 10, "Best Test accuracy": 0.9747, "Train acc": 0.9857833333333333}, "PDM log": "{(10, 0.5, 10): {'shapes': [(784, 190), (190,), (190, 10), (10,)], 'train_accuracy': 0.9857833333333333, 'test_accuracy': 0.9747}}", "timing": 35}, "pdm_pdm_it 15": {"Best Result": {"Best Sigma0": 10, "Best sigma": 0.5, "Best gamma": 10, "Best Test accuracy": 0.9747, "Train acc": 0.9857833333333333}, "PDM log": "{(10, 0.5, 10): {'shapes': [(784, 190), (190,), (190, 10), (10,)], 'train_accuracy': 0.9857833333333333, 'test_accuracy': 0.9747}}", "timing": 39}, "pdm_pdm_it 20": {"Best Result": {"Best Sigma0": 10, "Best sigma": 0.5, "Best gamma": 10, "Best Test accuracy": 0.9747, "Train acc": 0.9857833333333333}, "PDM log": "{(10, 0.5, 10): {'shapes': [(784, 190), (190,), (190, 10), (10,)], 'train_accuracy': 0.9857833333333333, 'test_accuracy': 0.9747}}", "timing": 42}}