{"seed": 8, "Data statistics": "{0: {0: 378, 1: 2, 2: 448, 3: 87, 4: 480, 5: 21, 6: 442, 7: 56, 8: 1050, 9: 444}, 1: {0: 297, 1: 168, 2: 678, 3: 75, 4: 167, 5: 41, 6: 16, 7: 1757, 8: 1985}, 2: {0: 232, 1: 1211, 2: 80, 3: 846, 4: 560, 5: 20, 6: 960, 7: 239}, 3: {0: 286, 1: 76, 2: 153, 3: 751, 4: 611, 5: 971, 6: 130, 7: 23, 8: 10, 9: 270}, 4: {0: 126, 1: 207, 2: 53, 3: 141, 4: 1170, 5: 220, 6: 17, 7: 423, 9: 169}, 5: {0: 361, 1: 176, 2: 156, 3: 17, 4: 1117, 5: 222, 6: 1837, 7: 2, 8: 176}, 6: {0: 1669, 1: 90, 2: 504, 3: 13, 4: 421, 5: 30, 6: 41, 8: 28, 9: 34}, 7: {0: 53, 1: 1944, 2: 145, 3: 1905}, 8: {0: 310, 1: 111, 2: 9, 3: 202, 4: 251, 5: 260, 6: 515, 7: 1548, 8: 1962}, 9: {0: 97, 1: 123, 2: 43, 3: 82, 4: 120, 5: 433, 6: 6, 7: 318, 8: 393, 9: 219}, 10: {0: 119, 1: 175, 2: 2037, 3: 884, 4: 245, 5: 230, 6: 311}, 11: {0: 532, 1: 551, 2: 728, 3: 6, 4: 84, 5: 5, 6: 1118, 7: 1686}, 12: {0: 94, 1: 1090, 2: 231, 3: 1056, 4: 552, 5: 2052}, 13: {0: 853, 1: 776, 2: 322, 3: 4, 4: 47, 5: 480, 6: 149, 7: 87, 8: 233, 9: 209}, 14: {0: 516, 1: 42, 2: 371, 3: 62, 4: 17, 5: 436, 6: 376, 7: 126, 8: 14, 9: 4604}}", "local_train_accs": [0.9958920187793427, 0.9971064814814815, 0.9987945998071359, 0.9957330082291984, 1.0, 0.999507874015748, 1.0, 0.9915987150976031, 0.9883900928792569, 0.9994547437295529, 1.0, 0.9940552016985138, 0.9948768472906404, 0.9936708860759493, 0.9925350396099939], "local_test_accs": [0.7914, 0.7963, 0.7024, 0.8405, 0.8171, 0.7165, 0.7562, 0.4026, 0.7557, 0.8518, 0.6693, 0.6506, 0.5784, 0.8235, 0.7545], "pdm_match": {}, "pdm_KL_match": {}, "pdm_KL2_match": {"Best Result": {"Best Sigma0": 1.0, "Best sigma": 1.0, "Best gamma": 10.0, "Best Test accuracy": 0.8513, "Train acc": 0.8556333333333334}, "PDM log": "{(1.0, 1.0, 1.0): {'shapes': [(784, 333), (333,), (333, 10), (10,)], 'train_accuracy': 0.8360166666666666, 'test_accuracy': 0.8286}, (10.0, 1.0, 1.0): {'shapes': [(784, 111), (111,), (111, 10), (10,)], 'train_accuracy': 0.7309833333333333, 'test_accuracy': 0.7307}, (1.0, 0.1, 1.0): {'shapes': [(784, 700), (700,), (700, 10), (10,)], 'train_accuracy': 0.8520333333333333, 'test_accuracy': 0.8482}, (10.0, 0.1, 1.0): {'shapes': [(784, 145), (145,), (145, 10), (10,)], 'train_accuracy': 0.7841833333333333, 'test_accuracy': 0.7883}, (1.0, 0.5, 1.0): {'shapes': [(784, 700), (700,), (700, 10), (10,)], 'train_accuracy': 0.8478833333333333, 'test_accuracy': 0.8425}, (10.0, 0.5, 1.0): {'shapes': [(784, 118), (118,), (118, 10), (10,)], 'train_accuracy': 0.7776333333333333, 'test_accuracy': 0.7733}, (1.0, 1.0, 10.0): {'shapes': [(784, 678), (678,), (678, 10), (10,)], 'train_accuracy': 0.8556333333333334, 'test_accuracy': 0.8513}, (10.0, 1.0, 10.0): {'shapes': [(784, 186), (186,), (186, 10), (10,)], 'train_accuracy': 0.8536, 'test_accuracy': 0.8524}, (1.0, 0.1, 10.0): {'shapes': [(784, 700), (700,), (700, 10), (10,)], 'train_accuracy': 0.8539166666666667, 'test_accuracy': 0.8483}, (10.0, 0.1, 10.0): {'shapes': [(784, 205), (205,), (205, 10), (10,)], 'train_accuracy': 0.7489166666666667, 'test_accuracy': 0.7488}, (1.0, 0.5, 10.0): {'shapes': [(784, 700), (700,), (700, 10), (10,)], 'train_accuracy': 0.8451833333333333, 'test_accuracy': 0.8404}, (10.0, 0.5, 10.0): {'shapes': [(784, 185), (185,), (185, 10), (10,)], 'train_accuracy': 0.7537166666666667, 'test_accuracy': 0.7546}, (1.0, 1.0, 50.0): {'shapes': [(784, 700), (700,), (700, 10), (10,)], 'train_accuracy': 0.8503, 'test_accuracy': 0.8454}, (10.0, 1.0, 50.0): {'shapes': [(784, 399), (399,), (399, 10), (10,)], 'train_accuracy': 0.84925, 'test_accuracy': 0.8456}, (1.0, 0.1, 50.0): {'shapes': [(784, 700), (700,), (700, 10), (10,)], 'train_accuracy': 0.8508666666666667, 'test_accuracy': 0.8447}, (10.0, 0.1, 50.0): {'shapes': [(784, 384), (384,), (384, 10), (10,)], 'train_accuracy': 0.7682833333333333, 'test_accuracy': 0.77}, (1.0, 0.5, 50.0): {'shapes': [(784, 700), (700,), (700, 10), (10,)], 'train_accuracy': 0.8484833333333334, 'test_accuracy': 0.8428}, (10.0, 0.5, 50.0): {'shapes': [(784, 376), (376,), (376, 10), (10,)], 'train_accuracy': 0.824, 'test_accuracy': 0.8244}}"}}