{"seed": 6, "Data statistics": "{0: {0: 1658, 1: 4, 2: 651, 3: 1118, 4: 124, 5: 860}, 1: {0: 1935, 1: 263, 2: 66, 3: 326, 4: 564, 5: 466, 6: 105, 7: 42, 8: 1239}, 2: {0: 166, 1: 805, 2: 513, 3: 23, 4: 1356, 5: 147, 6: 590, 7: 290, 8: 412}, 3: {0: 19, 1: 25, 2: 1040, 3: 42, 4: 4, 5: 252, 6: 1123, 7: 26, 8: 448, 9: 204}, 4: {0: 107, 1: 31, 2: 15, 3: 32, 4: 1208, 5: 380, 6: 4, 7: 22, 8: 562, 9: 317}, 5: {0: 1, 1: 5, 2: 463, 3: 83, 4: 52, 5: 7, 6: 971, 7: 1318, 8: 39, 9: 1371}, 6: {0: 858, 1: 346, 2: 351, 3: 507, 4: 370, 5: 202, 6: 1628}, 7: {0: 46, 1: 1712, 2: 826, 3: 162, 4: 15, 5: 269, 6: 341, 7: 6, 8: 331, 9: 533}, 8: {0: 191, 1: 101, 2: 29, 3: 24, 4: 61, 5: 1, 6: 199, 7: 118, 8: 44, 9: 1504}, 9: {0: 6, 1: 2, 2: 363, 3: 1024, 4: 508, 5: 403, 6: 510, 7: 64, 8: 481, 9: 1606}, 10: {0: 333, 1: 481, 2: 422, 3: 1067, 4: 280, 5: 74, 6: 8, 8: 50, 9: 355}, 11: {0: 14, 1: 1781, 2: 347, 3: 630, 4: 132, 6: 3, 7: 1, 8: 1864}, 12: {0: 109, 1: 698, 2: 168, 3: 452, 4: 163, 5: 26, 6: 19, 7: 380, 8: 381, 9: 58}, 13: {0: 15, 1: 487, 2: 691, 3: 519, 4: 712, 5: 874, 6: 378, 7: 1941}, 14: {0: 465, 1: 1, 2: 13, 3: 122, 4: 293, 5: 1460, 6: 39, 7: 2057, 9: 1}}", "local_train_accs": [0.9907134767836919, 0.9958050339592489, 0.99814039981404, 1.0, 0.9992531740104555, 0.9756380510440835, 0.989206945096199, 0.9924546097618486, 0.9995598591549296, 0.9979867123011879, 0.9996742671009772, 1.0, 0.9995925020374898, 0.9992878760904398, 0.9883172320826781], "local_test_accs": [0.4789, 0.8106, 0.8277, 0.7908, 0.779, 0.5811, 0.6565, 0.7824, 0.7835, 0.7948, 0.7499, 0.5893, 0.8655, 0.759, 0.6575], "pdm_match": {}, "pdm_KL_match": {}, "pdm_KL2_match": {"Best Result": {"Best Sigma0": 1.0, "Best sigma": 1.0, "Best gamma": 10.0, "Best Test accuracy": 0.884, "Train acc": 0.8874666666666666}, "PDM log": "{(1.0, 1.0, 1.0): {'shapes': [(784, 372), (372,), (372, 10), (10,)], 'train_accuracy': 0.8719166666666667, 'test_accuracy': 0.8684}, (10.0, 1.0, 1.0): {'shapes': [(784, 113), (113,), (113, 10), (10,)], 'train_accuracy': 0.82425, 'test_accuracy': 0.8227}, (1.0, 0.1, 1.0): {'shapes': [(784, 700), (700,), (700, 10), (10,)], 'train_accuracy': 0.8801, 'test_accuracy': 0.8762}, (10.0, 0.1, 1.0): {'shapes': [(784, 145), (145,), (145, 10), (10,)], 'train_accuracy': 0.8391166666666666, 'test_accuracy': 0.8403}, (1.0, 0.5, 1.0): {'shapes': [(784, 700), (700,), (700, 10), (10,)], 'train_accuracy': 0.8778166666666667, 'test_accuracy': 0.8728}, (10.0, 0.5, 1.0): {'shapes': [(784, 121), (121,), (121, 10), (10,)], 'train_accuracy': 0.8414833333333334, 'test_accuracy': 0.84}, (1.0, 1.0, 10.0): {'shapes': [(784, 700), (700,), (700, 10), (10,)], 'train_accuracy': 0.8874666666666666, 'test_accuracy': 0.884}, (10.0, 1.0, 10.0): {'shapes': [(784, 181), (181,), (181, 10), (10,)], 'train_accuracy': 0.7598666666666667, 'test_accuracy': 0.7582}, (1.0, 0.1, 10.0): {'shapes': [(784, 700), (700,), (700, 10), (10,)], 'train_accuracy': 0.8784333333333333, 'test_accuracy': 0.8758}, (10.0, 0.1, 10.0): {'shapes': [(784, 224), (224,), (224, 10), (10,)], 'train_accuracy': 0.6318833333333334, 'test_accuracy': 0.6279}, (1.0, 0.5, 10.0): {'shapes': [(784, 700), (700,), (700, 10), (10,)], 'train_accuracy': 0.8718, 'test_accuracy': 0.8672}, (10.0, 0.5, 10.0): {'shapes': [(784, 195), (195,), (195, 10), (10,)], 'train_accuracy': 0.6425833333333333, 'test_accuracy': 0.6443}, (1.0, 1.0, 50.0): {'shapes': [(784, 700), (700,), (700, 10), (10,)], 'train_accuracy': 0.8816166666666667, 'test_accuracy': 0.8778}, (10.0, 1.0, 50.0): {'shapes': [(784, 415), (415,), (415, 10), (10,)], 'train_accuracy': 0.8670666666666667, 'test_accuracy': 0.8679}, (1.0, 0.1, 50.0): {'shapes': [(784, 700), (700,), (700, 10), (10,)], 'train_accuracy': 0.8805666666666667, 'test_accuracy': 0.8785}, (10.0, 0.1, 50.0): {'shapes': [(784, 417), (417,), (417, 10), (10,)], 'train_accuracy': 0.7981666666666667, 'test_accuracy': 0.7952}, (1.0, 0.5, 50.0): {'shapes': [(784, 700), (700,), (700, 10), (10,)], 'train_accuracy': 0.8725, 'test_accuracy': 0.8673}, (10.0, 0.5, 50.0): {'shapes': [(784, 400), (400,), (400, 10), (10,)], 'train_accuracy': 0.7890666666666667, 'test_accuracy': 0.79}}"}}