{"seed": 1, "Data statistics": "{0: {0: 200, 1: 14, 2: 85, 3: 139, 4: 39, 5: 187, 6: 874, 7: 458, 8: 426, 9: 2511}, 1: {0: 26, 1: 9, 2: 90, 3: 6, 4: 1911, 5: 195, 6: 23, 7: 465, 8: 50, 9: 260}, 2: {0: 1378, 1: 1461, 2: 140, 3: 590, 4: 13, 5: 12, 6: 21, 7: 122, 8: 2, 9: 962}, 3: {0: 243, 1: 277, 2: 825, 3: 795, 4: 265, 5: 122, 6: 167, 7: 26, 9: 153}, 4: {0: 133, 1: 103, 2: 1745, 3: 15, 4: 21, 5: 777, 6: 26, 7: 118, 8: 169, 9: 114}, 5: {0: 2338, 1: 292, 2: 292, 3: 411, 4: 327, 5: 8, 6: 1, 7: 232, 8: 236}, 6: {0: 102, 1: 1924, 2: 165, 3: 8, 4: 1333, 5: 501}, 7: {0: 22, 1: 778, 2: 452, 3: 41, 4: 5, 5: 4, 6: 648, 7: 170, 8: 2294}, 8: {0: 4, 1: 37, 2: 6, 3: 12, 4: 974, 5: 947, 6: 1120, 7: 1174}, 9: {0: 325, 1: 398, 2: 290, 3: 1819, 4: 159, 5: 173, 6: 710, 7: 1169}, 10: {0: 272, 1: 28, 2: 107, 3: 46, 4: 26, 5: 1125, 6: 450, 7: 345, 8: 4, 9: 776}, 11: {0: 477, 1: 367, 2: 2, 3: 261, 4: 55, 5: 525, 6: 758, 7: 395, 8: 90, 9: 192}, 12: {0: 46, 2: 894, 3: 1289, 4: 146, 5: 338, 6: 755, 7: 103, 8: 370, 9: 928}, 13: {0: 177, 1: 96, 2: 817, 3: 118, 4: 483, 5: 452, 6: 243, 7: 235, 8: 3, 9: 53}, 14: {0: 180, 1: 958, 2: 48, 3: 581, 4: 85, 5: 55, 6: 122, 7: 1253, 8: 2207}}", "local_train_accs": [0.9811473748226232, 1.0, 0.9910657306955967, 1.0, 1.0, 0.997582789460962, 1.0, 0.9907113729043951, 0.9990641085634067, 0.999603410668253, 0.9889902485058194, 0.9878283151825753, 0.9876771410967344, 1.0, 0.999453452359264], "local_test_accs": [0.8232, 0.7702, 0.7214, 0.8083, 0.8416, 0.6958, 0.5264, 0.6339, 0.575, 0.7569, 0.7595, 0.8247, 0.7964, 0.8478, 0.8096], "pdm_match": {}, "pdm_KL_match": {}, "pdm_KL2_match": {"Best Result": {"Best Sigma0": 1.0, "Best sigma": 0.1, "Best gamma": 50.0, "Best Test accuracy": 0.9113, "Train acc": 0.9146666666666666}, "PDM log": "{(1.0, 1.0, 1.0): {'shapes': [(784, 346), (346,), (346, 10), (10,)], 'train_accuracy': 0.89285, 'test_accuracy': 0.8873}, (10.0, 1.0, 1.0): {'shapes': [(784, 115), (115,), (115, 10), (10,)], 'train_accuracy': 0.83885, 'test_accuracy': 0.8424}, (1.0, 0.1, 1.0): {'shapes': [(784, 700), (700,), (700, 10), (10,)], 'train_accuracy': 0.8883166666666666, 'test_accuracy': 0.8839}, (10.0, 0.1, 1.0): {'shapes': [(784, 144), (144,), (144, 10), (10,)], 'train_accuracy': 0.7177666666666667, 'test_accuracy': 0.7149}, (1.0, 0.5, 1.0): {'shapes': [(784, 700), (700,), (700, 10), (10,)], 'train_accuracy': 0.9053, 'test_accuracy': 0.8994}, (10.0, 0.5, 1.0): {'shapes': [(784, 119), (119,), (119, 10), (10,)], 'train_accuracy': 0.7526666666666667, 'test_accuracy': 0.7527}, (1.0, 1.0, 10.0): {'shapes': [(784, 700), (700,), (700, 10), (10,)], 'train_accuracy': 0.9089, 'test_accuracy': 0.9045}, (10.0, 1.0, 10.0): {'shapes': [(784, 189), (189,), (189, 10), (10,)], 'train_accuracy': 0.7929166666666667, 'test_accuracy': 0.7946}, (1.0, 0.1, 10.0): {'shapes': [(784, 700), (700,), (700, 10), (10,)], 'train_accuracy': 0.8874, 'test_accuracy': 0.885}, (10.0, 0.1, 10.0): {'shapes': [(784, 221), (221,), (221, 10), (10,)], 'train_accuracy': 0.6794, 'test_accuracy': 0.6798}, (1.0, 0.5, 10.0): {'shapes': [(784, 700), (700,), (700, 10), (10,)], 'train_accuracy': 0.8988833333333334, 'test_accuracy': 0.8935}, (10.0, 0.5, 10.0): {'shapes': [(784, 176), (176,), (176, 10), (10,)], 'train_accuracy': 0.6664833333333333, 'test_accuracy': 0.6708}, (1.0, 1.0, 50.0): {'shapes': [(784, 700), (700,), (700, 10), (10,)], 'train_accuracy': 0.90655, 'test_accuracy': 0.9014}, (10.0, 1.0, 50.0): {'shapes': [(784, 419), (419,), (419, 10), (10,)], 'train_accuracy': 0.8701, 'test_accuracy': 0.8675}, (1.0, 0.1, 50.0): {'shapes': [(784, 700), (700,), (700, 10), (10,)], 'train_accuracy': 0.9146666666666666, 'test_accuracy': 0.9113}, (10.0, 0.1, 50.0): {'shapes': [(784, 381), (381,), (381, 10), (10,)], 'train_accuracy': 0.8148666666666666, 'test_accuracy': 0.8166}, (1.0, 0.5, 50.0): {'shapes': [(784, 700), (700,), (700, 10), (10,)], 'train_accuracy': 0.9028333333333334, 'test_accuracy': 0.8988}, (10.0, 0.5, 50.0): {'shapes': [(784, 393), (393,), (393, 10), (10,)], 'train_accuracy': 0.75565, 'test_accuracy': 0.7535}}"}}