{"seed": 4, "Data statistics": "{0: {0: 169, 1: 1363, 2: 279, 3: 2663}, 1: {0: 364, 1: 238, 2: 145, 3: 5, 4: 26, 5: 835, 6: 242, 7: 1252, 8: 1642}, 2: {0: 239, 1: 1102, 2: 75, 3: 318, 4: 1934, 5: 54, 6: 14, 7: 11, 8: 294}, 3: {0: 333, 1: 63, 2: 379, 3: 192, 4: 1710, 5: 59, 6: 1772}, 4: {0: 1, 1: 560, 2: 318, 3: 451, 4: 198, 5: 844, 6: 2234}, 5: {0: 123, 1: 150, 2: 13, 3: 35, 4: 92, 5: 1268, 6: 49, 7: 210, 8: 60, 9: 48}, 6: {0: 62, 1: 154, 2: 223, 3: 59, 4: 1120, 5: 78, 6: 2, 7: 78, 8: 285, 9: 1}, 7: {0: 366, 1: 470, 2: 670, 3: 470, 4: 161, 5: 1, 6: 83, 7: 1800}, 8: {0: 1342, 1: 378, 2: 7, 3: 16, 5: 35, 6: 38, 7: 14, 8: 185, 9: 4}, 9: {0: 126, 1: 12, 2: 87, 3: 14, 4: 86, 5: 79, 7: 49, 8: 2619, 9: 5430}, 10: {0: 975, 1: 176, 2: 535, 3: 1074, 4: 300, 5: 140, 6: 38, 7: 143, 8: 60, 9: 348}, 11: {0: 681, 1: 26, 2: 803, 4: 51, 5: 45, 6: 80, 7: 84, 8: 697, 9: 75}, 12: {0: 312, 1: 3, 2: 1846, 3: 34, 5: 269, 6: 10, 7: 7, 8: 8, 9: 43}, 13: {0: 693, 1: 1976, 2: 59, 3: 331, 4: 132, 5: 1021}, 14: {0: 137, 1: 71, 2: 519, 3: 469, 4: 32, 5: 693, 6: 1356, 7: 2617, 8: 1}}", "local_train_accs": [0.9975413500223513, 0.9934723099599916, 0.9972779015095273, 0.9977817213842058, 0.9934867564046895, 1.0, 1.0, 1.0, 1.0, 0.9944718889673018, 0.9928741092636579, 0.9988198269079465, 1.0, 0.9909781576448243, 0.9988125530110263], "local_test_accs": [0.4012, 0.73, 0.7647, 0.6561, 0.5835, 0.8351, 0.7459, 0.6896, 0.6576, 0.6212, 0.8977, 0.7928, 0.649, 0.5191, 0.7482], "pdm_match": {}, "pdm_KL_match": {}, "pdm_KL2_match": {"Best Result": {"Best Sigma0": 1.0, "Best sigma": 1.0, "Best gamma": 10.0, "Best Test accuracy": 0.8461, "Train acc": 0.8486666666666667}, "PDM log": "{(1.0, 1.0, 1.0): {'shapes': [(784, 291), (291,), (291, 10), (10,)], 'train_accuracy': 0.8357166666666667, 'test_accuracy': 0.8344}, (10.0, 1.0, 1.0): {'shapes': [(784, 108), (108,), (108, 10), (10,)], 'train_accuracy': 0.8259, 'test_accuracy': 0.8282}, (1.0, 0.1, 1.0): {'shapes': [(784, 700), (700,), (700, 10), (10,)], 'train_accuracy': 0.83715, 'test_accuracy': 0.8365}, (10.0, 0.1, 1.0): {'shapes': [(784, 153), (153,), (153, 10), (10,)], 'train_accuracy': 0.7012666666666667, 'test_accuracy': 0.6999}, (1.0, 0.5, 1.0): {'shapes': [(784, 669), (669,), (669, 10), (10,)], 'train_accuracy': 0.8399833333333333, 'test_accuracy': 0.8371}, (10.0, 0.5, 1.0): {'shapes': [(784, 118), (118,), (118, 10), (10,)], 'train_accuracy': 0.7869833333333334, 'test_accuracy': 0.7823}, (1.0, 1.0, 10.0): {'shapes': [(784, 583), (583,), (583, 10), (10,)], 'train_accuracy': 0.8486666666666667, 'test_accuracy': 0.8461}, (10.0, 1.0, 10.0): {'shapes': [(784, 164), (164,), (164, 10), (10,)], 'train_accuracy': 0.6607833333333333, 'test_accuracy': 0.6611}, (1.0, 0.1, 10.0): {'shapes': [(784, 700), (700,), (700, 10), (10,)], 'train_accuracy': 0.83605, 'test_accuracy': 0.8346}, (10.0, 0.1, 10.0): {'shapes': [(784, 210), (210,), (210, 10), (10,)], 'train_accuracy': 0.48573333333333335, 'test_accuracy': 0.4859}, (1.0, 0.5, 10.0): {'shapes': [(784, 700), (700,), (700, 10), (10,)], 'train_accuracy': 0.8304833333333334, 'test_accuracy': 0.8292}, (10.0, 0.5, 10.0): {'shapes': [(784, 171), (171,), (171, 10), (10,)], 'train_accuracy': 0.5459166666666667, 'test_accuracy': 0.5452}, (1.0, 1.0, 50.0): {'shapes': [(784, 700), (700,), (700, 10), (10,)], 'train_accuracy': 0.83655, 'test_accuracy': 0.8359}, (10.0, 1.0, 50.0): {'shapes': [(784, 361), (361,), (361, 10), (10,)], 'train_accuracy': 0.8283, 'test_accuracy': 0.8308}, (1.0, 0.1, 50.0): {'shapes': [(784, 700), (700,), (700, 10), (10,)], 'train_accuracy': 0.8378666666666666, 'test_accuracy': 0.8354}, (10.0, 0.1, 50.0): {'shapes': [(784, 352), (352,), (352, 10), (10,)], 'train_accuracy': 0.7849166666666667, 'test_accuracy': 0.7882}, (1.0, 0.5, 50.0): {'shapes': [(784, 700), (700,), (700, 10), (10,)], 'train_accuracy': 0.83115, 'test_accuracy': 0.8305}, (10.0, 0.5, 50.0): {'shapes': [(784, 342), (342,), (342, 10), (10,)], 'train_accuracy': 0.7165166666666667, 'test_accuracy': 0.723}}"}}