{"seed": 2, "Data statistics": "{0: {0: 819, 1: 281, 2: 443, 3: 320, 4: 1412, 5: 8, 6: 86, 7: 1, 8: 10, 9: 735}, 1: {0: 133, 1: 885, 2: 13, 3: 9, 4: 244, 5: 1440, 6: 328, 7: 1758}, 2: {0: 737, 1: 230, 2: 72, 3: 9, 4: 124, 5: 160, 6: 590, 7: 186, 8: 1538, 9: 2383}, 3: {0: 35, 1: 1291, 2: 35, 3: 237, 4: 661, 5: 1469, 6: 230, 7: 541}, 4: {0: 513, 2: 66, 3: 268, 4: 876, 5: 21, 6: 2299}, 5: {0: 190, 1: 488, 2: 851, 3: 709, 4: 268, 5: 63, 6: 287, 7: 83, 8: 264, 9: 284}, 6: {0: 105, 1: 769, 2: 2070, 3: 1427}, 7: {0: 1, 1: 11, 2: 255, 3: 1286, 4: 74, 5: 333, 7: 204, 8: 1348, 9: 653}, 8: {0: 510, 1: 9, 2: 349, 3: 68, 4: 774, 5: 87, 6: 222, 7: 303, 8: 735, 9: 33}, 9: {0: 2, 1: 20, 2: 1, 3: 11, 4: 18, 5: 144, 6: 324, 7: 31, 8: 12, 9: 195}, 10: {0: 46, 1: 33, 2: 7, 3: 223, 4: 204, 5: 262, 6: 511, 7: 1558, 8: 128, 9: 1655}, 11: {0: 201, 1: 310, 2: 2, 3: 444, 4: 450, 5: 726, 6: 397, 7: 120, 8: 73, 9: 11}, 12: {0: 91, 1: 1532, 2: 393, 3: 291, 4: 670, 5: 213, 6: 638, 7: 43, 8: 951}, 13: {0: 1943, 1: 206, 2: 1112, 3: 705, 4: 64}, 14: {0: 597, 1: 677, 2: 289, 3: 124, 4: 3, 5: 495, 6: 6, 7: 1437, 8: 792}}", "local_train_accs": [0.9951397326852977, 0.9997920997920998, 0.9946923204511527, 0.9973327406090242, 0.9997526589166461, 0.9997132205334098, 1.0, 0.9923169267707083, 0.9902912621359223, 1.0, 0.9866003890209639, 0.9674469641550841, 0.9985483201990876, 0.9962779156327544, 0.9952488687782806], "local_test_accs": [0.7504, 0.6718, 0.8658, 0.7143, 0.5126, 0.926, 0.4089, 0.7144, 0.8805, 0.6302, 0.8293, 0.767, 0.8435, 0.5009, 0.7436], "pdm_match": {}, "pdm_KL_match": {}, "pdm_KL2_match": {"Best Result": {"Best Sigma0": 1.0, "Best sigma": 1.0, "Best gamma": 1.0, "Best Test accuracy": 0.8745, "Train acc": 0.8814333333333333}, "PDM log": "{(1.0, 1.0, 1.0): {'shapes': [(784, 363), (363,), (363, 10), (10,)], 'train_accuracy': 0.8814333333333333, 'test_accuracy': 0.8745}, (10.0, 1.0, 1.0): {'shapes': [(784, 110), (110,), (110, 10), (10,)], 'train_accuracy': 0.7889833333333334, 'test_accuracy': 0.7894}, (1.0, 0.1, 1.0): {'shapes': [(784, 700), (700,), (700, 10), (10,)], 'train_accuracy': 0.8727, 'test_accuracy': 0.8653}, (10.0, 0.1, 1.0): {'shapes': [(784, 155), (155,), (155, 10), (10,)], 'train_accuracy': 0.6166, 'test_accuracy': 0.6101}, (1.0, 0.5, 1.0): {'shapes': [(784, 700), (700,), (700, 10), (10,)], 'train_accuracy': 0.8673833333333333, 'test_accuracy': 0.8585}, (10.0, 0.5, 1.0): {'shapes': [(784, 121), (121,), (121, 10), (10,)], 'train_accuracy': 0.8163666666666667, 'test_accuracy': 0.8123}, (1.0, 1.0, 10.0): {'shapes': [(784, 700), (700,), (700, 10), (10,)], 'train_accuracy': 0.8761166666666667, 'test_accuracy': 0.8667}, (10.0, 1.0, 10.0): {'shapes': [(784, 179), (179,), (179, 10), (10,)], 'train_accuracy': 0.77645, 'test_accuracy': 0.7786}, (1.0, 0.1, 10.0): {'shapes': [(784, 700), (700,), (700, 10), (10,)], 'train_accuracy': 0.8787833333333334, 'test_accuracy': 0.8726}, (10.0, 0.1, 10.0): {'shapes': [(784, 219), (219,), (219, 10), (10,)], 'train_accuracy': 0.7574833333333333, 'test_accuracy': 0.7547}, (1.0, 0.5, 10.0): {'shapes': [(784, 700), (700,), (700, 10), (10,)], 'train_accuracy': 0.8645833333333334, 'test_accuracy': 0.8559}, (10.0, 0.5, 10.0): {'shapes': [(784, 183), (183,), (183, 10), (10,)], 'train_accuracy': 0.7267166666666667, 'test_accuracy': 0.7345}, (1.0, 1.0, 50.0): {'shapes': [(784, 700), (700,), (700, 10), (10,)], 'train_accuracy': 0.87645, 'test_accuracy': 0.8679}, (10.0, 1.0, 50.0): {'shapes': [(784, 397), (397,), (397, 10), (10,)], 'train_accuracy': 0.8520833333333333, 'test_accuracy': 0.8415}, (1.0, 0.1, 50.0): {'shapes': [(784, 700), (700,), (700, 10), (10,)], 'train_accuracy': 0.8678, 'test_accuracy': 0.8613}, (10.0, 0.1, 50.0): {'shapes': [(784, 396), (396,), (396, 10), (10,)], 'train_accuracy': 0.7940833333333334, 'test_accuracy': 0.7882}, (1.0, 0.5, 50.0): {'shapes': [(784, 700), (700,), (700, 10), (10,)], 'train_accuracy': 0.8696666666666667, 'test_accuracy': 0.8618}, (10.0, 0.5, 50.0): {'shapes': [(784, 386), (386,), (386, 10), (10,)], 'train_accuracy': 0.8401166666666666, 'test_accuracy': 0.843}}"}}