{"seed": 1, "Data statistics": "{0: {0: 510, 1: 492, 2: 515, 3: 474, 4: 530, 5: 498, 6: 501, 7: 489, 8: 481, 9: 510}, 1: {0: 476, 1: 494, 2: 523, 3: 515, 4: 477, 5: 497, 6: 486, 7: 523, 8: 497, 9: 512}, 2: {0: 503, 1: 524, 2: 501, 3: 526, 4: 471, 5: 497, 6: 538, 7: 499, 8: 482, 9: 459}, 3: {0: 484, 1: 501, 2: 514, 3: 480, 4: 487, 5: 513, 6: 529, 7: 501, 8: 480, 9: 511}, 4: {0: 506, 1: 496, 2: 478, 3: 495, 4: 492, 5: 512, 6: 520, 7: 487, 8: 490, 9: 524}, 5: {0: 517, 1: 496, 2: 472, 3: 525, 4: 496, 5: 506, 6: 458, 7: 480, 8: 503, 9: 547}, 6: {0: 491, 1: 522, 2: 492, 3: 490, 4: 506, 5: 482, 6: 492, 7: 499, 8: 557, 9: 469}, 7: {0: 516, 1: 500, 2: 499, 3: 512, 4: 523, 5: 503, 6: 468, 7: 515, 8: 493, 9: 471}, 8: {0: 503, 1: 497, 2: 498, 3: 492, 4: 484, 5: 490, 6: 509, 7: 511, 8: 506, 9: 510}, 9: {0: 494, 1: 478, 2: 508, 3: 491, 4: 534, 5: 502, 6: 499, 7: 496, 8: 511, 9: 487}}", "loading time": 81, "local_train_accs": [0.1804, 0.1678, 0.213, 0.1026, 0.104, 0.194, 0.1884, 0.179, 0.1018, 0.193], "local_test_accs": [0.1689, 0.1659, 0.196, 0.1, 0.1, 0.1881, 0.1806, 0.1827, 0.1, 0.1863], "Uniform ensemble (Train acc)": 0.20908, "Uniform ensemble (Test acc)": 0.2046, "FedAvg (Train acc)": 0.1, "FedAvg (Test acc)": 0.1, "pdm_KL_reg 0": {"Best Result": {"Best Sigma0": 10, "Best sigma": 1, "Best gamma": 10, "Best Test accuracy": 0.1911, "Train acc": 0.18998}, "PDM log": "{(10, 1, 10): {'shapes': [(3072, 700), (700,), (700, 10), (10,)], 'train_accuracy': 0.18998, 'test_accuracy': 0.1911}}", "timing": 630}, "pdm_KL_reg 0.001": {"Best Result": {"Best Sigma0": 10, "Best sigma": 1, "Best gamma": 10, "Best Test accuracy": 0.1911, "Train acc": 0.18998}, "PDM log": "{(10, 1, 10): {'shapes': [(3072, 700), (700,), (700, 10), (10,)], 'train_accuracy': 0.18998, 'test_accuracy': 0.1911}}", "timing": 1207}, "pdm_KL_reg 0.005": {"Best Result": {"Best Sigma0": 10, "Best sigma": 1, "Best gamma": 10, "Best Test accuracy": 0.1911, "Train acc": 0.18998}, "PDM log": "{(10, 1, 10): {'shapes': [(3072, 700), (700,), (700, 10), (10,)], 'train_accuracy': 0.18998, 'test_accuracy': 0.1911}}", "timing": 1557}, "pdm_KL_reg 0.01": {"Best Result": {"Best Sigma0": 10, "Best sigma": 1, "Best gamma": 10, "Best Test accuracy": 0.1911, "Train acc": 0.18998}, "PDM log": "{(10, 1, 10): {'shapes': [(3072, 700), (700,), (700, 10), (10,)], 'train_accuracy': 0.18998, 'test_accuracy': 0.1911}}", "timing": 1874}, "pdm_KL_reg 0.05": {"Best Result": {"Best Sigma0": 10, "Best sigma": 1, "Best gamma": 10, "Best Test accuracy": 0.1911, "Train acc": 0.18998}, "PDM log": "{(10, 1, 10): {'shapes': [(3072, 700), (700,), (700, 10), (10,)], 'train_accuracy': 0.18998, 'test_accuracy': 0.1911}}", "timing": 1957}, "pdm_KL_reg 0.1": {"Best Result": {"Best Sigma0": 10, "Best sigma": 1, "Best gamma": 10, "Best Test accuracy": 0.1911, "Train acc": 0.18998}, "PDM log": "{(10, 1, 10): {'shapes': [(3072, 700), (700,), (700, 10), (10,)], 'train_accuracy': 0.18998, 'test_accuracy': 0.1911}}", "timing": 2003}, "pdm_KL_reg 0.5": {"Best Result": {"Best Sigma0": 10, "Best sigma": 1, "Best gamma": 10, "Best Test accuracy": 0.1911, "Train acc": 0.18998}, "PDM log": "{(10, 1, 10): {'shapes': [(3072, 700), (700,), (700, 10), (10,)], 'train_accuracy': 0.18998, 'test_accuracy': 0.1911}}", "timing": 1945}, "pdm_KL_reg 1": {"Best Result": {"Best Sigma0": 10, "Best sigma": 1, "Best gamma": 10, "Best Test accuracy": 0.1912, "Train acc": 0.19004}, "PDM log": "{(10, 1, 10): {'shapes': [(3072, 307), (307,), (307, 10), (10,)], 'train_accuracy': 0.19004, 'test_accuracy': 0.1912}}", "timing": 1086}, "pdm_KL_reg 2": {"Best Result": {"Best Sigma0": 10, "Best sigma": 1, "Best gamma": 10, "Best Test accuracy": 0.1, "Train acc": 0.1}, "PDM log": "{(10, 1, 10): {'shapes': [(3072, 108), (108,), (108, 10), (10,)], 'train_accuracy': 0.1, 'test_accuracy': 0.1}}", "timing": 443}, "pdm_KL_reg 5": {"Best Result": {"Best Sigma0": 10, "Best sigma": 1, "Best gamma": 10, "Best Test accuracy": 0.1, "Train acc": 0.1}, "PDM log": "{(10, 1, 10): {'shapes': [(3072, 102), (102,), (102, 10), (10,)], 'train_accuracy': 0.1, 'test_accuracy': 0.1}}", "timing": 398}, "pdm_KL_reg 10": {"Best Result": {"Best Sigma0": 10, "Best sigma": 1, "Best gamma": 10, "Best Test accuracy": 0.1, "Train acc": 0.1}, "PDM log": "{(10, 1, 10): {'shapes': [(3072, 103), (103,), (103, 10), (10,)], 'train_accuracy': 0.1, 'test_accuracy': 0.1}}", "timing": 443}, "best_reg": 1}