{"seed": 3, "Data statistics": "{0: {0: 488, 1: 493, 2: 515, 3: 499, 4: 453, 5: 505, 6: 526, 7: 512, 8: 497, 9: 512}, 1: {0: 544, 1: 458, 2: 518, 3: 495, 4: 465, 5: 501, 6: 517, 7: 528, 8: 473, 9: 501}, 2: {0: 512, 1: 504, 2: 490, 3: 521, 4: 482, 5: 504, 6: 507, 7: 506, 8: 502, 9: 472}, 3: {0: 466, 1: 527, 2: 514, 3: 512, 4: 494, 5: 483, 6: 511, 7: 511, 8: 482, 9: 500}, 4: {0: 528, 1: 511, 2: 487, 3: 506, 4: 506, 5: 478, 6: 481, 7: 484, 8: 541, 9: 478}, 5: {0: 474, 1: 502, 2: 495, 3: 470, 4: 497, 5: 562, 6: 497, 7: 465, 8: 518, 9: 520}, 6: {0: 500, 1: 514, 2: 478, 3: 515, 4: 509, 5: 533, 6: 477, 7: 484, 8: 494, 9: 496}, 7: {0: 492, 1: 509, 2: 490, 3: 507, 4: 505, 5: 486, 6: 507, 7: 486, 8: 508, 9: 510}, 8: {0: 518, 1: 514, 2: 503, 3: 464, 4: 534, 5: 465, 6: 492, 7: 497, 8: 484, 9: 529}, 9: {0: 478, 1: 468, 2: 510, 3: 511, 4: 555, 5: 483, 6: 485, 7: 527, 8: 501, 9: 482}}", "loading time": 131, "local_train_accs": [0.1024, 0.1088, 0.1008, 0.198, 0.1972, 0.2112, 0.2154, 0.102, 0.1688, 0.2776], "local_test_accs": [0.1, 0.1, 0.1, 0.1832, 0.1829, 0.1904, 0.1957, 0.1, 0.1604, 0.2465], "Uniform ensemble (Train acc)": 0.28952, "Uniform ensemble (Test acc)": 0.2795, "FedAvg (Train acc)": 0.1, "FedAvg (Test acc)": 0.1, "pdm_KL_reg 0": {"Best Result": {"Best Sigma0": 10, "Best sigma": 1, "Best gamma": 10, "Best Test accuracy": 0.2325, "Train acc": 0.23736}, "PDM log": "{(10, 1, 10): {'shapes': [(3072, 700), (700,), (700, 10), (10,)], 'train_accuracy': 0.23736, 'test_accuracy': 0.2325}}", "timing": 908}, "pdm_KL_reg 0.001": {"Best Result": {"Best Sigma0": 10, "Best sigma": 1, "Best gamma": 10, "Best Test accuracy": 0.2325, "Train acc": 0.23736}, "PDM log": "{(10, 1, 10): {'shapes': [(3072, 700), (700,), (700, 10), (10,)], 'train_accuracy': 0.23736, 'test_accuracy': 0.2325}}", "timing": 1889}, "pdm_KL_reg 0.005": {"Best Result": {"Best Sigma0": 10, "Best sigma": 1, "Best gamma": 10, "Best Test accuracy": 0.2325, "Train acc": 0.23736}, "PDM log": "{(10, 1, 10): {'shapes': [(3072, 700), (700,), (700, 10), (10,)], 'train_accuracy': 0.23736, 'test_accuracy': 0.2325}}", "timing": 1756}, "pdm_KL_reg 0.01": {"Best Result": {"Best Sigma0": 10, "Best sigma": 1, "Best gamma": 10, "Best Test accuracy": 0.2325, "Train acc": 0.23736}, "PDM log": "{(10, 1, 10): {'shapes': [(3072, 700), (700,), (700, 10), (10,)], 'train_accuracy': 0.23736, 'test_accuracy': 0.2325}}", "timing": 1703}, "pdm_KL_reg 0.05": {"Best Result": {"Best Sigma0": 10, "Best sigma": 1, "Best gamma": 10, "Best Test accuracy": 0.2325, "Train acc": 0.23736}, "PDM log": "{(10, 1, 10): {'shapes': [(3072, 700), (700,), (700, 10), (10,)], 'train_accuracy': 0.23736, 'test_accuracy': 0.2325}}", "timing": 1686}, "pdm_KL_reg 0.1": {"Best Result": {"Best Sigma0": 10, "Best sigma": 1, "Best gamma": 10, "Best Test accuracy": 0.2325, "Train acc": 0.23736}, "PDM log": "{(10, 1, 10): {'shapes': [(3072, 700), (700,), (700, 10), (10,)], 'train_accuracy': 0.23736, 'test_accuracy': 0.2325}}", "timing": 1609}, "pdm_KL_reg 0.5": {"Best Result": {"Best Sigma0": 10, "Best sigma": 1, "Best gamma": 10, "Best Test accuracy": 0.2325, "Train acc": 0.23736}, "PDM log": "{(10, 1, 10): {'shapes': [(3072, 700), (700,), (700, 10), (10,)], 'train_accuracy': 0.23736, 'test_accuracy': 0.2325}}", "timing": 1615}, "pdm_KL_reg 1": {"Best Result": {"Best Sigma0": 10, "Best sigma": 1, "Best gamma": 10, "Best Test accuracy": 0.2325, "Train acc": 0.23734}, "PDM log": "{(10, 1, 10): {'shapes': [(3072, 316), (316,), (316, 10), (10,)], 'train_accuracy': 0.23734, 'test_accuracy': 0.2325}}", "timing": 969}, "pdm_KL_reg 2": {"Best Result": {"Best Sigma0": 10, "Best sigma": 1, "Best gamma": 10, "Best Test accuracy": 0.1, "Train acc": 0.1}, "PDM log": "{(10, 1, 10): {'shapes': [(3072, 108), (108,), (108, 10), (10,)], 'train_accuracy': 0.1, 'test_accuracy': 0.1}}", "timing": 427}, "pdm_KL_reg 5": {"Best Result": {"Best Sigma0": 10, "Best sigma": 1, "Best gamma": 10, "Best Test accuracy": 0.1, "Train acc": 0.1}, "PDM log": "{(10, 1, 10): {'shapes': [(3072, 100), (100,), (100, 10), (10,)], 'train_accuracy': 0.1, 'test_accuracy': 0.1}}", "timing": 404}, "pdm_KL_reg 10": {"Best Result": {"Best Sigma0": 10, "Best sigma": 1, "Best gamma": 10, "Best Test accuracy": 0.1, "Train acc": 0.1}, "PDM log": "{(10, 1, 10): {'shapes': [(3072, 100), (100,), (100, 10), (10,)], 'train_accuracy': 0.1, 'test_accuracy': 0.1}}", "timing": 358}, "best_reg": 0}