{"seed": 4, "Data statistics": "{0: {0: 1197, 1: 1342, 2: 1245, 3: 1225, 4: 1126, 5: 1088, 6: 1172, 7: 1280, 8: 1168, 9: 1157}, 1: {0: 1151, 1: 1356, 2: 1149, 3: 1220, 4: 1214, 5: 1086, 6: 1194, 7: 1209, 8: 1180, 9: 1241}, 2: {0: 1210, 1: 1364, 2: 1182, 3: 1269, 4: 1183, 5: 1073, 6: 1224, 7: 1225, 8: 1111, 9: 1159}, 3: {0: 1190, 1: 1349, 2: 1219, 3: 1201, 4: 1160, 5: 1063, 6: 1163, 7: 1288, 8: 1195, 9: 1172}, 4: {0: 1175, 1: 1331, 2: 1163, 3: 1216, 4: 1159, 5: 1111, 6: 1165, 7: 1263, 8: 1197, 9: 1220}}", "loading time": 13, "local_train_accs": [0.9838333333333333, 0.991, 0.9874166666666667, 0.9860833333333333, 0.9884166666666667], "local_test_accs": [0.9458, 0.9511, 0.9506, 0.9505, 0.9564], "pdm_pdm_it 5": {"Best Result": {"Best Sigma0": 10, "Best sigma": 0.5, "Best gamma": 10, "Best Test accuracy": 0.9757, "Train acc": 0.9808166666666667}, "PDM log": "{(10, 0.5, 10): {'shapes': [(784, 455), (455,), (455, 10), (10,)], 'train_accuracy': 0.9808166666666667, 'test_accuracy': 0.9757}}", "timing": 53}, "pdm_pdm_it 10": {"Best Result": {"Best Sigma0": 10, "Best sigma": 0.5, "Best gamma": 10, "Best Test accuracy": 0.9757, "Train acc": 0.9808166666666667}, "PDM log": "{(10, 0.5, 10): {'shapes': [(784, 455), (455,), (455, 10), (10,)], 'train_accuracy': 0.9808166666666667, 'test_accuracy': 0.9757}}", "timing": 99}, "pdm_pdm_it 15": {"Best Result": {"Best Sigma0": 10, "Best sigma": 0.5, "Best gamma": 10, "Best Test accuracy": 0.9757, "Train acc": 0.9808166666666667}, "PDM log": "{(10, 0.5, 10): {'shapes': [(784, 455), (455,), (455, 10), (10,)], 'train_accuracy': 0.9808166666666667, 'test_accuracy': 0.9757}}", "timing": 150}, "pdm_pdm_it 20": {"Best Result": {"Best Sigma0": 10, "Best sigma": 0.5, "Best gamma": 10, "Best Test accuracy": 0.9757, "Train acc": 0.9808166666666667}, "PDM log": "{(10, 0.5, 10): {'shapes': [(784, 455), (455,), (455, 10), (10,)], 'train_accuracy': 0.9808166666666667, 'test_accuracy': 0.9757}}", "timing": 173}}